Starting AIS data worker in continuous monitoring mode...
Found 11520 new file(s) to process.
Processing file: 2020-12-27 08-00-00.csv...
已更新系统公共变量: latest_ais_data_raw
Pushed update from: 2020-12-27 08-00-00.csv (394 ships)
Backend detection triggers: 11 queued, 2 coalesced
Processing file: 2020-12-27 08-00-30.csv...
已更新系统公共变量: latest_ais_data_raw
Pushed update from: 2020-12-27 08-00-30.csv (312 ships)
Backend detection triggers: 1 queued, 12 coalesced
Processing file: 2020-12-27 08-01-00.csv...
已更新系统公共变量: latest_ais_data_raw
Pushed update from: 2020-12-27 08-01-00.csv (338 ships)
Backend detection triggers: 1 queued, 12 coalesced
Processing file: 2020-12-27 08-01-30.csv...
已更新系统公共变量: latest_ais_data_raw
Pushed update from: 2020-12-27 08-01-30.csv (341 ships)
Backend detection triggers: 1 queued, 12 coalesced
Processing file: 2020-12-27 08-02-00.csv...
已更新系统公共变量: latest_ais_data_raw
Pushed update from: 2020-12-27 08-02-00.csv (338 ships)
Backend detection triggers: 1 queued, 12 coalesced
Processing file: 2020-12-27 08-02-30.csv...
已更新系统公共变量: latest_ais_data_raw
Pushed update from: 2020-12-27 08-02-30.csv (352 ships)
Backend detection triggers: 1 queued, 12 coalesced
Processing file: 2020-12-27 08-03-00.csv...
已更新系统公共变量: latest_ais_data_raw
Pushed update from: 2020-12-27 08-03-00.csv (549 ships)
Backend detection triggers: 1 queued, 12 coalesced
Processing file: 2020-12-27 08-03-30.csv...
已更新系统公共变量: latest_ais_data_raw
Pushed update from: 2020-12-27 08-03-30.csv (437 ships)
Backend detection triggers: 1 queued, 12 coalesced
Processing file: 2020-12-27 08-04-00.csv...
已更新系统公共变量: latest_ais_data_raw
Pushed update from: 2020-12-27 08-04-00.csv (466 ships)
Backend detection triggers: 2 queued, 11 coalesced
Processing file: 2020-12-27 08-04-30.csv...
已更新系统公共变量: latest_ais_data_raw
Pushed update from: 2020-12-27 08-04-30.csv (443 ships)
Backend detection triggers: 3 queued, 10 coalesced
Processing file: 2020-12-27 08-05-00.csv...
已更新系统公共变量: latest_ais_data_raw
Pushed update from: 2020-12-27 08-05-00.csv (626 ships)
Backend detection triggers: 6 queued, 7 coalesced
Processing file: 2020-12-27 08-05-30.csv...
已更新系统公共变量: latest_ais_data_raw
Pushed update from: 2020-12-27 08-05-30.csv (596 ships)
Backend detection triggers: 9 queued, 4 coalesced
Processing file: 2020-12-27 08-06-00.csv...
已更新系统公共变量: latest_ais_data_raw
Pushed update from: 2020-12-27 08-06-00.csv (783 ships)
Backend detection triggers: 9 queued, 4 coalesced
Processing file: 2020-12-27 08-06-30.csv...
已更新系统公共变量: latest_ais_data_raw
Pushed update from: 2020-12-27 08-06-30.csv (633 ships)
Backend detection triggers: 9 queued, 4 coalesced
Processing file: 2020-12-27 08-07-00.csv...
已更新系统公共变量: latest_ais_data_raw
Pushed update from: 2020-12-27 08-07-00.csv (674 ships)
Backend detection triggers: 10 queued, 3 coalesced
Processing file: 2020-12-27 08-07-30.csv...
已更新系统公共变量: latest_ais_data_raw
Pushed update from: 2020-12-27 08-07-30.csv (641 ships)
Backend detection triggers: 9 queued, 4 coalesced
Processing file: 2020-12-27 08-08-00.csv...
已更新系统公共变量: latest_ais_data_raw
Pushed update from: 2020-12-27 08-08-00.csv (699 ships)
Backend detection triggers: 9 queued, 4 coalesced
Processing file: 2020-12-27 08-08-30.csv...
已更新系统公共变量: latest_ais_data_raw
Pushed update from: 2020-12-27 08-08-30.csv (656 ships)
Backend detection triggers: 10 queued, 3 coalesced
Processing file: 2020-12-27 08-09-00.csv...
已更新系统公共变量: latest_ais_data_raw
Pushed update from: 2020-12-27 08-09-00.csv (840 ships)
Backend detection triggers: 9 queued, 4 coalesced
Processing file: 2020-12-27 08-09-30.csv...
已更新系统公共变量: latest_ais_data_raw
Pushed update from: 2020-12-27 08-09-30.csv (683 ships)
Backend detection triggers: 11 queued, 2 coalesced
Processing file: 2020-12-27 08-10-00.csv...
已更新系统公共变量: latest_ais_data_raw
Pushed update from: 2020-12-27 08-10-00.csv (805 ships)
Backend detection triggers: 10 queued, 3 coalesced
Processing file: 2020-12-27 08-10-30.csv...
已更新系统公共变量: latest_ais_data_raw
Pushed update from: 2020-12-27 08-10-30.csv (754 ships)
Backend detection triggers: 10 queued, 3 coalesced
Processing file: 2020-12-27 08-11-00.csv...
已更新系统公共变量: latest_ais_data_raw
Pushed update from: 2020-12-27 08-11-00.csv (802 ships)
Backend detection triggers: 10 queued, 3 coalesced
Processing file: 2020-12-27 08-11-30.csv...
已更新系统公共变量: latest_ais_data_raw
Pushed update from: 2020-12-27 08-11-30.csv (760 ships)
Backend detection triggers: 11 queued, 2 coalesced
Processing file: 2020-12-27 08-12-00.csv...
已更新系统公共变量: latest_ais_data_raw
Pushed update from: 2020-12-27 08-12-00.csv (932 ships)
Backend detection triggers: 10 queued, 3 coalesced
Processing file: 2020-12-27 08-12-30.csv...
已更新系统公共变量: latest_ais_data_raw
Pushed update from: 2020-12-27 08-12-30.csv (784 ships)
Backend detection triggers: 11 queued, 2 coalesced
Processing file: 2020-12-27 08-13-00.csv...
已更新系统公共变量: latest_ais_data_raw
Pushed update from: 2020-12-27 08-13-00.csv (869 ships)
Backend detection triggers: 10 queued, 3 coalesced
Processing file: 2020-12-27 08-13-30.csv...
已更新系统公共变量: latest_ais_data_raw
Pushed update from: 2020-12-27 08-13-30.csv (799 ships)
Backend detection triggers: 11 queued, 2 coalesced
Processing file: 2020-12-27 08-14-00.csv...
已更新系统公共变量: latest_ais_data_raw
Pushed update from: 2020-12-27 08-14-00.csv (841 ships)
Backend detection triggers: 11 queued, 2 coalesced
Processing file: 2020-12-27 08-14-30.csv...
已更新系统公共变量: latest_ais_data_raw
Pushed update from: 2020-12-27 08-14-30.csv (804 ships)
Backend detection triggers: 13 queued, 0 coalesced
Processing file: 2020-12-27 08-15-00.csv...
已更新系统公共变量: latest_ais_data_raw
Pushed update from: 2020-12-27 08-15-00.csv (1004 ships)
Backend detection triggers: 12 queued, 1 coalesced
Processing file: 2020-12-27 08-15-30.csv...
已更新系统公共变量: latest_ais_data_raw
Pushed update from: 2020-12-27 08-15-30.csv (833 ships)
Backend detection triggers: 12 queued, 1 coalesced
Processing file: 2020-12-27 08-16-00.csv...
已更新系统公共变量: latest_ais_data_raw
Pushed update from: 2020-12-27 08-16-00.csv (931 ships)
Backend detection triggers: 12 queued, 1 coalesced
Processing file: 2020-12-27 08-16-30.csv...
已更新系统公共变量: latest_ais_data_raw
Pushed update from: 2020-12-27 08-16-30.csv (858 ships)
Backend detection triggers: 13 queued, 0 coalesced
Processing file: 2020-12-27 08-17-00.csv...
已更新系统公共变量: latest_ais_data_raw
Pushed update from: 2020-12-27 08-17-00.csv (907 ships)
Backend detection triggers: 11 queued, 2 coalesced
Processing file: 2020-12-27 08-17-30.csv...
已更新系统公共变量: latest_ais_data_raw
Pushed update from: 2020-12-27 08-17-30.csv (867 ships)
Backend detection triggers: 12 queued, 1 coalesced
Processing file: 2020-12-27 08-18-00.csv...
已更新系统公共变量: latest_ais_data_raw
Pushed update from: 2020-12-27 08-18-00.csv (1049 ships)
Backend detection triggers: 12 queued, 1 coalesced
Processing file: 2020-12-27 08-18-30.csv...
已更新系统公共变量: latest_ais_data_raw
Pushed update from: 2020-12-27 08-18-30.csv (883 ships)
Backend detection triggers: 13 queued, 0 coalesced
Processing file: 2020-12-27 08-19-00.csv...
已更新系统公共变量: latest_ais_data_raw
Pushed update from: 2020-12-27 08-19-00.csv (988 ships)
Backend detection triggers: 11 queued, 2 coalesced
Processing file: 2020-12-27 08-19-30.csv...
已更新系统公共变量: latest_ais_data_raw
Pushed update from: 2020-12-27 08-19-30.csv (901 ships)
Backend detection triggers: 12 queued, 1 coalesced
Processing file: 2020-12-27 08-20-00.csv...
已更新系统公共变量: latest_ais_data_raw
Pushed update from: 2020-12-27 08-20-00.csv (981 ships)
Backend detection triggers: 12 queued, 1 coalesced
Processing file: 2020-12-27 08-20-30.csv...
已更新系统公共变量: latest_ais_data_raw
Pushed update from: 2020-12-27 08-20-30.csv (920 ships)
Backend detection triggers: 12 queued, 1 coalesced
Processing file: 2020-12-27 08-21-00.csv...
已更新系统公共变量: latest_ais_data_raw
Pushed update from: 2020-12-27 08-21-00.csv (1098 ships)
Backend detection triggers: 12 queued, 1 coalesced
Processing file: 2020-12-27 08-21-30.csv...
已更新系统公共变量: latest_ais_data_raw
Pushed update from: 2020-12-27 08-21-30.csv (927 ships)
Backend detection triggers: 13 queued, 0 coalesced
Processing file: 2020-12-27 08-22-00.csv...
已更新系统公共变量: latest_ais_data_raw
Pushed update from: 2020-12-27 08-22-00.csv (1031 ships)
Backend detection triggers: 11 queued, 2 coalesced
Processing file: 2020-12-27 08-22-30.csv...
已更新系统公共变量: latest_ais_data_raw
Pushed update from: 2020-12-27 08-22-30.csv (937 ships)
Backend detection triggers: 11 queued, 2 coalesced
Processing file: 2020-12-27 08-23-00.csv...
已更新系统公共变量: latest_ais_data_raw
Pushed update from: 2020-12-27 08-23-00.csv (1016 ships)
Backend detection triggers: 13 queued, 0 coalesced
Processing file: 2020-12-27 08-23-30.csv...
已更新系统公共变量: latest_ais_data_raw
Pushed update from: 2020-12-27 08-23-30.csv (947 ships)
Backend detection triggers: 12 queued, 1 coalesced
Processing file: 2020-12-27 08-24-00.csv...
已更新系统公共变量: latest_ais_data_raw
Pushed update from: 2020-12-27 08-24-00.csv (1129 ships)
Backend detection triggers: 12 queued, 1 coalesced
Processing file: 2020-12-27 08-24-30.csv...
已更新系统公共变量: latest_ais_data_raw
Pushed update from: 2020-12-27 08-24-30.csv (952 ships)
Backend detection triggers: 13 queued, 0 coalesced
Processing file: 2020-12-27 08-25-00.csv...
已更新系统公共变量: latest_ais_data_raw
Pushed update from: 2020-12-27 08-25-00.csv (1072 ships)
Backend detection triggers: 11 queued, 2 coalesced
Processing file: 2020-12-27 08-25-30.csv...
已更新系统公共变量: latest_ais_data_raw
Pushed update from: 2020-12-27 08-25-30.csv (958 ships)
Backend detection triggers: 13 queued, 0 coalesced
Processing file: 2020-12-27 08-26-00.csv...
已更新系统公共变量: latest_ais_data_raw
Pushed update from: 2020-12-27 08-26-00.csv (1041 ships)
Backend detection triggers: 11 queued, 2 coalesced
Processing file: 2020-12-27 08-26-30.csv...
已更新系统公共变量: latest_ais_data_raw
Pushed update from: 2020-12-27 08-26-30.csv (968 ships)
Backend detection triggers: 13 queued, 0 coalesced
Processing file: 2020-12-27 08-27-00.csv...
已更新系统公共变量: latest_ais_data_raw
Pushed update from: 2020-12-27 08-27-00.csv (1155 ships)
Backend detection triggers: 11 queued, 2 coalesced
Processing file: 2020-12-27 08-27-30.csv...
已更新系统公共变量: latest_ais_data_raw
Pushed update from: 2020-12-27 08-27-30.csv (978 ships)
Backend detection triggers: 13 queued, 0 coalesced
Processing file: 2020-12-27 08-28-00.csv...
已更新系统公共变量: latest_ais_data_raw
Pushed update from: 2020-12-27 08-28-00.csv (1098 ships)
Backend detection triggers: 11 queued, 2 coalesced
Processing file: 2020-12-27 08-28-30.csv...
已更新系统公共变量: latest_ais_data_raw
Pushed update from: 2020-12-27 08-28-30.csv (982 ships)
Backend detection triggers: 11 queued, 2 coalesced
Processing file: 2020-12-27 08-29-00.csv...
已更新系统公共变量: latest_ais_data_raw
Pushed update from: 2020-12-27 08-29-00.csv (1062 ships)
Backend detection triggers: 13 queued, 0 coalesced
Processing file: 2020-12-27 08-29-30.csv...
已更新系统公共变量: latest_ais_data_raw
Pushed update from: 2020-12-27 08-29-30.csv (989 ships)
Backend detection triggers: 11 queued, 2 coalesced
Processing file: 2020-12-27 08-30-00.csv...
已更新系统公共变量: latest_ais_data_raw
Pushed update from: 2020-12-27 08-30-00.csv (1187 ships)
Backend detection triggers: 13 queued, 0 coalesced
Processing file: 2020-12-27 08-30-30.csv...
已更新系统公共变量: latest_ais_data_raw
Pushed update from: 2020-12-27 08-30-30.csv (1004 ships)
Backend detection triggers: 11 queued, 2 coalesced
Processing file: 2020-12-27 08-31-00.csv...
已更新系统公共变量: latest_ais_data_raw
Pushed update from: 2020-12-27 08-31-00.csv (1127 ships)
Backend detection triggers: 13 queued, 0 coalesced
Processing file: 2020-12-27 08-31-30.csv...
已更新系统公共变量: latest_ais_data_raw
Pushed update from: 2020-12-27 08-31-30.csv (1010 ships)
Backend detection triggers: 11 queued, 2 coalesced
Processing file: 2020-12-27 08-32-00.csv...
已更新系统公共变量: latest_ais_data_raw
Pushed update from: 2020-12-27 08-32-00.csv (1094 ships)
Backend detection triggers: 13 queued, 0 coalesced
Processing file: 2020-12-27 08-32-30.csv...
已更新系统公共变量: latest_ais_data_raw
Pushed update from: 2020-12-27 08-32-30.csv (1019 ships)
Backend detection triggers: 11 queued, 2 coalesced
Processing file: 2020-12-27 08-33-00.csv...
已更新系统公共变量: latest_ais_data_raw
Pushed update from: 2020-12-27 08-33-00.csv (1208 ships)
Backend detection triggers: 12 queued, 1 coalesced
Processing file: 2020-12-27 08-33-30.csv...
已更新系统公共变量: latest_ais_data_raw
Pushed update from: 2020-12-27 08-33-30.csv (1031 ships)
Backend detection triggers: 12 queued, 1 coalesced
Processing file: 2020-12-27 08-34-00.csv...
已更新系统公共变量: latest_ais_data_raw
Pushed update from: 2020-12-27 08-34-00.csv (1142 ships)
Backend detection triggers: 12 queued, 1 coalesced
Processing file: 2020-12-27 08-34-30.csv...
已更新系统公共变量: latest_ais_data_raw
Pushed update from: 2020-12-27 08-34-30.csv (1023 ships)
Backend detection triggers: 12 queued, 1 coalesced
Processing file: 2020-12-27 08-35-00.csv...
已更新系统公共变量: latest_ais_data_raw
Pushed update from: 2020-12-27 08-35-00.csv (1119 ships)
Backend detection triggers: 11 queued, 2 coalesced
Processing file: 2020-12-27 08-35-30.csv...
已更新系统公共变量: latest_ais_data_raw
Pushed update from: 2020-12-27 08-35-30.csv (1038 ships)
Backend detection triggers: 12 queued, 1 coalesced
Processing file: 2020-12-27 08-36-00.csv...
已更新系统公共变量: latest_ais_data_raw
Pushed update from: 2020-12-27 08-36-00.csv (1228 ships)
Backend detection triggers: 12 queued, 1 coalesced
Processing file: 2020-12-27 08-36-30.csv...
已更新系统公共变量: latest_ais_data_raw
Pushed update from: 2020-12-27 08-36-30.csv (1051 ships)
Backend detection triggers: 12 queued, 1 coalesced
Processing file: 2020-12-27 08-37-00.csv...
已更新系统公共变量: latest_ais_data_raw
Pushed update from: 2020-12-27 08-37-00.csv (1170 ships)
Backend detection triggers: 12 queued, 1 coalesced
Processing file: 2020-12-27 08-37-30.csv...
已更新系统公共变量: latest_ais_data_raw
Pushed update from: 2020-12-27 08-37-30.csv (1053 ships)
Backend detection triggers: 11 queued, 2 coalesced
Processing file: 2020-12-27 08-38-00.csv...
已更新系统公共变量: latest_ais_data_raw
Pushed update from: 2020-12-27 08-38-00.csv (1142 ships)
Backend detection triggers: 13 queued, 0 coalesced
Processing file: 2020-12-27 08-38-30.csv...
已更新系统公共变量: latest_ais_data_raw
Pushed update from: 2020-12-27 08-38-30.csv (1054 ships)
Backend detection triggers: 11 queued, 2 coalesced
Processing file: 2020-12-27 08-39-00.csv...
已更新系统公共变量: latest_ais_data_raw
Pushed update from: 2020-12-27 08-39-00.csv (1243 ships)
Backend detection triggers: 13 queued, 0 coalesced
Processing file: 2020-12-27 08-39-30.csv...
已更新系统公共变量: latest_ais_data_raw
Pushed update from: 2020-12-27 08-39-30.csv (1067 ships)
Backend detection triggers: 11 queued, 2 coalesced
Processing file: 2020-12-27 08-40-00.csv...
已更新系统公共变量: latest_ais_data_raw
Pushed update from: 2020-12-27 08-40-00.csv (1197 ships)
Backend detection triggers: 13 queued, 0 coalesced
Processing file: 2020-12-27 08-40-30.csv...
已更新系统公共变量: latest_ais_data_raw
Pushed update from: 2020-12-27 08-40-30.csv (1075 ships)
Backend detection triggers: 11 queued, 2 coalesced
Processing file: 2020-12-27 08-41-00.csv...
已更新系统公共变量: latest_ais_data_raw
Pushed update from: 2020-12-27 08-41-00.csv (1168 ships)
Backend detection triggers: 13 queued, 0 coalesced
Processing file: 2020-12-27 08-41-30.csv...
已更新系统公共变量: latest_ais_data_raw
Pushed update from: 2020-12-27 08-41-30.csv (1085 ships)
Backend detection triggers: 11 queued, 2 coalesced
Processing file: 2020-12-27 08-42-00.csv...
已更新系统公共变量: latest_ais_data_raw
Pushed update from: 2020-12-27 08-42-00.csv (1266 ships)
Backend detection triggers: 13 queued, 0 coalesced
Processing file: 2020-12-27 08-42-30.csv...
已更新系统公共变量: latest_ais_data_raw
Pushed update from: 2020-12-27 08-42-30.csv (1090 ships)
Backend detection triggers: 13 queued, 0 coalesced
Processing file: 2020-12-27 08-43-00.csv...
已更新系统公共变量: latest_ais_data_raw
Pushed update from: 2020-12-27 08-43-00.csv (1218 ships)
Backend detection triggers: 11 queued, 2 coalesced
Processing file: 2020-12-27 08-43-30.csv...
已更新系统公共变量: latest_ais_data_raw
Pushed update from: 2020-12-27 08-43-30.csv (1086 ships)
Backend detection triggers: 12 queued, 1 coalesced
Processing file: 2020-12-27 08-44-00.csv...
已更新系统公共变量: latest_ais_data_raw
Pushed update from: 2020-12-27 08-44-00.csv (1175 ships)
Backend detection triggers: 12 queued, 1 coalesced
Processing file: 2020-12-27 08-44-30.csv...
已更新系统公共变量: latest_ais_data_raw
Pushed update from: 2020-12-27 08-44-30.csv (1096 ships)
Backend detection triggers: 12 queued, 1 coalesced
Processing file: 2020-12-27 08-45-00.csv...
已更新系统公共变量: latest_ais_data_raw
Pushed update from: 2020-12-27 08-45-00.csv (1283 ships)
Backend detection triggers: 12 queued, 1 coalesced
Processing file: 2020-12-27 08-45-30.csv...
已更新系统公共变量: latest_ais_data_raw
Pushed update from: 2020-12-27 08-45-30.csv (1107 ships)
Backend detection triggers: 13 queued, 0 coalesced
Processing file: 2020-12-27 08-46-00.csv...
已更新系统公共变量: latest_ais_data_raw
Pushed update from: 2020-12-27 08-46-00.csv (1235 ships)
Backend detection triggers: 11 queued, 2 coalesced
Processing file: 2020-12-27 08-46-30.csv...
已更新系统公共变量: latest_ais_data_raw
Pushed update from: 2020-12-27 08-46-30.csv (1102 ships)
Backend detection triggers: 13 queued, 0 coalesced
Processing file: 2020-12-27 08-47-00.csv...
已更新系统公共变量: latest_ais_data_raw
Pushed update from: 2020-12-27 08-47-00.csv (1188 ships)
Backend detection triggers: 11 queued, 2 coalesced
Processing file: 2020-12-27 08-47-30.csv...
已更新系统公共变量: latest_ais_data_raw
Pushed update from: 2020-12-27 08-47-30.csv (1103 ships)
Backend detection triggers: 13 queued, 0 coalesced
Processing file: 2020-12-27 08-48-00.csv...
已更新系统公共变量: latest_ais_data_raw
Pushed update from: 2020-12-27 08-48-00.csv (1280 ships)
Backend detection triggers: 11 queued, 2 coalesced
Processing file: 2020-12-27 08-48-30.csv...
已更新系统公共变量: latest_ais_data_raw
Pushed update from: 2020-12-27 08-48-30.csv (1107 ships)
Backend detection triggers: 13 queued, 0 coalesced
Processing file: 2020-12-27 08-49-00.csv...
已更新系统公共变量: latest_ais_data_raw
Pushed update from: 2020-12-27 08-49-00.csv (1242 ships)
Backend detection triggers: 11 queued, 2 coalesced
Processing file: 2020-12-27 08-49-30.csv...
已更新系统公共变量: latest_ais_data_raw
Pushed update from: 2020-12-27 08-49-30.csv (1107 ships)
Backend detection triggers: 13 queued, 0 coalesced
Processing file: 2020-12-27 08-50-00.csv...
已更新系统公共变量: latest_ais_data_raw
Pushed update from: 2020-12-27 08-50-00.csv (1207 ships)
Backend detection triggers: 11 queued, 2 coalesced
Processing file: 2020-12-27 08-50-30.csv...
已更新系统公共变量: latest_ais_data_raw
Pushed update from: 2020-12-27 08-50-30.csv (1118 ships)
Backend detection triggers: 13 queued, 0 coalesced
Processing file: 2020-12-27 08-51-00.csv...
已更新系统公共变量: latest_ais_data_raw
Pushed update from: 2020-12-27 08-51-00.csv (1291 ships)
Backend detection triggers: 11 queued, 2 coalesced
Processing file: 2020-12-27 08-51-30.csv...
已更新系统公共变量: latest_ais_data_raw
Pushed update from: 2020-12-27 08-51-30.csv (1117 ships)
Backend detection triggers: 13 queued, 0 coalesced
Processing file: 2020-12-27 08-52-00.csv...
已更新系统公共变量: latest_ais_data_raw
Pushed update from: 2020-12-27 08-52-00.csv (1261 ships)
Backend detection triggers: 11 queued, 2 coalesced
Processing file: 2020-12-27 08-52-30.csv...
已更新系统公共变量: latest_ais_data_raw
Pushed update from: 2020-12-27 08-52-30.csv (1129 ships)
Backend detection triggers: 13 queued, 0 coalesced
Processing file: 2020-12-27 08-53-00.csv...
已更新系统公共变量: latest_ais_data_raw
Pushed update from: 2020-12-27 08-53-00.csv (1230 ships)
Backend detection triggers: 13 queued, 0 coalesced
Processing file: 2020-12-27 08-53-30.csv...
已更新系统公共变量: latest_ais_data_raw
Pushed update from: 2020-12-27 08-53-30.csv (1133 ships)
Backend detection triggers: 11 queued, 2 coalesced
Processing file: 2020-12-27 08-54-00.csv...
已更新系统公共变量: latest_ais_data_raw
Pushed update from: 2020-12-27 08-54-00.csv (1310 ships)
Backend detection triggers: 13 queued, 0 coalesced
Processing file: 2020-12-27 08-54-30.csv...
已更新系统公共变量: latest_ais_data_raw
Pushed update from: 2020-12-27 08-54-30.csv (1125 ships)
Backend detection triggers: 11 queued, 2 coalesced
Processing file: 2020-12-27 08-55-00.csv...
已更新系统公共变量: latest_ais_data_raw
Pushed update from: 2020-12-27 08-55-00.csv (1268 ships)
Backend detection triggers: 13 queued, 0 coalesced
Processing file: 2020-12-27 08-55-30.csv...
已更新系统公共变量: latest_ais_data_raw
Pushed update from: 2020-12-27 08-55-30.csv (1132 ships)
Backend detection triggers: 11 queued, 2 coalesced
Processing file: 2020-12-27 08-56-00.csv...
已更新系统公共变量: latest_ais_data_raw
Pushed update from: 2020-12-27 08-56-00.csv (1233 ships)
Backend detection triggers: 13 queued, 0 coalesced
Processing file: 2020-12-27 08-56-30.csv...
已更新系统公共变量: latest_ais_data_raw
Pushed update from: 2020-12-27 08-56-30.csv (1136 ships)
Backend detection triggers: 11 queued, 2 coalesced
Processing file: 2020-12-27 08-57-00.csv...
已更新系统公共变量: latest_ais_data_raw
Pushed update from: 2020-12-27 08-57-00.csv (1315 ships)
Backend detection triggers: 13 queued, 0 coalesced
Processing file: 2020-12-27 08-57-30.csv...
已更新系统公共变量: latest_ais_data_raw
Pushed update from: 2020-12-27 08-57-30.csv (1137 ships)
Backend detection triggers: 11 queued, 2 coalesced
Processing file: 2020-12-27 08-58-00.csv...
已更新系统公共变量: latest_ais_data_raw
Pushed update from: 2020-12-27 08-58-00.csv (1272 ships)
Backend detection triggers: 13 queued, 0 coalesced
Processing file: 2020-12-27 08-58-30.csv...
已更新系统公共变量: latest_ais_data_raw
Pushed update from: 2020-12-27 08-58-30.csv (1136 ships)
Backend detection triggers: 12 queued, 1 coalesced
Processing file: 2020-12-27 08-59-00.csv...
已更新系统公共变量: latest_ais_data_raw
Pushed update from: 2020-12-27 08-59-00.csv (1244 ships)
Backend detection triggers: 12 queued, 1 coalesced
Processing file: 2020-12-27 08-59-30.csv...
已更新系统公共变量: latest_ais_data_raw
Pushed update from: 2020-12-27 08-59-30.csv (1144 ships)
Backend detection triggers: 12 queued, 1 coalesced
Processing file: 2020-12-27 09-00-00.csv...
已更新系统公共变量: latest_ais_data_raw
Pushed update from: 2020-12-27 09-00-00.csv (1318 ships)
Backend detection triggers: 12 queued, 1 coalesced
Processing file: 2020-12-27 09-00-30.csv...
已更新系统公共变量: latest_ais_data_raw
Pushed update from: 2020-12-27 09-00-30.csv (1141 ships)
Backend detection triggers: 12 queued, 1 coalesced
Processing file: 2020-12-27 09-01-00.csv...
已更新系统公共变量: latest_ais_data_raw
Pushed update from: 2020-12-27 09-01-00.csv (1280 ships)
Backend detection triggers: 12 queued, 1 coalesced
Processing file: 2020-12-27 09-01-30.csv...
已更新系统公共变量: latest_ais_data_raw
Pushed update from: 2020-12-27 09-01-30.csv (1143 ships)
Backend detection triggers: 13 queued, 0 coalesced
Processing file: 2020-12-27 09-02-00.csv...
已更新系统公共变量: latest_ais_data_raw
Pushed update from: 2020-12-27 09-02-00.csv (1258 ships)
Backend detection triggers: 11 queued, 2 coalesced
Processing file: 2020-12-27 09-02-30.csv...
已更新系统公共变量: latest_ais_data_raw
Pushed update from: 2020-12-27 09-02-30.csv (1154 ships)
Backend detection triggers: 12 queued, 1 coalesced
Processing file: 2020-12-27 09-03-00.csv...
已更新系统公共变量: latest_ais_data_raw
Pushed update from: 2020-12-27 09-03-00.csv (1328 ships)
Backend detection triggers: 12 queued, 1 coalesced
Processing file: 2020-12-27 09-03-30.csv...
已更新系统公共变量: latest_ais_data_raw
Pushed update from: 2020-12-27 09-03-30.csv (1153 ships)
Backend detection triggers: 13 queued, 0 coalesced
Processing file: 2020-12-27 09-04-00.csv...
已更新系统公共变量: latest_ais_data_raw
Pushed update from: 2020-12-27 09-04-00.csv (1289 ships)
Backend detection triggers: 11 queued, 2 coalesced
Processing file: 2020-12-27 09-04-30.csv...
已更新系统公共变量: latest_ais_data_raw
Pushed update from: 2020-12-27 09-04-30.csv (1148 ships)
Backend detection triggers: 13 queued, 0 coalesced
Processing file: 2020-12-27 09-05-00.csv...
已更新系统公共变量: latest_ais_data_raw
Pushed update from: 2020-12-27 09-05-00.csv (1274 ships)
Backend detection triggers: 11 queued, 2 coalesced
Processing file: 2020-12-27 09-05-30.csv...
已更新系统公共变量: latest_ais_data_raw
Pushed update from: 2020-12-27 09-05-30.csv (1164 ships)
Backend detection triggers: 13 queued, 0 coalesced
Processing file: 2020-12-27 09-06-00.csv...
已更新系统公共变量: latest_ais_data_raw
Pushed update from: 2020-12-27 09-06-00.csv (1340 ships)
Backend detection triggers: 11 queued, 2 coalesced
Processing file: 2020-12-27 09-06-30.csv...
已更新系统公共变量: latest_ais_data_raw
Pushed update from: 2020-12-27 09-06-30.csv (1162 ships)
Backend detection triggers: 13 queued, 0 coalesced
Processing file: 2020-12-27 09-07-00.csv...
已更新系统公共变量: latest_ais_data_raw
Pushed update from: 2020-12-27 09-07-00.csv (1300 ships)
Backend detection triggers: 11 queued, 2 coalesced
Processing file: 2020-12-27 09-07-30.csv...
已更新系统公共变量: latest_ais_data_raw
Pushed update from: 2020-12-27 09-07-30.csv (1157 ships)
Backend detection triggers: 13 queued, 0 coalesced
Processing file: 2020-12-27 09-08-00.csv...
已更新系统公共变量: latest_ais_data_raw
Pushed update from: 2020-12-27 09-08-00.csv (1282 ships)
Backend detection triggers: 11 queued, 2 coalesced
Processing file: 2020-12-27 09-08-30.csv...
已更新系统公共变量: latest_ais_data_raw
Pushed update from: 2020-12-27 09-08-30.csv (1174 ships)
Backend detection triggers: 13 queued, 0 coalesced
Processing file: 2020-12-27 09-09-00.csv...
已更新系统公共变量: latest_ais_data_raw
Pushed update from: 2020-12-27 09-09-00.csv (1348 ships)
Backend detection triggers: 11 queued, 2 coalesced
Processing file: 2020-12-27 09-09-30.csv...
已更新系统公共变量: latest_ais_data_raw
Pushed update from: 2020-12-27 09-09-30.csv (1170 ships)
Backend detection triggers: 13 queued, 0 coalesced
Processing file: 2020-12-27 09-10-00.csv...
已更新系统公共变量: latest_ais_data_raw
Pushed update from: 2020-12-27 09-10-00.csv (1318 ships)
Backend detection triggers: 11 queued, 2 coalesced
Processing file: 2020-12-27 09-10-30.csv...
已更新系统公共变量: latest_ais_data_raw
Pushed update from: 2020-12-27 09-10-30.csv (1169 ships)
Backend detection triggers: 13 queued, 0 coalesced
Processing file: 2020-12-27 09-11-00.csv...
已更新系统公共变量: latest_ais_data_raw
Pushed update from: 2020-12-27 09-11-00.csv (1296 ships)
Backend detection triggers: 11 queued, 2 coalesced
Processing file: 2020-12-27 09-11-30.csv...
已更新系统公共变量: latest_ais_data_raw
Pushed update from: 2020-12-27 09-11-30.csv (1189 ships)
Backend detection triggers: 13 queued, 0 coalesced
Processing file: 2020-12-27 09-12-00.csv...
已更新系统公共变量: latest_ais_data_raw
Pushed update from: 2020-12-27 09-12-00.csv (1361 ships)
Backend detection triggers: 11 queued, 2 coalesced
Processing file: 2020-12-27 09-12-30.csv...
已更新系统公共变量: latest_ais_data_raw
Pushed update from: 2020-12-27 09-12-30.csv (1185 ships)
Backend detection triggers: 13 queued, 0 coalesced
Processing file: 2020-12-27 09-13-00.csv...
已更新系统公共变量: latest_ais_data_raw
Pushed update from: 2020-12-27 09-13-00.csv (1330 ships)
Backend detection triggers: 11 queued, 2 coalesced
Processing file: 2020-12-27 09-13-30.csv...
已更新系统公共变量: latest_ais_data_raw
Pushed update from: 2020-12-27 09-13-30.csv (1179 ships)
Backend detection triggers: 11 queued, 2 coalesced
Processing file: 2020-12-27 09-14-00.csv...
已更新系统公共变量: latest_ais_data_raw
Pushed update from: 2020-12-27 09-14-00.csv (1301 ships)
Backend detection triggers: 13 queued, 0 coalesced
Processing file: 2020-12-27 09-14-30.csv...
已更新系统公共变量: latest_ais_data_raw
Pushed update from: 2020-12-27 09-14-30.csv (1201 ships)
Backend detection triggers: 11 queued, 2 coalesced
Processing file: 2020-12-27 09-15-00.csv...
已更新系统公共变量: latest_ais_data_raw
Pushed update from: 2020-12-27 09-15-00.csv (1376 ships)
Backend detection triggers: 13 queued, 0 coalesced
Processing file: 2020-12-27 09-15-30.csv...
已更新系统公共变量: latest_ais_data_raw
Pushed update from: 2020-12-27 09-15-30.csv (1199 ships)
Backend detection triggers: 11 queued, 2 coalesced
Processing file: 2020-12-27 09-16-00.csv...
已更新系统公共变量: latest_ais_data_raw
Pushed update from: 2020-12-27 09-16-00.csv (1340 ships)
Backend detection triggers: 13 queued, 0 coalesced
Processing file: 2020-12-27 09-16-30.csv...
已更新系统公共变量: latest_ais_data_raw
Pushed update from: 2020-12-27 09-16-30.csv (1192 ships)
Backend detection triggers: 12 queued, 1 coalesced
Processing file: 2020-12-27 09-17-00.csv...
已更新系统公共变量: latest_ais_data_raw
Pushed update from: 2020-12-27 09-17-00.csv (1321 ships)
Backend detection triggers: 12 queued, 1 coalesced
Processing file: 2020-12-27 09-17-30.csv...
已更新系统公共变量: latest_ais_data_raw
Pushed update from: 2020-12-27 09-17-30.csv (1219 ships)
Backend detection triggers: 13 queued, 0 coalesced
Processing file: 2020-12-27 09-18-00.csv...
已更新系统公共变量: latest_ais_data_raw
Pushed update from: 2020-12-27 09-18-00.csv (1387 ships)
Backend detection triggers: 11 queued, 2 coalesced
Processing file: 2020-12-27 09-18-30.csv...
已更新系统公共变量: latest_ais_data_raw
Pushed update from: 2020-12-27 09-18-30.csv (1206 ships)
Backend detection triggers: 13 queued, 0 coalesced
Processing file: 2020-12-27 09-19-00.csv...
已更新系统公共变量: latest_ais_data_raw
Pushed update from: 2020-12-27 09-19-00.csv (1344 ships)
Backend detection triggers: 11 queued, 2 coalesced
Processing file: 2020-12-27 09-19-30.csv...
已更新系统公共变量: latest_ais_data_raw
Pushed update from: 2020-12-27 09-19-30.csv (1197 ships)
Backend detection triggers: 13 queued, 0 coalesced
Processing file: 2020-12-27 09-20-00.csv...
已更新系统公共变量: latest_ais_data_raw
Pushed update from: 2020-12-27 09-20-00.csv (1333 ships)
Backend detection triggers: 11 queued, 2 coalesced
Processing file: 2020-12-27 09-20-30.csv...
已更新系统公共变量: latest_ais_data_raw
Pushed update from: 2020-12-27 09-20-30.csv (1228 ships)
Backend detection triggers: 13 queued, 0 coalesced
Processing file: 2020-12-27 09-21-00.csv...
已更新系统公共变量: latest_ais_data_raw
Pushed update from: 2020-12-27 09-21-00.csv (1398 ships)
Backend detection triggers: 11 queued, 2 coalesced
Processing file: 2020-12-27 09-21-30.csv...
已更新系统公共变量: latest_ais_data_raw
Pushed update from: 2020-12-27 09-21-30.csv (1219 ships)
Backend detection triggers: 12 queued, 1 coalesced
Processing file: 2020-12-27 09-22-00.csv...
已更新系统公共变量: latest_ais_data_raw
Pushed update from: 2020-12-27 09-22-00.csv (1357 ships)
Backend detection triggers: 12 queued, 1 coalesced
Processing file: 2020-12-27 09-22-30.csv...
已更新系统公共变量: latest_ais_data_raw
Pushed update from: 2020-12-27 09-22-30.csv (1212 ships)
Backend detection triggers: 12 queued, 1 coalesced
Processing file: 2020-12-27 09-23-00.csv...
已更新系统公共变量: latest_ais_data_raw
Pushed update from: 2020-12-27 09-23-00.csv (1350 ships)
Backend detection triggers: 12 queued, 1 coalesced
Processing file: 2020-12-27 09-23-30.csv...
已更新系统公共变量: latest_ais_data_raw
Pushed update from: 2020-12-27 09-23-30.csv (1244 ships)
Backend detection triggers: 12 queued, 1 coalesced
Processing file: 2020-12-27 09-24-00.csv...
已更新系统公共变量: latest_ais_data_raw
Pushed update from: 2020-12-27 09-24-00.csv (1410 ships)
Backend detection triggers: 12 queued, 1 coalesced
Processing file: 2020-12-27 09-24-30.csv...
已更新系统公共变量: latest_ais_data_raw
Pushed update from: 2020-12-27 09-24-30.csv (1227 ships)
Backend detection triggers: 12 queued, 1 coalesced
Processing file: 2020-12-27 09-25-00.csv...
已更新系统公共变量: latest_ais_data_raw
Pushed update from: 2020-12-27 09-25-00.csv (1365 ships)
Backend detection triggers: 12 queued, 1 coalesced
Processing file: 2020-12-27 09-25-30.csv...
已更新系统公共变量: latest_ais_data_raw
Pushed update from: 2020-12-27 09-25-30.csv (1216 ships)
Backend detection triggers: 13 queued, 0 coalesced
Processing file: 2020-12-27 09-26-00.csv...
已更新系统公共变量: latest_ais_data_raw
Pushed update from: 2020-12-27 09-26-00.csv (1350 ships)
Backend detection triggers: 11 queued, 2 coalesced
Processing file: 2020-12-27 09-26-30.csv...
已更新系统公共变量: latest_ais_data_raw
Pushed update from: 2020-12-27 09-26-30.csv (1247 ships)
Backend detection triggers: 12 queued, 1 coalesced
Processing file: 2020-12-27 09-27-00.csv...
已更新系统公共变量: latest_ais_data_raw
Pushed update from: 2020-12-27 09-27-00.csv (1413 ships)
Backend detection triggers: 12 queued, 1 coalesced
Processing file: 2020-12-27 09-27-30.csv...
已更新系统公共变量: latest_ais_data_raw
Pushed update from: 2020-12-27 09-27-30.csv (1227 ships)
Backend detection triggers: 13 queued, 0 coalesced
Processing file: 2020-12-27 09-28-00.csv...
已更新系统公共变量: latest_ais_data_raw
Pushed update from: 2020-12-27 09-28-00.csv (1364 ships)
Backend detection triggers: 11 queued, 2 coalesced
Processing file: 2020-12-27 09-28-30.csv...
已更新系统公共变量: latest_ais_data_raw
Pushed update from: 2020-12-27 09-28-30.csv (1218 ships)
Backend detection triggers: 13 queued, 0 coalesced
Processing file: 2020-12-27 09-29-00.csv...
已更新系统公共变量: latest_ais_data_raw
Pushed update from: 2020-12-27 09-29-00.csv (1353 ships)
Backend detection triggers: 11 queued, 2 coalesced
Processing file: 2020-12-27 09-29-30.csv...
已更新系统公共变量: latest_ais_data_raw
Pushed update from: 2020-12-27 09-29-30.csv (1252 ships)
Backend detection triggers: 13 queued, 0 coalesced
Processing file: 2020-12-27 09-30-00.csv...
已更新系统公共变量: latest_ais_data_raw
Pushed update from: 2020-12-27 09-30-00.csv (1422 ships)
Backend detection triggers: 11 queued, 2 coalesced
Processing file: 2020-12-27 09-30-30.csv...
已更新系统公共变量: latest_ais_data_raw
Pushed update from: 2020-12-27 09-30-30.csv (1235 ships)
Backend detection triggers: 13 queued, 0 coalesced
Processing file: 2020-12-27 09-31-00.csv...
已更新系统公共变量: latest_ais_data_raw
Pushed update from: 2020-12-27 09-31-00.csv (1372 ships)
Backend detection triggers: 11 queued, 2 coalesced
Processing file: 2020-12-27 09-31-30.csv...
已更新系统公共变量: latest_ais_data_raw
Pushed update from: 2020-12-27 09-31-30.csv (1222 ships)
Backend detection triggers: 11 queued, 2 coalesced
Processing file: 2020-12-27 09-32-00.csv...
已更新系统公共变量: latest_ais_data_raw
Pushed update from: 2020-12-27 09-32-00.csv (1362 ships)
Backend detection triggers: 13 queued, 0 coalesced
Processing file: 2020-12-27 09-32-30.csv...
已更新系统公共变量: latest_ais_data_raw
Pushed update from: 2020-12-27 09-32-30.csv (1263 ships)
Backend detection triggers: 11 queued, 2 coalesced
Processing file: 2020-12-27 09-33-00.csv...
已更新系统公共变量: latest_ais_data_raw
Pushed update from: 2020-12-27 09-33-00.csv (1430 ships)
Backend detection triggers: 13 queued, 0 coalesced
Processing file: 2020-12-27 09-33-30.csv...
已更新系统公共变量: latest_ais_data_raw
Pushed update from: 2020-12-27 09-33-30.csv (1242 ships)
Backend detection triggers: 13 queued, 0 coalesced
Processing file: 2020-12-27 09-34-00.csv...
已更新系统公共变量: latest_ais_data_raw
Pushed update from: 2020-12-27 09-34-00.csv (1379 ships)
Backend detection triggers: 11 queued, 2 coalesced
Processing file: 2020-12-27 09-34-30.csv...
已更新系统公共变量: latest_ais_data_raw
Pushed update from: 2020-12-27 09-34-30.csv (1231 ships)
Backend detection triggers: 12 queued, 1 coalesced
Processing file: 2020-12-27 09-35-00.csv...
已更新系统公共变量: latest_ais_data_raw
Pushed update from: 2020-12-27 09-35-00.csv (1372 ships)
Backend detection triggers: 12 queued, 1 coalesced
Processing file: 2020-12-27 09-35-30.csv...
已更新系统公共变量: latest_ais_data_raw
Pushed update from: 2020-12-27 09-35-30.csv (1270 ships)
Backend detection triggers: 12 queued, 1 coalesced
Processing file: 2020-12-27 09-36-00.csv...
已更新系统公共变量: latest_ais_data_raw
Pushed update from: 2020-12-27 09-36-00.csv (1439 ships)
Backend detection triggers: 12 queued, 1 coalesced
Processing file: 2020-12-27 09-36-30.csv...
已更新系统公共变量: latest_ais_data_raw
Pushed update from: 2020-12-27 09-36-30.csv (1253 ships)
Backend detection triggers: 12 queued, 1 coalesced
Processing file: 2020-12-27 09-37-00.csv...
已更新系统公共变量: latest_ais_data_raw
Pushed update from: 2020-12-27 09-37-00.csv (1385 ships)
Backend detection triggers: 12 queued, 1 coalesced
Processing file: 2020-12-27 09-37-30.csv...
已更新系统公共变量: latest_ais_data_raw
Pushed update from: 2020-12-27 09-37-30.csv (1239 ships)
Backend detection triggers: 13 queued, 0 coalesced
Processing file: 2020-12-27 09-38-00.csv...
已更新系统公共变量: latest_ais_data_raw
Pushed update from: 2020-12-27 09-38-00.csv (1378 ships)
Backend detection triggers: 11 queued, 2 coalesced
Processing file: 2020-12-27 09-38-30.csv...
已更新系统公共变量: latest_ais_data_raw
Pushed update from: 2020-12-27 09-38-30.csv (1276 ships)
Backend detection triggers: 13 queued, 0 coalesced
Processing file: 2020-12-27 09-39-00.csv...
已更新系统公共变量: latest_ais_data_raw
Pushed update from: 2020-12-27 09-39-00.csv (1440 ships)
Backend detection triggers: 11 queued, 2 coalesced
Processing file: 2020-12-27 09-39-30.csv...
已更新系统公共变量: latest_ais_data_raw
Pushed update from: 2020-12-27 09-39-30.csv (1256 ships)
Backend detection triggers: 13 queued, 0 coalesced
Processing file: 2020-12-27 09-40-00.csv...
已更新系统公共变量: latest_ais_data_raw
Pushed update from: 2020-12-27 09-40-00.csv (1392 ships)
Backend detection triggers: 11 queued, 2 coalesced
Processing file: 2020-12-27 09-40-30.csv...
已更新系统公共变量: latest_ais_data_raw
Pushed update from: 2020-12-27 09-40-30.csv (1246 ships)
Backend detection triggers: 11 queued, 2 coalesced
Processing file: 2020-12-27 09-41-00.csv...
已更新系统公共变量: latest_ais_data_raw
Pushed update from: 2020-12-27 09-41-00.csv (1381 ships)
Backend detection triggers: 13 queued, 0 coalesced
Processing file: 2020-12-27 09-41-30.csv...
已更新系统公共变量: latest_ais_data_raw
Pushed update from: 2020-12-27 09-41-30.csv (1277 ships)
Backend detection triggers: 11 queued, 2 coalesced
Processing file: 2020-12-27 09-42-00.csv...
已更新系统公共变量: latest_ais_data_raw
Pushed update from: 2020-12-27 09-42-00.csv (1445 ships)
Backend detection triggers: 13 queued, 0 coalesced
Processing file: 2020-12-27 09-42-30.csv...
已更新系统公共变量: latest_ais_data_raw
Pushed update from: 2020-12-27 09-42-30.csv (1266 ships)
Backend detection triggers: 11 queued, 2 coalesced
Processing file: 2020-12-27 09-43-00.csv...
已更新系统公共变量: latest_ais_data_raw
Pushed update from: 2020-12-27 09-43-00.csv (1398 ships)
Backend detection triggers: 13 queued, 0 coalesced
Processing file: 2020-12-27 09-43-30.csv...
已更新系统公共变量: latest_ais_data_raw
Pushed update from: 2020-12-27 09-43-30.csv (1253 ships)
Backend detection triggers: 11 queued, 2 coalesced
Processing file: 2020-12-27 09-44-00.csv...
已更新系统公共变量: latest_ais_data_raw
Pushed update from: 2020-12-27 09-44-00.csv (1391 ships)
Backend detection triggers: 13 queued, 0 coalesced
Processing file: 2020-12-27 09-44-30.csv...
已更新系统公共变量: latest_ais_data_raw
Pushed update from: 2020-12-27 09-44-30.csv (1283 ships)
Backend detection triggers: 11 queued, 2 coalesced
Processing file: 2020-12-27 09-45-00.csv...
已更新系统公共变量: latest_ais_data_raw
Pushed update from: 2020-12-27 09-45-00.csv (1456 ships)
Backend detection triggers: 11 queued, 2 coalesced
Processing file: 2020-12-27 09-45-30.csv...
已更新系统公共变量: latest_ais_data_raw
Pushed update from: 2020-12-27 09-45-30.csv (1270 ships)
Backend detection triggers: 13 queued, 0 coalesced
Processing file: 2020-12-27 09-46-00.csv...
已更新系统公共变量: latest_ais_data_raw
Pushed update from: 2020-12-27 09-46-00.csv (1402 ships)
Backend detection triggers: 11 queued, 2 coalesced
Processing file: 2020-12-27 09-46-30.csv...
已更新系统公共变量: latest_ais_data_raw
Pushed update from: 2020-12-27 09-46-30.csv (1260 ships)
Backend detection triggers: 13 queued, 0 coalesced
Processing file: 2020-12-27 09-47-00.csv...
已更新系统公共变量: latest_ais_data_raw
Pushed update from: 2020-12-27 09-47-00.csv (1400 ships)
Backend detection triggers: 11 queued, 2 coalesced
Processing file: 2020-12-27 09-47-30.csv...
已更新系统公共变量: latest_ais_data_raw
Pushed update from: 2020-12-27 09-47-30.csv (1292 ships)
Backend detection triggers: 12 queued, 1 coalesced
Processing file: 2020-12-27 09-48-00.csv...
已更新系统公共变量: latest_ais_data_raw
Pushed update from: 2020-12-27 09-48-00.csv (1457 ships)
Backend detection triggers: 12 queued, 1 coalesced
Processing file: 2020-12-27 09-48-30.csv...
已更新系统公共变量: latest_ais_data_raw
Pushed update from: 2020-12-27 09-48-30.csv (1277 ships)
Backend detection triggers: 12 queued, 1 coalesced
Processing file: 2020-12-27 09-49-00.csv...
已更新系统公共变量: latest_ais_data_raw
Pushed update from: 2020-12-27 09-49-00.csv (1411 ships)
Backend detection triggers: 12 queued, 1 coalesced
Processing file: 2020-12-27 09-49-30.csv...
已更新系统公共变量: latest_ais_data_raw
Pushed update from: 2020-12-27 09-49-30.csv (1273 ships)
Backend detection triggers: 12 queued, 1 coalesced
Processing file: 2020-12-27 09-50-00.csv...
已更新系统公共变量: latest_ais_data_raw
Pushed update from: 2020-12-27 09-50-00.csv (1413 ships)
Backend detection triggers: 12 queued, 1 coalesced
Processing file: 2020-12-27 09-50-30.csv...
已更新系统公共变量: latest_ais_data_raw
Pushed update from: 2020-12-27 09-50-30.csv (1301 ships)
Backend detection triggers: 11 queued, 2 coalesced
Processing file: 2020-12-27 09-51-00.csv...
已更新系统公共变量: latest_ais_data_raw
Pushed update from: 2020-12-27 09-51-00.csv (1469 ships)
Backend detection triggers: 13 queued, 0 coalesced
Processing file: 2020-12-27 09-51-30.csv...
已更新系统公共变量: latest_ais_data_raw
Pushed update from: 2020-12-27 09-51-30.csv (1290 ships)
Backend detection triggers: 12 queued, 1 coalesced
Processing file: 2020-12-27 09-52-00.csv...
已更新系统公共变量: latest_ais_data_raw
Pushed update from: 2020-12-27 09-52-00.csv (1423 ships)
Backend detection triggers: 12 queued, 1 coalesced
Processing file: 2020-12-27 09-52-30.csv...
已更新系统公共变量: latest_ais_data_raw
Pushed update from: 2020-12-27 09-52-30.csv (1291 ships)
Backend detection triggers: 12 queued, 1 coalesced
Processing file: 2020-12-27 09-53-00.csv...
已更新系统公共变量: latest_ais_data_raw
Pushed update from: 2020-12-27 09-53-00.csv (1433 ships)
Backend detection triggers: 12 queued, 1 coalesced
Processing file: 2020-12-27 09-53-30.csv...
已更新系统公共变量: latest_ais_data_raw
Pushed update from: 2020-12-27 09-53-30.csv (1312 ships)
Backend detection triggers: 13 queued, 0 coalesced
Processing file: 2020-12-27 09-54-00.csv...
已更新系统公共变量: latest_ais_data_raw
Pushed update from: 2020-12-27 09-54-00.csv (1478 ships)
Backend detection triggers: 11 queued, 2 coalesced
Processing file: 2020-12-27 09-54-30.csv...
已更新系统公共变量: latest_ais_data_raw
Pushed update from: 2020-12-27 09-54-30.csv (1300 ships)
Backend detection triggers: 13 queued, 0 coalesced
Processing file: 2020-12-27 09-55-00.csv...
已更新系统公共变量: latest_ais_data_raw
Pushed update from: 2020-12-27 09-55-00.csv (1433 ships)
Backend detection triggers: 11 queued, 2 coalesced
Processing file: 2020-12-27 09-55-30.csv...
已更新系统公共变量: latest_ais_data_raw
Pushed update from: 2020-12-27 09-55-30.csv (1294 ships)
Backend detection triggers: 13 queued, 0 coalesced
Processing file: 2020-12-27 09-56-00.csv...
已更新系统公共变量: latest_ais_data_raw
Pushed update from: 2020-12-27 09-56-00.csv (1439 ships)
Backend detection triggers: 11 queued, 2 coalesced
Processing file: 2020-12-27 09-56-30.csv...
已更新系统公共变量: latest_ais_data_raw
Pushed update from: 2020-12-27 09-56-30.csv (1318 ships)
Backend detection triggers: 13 queued, 0 coalesced
Processing file: 2020-12-27 09-57-00.csv...
已更新系统公共变量: latest_ais_data_raw
Pushed update from: 2020-12-27 09-57-00.csv (1481 ships)
Backend detection triggers: 11 queued, 2 coalesced
Processing file: 2020-12-27 09-57-30.csv...
已更新系统公共变量: latest_ais_data_raw
Pushed update from: 2020-12-27 09-57-30.csv (1299 ships)
Backend detection triggers: 13 queued, 0 coalesced
Processing file: 2020-12-27 09-58-00.csv...
已更新系统公共变量: latest_ais_data_raw
Pushed update from: 2020-12-27 09-58-00.csv (1429 ships)
Backend detection triggers: 11 queued, 2 coalesced
Processing file: 2020-12-27 09-58-30.csv...
已更新系统公共变量: latest_ais_data_raw
Pushed update from: 2020-12-27 09-58-30.csv (1290 ships)
Backend detection triggers: 13 queued, 0 coalesced
Processing file: 2020-12-27 09-59-00.csv...
已更新系统公共变量: latest_ais_data_raw
Pushed update from: 2020-12-27 09-59-00.csv (1430 ships)
Backend detection triggers: 11 queued, 2 coalesced
Processing file: 2020-12-27 09-59-30.csv...
已更新系统公共变量: latest_ais_data_raw
Pushed update from: 2020-12-27 09-59-30.csv (1310 ships)
Backend detection triggers: 13 queued, 0 coalesced
Processing file: 2020-12-27 10-00-00.csv...
已更新系统公共变量: latest_ais_data_raw
Pushed update from: 2020-12-27 10-00-00.csv (1490 ships)
Backend detection triggers: 11 queued, 2 coalesced
Processing file: 2020-12-27 10-00-30.csv...
已更新系统公共变量: latest_ais_data_raw
Pushed update from: 2020-12-27 10-00-30.csv (1299 ships)
Backend detection triggers: 13 queued, 0 coalesced
Processing file: 2020-12-27 10-01-00.csv...
已更新系统公共变量: latest_ais_data_raw
Pushed update from: 2020-12-27 10-01-00.csv (1436 ships)
Backend detection triggers: 11 queued, 2 coalesced
Processing file: 2020-12-27 10-01-30.csv...
已更新系统公共变量: latest_ais_data_raw
Pushed update from: 2020-12-27 10-01-30.csv (1297 ships)
Backend detection triggers: 13 queued, 0 coalesced
Processing file: 2020-12-27 10-02-00.csv...
已更新系统公共变量: latest_ais_data_raw
Pushed update from: 2020-12-27 10-02-00.csv (1443 ships)
Backend detection triggers: 11 queued, 2 coalesced
Processing file: 2020-12-27 10-02-30.csv...
已更新系统公共变量: latest_ais_data_raw
Pushed update from: 2020-12-27 10-02-30.csv (1322 ships)
Backend detection triggers: 13 queued, 0 coalesced
Processing file: 2020-12-27 10-03-00.csv...
已更新系统公共变量: latest_ais_data_raw
Pushed update from: 2020-12-27 10-03-00.csv (1499 ships)
Backend detection triggers: 11 queued, 2 coalesced
Processing file: 2020-12-27 10-03-30.csv...
已更新系统公共变量: latest_ais_data_raw
Pushed update from: 2020-12-27 10-03-30.csv (1307 ships)
Backend detection triggers: 13 queued, 0 coalesced
Processing file: 2020-12-27 10-04-00.csv...
已更新系统公共变量: latest_ais_data_raw
Pushed update from: 2020-12-27 10-04-00.csv (1438 ships)
Backend detection triggers: 11 queued, 2 coalesced
Processing file: 2020-12-27 10-04-30.csv...
已更新系统公共变量: latest_ais_data_raw
Pushed update from: 2020-12-27 10-04-30.csv (1299 ships)
Backend detection triggers: 13 queued, 0 coalesced
Processing file: 2020-12-27 10-05-00.csv...
已更新系统公共变量: latest_ais_data_raw
Pushed update from: 2020-12-27 10-05-00.csv (1447 ships)
Backend detection triggers: 11 queued, 2 coalesced
Processing file: 2020-12-27 10-05-30.csv...
已更新系统公共变量: latest_ais_data_raw
Pushed update from: 2020-12-27 10-05-30.csv (1325 ships)
Backend detection triggers: 13 queued, 0 coalesced
Processing file: 2020-12-27 10-06-00.csv...
已更新系统公共变量: latest_ais_data_raw
Pushed update from: 2020-12-27 10-06-00.csv (1505 ships)
Backend detection triggers: 11 queued, 2 coalesced
Processing file: 2020-12-27 10-06-30.csv...
已更新系统公共变量: latest_ais_data_raw
Pushed update from: 2020-12-27 10-06-30.csv (1311 ships)
Backend detection triggers: 13 queued, 0 coalesced
Processing file: 2020-12-27 10-07-00.csv...
已更新系统公共变量: latest_ais_data_raw
Pushed update from: 2020-12-27 10-07-00.csv (1446 ships)
Backend detection triggers: 11 queued, 2 coalesced
Processing file: 2020-12-27 10-07-30.csv...
已更新系统公共变量: latest_ais_data_raw
Pushed update from: 2020-12-27 10-07-30.csv (1310 ships)
Backend detection triggers: 11 queued, 2 coalesced
Processing file: 2020-12-27 10-08-00.csv...
已更新系统公共变量: latest_ais_data_raw
Pushed update from: 2020-12-27 10-08-00.csv (1456 ships)
Backend detection triggers: 13 queued, 0 coalesced
Processing file: 2020-12-27 10-08-30.csv...
已更新系统公共变量: latest_ais_data_raw
Pushed update from: 2020-12-27 10-08-30.csv (1337 ships)
Backend detection triggers: 11 queued, 2 coalesced
Processing file: 2020-12-27 10-09-00.csv...
已更新系统公共变量: latest_ais_data_raw
Pushed update from: 2020-12-27 10-09-00.csv (1519 ships)
Backend detection triggers: 13 queued, 0 coalesced
Processing file: 2020-12-27 10-09-30.csv...
已更新系统公共变量: latest_ais_data_raw
Pushed update from: 2020-12-27 10-09-30.csv (1320 ships)
Backend detection triggers: 11 queued, 2 coalesced
Processing file: 2020-12-27 10-10-00.csv...
已更新系统公共变量: latest_ais_data_raw
Pushed update from: 2020-12-27 10-10-00.csv (1449 ships)
Backend detection triggers: 13 queued, 0 coalesced
Processing file: 2020-12-27 10-10-30.csv...
已更新系统公共变量: latest_ais_data_raw
Pushed update from: 2020-12-27 10-10-30.csv (1308 ships)
Backend detection triggers: 11 queued, 2 coalesced
Processing file: 2020-12-27 10-11-00.csv...
已更新系统公共变量: latest_ais_data_raw
Pushed update from: 2020-12-27 10-11-00.csv (1454 ships)
Backend detection triggers: 13 queued, 0 coalesced
Processing file: 2020-12-27 10-11-30.csv...
已更新系统公共变量: latest_ais_data_raw
Pushed update from: 2020-12-27 10-11-30.csv (1335 ships)
Backend detection triggers: 11 queued, 2 coalesced
Processing file: 2020-12-27 10-12-00.csv...
已更新系统公共变量: latest_ais_data_raw
Pushed update from: 2020-12-27 10-12-00.csv (1521 ships)
Backend detection triggers: 13 queued, 0 coalesced
Processing file: 2020-12-27 10-12-30.csv...
已更新系统公共变量: latest_ais_data_raw
Pushed update from: 2020-12-27 10-12-30.csv (1326 ships)
Backend detection triggers: 11 queued, 2 coalesced
Processing file: 2020-12-27 10-13-00.csv...
已更新系统公共变量: latest_ais_data_raw
Pushed update from: 2020-12-27 10-13-00.csv (1457 ships)
Backend detection triggers: 13 queued, 0 coalesced
Processing file: 2020-12-27 10-13-30.csv...
已更新系统公共变量: latest_ais_data_raw
Pushed update from: 2020-12-27 10-13-30.csv (1315 ships)
Backend detection triggers: 13 queued, 0 coalesced
Processing file: 2020-12-27 10-14-00.csv...
已更新系统公共变量: latest_ais_data_raw
Pushed update from: 2020-12-27 10-14-00.csv (1463 ships)
Backend detection triggers: 11 queued, 2 coalesced
Processing file: 2020-12-27 10-14-30.csv...
已更新系统公共变量: latest_ais_data_raw
Pushed update from: 2020-12-27 10-14-30.csv (1342 ships)
Backend detection triggers: 13 queued, 0 coalesced
Processing file: 2020-12-27 10-15-00.csv...
已更新系统公共变量: latest_ais_data_raw
Pushed update from: 2020-12-27 10-15-00.csv (1524 ships)
Backend detection triggers: 11 queued, 2 coalesced
Processing file: 2020-12-27 10-15-30.csv...
已更新系统公共变量: latest_ais_data_raw
Pushed update from: 2020-12-27 10-15-30.csv (1328 ships)
Backend detection triggers: 13 queued, 0 coalesced
Processing file: 2020-12-27 10-16-00.csv...
已更新系统公共变量: latest_ais_data_raw
Pushed update from: 2020-12-27 10-16-00.csv (1461 ships)
Backend detection triggers: 11 queued, 2 coalesced
Processing file: 2020-12-27 10-16-30.csv...
已更新系统公共变量: latest_ais_data_raw
Pushed update from: 2020-12-27 10-16-30.csv (1319 ships)
Backend detection triggers: 13 queued, 0 coalesced
Processing file: 2020-12-27 10-17-00.csv...
已更新系统公共变量: latest_ais_data_raw
Pushed update from: 2020-12-27 10-17-00.csv (1460 ships)
Backend detection triggers: 11 queued, 2 coalesced
Processing file: 2020-12-27 10-17-30.csv...
已更新系统公共变量: latest_ais_data_raw
Pushed update from: 2020-12-27 10-17-30.csv (1342 ships)
Backend detection triggers: 13 queued, 0 coalesced
Processing file: 2020-12-27 10-18-00.csv...
已更新系统公共变量: latest_ais_data_raw
Pushed update from: 2020-12-27 10-18-00.csv (1523 ships)
Backend detection triggers: 11 queued, 2 coalesced
Processing file: 2020-12-27 10-18-30.csv...
已更新系统公共变量: latest_ais_data_raw
Pushed update from: 2020-12-27 10-18-30.csv (1325 ships)
Backend detection triggers: 12 queued, 1 coalesced
Processing file: 2020-12-27 10-19-00.csv...
已更新系统公共变量: latest_ais_data_raw
Pushed update from: 2020-12-27 10-19-00.csv (1459 ships)
Backend detection triggers: 12 queued, 1 coalesced
Processing file: 2020-12-27 10-19-30.csv...
已更新系统公共变量: latest_ais_data_raw
Pushed update from: 2020-12-27 10-19-30.csv (1320 ships)
Backend detection triggers: 12 queued, 1 coalesced
Processing file: 2020-12-27 10-20-00.csv...
已更新系统公共变量: latest_ais_data_raw
Pushed update from: 2020-12-27 10-20-00.csv (1467 ships)
Backend detection triggers: 12 queued, 1 coalesced
Processing file: 2020-12-27 10-20-30.csv...
已更新系统公共变量: latest_ais_data_raw
Pushed update from: 2020-12-27 10-20-30.csv (1348 ships)
Backend detection triggers: 12 queued, 1 coalesced
Processing file: 2020-12-27 10-21-00.csv...
已更新系统公共变量: latest_ais_data_raw
Pushed update from: 2020-12-27 10-21-00.csv (1529 ships)
Backend detection triggers: 12 queued, 1 coalesced
Processing file: 2020-12-27 10-21-30.csv...
已更新系统公共变量: latest_ais_data_raw
Pushed update from: 2020-12-27 10-21-30.csv (1331 ships)
Backend detection triggers: 12 queued, 1 coalesced
Processing file: 2020-12-27 10-22-00.csv...
已更新系统公共变量: latest_ais_data_raw
Pushed update from: 2020-12-27 10-22-00.csv (1468 ships)
Backend detection triggers: 12 queued, 1 coalesced
Processing file: 2020-12-27 10-22-30.csv...
已更新系统公共变量: latest_ais_data_raw
Pushed update from: 2020-12-27 10-22-30.csv (1329 ships)
Backend detection triggers: 13 queued, 0 coalesced
Processing file: 2020-12-27 10-23-00.csv...
已更新系统公共变量: latest_ais_data_raw
Pushed update from: 2020-12-27 10-23-00.csv (1475 ships)
Backend detection triggers: 11 queued, 2 coalesced
Processing file: 2020-12-27 10-23-30.csv...
已更新系统公共变量: latest_ais_data_raw
Pushed update from: 2020-12-27 10-23-30.csv (1360 ships)
Backend detection triggers: 13 queued, 0 coalesced
Processing file: 2020-12-27 10-24-00.csv...
已更新系统公共变量: latest_ais_data_raw
Pushed update from: 2020-12-27 10-24-00.csv (1538 ships)
Backend detection triggers: 11 queued, 2 coalesced
Processing file: 2020-12-27 10-24-30.csv...
已更新系统公共变量: latest_ais_data_raw
Pushed update from: 2020-12-27 10-24-30.csv (1339 ships)
Backend detection triggers: 12 queued, 1 coalesced
Processing file: 2020-12-27 10-25-00.csv...
已更新系统公共变量: latest_ais_data_raw
Pushed update from: 2020-12-27 10-25-00.csv (1475 ships)
Backend detection triggers: 12 queued, 1 coalesced
Processing file: 2020-12-27 10-25-30.csv...
已更新系统公共变量: latest_ais_data_raw
Pushed update from: 2020-12-27 10-25-30.csv (1332 ships)
Backend detection triggers: 13 queued, 0 coalesced
Processing file: 2020-12-27 10-26-00.csv...
已更新系统公共变量: latest_ais_data_raw
Pushed update from: 2020-12-27 10-26-00.csv (1475 ships)
Backend detection triggers: 11 queued, 2 coalesced
Processing file: 2020-12-27 10-26-30.csv...
已更新系统公共变量: latest_ais_data_raw
Pushed update from: 2020-12-27 10-26-30.csv (1362 ships)
Backend detection triggers: 11 queued, 2 coalesced
Processing file: 2020-12-27 10-27-00.csv...
已更新系统公共变量: latest_ais_data_raw
Pushed update from: 2020-12-27 10-27-00.csv (1540 ships)
Backend detection triggers: 13 queued, 0 coalesced
Processing file: 2020-12-27 10-27-30.csv...
已更新系统公共变量: latest_ais_data_raw
Pushed update from: 2020-12-27 10-27-30.csv (1350 ships)
Backend detection triggers: 13 queued, 0 coalesced
Processing file: 2020-12-27 10-28-00.csv...
已更新系统公共变量: latest_ais_data_raw
Pushed update from: 2020-12-27 10-28-00.csv (1477 ships)
Backend detection triggers: 11 queued, 2 coalesced
Processing file: 2020-12-27 10-28-30.csv...
已更新系统公共变量: latest_ais_data_raw
Pushed update from: 2020-12-27 10-28-30.csv (1334 ships)
Backend detection triggers: 13 queued, 0 coalesced
Processing file: 2020-12-27 10-29-00.csv...
已更新系统公共变量: latest_ais_data_raw
Pushed update from: 2020-12-27 10-29-00.csv (1478 ships)
Backend detection triggers: 11 queued, 2 coalesced
Processing file: 2020-12-27 10-29-30.csv...
已更新系统公共变量: latest_ais_data_raw
Pushed update from: 2020-12-27 10-29-30.csv (1360 ships)
Backend detection triggers: 13 queued, 0 coalesced
Processing file: 2020-12-27 10-30-00.csv...
已更新系统公共变量: latest_ais_data_raw
Pushed update from: 2020-12-27 10-30-00.csv (1536 ships)
Backend detection triggers: 11 queued, 2 coalesced
Processing file: 2020-12-27 10-30-30.csv...
已更新系统公共变量: latest_ais_data_raw
Pushed update from: 2020-12-27 10-30-30.csv (1352 ships)
Backend detection triggers: 13 queued, 0 coalesced
Processing file: 2020-12-27 10-31-00.csv...
已更新系统公共变量: latest_ais_data_raw
Pushed update from: 2020-12-27 10-31-00.csv (1485 ships)
Backend detection triggers: 11 queued, 2 coalesced
Processing file: 2020-12-27 10-31-30.csv...
已更新系统公共变量: latest_ais_data_raw
Pushed update from: 2020-12-27 10-31-30.csv (1341 ships)
Backend detection triggers: 11 queued, 2 coalesced
Processing file: 2020-12-27 10-32-00.csv...
已更新系统公共变量: latest_ais_data_raw
Pushed update from: 2020-12-27 10-32-00.csv (1486 ships)
Backend detection triggers: 13 queued, 0 coalesced
Processing file: 2020-12-27 10-32-30.csv...
已更新系统公共变量: latest_ais_data_raw
Pushed update from: 2020-12-27 10-32-30.csv (1370 ships)
Backend detection triggers: 11 queued, 2 coalesced
Processing file: 2020-12-27 10-33-00.csv...
已更新系统公共变量: latest_ais_data_raw
Pushed update from: 2020-12-27 10-33-00.csv (1540 ships)
Backend detection triggers: 13 queued, 0 coalesced
Processing file: 2020-12-27 10-33-30.csv...
已更新系统公共变量: latest_ais_data_raw
Pushed update from: 2020-12-27 10-33-30.csv (1351 ships)
Backend detection triggers: 11 queued, 2 coalesced
Processing file: 2020-12-27 10-34-00.csv...
已更新系统公共变量: latest_ais_data_raw
Pushed update from: 2020-12-27 10-34-00.csv (1481 ships)
Backend detection triggers: 13 queued, 0 coalesced
Processing file: 2020-12-27 10-34-30.csv...
已更新系统公共变量: latest_ais_data_raw
Pushed update from: 2020-12-27 10-34-30.csv (1339 ships)
Backend detection triggers: 11 queued, 2 coalesced
Processing file: 2020-12-27 10-35-00.csv...
已更新系统公共变量: latest_ais_data_raw
Pushed update from: 2020-12-27 10-35-00.csv (1487 ships)
Backend detection triggers: 13 queued, 0 coalesced
Processing file: 2020-12-27 10-35-30.csv...
已更新系统公共变量: latest_ais_data_raw
Pushed update from: 2020-12-27 10-35-30.csv (1366 ships)
Backend detection triggers: 13 queued, 0 coalesced
Processing file: 2020-12-27 10-36-00.csv...
已更新系统公共变量: latest_ais_data_raw
Pushed update from: 2020-12-27 10-36-00.csv (1542 ships)
Backend detection triggers: 11 queued, 2 coalesced
Processing file: 2020-12-27 10-36-30.csv...
已更新系统公共变量: latest_ais_data_raw
Pushed update from: 2020-12-27 10-36-30.csv (1357 ships)
Backend detection triggers: 12 queued, 1 coalesced
Processing file: 2020-12-27 10-37-00.csv...
已更新系统公共变量: latest_ais_data_raw
Pushed update from: 2020-12-27 10-37-00.csv (1487 ships)
Backend detection triggers: 12 queued, 1 coalesced
Processing file: 2020-12-27 10-37-30.csv...
已更新系统公共变量: latest_ais_data_raw
Pushed update from: 2020-12-27 10-37-30.csv (1349 ships)
Backend detection triggers: 12 queued, 1 coalesced
Processing file: 2020-12-27 10-38-00.csv...
已更新系统公共变量: latest_ais_data_raw
Pushed update from: 2020-12-27 10-38-00.csv (1495 ships)
Backend detection triggers: 12 queued, 1 coalesced
Processing file: 2020-12-27 10-38-30.csv...
已更新系统公共变量: latest_ais_data_raw
Pushed update from: 2020-12-27 10-38-30.csv (1374 ships)
Backend detection triggers: 12 queued, 1 coalesced
Processing file: 2020-12-27 10-39-00.csv...
已更新系统公共变量: latest_ais_data_raw
Pushed update from: 2020-12-27 10-39-00.csv (1550 ships)
Backend detection triggers: 12 queued, 1 coalesced
Processing file: 2020-12-27 10-39-30.csv...
已更新系统公共变量: latest_ais_data_raw
Pushed update from: 2020-12-27 10-39-30.csv (1369 ships)
Backend detection triggers: 13 queued, 0 coalesced
Processing file: 2020-12-27 10-40-00.csv...
已更新系统公共变量: latest_ais_data_raw
Pushed update from: 2020-12-27 10-40-00.csv (1501 ships)
Backend detection triggers: 11 queued, 2 coalesced
Processing file: 2020-12-27 10-40-30.csv...
已更新系统公共变量: latest_ais_data_raw
Pushed update from: 2020-12-27 10-40-30.csv (1357 ships)
Backend detection triggers: 11 queued, 2 coalesced
Processing file: 2020-12-27 10-41-00.csv...
已更新系统公共变量: latest_ais_data_raw
Pushed update from: 2020-12-27 10-41-00.csv (1509 ships)
Backend detection triggers: 13 queued, 0 coalesced
Processing file: 2020-12-27 10-41-30.csv...
已更新系统公共变量: latest_ais_data_raw
Pushed update from: 2020-12-27 10-41-30.csv (1383 ships)
Backend detection triggers: 11 queued, 2 coalesced
Processing file: 2020-12-27 10-42-00.csv...
已更新系统公共变量: latest_ais_data_raw
Pushed update from: 2020-12-27 10-42-00.csv (1557 ships)
Backend detection triggers: 13 queued, 0 coalesced
Processing file: 2020-12-27 10-42-30.csv...
已更新系统公共变量: latest_ais_data_raw
Pushed update from: 2020-12-27 10-42-30.csv (1375 ships)
Backend detection triggers: 12 queued, 1 coalesced
Processing file: 2020-12-27 10-43-00.csv...
已更新系统公共变量: latest_ais_data_raw
Pushed update from: 2020-12-27 10-43-00.csv (1507 ships)
Backend detection triggers: 12 queued, 1 coalesced
Processing file: 2020-12-27 10-43-30.csv...
已更新系统公共变量: latest_ais_data_raw
Pushed update from: 2020-12-27 10-43-30.csv (1362 ships)
Backend detection triggers: 12 queued, 1 coalesced
Processing file: 2020-12-27 10-44-00.csv...
已更新系统公共变量: latest_ais_data_raw
Pushed update from: 2020-12-27 10-44-00.csv (1514 ships)
Backend detection triggers: 12 queued, 1 coalesced
Processing file: 2020-12-27 10-44-30.csv...
已更新系统公共变量: latest_ais_data_raw
Pushed update from: 2020-12-27 10-44-30.csv (1386 ships)
Backend detection triggers: 13 queued, 0 coalesced
Processing file: 2020-12-27 10-45-00.csv...
已更新系统公共变量: latest_ais_data_raw
Pushed update from: 2020-12-27 10-45-00.csv (1562 ships)
Backend detection triggers: 11 queued, 2 coalesced
Processing file: 2020-12-27 10-45-30.csv...
已更新系统公共变量: latest_ais_data_raw
Pushed update from: 2020-12-27 10-45-30.csv (1379 ships)
Backend detection triggers: 13 queued, 0 coalesced
Processing file: 2020-12-27 10-46-00.csv...
已更新系统公共变量: latest_ais_data_raw
Pushed update from: 2020-12-27 10-46-00.csv (1510 ships)
Backend detection triggers: 11 queued, 2 coalesced
Processing file: 2020-12-27 10-46-30.csv...
已更新系统公共变量: latest_ais_data_raw
Pushed update from: 2020-12-27 10-46-30.csv (1364 ships)
Backend detection triggers: 11 queued, 2 coalesced
Processing file: 2020-12-27 10-47-00.csv...
已更新系统公共变量: latest_ais_data_raw
Pushed update from: 2020-12-27 10-47-00.csv (1518 ships)
Backend detection triggers: 13 queued, 0 coalesced
Processing file: 2020-12-27 10-47-30.csv...
已更新系统公共变量: latest_ais_data_raw
Pushed update from: 2020-12-27 10-47-30.csv (1393 ships)
Backend detection triggers: 12 queued, 1 coalesced
Processing file: 2020-12-27 10-48-00.csv...
已更新系统公共变量: latest_ais_data_raw
Pushed update from: 2020-12-27 10-48-00.csv (1562 ships)
Backend detection triggers: 12 queued, 1 coalesced
Processing file: 2020-12-27 10-48-30.csv...
已更新系统公共变量: latest_ais_data_raw
Pushed update from: 2020-12-27 10-48-30.csv (1381 ships)
Backend detection triggers: 11 queued, 2 coalesced
Processing file: 2020-12-27 10-49-00.csv...
已更新系统公共变量: latest_ais_data_raw
Pushed update from: 2020-12-27 10-49-00.csv (1516 ships)
Backend detection triggers: 13 queued, 0 coalesced
Processing file: 2020-12-27 10-49-30.csv...
已更新系统公共变量: latest_ais_data_raw
Pushed update from: 2020-12-27 10-49-30.csv (1371 ships)
Backend detection triggers: 11 queued, 2 coalesced
Processing file: 2020-12-27 10-50-00.csv...
已更新系统公共变量: latest_ais_data_raw
Pushed update from: 2020-12-27 10-50-00.csv (1524 ships)
Backend detection triggers: 13 queued, 0 coalesced
Processing file: 2020-12-27 10-50-30.csv...
已更新系统公共变量: latest_ais_data_raw
Pushed update from: 2020-12-27 10-50-30.csv (1398 ships)
Backend detection triggers: 11 queued, 2 coalesced
Processing file: 2020-12-27 10-51-00.csv...
已更新系统公共变量: latest_ais_data_raw
Pushed update from: 2020-12-27 10-51-00.csv (1571 ships)
Backend detection triggers: 13 queued, 0 coalesced
Processing file: 2020-12-27 10-51-30.csv...
已更新系统公共变量: latest_ais_data_raw
Pushed update from: 2020-12-27 10-51-30.csv (1388 ships)
Backend detection triggers: 11 queued, 2 coalesced
Processing file: 2020-12-27 10-52-00.csv...
已更新系统公共变量: latest_ais_data_raw
Pushed update from: 2020-12-27 10-52-00.csv (1524 ships)
Backend detection triggers: 13 queued, 0 coalesced
Processing file: 2020-12-27 10-52-30.csv...
已更新系统公共变量: latest_ais_data_raw
Pushed update from: 2020-12-27 10-52-30.csv (1378 ships)
Backend detection triggers: 11 queued, 2 coalesced
Processing file: 2020-12-27 10-53-00.csv...
已更新系统公共变量: latest_ais_data_raw
Pushed update from: 2020-12-27 10-53-00.csv (1533 ships)
Backend detection triggers: 13 queued, 0 coalesced
Processing file: 2020-12-27 10-53-30.csv...
已更新系统公共变量: latest_ais_data_raw
Pushed update from: 2020-12-27 10-53-30.csv (1404 ships)
Backend detection triggers: 11 queued, 2 coalesced
Processing file: 2020-12-27 10-54-00.csv...
已更新系统公共变量: latest_ais_data_raw
Pushed update from: 2020-12-27 10-54-00.csv (1577 ships)
Backend detection triggers: 13 queued, 0 coalesced
Processing file: 2020-12-27 10-54-30.csv...
已更新系统公共变量: latest_ais_data_raw
Pushed update from: 2020-12-27 10-54-30.csv (1391 ships)
Backend detection triggers: 11 queued, 2 coalesced
Processing file: 2020-12-27 10-55-00.csv...
已更新系统公共变量: latest_ais_data_raw
Pushed update from: 2020-12-27 10-55-00.csv (1529 ships)
Backend detection triggers: 13 queued, 0 coalesced
Processing file: 2020-12-27 10-55-30.csv...
已更新系统公共变量: latest_ais_data_raw
Pushed update from: 2020-12-27 10-55-30.csv (1381 ships)
Backend detection triggers: 11 queued, 2 coalesced
Processing file: 2020-12-27 10-56-00.csv...
已更新系统公共变量: latest_ais_data_raw
Pushed update from: 2020-12-27 10-56-00.csv (1534 ships)
Backend detection triggers: 13 queued, 0 coalesced
Processing file: 2020-12-27 10-56-30.csv...
已更新系统公共变量: latest_ais_data_raw
Pushed update from: 2020-12-27 10-56-30.csv (1405 ships)
Backend detection triggers: 11 queued, 2 coalesced
Processing file: 2020-12-27 10-57-00.csv...
已更新系统公共变量: latest_ais_data_raw
Pushed update from: 2020-12-27 10-57-00.csv (1580 ships)
Backend detection triggers: 13 queued, 0 coalesced
Processing file: 2020-12-27 10-57-30.csv...
已更新系统公共变量: latest_ais_data_raw
Pushed update from: 2020-12-27 10-57-30.csv (1398 ships)
Backend detection triggers: 11 queued, 2 coalesced
Processing file: 2020-12-27 10-58-00.csv...
已更新系统公共变量: latest_ais_data_raw
Pushed update from: 2020-12-27 10-58-00.csv (1535 ships)
Backend detection triggers: 13 queued, 0 coalesced
Processing file: 2020-12-27 10-58-30.csv...
已更新系统公共变量: latest_ais_data_raw
Pushed update from: 2020-12-27 10-58-30.csv (1390 ships)
Backend detection triggers: 12 queued, 1 coalesced
Processing file: 2020-12-27 10-59-00.csv...
已更新系统公共变量: latest_ais_data_raw
Pushed update from: 2020-12-27 10-59-00.csv (1544 ships)
Backend detection triggers: 12 queued, 1 coalesced
Processing file: 2020-12-27 10-59-30.csv...
已更新系统公共变量: latest_ais_data_raw
Pushed update from: 2020-12-27 10-59-30.csv (1414 ships)
Backend detection triggers: 12 queued, 1 coalesced
Processing file: 2020-12-27 11-00-00.csv...
已更新系统公共变量: latest_ais_data_raw
Pushed update from: 2020-12-27 11-00-00.csv (1582 ships)
Backend detection triggers: 12 queued, 1 coalesced
Processing file: 2020-12-27 11-00-30.csv...
已更新系统公共变量: latest_ais_data_raw
Pushed update from: 2020-12-27 11-00-30.csv (1401 ships)
Backend detection triggers: 11 queued, 2 coalesced
Processing file: 2020-12-27 11-01-00.csv...
已更新系统公共变量: latest_ais_data_raw
Pushed update from: 2020-12-27 11-01-00.csv (1534 ships)
Backend detection triggers: 13 queued, 0 coalesced
Processing file: 2020-12-27 11-01-30.csv...
已更新系统公共变量: latest_ais_data_raw
Pushed update from: 2020-12-27 11-01-30.csv (1386 ships)
Backend detection triggers: 11 queued, 2 coalesced
Processing file: 2020-12-27 11-02-00.csv...
已更新系统公共变量: latest_ais_data_raw
Pushed update from: 2020-12-27 11-02-00.csv (1543 ships)
Backend detection triggers: 13 queued, 0 coalesced
Processing file: 2020-12-27 11-02-30.csv...
已更新系统公共变量: latest_ais_data_raw
Pushed update from: 2020-12-27 11-02-30.csv (1415 ships)
Backend detection triggers: 11 queued, 2 coalesced
Processing file: 2020-12-27 11-03-00.csv...
已更新系统公共变量: latest_ais_data_raw
Pushed update from: 2020-12-27 11-03-00.csv (1584 ships)
Backend detection triggers: 13 queued, 0 coalesced
Processing file: 2020-12-27 11-03-30.csv...
已更新系统公共变量: latest_ais_data_raw
Pushed update from: 2020-12-27 11-03-30.csv (1405 ships)
Backend detection triggers: 11 queued, 2 coalesced
Processing file: 2020-12-27 11-04-00.csv...
已更新系统公共变量: latest_ais_data_raw
Pushed update from: 2020-12-27 11-04-00.csv (1538 ships)
Backend detection triggers: 12 queued, 1 coalesced
Processing file: 2020-12-27 11-04-30.csv...
已更新系统公共变量: latest_ais_data_raw
Pushed update from: 2020-12-27 11-04-30.csv (1388 ships)
Backend detection triggers: 12 queued, 1 coalesced
Processing file: 2020-12-27 11-05-00.csv...
已更新系统公共变量: latest_ais_data_raw
Pushed update from: 2020-12-27 11-05-00.csv (1547 ships)
Backend detection triggers: 12 queued, 1 coalesced
Processing file: 2020-12-27 11-05-30.csv...
已更新系统公共变量: latest_ais_data_raw
Pushed update from: 2020-12-27 11-05-30.csv (1422 ships)
Backend detection triggers: 12 queued, 1 coalesced
Processing file: 2020-12-27 11-06-00.csv...
已更新系统公共变量: latest_ais_data_raw
Pushed update from: 2020-12-27 11-06-00.csv (1587 ships)
Backend detection triggers: 12 queued, 1 coalesced
Processing file: 2020-12-27 11-06-30.csv...
已更新系统公共变量: latest_ais_data_raw
Pushed update from: 2020-12-27 11-06-30.csv (1411 ships)
Backend detection triggers: 11 queued, 2 coalesced
Processing file: 2020-12-27 11-07-00.csv...
已更新系统公共变量: latest_ais_data_raw
Pushed update from: 2020-12-27 11-07-00.csv (1544 ships)
Backend detection triggers: 12 queued, 1 coalesced
Processing file: 2020-12-27 11-07-30.csv...
已更新系统公共变量: latest_ais_data_raw
Pushed update from: 2020-12-27 11-07-30.csv (1391 ships)
Backend detection triggers: 12 queued, 1 coalesced
Processing file: 2020-12-27 11-08-00.csv...
已更新系统公共变量: latest_ais_data_raw
Pushed update from: 2020-12-27 11-08-00.csv (1550 ships)
Backend detection triggers: 12 queued, 1 coalesced
Processing file: 2020-12-27 11-08-30.csv...
已更新系统公共变量: latest_ais_data_raw
Pushed update from: 2020-12-27 11-08-30.csv (1425 ships)
Backend detection triggers: 12 queued, 1 coalesced
Processing file: 2020-12-27 11-09-00.csv...
已更新系统公共变量: latest_ais_data_raw
Pushed update from: 2020-12-27 11-09-00.csv (1591 ships)
Backend detection triggers: 12 queued, 1 coalesced
Processing file: 2020-12-27 11-09-30.csv...
已更新系统公共变量: latest_ais_data_raw
Pushed update from: 2020-12-27 11-09-30.csv (1415 ships)
Backend detection triggers: 11 queued, 2 coalesced
Processing file: 2020-12-27 11-10-00.csv...
已更新系统公共变量: latest_ais_data_raw
Pushed update from: 2020-12-27 11-10-00.csv (1551 ships)
Backend detection triggers: 13 queued, 0 coalesced
Processing file: 2020-12-27 11-10-30.csv...
已更新系统公共变量: latest_ais_data_raw
Pushed update from: 2020-12-27 11-10-30.csv (1390 ships)
Backend detection triggers: 11 queued, 2 coalesced
Processing file: 2020-12-27 11-11-00.csv...
已更新系统公共变量: latest_ais_data_raw
Pushed update from: 2020-12-27 11-11-00.csv (1548 ships)
Backend detection triggers: 13 queued, 0 coalesced
Processing file: 2020-12-27 11-11-30.csv...
已更新系统公共变量: latest_ais_data_raw
Pushed update from: 2020-12-27 11-11-30.csv (1423 ships)
Backend detection triggers: 11 queued, 2 coalesced
Processing file: 2020-12-27 11-12-00.csv...
已更新系统公共变量: latest_ais_data_raw
Pushed update from: 2020-12-27 11-12-00.csv (1589 ships)
Backend detection triggers: 12 queued, 1 coalesced
Processing file: 2020-12-27 11-12-30.csv...
已更新系统公共变量: latest_ais_data_raw
Pushed update from: 2020-12-27 11-12-30.csv (1416 ships)
Backend detection triggers: 12 queued, 1 coalesced
Processing file: 2020-12-27 11-13-00.csv...
已更新系统公共变量: latest_ais_data_raw
Pushed update from: 2020-12-27 11-13-00.csv (1556 ships)
Backend detection triggers: 12 queued, 1 coalesced
Processing file: 2020-12-27 11-13-30.csv...
已更新系统公共变量: latest_ais_data_raw
Pushed update from: 2020-12-27 11-13-30.csv (1400 ships)
Backend detection triggers: 12 queued, 1 coalesced
Processing file: 2020-12-27 11-14-00.csv...
已更新系统公共变量: latest_ais_data_raw
Pushed update from: 2020-12-27 11-14-00.csv (1559 ships)
Backend detection triggers: 12 queued, 1 coalesced
Processing file: 2020-12-27 11-14-30.csv...
已更新系统公共变量: latest_ais_data_raw
Pushed update from: 2020-12-27 11-14-30.csv (1435 ships)
Backend detection triggers: 12 queued, 1 coalesced
Processing file: 2020-12-27 11-15-00.csv...
已更新系统公共变量: latest_ais_data_raw
Pushed update from: 2020-12-27 11-15-00.csv (1595 ships)
Backend detection triggers: 11 queued, 2 coalesced
Processing file: 2020-12-27 11-15-30.csv...
已更新系统公共变量: latest_ais_data_raw
Pushed update from: 2020-12-27 11-15-30.csv (1418 ships)
Backend detection triggers: 12 queued, 1 coalesced
Processing file: 2020-12-27 11-16-00.csv...
已更新系统公共变量: latest_ais_data_raw
Pushed update from: 2020-12-27 11-16-00.csv (1556 ships)
Backend detection triggers: 12 queued, 1 coalesced
Processing file: 2020-12-27 11-16-30.csv...
已更新系统公共变量: latest_ais_data_raw
Pushed update from: 2020-12-27 11-16-30.csv (1401 ships)
Backend detection triggers: 12 queued, 1 coalesced
Processing file: 2020-12-27 11-17-00.csv...
已更新系统公共变量: latest_ais_data_raw
Pushed update from: 2020-12-27 11-17-00.csv (1565 ships)
Backend detection triggers: 12 queued, 1 coalesced
Processing file: 2020-12-27 11-17-30.csv...
已更新系统公共变量: latest_ais_data_raw
Pushed update from: 2020-12-27 11-17-30.csv (1448 ships)
Backend detection triggers: 12 queued, 1 coalesced
Processing file: 2020-12-27 11-18-00.csv...
已更新系统公共变量: latest_ais_data_raw
Pushed update from: 2020-12-27 11-18-00.csv (1607 ships)
Backend detection triggers: 12 queued, 1 coalesced
Processing file: 2020-12-27 11-18-30.csv...
已更新系统公共变量: latest_ais_data_raw
Pushed update from: 2020-12-27 11-18-30.csv (1431 ships)
Backend detection triggers: 11 queued, 2 coalesced
Processing file: 2020-12-27 11-19-00.csv...
已更新系统公共变量: latest_ais_data_raw
Pushed update from: 2020-12-27 11-19-00.csv (1565 ships)
Backend detection triggers: 13 queued, 0 coalesced
Processing file: 2020-12-27 11-19-30.csv...
已更新系统公共变量: latest_ais_data_raw
Pushed update from: 2020-12-27 11-19-30.csv (1407 ships)
Backend detection triggers: 11 queued, 2 coalesced
Processing file: 2020-12-27 11-20-00.csv...
已更新系统公共变量: latest_ais_data_raw
Pushed update from: 2020-12-27 11-20-00.csv (1567 ships)
Backend detection triggers: 13 queued, 0 coalesced
Processing file: 2020-12-27 11-20-30.csv...
已更新系统公共变量: latest_ais_data_raw
Pushed update from: 2020-12-27 11-20-30.csv (1453 ships)
Backend detection triggers: 12 queued, 1 coalesced
Processing file: 2020-12-27 11-21-00.csv...
已更新系统公共变量: latest_ais_data_raw
Pushed update from: 2020-12-27 11-21-00.csv (1614 ships)
Backend detection triggers: 12 queued, 1 coalesced
Processing file: 2020-12-27 11-21-30.csv...
已更新系统公共变量: latest_ais_data_raw
Pushed update from: 2020-12-27 11-21-30.csv (1435 ships)
Backend detection triggers: 12 queued, 1 coalesced
Processing file: 2020-12-27 11-22-00.csv...
已更新系统公共变量: latest_ais_data_raw
Pushed update from: 2020-12-27 11-22-00.csv (1570 ships)
Backend detection triggers: 12 queued, 1 coalesced
Processing file: 2020-12-27 11-22-30.csv...
已更新系统公共变量: latest_ais_data_raw
Pushed update from: 2020-12-27 11-22-30.csv (1409 ships)
Backend detection triggers: 12 queued, 1 coalesced
Processing file: 2020-12-27 11-23-00.csv...
已更新系统公共变量: latest_ais_data_raw
Pushed update from: 2020-12-27 11-23-00.csv (1564 ships)
Backend detection triggers: 12 queued, 1 coalesced
Processing file: 2020-12-27 11-23-30.csv...
已更新系统公共变量: latest_ais_data_raw
Pushed update from: 2020-12-27 11-23-30.csv (1457 ships)
Backend detection triggers: 12 queued, 1 coalesced
Processing file: 2020-12-27 11-24-00.csv...
已更新系统公共变量: latest_ais_data_raw
Pushed update from: 2020-12-27 11-24-00.csv (1615 ships)
Backend detection triggers: 12 queued, 1 coalesced
Processing file: 2020-12-27 11-24-30.csv...
已更新系统公共变量: latest_ais_data_raw
Pushed update from: 2020-12-27 11-24-30.csv (1439 ships)
Backend detection triggers: 11 queued, 2 coalesced
Processing file: 2020-12-27 11-25-00.csv...
已更新系统公共变量: latest_ais_data_raw
Pushed update from: 2020-12-27 11-25-00.csv (1575 ships)
Backend detection triggers: 13 queued, 0 coalesced
Processing file: 2020-12-27 11-25-30.csv...
已更新系统公共变量: latest_ais_data_raw
Pushed update from: 2020-12-27 11-25-30.csv (1412 ships)
Backend detection triggers: 11 queued, 2 coalesced
Processing file: 2020-12-27 11-26-00.csv...
已更新系统公共变量: latest_ais_data_raw
Pushed update from: 2020-12-27 11-26-00.csv (1564 ships)
Backend detection triggers: 13 queued, 0 coalesced
Processing file: 2020-12-27 11-26-30.csv...
已更新系统公共变量: latest_ais_data_raw
Pushed update from: 2020-12-27 11-26-30.csv (1455 ships)
Backend detection triggers: 12 queued, 1 coalesced
Processing file: 2020-12-27 11-27-00.csv...
已更新系统公共变量: latest_ais_data_raw
Pushed update from: 2020-12-27 11-27-00.csv (1613 ships)
Backend detection triggers: 12 queued, 1 coalesced
Processing file: 2020-12-27 11-27-30.csv...
已更新系统公共变量: latest_ais_data_raw
Pushed update from: 2020-12-27 11-27-30.csv (1445 ships)
Backend detection triggers: 12 queued, 1 coalesced
Processing file: 2020-12-27 11-28-00.csv...
已更新系统公共变量: latest_ais_data_raw
Pushed update from: 2020-12-27 11-28-00.csv (1579 ships)
Backend detection triggers: 12 queued, 1 coalesced
Processing file: 2020-12-27 11-28-30.csv...
已更新系统公共变量: latest_ais_data_raw
Pushed update from: 2020-12-27 11-28-30.csv (1418 ships)
Backend detection triggers: 11 queued, 2 coalesced
Processing file: 2020-12-27 11-29-00.csv...
已更新系统公共变量: latest_ais_data_raw
Pushed update from: 2020-12-27 11-29-00.csv (1571 ships)
Backend detection triggers: 13 queued, 0 coalesced
Processing file: 2020-12-27 11-29-30.csv...
已更新系统公共变量: latest_ais_data_raw
Pushed update from: 2020-12-27 11-29-30.csv (1457 ships)
Backend detection triggers: 11 queued, 2 coalesced
Processing file: 2020-12-27 11-30-00.csv...
已更新系统公共变量: latest_ais_data_raw
Pushed update from: 2020-12-27 11-30-00.csv (1616 ships)
Backend detection triggers: 13 queued, 0 coalesced
Processing file: 2020-12-27 11-30-30.csv...
已更新系统公共变量: latest_ais_data_raw
Pushed update from: 2020-12-27 11-30-30.csv (1440 ships)
Backend detection triggers: 11 queued, 2 coalesced
Processing file: 2020-12-27 11-31-00.csv...
已更新系统公共变量: latest_ais_data_raw
Pushed update from: 2020-12-27 11-31-00.csv (1581 ships)
Backend detection triggers: 13 queued, 0 coalesced
Processing file: 2020-12-27 11-31-30.csv...
已更新系统公共变量: latest_ais_data_raw
Pushed update from: 2020-12-27 11-31-30.csv (1420 ships)
Backend detection triggers: 11 queued, 2 coalesced
Processing file: 2020-12-27 11-32-00.csv...
已更新系统公共变量: latest_ais_data_raw
Pushed update from: 2020-12-27 11-32-00.csv (1579 ships)
Backend detection triggers: 13 queued, 0 coalesced
Processing file: 2020-12-27 11-32-30.csv...
已更新系统公共变量: latest_ais_data_raw
Pushed update from: 2020-12-27 11-32-30.csv (1468 ships)
Backend detection triggers: 11 queued, 2 coalesced
Processing file: 2020-12-27 11-33-00.csv...
已更新系统公共变量: latest_ais_data_raw
Pushed update from: 2020-12-27 11-33-00.csv (1626 ships)
Backend detection triggers: 12 queued, 1 coalesced
Processing file: 2020-12-27 11-33-30.csv...
已更新系统公共变量: latest_ais_data_raw
Pushed update from: 2020-12-27 11-33-30.csv (1446 ships)
Backend detection triggers: 12 queued, 1 coalesced
Processing file: 2020-12-27 11-34-00.csv...
已更新系统公共变量: latest_ais_data_raw
Pushed update from: 2020-12-27 11-34-00.csv (1583 ships)
Backend detection triggers: 11 queued, 2 coalesced
Processing file: 2020-12-27 11-34-30.csv...
已更新系统公共变量: latest_ais_data_raw
Pushed update from: 2020-12-27 11-34-30.csv (1416 ships)
Backend detection triggers: 13 queued, 0 coalesced
Processing file: 2020-12-27 11-35-00.csv...
已更新系统公共变量: latest_ais_data_raw
Pushed update from: 2020-12-27 11-35-00.csv (1578 ships)
Backend detection triggers: 11 queued, 2 coalesced
Processing file: 2020-12-27 11-35-30.csv...
已更新系统公共变量: latest_ais_data_raw
Pushed update from: 2020-12-27 11-35-30.csv (1473 ships)
Backend detection triggers: 13 queued, 0 coalesced
Processing file: 2020-12-27 11-36-00.csv...
已更新系统公共变量: latest_ais_data_raw
Pushed update from: 2020-12-27 11-36-00.csv (1633 ships)
Backend detection triggers: 11 queued, 2 coalesced
Processing file: 2020-12-27 11-36-30.csv...
已更新系统公共变量: latest_ais_data_raw
Pushed update from: 2020-12-27 11-36-30.csv (1451 ships)
Backend detection triggers: 12 queued, 1 coalesced
Processing file: 2020-12-27 11-37-00.csv...
已更新系统公共变量: latest_ais_data_raw
Pushed update from: 2020-12-27 11-37-00.csv (1595 ships)
Backend detection triggers: 12 queued, 1 coalesced
Processing file: 2020-12-27 11-37-30.csv...
已更新系统公共变量: latest_ais_data_raw
Pushed update from: 2020-12-27 11-37-30.csv (1426 ships)
Backend detection triggers: 11 queued, 2 coalesced
Processing file: 2020-12-27 11-38-00.csv...
已更新系统公共变量: latest_ais_data_raw
Pushed update from: 2020-12-27 11-38-00.csv (1581 ships)
Backend detection triggers: 13 queued, 0 coalesced
Processing file: 2020-12-27 11-38-30.csv...
已更新系统公共变量: latest_ais_data_raw
Pushed update from: 2020-12-27 11-38-30.csv (1478 ships)
Backend detection triggers: 11 queued, 2 coalesced
Processing file: 2020-12-27 11-39-00.csv...
已更新系统公共变量: latest_ais_data_raw
Pushed update from: 2020-12-27 11-39-00.csv (1635 ships)
Backend detection triggers: 13 queued, 0 coalesced
Processing file: 2020-12-27 11-39-30.csv...
已更新系统公共变量: latest_ais_data_raw
Pushed update from: 2020-12-27 11-39-30.csv (1459 ships)
Backend detection triggers: 11 queued, 2 coalesced
Processing file: 2020-12-27 11-40-00.csv...
已更新系统公共变量: latest_ais_data_raw
Pushed update from: 2020-12-27 11-40-00.csv (1606 ships)
Backend detection triggers: 13 queued, 0 coalesced
Processing file: 2020-12-27 11-40-30.csv...
已更新系统公共变量: latest_ais_data_raw
Pushed update from: 2020-12-27 11-40-30.csv (1433 ships)
Backend detection triggers: 11 queued, 2 coalesced
Processing file: 2020-12-27 11-41-00.csv...
已更新系统公共变量: latest_ais_data_raw
Pushed update from: 2020-12-27 11-41-00.csv (1590 ships)
Backend detection triggers: 13 queued, 0 coalesced
Processing file: 2020-12-27 11-41-30.csv...
已更新系统公共变量: latest_ais_data_raw
Pushed update from: 2020-12-27 11-41-30.csv (1486 ships)
Backend detection triggers: 11 queued, 2 coalesced
Processing file: 2020-12-27 11-42-00.csv...
已更新系统公共变量: latest_ais_data_raw
Pushed update from: 2020-12-27 11-42-00.csv (1635 ships)
Backend detection triggers: 13 queued, 0 coalesced
Processing file: 2020-12-27 11-42-30.csv...
已更新系统公共变量: latest_ais_data_raw
Pushed update from: 2020-12-27 11-42-30.csv (1461 ships)
Backend detection triggers: 12 queued, 1 coalesced
Processing file: 2020-12-27 11-43-00.csv...
已更新系统公共变量: latest_ais_data_raw
Pushed update from: 2020-12-27 11-43-00.csv (1606 ships)
Backend detection triggers: 12 queued, 1 coalesced
Processing file: 2020-12-27 11-43-30.csv...
已更新系统公共变量: latest_ais_data_raw
Pushed update from: 2020-12-27 11-43-30.csv (1433 ships)
Backend detection triggers: 12 queued, 1 coalesced
Processing file: 2020-12-27 11-44-00.csv...
已更新系统公共变量: latest_ais_data_raw
Pushed update from: 2020-12-27 11-44-00.csv (1587 ships)
Backend detection triggers: 11 queued, 2 coalesced
Processing file: 2020-12-27 11-44-30.csv...
已更新系统公共变量: latest_ais_data_raw
Pushed update from: 2020-12-27 11-44-30.csv (1485 ships)
Backend detection triggers: 13 queued, 0 coalesced
Processing file: 2020-12-27 11-45-00.csv...
已更新系统公共变量: latest_ais_data_raw
Pushed update from: 2020-12-27 11-45-00.csv (1632 ships)
Backend detection triggers: 11 queued, 2 coalesced
Processing file: 2020-12-27 11-45-30.csv...
已更新系统公共变量: latest_ais_data_raw
Pushed update from: 2020-12-27 11-45-30.csv (1456 ships)
Backend detection triggers: 11 queued, 2 coalesced
Processing file: 2020-12-27 11-46-00.csv...
已更新系统公共变量: latest_ais_data_raw
Pushed update from: 2020-12-27 11-46-00.csv (1602 ships)
Backend detection triggers: 13 queued, 0 coalesced
Processing file: 2020-12-27 11-46-30.csv...
已更新系统公共变量: latest_ais_data_raw
Pushed update from: 2020-12-27 11-46-30.csv (1428 ships)
Backend detection triggers: 11 queued, 2 coalesced
Processing file: 2020-12-27 11-47-00.csv...
已更新系统公共变量: latest_ais_data_raw
Pushed update from: 2020-12-27 11-47-00.csv (1583 ships)
Backend detection triggers: 12 queued, 1 coalesced
Processing file: 2020-12-27 11-47-30.csv...
已更新系统公共变量: latest_ais_data_raw
Pushed update from: 2020-12-27 11-47-30.csv (1483 ships)
Backend detection triggers: 11 queued, 2 coalesced
Processing file: 2020-12-27 11-48-00.csv...
已更新系统公共变量: latest_ais_data_raw
Pushed update from: 2020-12-27 11-48-00.csv (1627 ships)
Backend detection triggers: 13 queued, 0 coalesced
Processing file: 2020-12-27 11-48-30.csv...
已更新系统公共变量: latest_ais_data_raw
Pushed update from: 2020-12-27 11-48-30.csv (1452 ships)
Backend detection triggers: 11 queued, 2 coalesced
Processing file: 2020-12-27 11-49-00.csv...
已更新系统公共变量: latest_ais_data_raw
Pushed update from: 2020-12-27 11-49-00.csv (1598 ships)
Backend detection triggers: 13 queued, 0 coalesced
Processing file: 2020-12-27 11-49-30.csv...
已更新系统公共变量: latest_ais_data_raw
Pushed update from: 2020-12-27 11-49-30.csv (1427 ships)
Backend detection triggers: 11 queued, 2 coalesced
Processing file: 2020-12-27 11-50-00.csv...
已更新系统公共变量: latest_ais_data_raw
Pushed update from: 2020-12-27 11-50-00.csv (1585 ships)
Backend detection triggers: 13 queued, 0 coalesced
Processing file: 2020-12-27 11-50-30.csv...
已更新系统公共变量: latest_ais_data_raw
Pushed update from: 2020-12-27 11-50-30.csv (1480 ships)
Backend detection triggers: 11 queued, 2 coalesced
Processing file: 2020-12-27 11-51-00.csv...
已更新系统公共变量: latest_ais_data_raw
Pushed update from: 2020-12-27 11-51-00.csv (1629 ships)
Backend detection triggers: 13 queued, 0 coalesced
Processing file: 2020-12-27 11-51-30.csv...
已更新系统公共变量: latest_ais_data_raw
Pushed update from: 2020-12-27 11-51-30.csv (1454 ships)
Backend detection triggers: 11 queued, 2 coalesced
Processing file: 2020-12-27 11-52-00.csv...
已更新系统公共变量: latest_ais_data_raw
Pushed update from: 2020-12-27 11-52-00.csv (1601 ships)
Backend detection triggers: 12 queued, 1 coalesced
Processing file: 2020-12-27 11-52-30.csv...
已更新系统公共变量: latest_ais_data_raw
Pushed update from: 2020-12-27 11-52-30.csv (1429 ships)
Backend detection triggers: 12 queued, 1 coalesced
Processing file: 2020-12-27 11-53-00.csv...
已更新系统公共变量: latest_ais_data_raw
Pushed update from: 2020-12-27 11-53-00.csv (1589 ships)
Backend detection triggers: 12 queued, 1 coalesced
Processing file: 2020-12-27 11-53-30.csv...
已更新系统公共变量: latest_ais_data_raw
Pushed update from: 2020-12-27 11-53-30.csv (1480 ships)
Backend detection triggers: 12 queued, 1 coalesced
Processing file: 2020-12-27 11-54-00.csv...
已更新系统公共变量: latest_ais_data_raw
Pushed update from: 2020-12-27 11-54-00.csv (1630 ships)
Backend detection triggers: 12 queued, 1 coalesced
Processing file: 2020-12-27 11-54-30.csv...
已更新系统公共变量: latest_ais_data_raw
Pushed update from: 2020-12-27 11-54-30.csv (1458 ships)
Backend detection triggers: 12 queued, 1 coalesced
Processing file: 2020-12-27 11-55-00.csv...
已更新系统公共变量: latest_ais_data_raw
Pushed update from: 2020-12-27 11-55-00.csv (1605 ships)
Backend detection triggers: 12 queued, 1 coalesced
Processing file: 2020-12-27 11-55-30.csv...
已更新系统公共变量: latest_ais_data_raw
Pushed update from: 2020-12-27 11-55-30.csv (1433 ships)
Backend detection triggers: 12 queued, 1 coalesced
Processing file: 2020-12-27 11-56-00.csv...
已更新系统公共变量: latest_ais_data_raw
Pushed update from: 2020-12-27 11-56-00.csv (1598 ships)
Backend detection triggers: 11 queued, 2 coalesced
Processing file: 2020-12-27 11-56-30.csv...
已更新系统公共变量: latest_ais_data_raw
Pushed update from: 2020-12-27 11-56-30.csv (1489 ships)
Backend detection triggers: 13 queued, 0 coalesced
Processing file: 2020-12-27 11-57-00.csv...
已更新系统公共变量: latest_ais_data_raw
Pushed update from: 2020-12-27 11-57-00.csv (1642 ships)
Backend detection triggers: 11 queued, 2 coalesced
Processing file: 2020-12-27 11-57-30.csv...
已更新系统公共变量: latest_ais_data_raw
Pushed update from: 2020-12-27 11-57-30.csv (1468 ships)
Backend detection triggers: 12 queued, 1 coalesced
Processing file: 2020-12-27 11-58-00.csv...
已更新系统公共变量: latest_ais_data_raw
Pushed update from: 2020-12-27 11-58-00.csv (1614 ships)
Backend detection triggers: 12 queued, 1 coalesced
Processing file: 2020-12-27 11-58-30.csv...
已更新系统公共变量: latest_ais_data_raw
Pushed update from: 2020-12-27 11-58-30.csv (1442 ships)
Backend detection triggers: 11 queued, 2 coalesced
Processing file: 2020-12-27 11-59-00.csv...
已更新系统公共变量: latest_ais_data_raw
Pushed update from: 2020-12-27 11-59-00.csv (1608 ships)
Backend detection triggers: 13 queued, 0 coalesced
Processing file: 2020-12-27 11-59-30.csv...
已更新系统公共变量: latest_ais_data_raw
Pushed update from: 2020-12-27 11-59-30.csv (1502 ships)
Backend detection triggers: 11 queued, 2 coalesced
Processing file: 2020-12-27 12-00-00.csv...
已更新系统公共变量: latest_ais_data_raw
Pushed update from: 2020-12-27 12-00-00.csv (1654 ships)
Backend detection triggers: 13 queued, 0 coalesced
Processing file: 2020-12-27 12-00-30.csv...
已更新系统公共变量: latest_ais_data_raw
Pushed update from: 2020-12-27 12-00-30.csv (1476 ships)
Backend detection triggers: 11 queued, 2 coalesced
Processing file: 2020-12-27 12-01-00.csv...
已更新系统公共变量: latest_ais_data_raw
Pushed update from: 2020-12-27 12-01-00.csv (1617 ships)
Backend detection triggers: 12 queued, 1 coalesced
Processing file: 2020-12-27 12-01-30.csv...
已更新系统公共变量: latest_ais_data_raw
Pushed update from: 2020-12-27 12-01-30.csv (1447 ships)
Backend detection triggers: 12 queued, 1 coalesced
Processing file: 2020-12-27 12-02-00.csv...
已更新系统公共变量: latest_ais_data_raw
Pushed update from: 2020-12-27 12-02-00.csv (1613 ships)
Backend detection triggers: 12 queued, 1 coalesced
Processing file: 2020-12-27 12-02-30.csv...
已更新系统公共变量: latest_ais_data_raw
Pushed update from: 2020-12-27 12-02-30.csv (1509 ships)
Backend detection triggers: 12 queued, 1 coalesced
Processing file: 2020-12-27 12-03-00.csv...
已更新系统公共变量: latest_ais_data_raw
Pushed update from: 2020-12-27 12-03-00.csv (1661 ships)
Backend detection triggers: 11 queued, 2 coalesced
Processing file: 2020-12-27 12-03-30.csv...
已更新系统公共变量: latest_ais_data_raw
Pushed update from: 2020-12-27 12-03-30.csv (1481 ships)
Backend detection triggers: 13 queued, 0 coalesced
Processing file: 2020-12-27 12-04-00.csv...
已更新系统公共变量: latest_ais_data_raw
Pushed update from: 2020-12-27 12-04-00.csv (1620 ships)
Backend detection triggers: 11 queued, 2 coalesced
Processing file: 2020-12-27 12-04-30.csv...
已更新系统公共变量: latest_ais_data_raw
Pushed update from: 2020-12-27 12-04-30.csv (1449 ships)
Backend detection triggers: 13 queued, 0 coalesced
Processing file: 2020-12-27 12-05-00.csv...
已更新系统公共变量: latest_ais_data_raw
Pushed update from: 2020-12-27 12-05-00.csv (1614 ships)
Backend detection triggers: 11 queued, 2 coalesced
Processing file: 2020-12-27 12-05-30.csv...
已更新系统公共变量: latest_ais_data_raw
Pushed update from: 2020-12-27 12-05-30.csv (1511 ships)
Backend detection triggers: 13 queued, 0 coalesced
Processing file: 2020-12-27 12-06-00.csv...
已更新系统公共变量: latest_ais_data_raw
Pushed update from: 2020-12-27 12-06-00.csv (1667 ships)
Backend detection triggers: 11 queued, 2 coalesced
Processing file: 2020-12-27 12-06-30.csv...
已更新系统公共变量: latest_ais_data_raw
Pushed update from: 2020-12-27 12-06-30.csv (1488 ships)
Backend detection triggers: 13 queued, 0 coalesced
Processing file: 2020-12-27 12-07-00.csv...
已更新系统公共变量: latest_ais_data_raw
Pushed update from: 2020-12-27 12-07-00.csv (1623 ships)
Backend detection triggers: 11 queued, 2 coalesced
Processing file: 2020-12-27 12-07-30.csv...
已更新系统公共变量: latest_ais_data_raw
Pushed update from: 2020-12-27 12-07-30.csv (1455 ships)
Backend detection triggers: 13 queued, 0 coalesced
Processing file: 2020-12-27 12-08-00.csv...
已更新系统公共变量: latest_ais_data_raw
Pushed update from: 2020-12-27 12-08-00.csv (1617 ships)
Backend detection triggers: 11 queued, 2 coalesced
Processing file: 2020-12-27 12-08-30.csv...
已更新系统公共变量: latest_ais_data_raw
Pushed update from: 2020-12-27 12-08-30.csv (1514 ships)
Backend detection triggers: 13 queued, 0 coalesced
Processing file: 2020-12-27 12-09-00.csv...
已更新系统公共变量: latest_ais_data_raw
Pushed update from: 2020-12-27 12-09-00.csv (1673 ships)
Backend detection triggers: 11 queued, 2 coalesced
Processing file: 2020-12-27 12-09-30.csv...
已更新系统公共变量: latest_ais_data_raw
Pushed update from: 2020-12-27 12-09-30.csv (1493 ships)
Backend detection triggers: 13 queued, 0 coalesced
Processing file: 2020-12-27 12-10-00.csv...
已更新系统公共变量: latest_ais_data_raw
Pushed update from: 2020-12-27 12-10-00.csv (1630 ships)
Backend detection triggers: 11 queued, 2 coalesced
Processing file: 2020-12-27 12-10-30.csv...
已更新系统公共变量: latest_ais_data_raw
Pushed update from: 2020-12-27 12-10-30.csv (1459 ships)
Backend detection triggers: 13 queued, 0 coalesced
Processing file: 2020-12-27 12-11-00.csv...
已更新系统公共变量: latest_ais_data_raw
Pushed update from: 2020-12-27 12-11-00.csv (1623 ships)
Backend detection triggers: 11 queued, 2 coalesced
Processing file: 2020-12-27 12-11-30.csv...
已更新系统公共变量: latest_ais_data_raw
Pushed update from: 2020-12-27 12-11-30.csv (1516 ships)
Backend detection triggers: 13 queued, 0 coalesced
Processing file: 2020-12-27 12-12-00.csv...
已更新系统公共变量: latest_ais_data_raw
Pushed update from: 2020-12-27 12-12-00.csv (1676 ships)
Backend detection triggers: 11 queued, 2 coalesced
Processing file: 2020-12-27 12-12-30.csv...
已更新系统公共变量: latest_ais_data_raw
Pushed update from: 2020-12-27 12-12-30.csv (1496 ships)
Backend detection triggers: 13 queued, 0 coalesced
Processing file: 2020-12-27 12-13-00.csv...
已更新系统公共变量: latest_ais_data_raw
Pushed update from: 2020-12-27 12-13-00.csv (1633 ships)
Backend detection triggers: 11 queued, 2 coalesced
Processing file: 2020-12-27 12-13-30.csv...
已更新系统公共变量: latest_ais_data_raw
Pushed update from: 2020-12-27 12-13-30.csv (1458 ships)
Backend detection triggers: 12 queued, 1 coalesced
Processing file: 2020-12-27 12-14-00.csv...
已更新系统公共变量: latest_ais_data_raw
Pushed update from: 2020-12-27 12-14-00.csv (1624 ships)
Backend detection triggers: 12 queued, 1 coalesced
Processing file: 2020-12-27 12-14-30.csv...
已更新系统公共变量: latest_ais_data_raw
Pushed update from: 2020-12-27 12-14-30.csv (1519 ships)
Backend detection triggers: 12 queued, 1 coalesced
Processing file: 2020-12-27 12-15-00.csv...
已更新系统公共变量: latest_ais_data_raw
Pushed update from: 2020-12-27 12-15-00.csv (1681 ships)
Backend detection triggers: 12 queued, 1 coalesced
Processing file: 2020-12-27 12-15-30.csv...
已更新系统公共变量: latest_ais_data_raw
Pushed update from: 2020-12-27 12-15-30.csv (1497 ships)
Backend detection triggers: 12 queued, 1 coalesced
Processing file: 2020-12-27 12-16-00.csv...
已更新系统公共变量: latest_ais_data_raw
Pushed update from: 2020-12-27 12-16-00.csv (1637 ships)
Backend detection triggers: 12 queued, 1 coalesced
Processing file: 2020-12-27 12-16-30.csv...
已更新系统公共变量: latest_ais_data_raw
Pushed update from: 2020-12-27 12-16-30.csv (1459 ships)
Backend detection triggers: 12 queued, 1 coalesced
Processing file: 2020-12-27 12-17-00.csv...
已更新系统公共变量: latest_ais_data_raw
Pushed update from: 2020-12-27 12-17-00.csv (1626 ships)
Backend detection triggers: 12 queued, 1 coalesced
Processing file: 2020-12-27 12-17-30.csv...
已更新系统公共变量: latest_ais_data_raw
Pushed update from: 2020-12-27 12-17-30.csv (1520 ships)
Backend detection triggers: 12 queued, 1 coalesced
Processing file: 2020-12-27 12-18-00.csv...
已更新系统公共变量: latest_ais_data_raw
Pushed update from: 2020-12-27 12-18-00.csv (1686 ships)
Backend detection triggers: 12 queued, 1 coalesced
Processing file: 2020-12-27 12-18-30.csv...
已更新系统公共变量: latest_ais_data_raw
Pushed update from: 2020-12-27 12-18-30.csv (1502 ships)
Backend detection triggers: 12 queued, 1 coalesced
Processing file: 2020-12-27 12-19-00.csv...
已更新系统公共变量: latest_ais_data_raw
Pushed update from: 2020-12-27 12-19-00.csv (1644 ships)
Backend detection triggers: 12 queued, 1 coalesced
Processing file: 2020-12-27 12-19-30.csv...
已更新系统公共变量: latest_ais_data_raw
Pushed update from: 2020-12-27 12-19-30.csv (1464 ships)
Backend detection triggers: 12 queued, 1 coalesced
Processing file: 2020-12-27 12-20-00.csv...
已更新系统公共变量: latest_ais_data_raw
Pushed update from: 2020-12-27 12-20-00.csv (1635 ships)
Backend detection triggers: 12 queued, 1 coalesced
Processing file: 2020-12-27 12-20-30.csv...
已更新系统公共变量: latest_ais_data_raw
Pushed update from: 2020-12-27 12-20-30.csv (1524 ships)
Backend detection triggers: 12 queued, 1 coalesced
Processing file: 2020-12-27 12-21-00.csv...
已更新系统公共变量: latest_ais_data_raw
Pushed update from: 2020-12-27 12-21-00.csv (1688 ships)
Backend detection triggers: 12 queued, 1 coalesced
Processing file: 2020-12-27 12-21-30.csv...
已更新系统公共变量: latest_ais_data_raw
Pushed update from: 2020-12-27 12-21-30.csv (1501 ships)
Backend detection triggers: 12 queued, 1 coalesced
Processing file: 2020-12-27 12-22-00.csv...
已更新系统公共变量: latest_ais_data_raw
Pushed update from: 2020-12-27 12-22-00.csv (1645 ships)
Backend detection triggers: 12 queued, 1 coalesced
Processing file: 2020-12-27 12-22-30.csv...
已更新系统公共变量: latest_ais_data_raw
Pushed update from: 2020-12-27 12-22-30.csv (1465 ships)
Backend detection triggers: 12 queued, 1 coalesced
Processing file: 2020-12-27 12-23-00.csv...
已更新系统公共变量: latest_ais_data_raw
Pushed update from: 2020-12-27 12-23-00.csv (1638 ships)
Backend detection triggers: 12 queued, 1 coalesced
Processing file: 2020-12-27 12-23-30.csv...
已更新系统公共变量: latest_ais_data_raw
Pushed update from: 2020-12-27 12-23-30.csv (1532 ships)
Backend detection triggers: 12 queued, 1 coalesced
Processing file: 2020-12-27 12-24-00.csv...
已更新系统公共变量: latest_ais_data_raw
Pushed update from: 2020-12-27 12-24-00.csv (1692 ships)
Backend detection triggers: 12 queued, 1 coalesced
Processing file: 2020-12-27 12-24-30.csv...
已更新系统公共变量: latest_ais_data_raw
Pushed update from: 2020-12-27 12-24-30.csv (1507 ships)
Backend detection triggers: 12 queued, 1 coalesced
Processing file: 2020-12-27 12-25-00.csv...
已更新系统公共变量: latest_ais_data_raw
Pushed update from: 2020-12-27 12-25-00.csv (1652 ships)
Backend detection triggers: 12 queued, 1 coalesced
Processing file: 2020-12-27 12-25-30.csv...
已更新系统公共变量: latest_ais_data_raw
Pushed update from: 2020-12-27 12-25-30.csv (1466 ships)
Backend detection triggers: 12 queued, 1 coalesced
Processing file: 2020-12-27 12-26-00.csv...
已更新系统公共变量: latest_ais_data_raw
Pushed update from: 2020-12-27 12-26-00.csv (1636 ships)
Backend detection triggers: 12 queued, 1 coalesced
Processing file: 2020-12-27 12-26-30.csv...
已更新系统公共变量: latest_ais_data_raw
Pushed update from: 2020-12-27 12-26-30.csv (1530 ships)
Backend detection triggers: 13 queued, 0 coalesced
Processing file: 2020-12-27 12-27-00.csv...
已更新系统公共变量: latest_ais_data_raw
Pushed update from: 2020-12-27 12-27-00.csv (1689 ships)
Backend detection triggers: 11 queued, 2 coalesced
Processing file: 2020-12-27 12-27-30.csv...
已更新系统公共变量: latest_ais_data_raw
Pushed update from: 2020-12-27 12-27-30.csv (1505 ships)
Backend detection triggers: 13 queued, 0 coalesced
Processing file: 2020-12-27 12-28-00.csv...
已更新系统公共变量: latest_ais_data_raw
Pushed update from: 2020-12-27 12-28-00.csv (1647 ships)
Backend detection triggers: 11 queued, 2 coalesced
Processing file: 2020-12-27 12-28-30.csv...
已更新系统公共变量: latest_ais_data_raw
Pushed update from: 2020-12-27 12-28-30.csv (1466 ships)
Backend detection triggers: 13 queued, 0 coalesced
Processing file: 2020-12-27 12-29-00.csv...
已更新系统公共变量: latest_ais_data_raw
Pushed update from: 2020-12-27 12-29-00.csv (1637 ships)
Backend detection triggers: 11 queued, 2 coalesced
Processing file: 2020-12-27 12-29-30.csv...
已更新系统公共变量: latest_ais_data_raw
Pushed update from: 2020-12-27 12-29-30.csv (1531 ships)
Backend detection triggers: 13 queued, 0 coalesced
Processing file: 2020-12-27 12-30-00.csv...
已更新系统公共变量: latest_ais_data_raw
Pushed update from: 2020-12-27 12-30-00.csv (1689 ships)
Backend detection triggers: 11 queued, 2 coalesced
Processing file: 2020-12-27 12-30-30.csv...
已更新系统公共变量: latest_ais_data_raw
Pushed update from: 2020-12-27 12-30-30.csv (1505 ships)
Backend detection triggers: 13 queued, 0 coalesced
Processing file: 2020-12-27 12-31-00.csv...
已更新系统公共变量: latest_ais_data_raw
Pushed update from: 2020-12-27 12-31-00.csv (1650 ships)
Backend detection triggers: 11 queued, 2 coalesced
Processing file: 2020-12-27 12-31-30.csv...
已更新系统公共变量: latest_ais_data_raw
Pushed update from: 2020-12-27 12-31-30.csv (1466 ships)
Backend detection triggers: 13 queued, 0 coalesced
Processing file: 2020-12-27 12-32-00.csv...
已更新系统公共变量: latest_ais_data_raw
Pushed update from: 2020-12-27 12-32-00.csv (1638 ships)
Backend detection triggers: 11 queued, 2 coalesced
Processing file: 2020-12-27 12-32-30.csv...
已更新系统公共变量: latest_ais_data_raw
Pushed update from: 2020-12-27 12-32-30.csv (1534 ships)
Backend detection triggers: 13 queued, 0 coalesced
Processing file: 2020-12-27 12-33-00.csv...
已更新系统公共变量: latest_ais_data_raw
Pushed update from: 2020-12-27 12-33-00.csv (1687 ships)
Backend detection triggers: 11 queued, 2 coalesced
Processing file: 2020-12-27 12-33-30.csv...
已更新系统公共变量: latest_ais_data_raw
Pushed update from: 2020-12-27 12-33-30.csv (1505 ships)
Backend detection triggers: 13 queued, 0 coalesced
Processing file: 2020-12-27 12-34-00.csv...
已更新系统公共变量: latest_ais_data_raw
Pushed update from: 2020-12-27 12-34-00.csv (1656 ships)
Backend detection triggers: 11 queued, 2 coalesced
Processing file: 2020-12-27 12-34-30.csv...
已更新系统公共变量: latest_ais_data_raw
Pushed update from: 2020-12-27 12-34-30.csv (1471 ships)
Backend detection triggers: 13 queued, 0 coalesced
Processing file: 2020-12-27 12-35-00.csv...
已更新系统公共变量: latest_ais_data_raw
Pushed update from: 2020-12-27 12-35-00.csv (1642 ships)
Backend detection triggers: 11 queued, 2 coalesced
Processing file: 2020-12-27 12-35-30.csv...
已更新系统公共变量: latest_ais_data_raw
Pushed update from: 2020-12-27 12-35-30.csv (1536 ships)
Backend detection triggers: 13 queued, 0 coalesced
Processing file: 2020-12-27 12-36-00.csv...
已更新系统公共变量: latest_ais_data_raw
Pushed update from: 2020-12-27 12-36-00.csv (1690 ships)
Backend detection triggers: 11 queued, 2 coalesced
Processing file: 2020-12-27 12-36-30.csv...
已更新系统公共变量: latest_ais_data_raw
Pushed update from: 2020-12-27 12-36-30.csv (1502 ships)
Backend detection triggers: 13 queued, 0 coalesced
Processing file: 2020-12-27 12-37-00.csv...
已更新系统公共变量: latest_ais_data_raw
Pushed update from: 2020-12-27 12-37-00.csv (1657 ships)
Backend detection triggers: 11 queued, 2 coalesced
Processing file: 2020-12-27 12-37-30.csv...
已更新系统公共变量: latest_ais_data_raw
Pushed update from: 2020-12-27 12-37-30.csv (1474 ships)
Backend detection triggers: 13 queued, 0 coalesced
Processing file: 2020-12-27 12-38-00.csv...
已更新系统公共变量: latest_ais_data_raw
Pushed update from: 2020-12-27 12-38-00.csv (1648 ships)
Backend detection triggers: 11 queued, 2 coalesced
Processing file: 2020-12-27 12-38-30.csv...
已更新系统公共变量: latest_ais_data_raw
Pushed update from: 2020-12-27 12-38-30.csv (1543 ships)
Backend detection triggers: 13 queued, 0 coalesced
Processing file: 2020-12-27 12-39-00.csv...
已更新系统公共变量: latest_ais_data_raw
Pushed update from: 2020-12-27 12-39-00.csv (1696 ships)
Backend detection triggers: 11 queued, 2 coalesced
Processing file: 2020-12-27 12-39-30.csv...
已更新系统公共变量: latest_ais_data_raw
Pushed update from: 2020-12-27 12-39-30.csv (1507 ships)
Backend detection triggers: 11 queued, 2 coalesced
Processing file: 2020-12-27 12-40-00.csv...
已更新系统公共变量: latest_ais_data_raw
Pushed update from: 2020-12-27 12-40-00.csv (1665 ships)
Backend detection triggers: 13 queued, 0 coalesced
Processing file: 2020-12-27 12-40-30.csv...
已更新系统公共变量: latest_ais_data_raw
Pushed update from: 2020-12-27 12-40-30.csv (1480 ships)
Backend detection triggers: 11 queued, 2 coalesced
Processing file: 2020-12-27 12-41-00.csv...
已更新系统公共变量: latest_ais_data_raw
Pushed update from: 2020-12-27 12-41-00.csv (1653 ships)
Backend detection triggers: 13 queued, 0 coalesced
Processing file: 2020-12-27 12-41-30.csv...
已更新系统公共变量: latest_ais_data_raw
Pushed update from: 2020-12-27 12-41-30.csv (1549 ships)
Backend detection triggers: 12 queued, 1 coalesced
Processing file: 2020-12-27 12-42-00.csv...
已更新系统公共变量: latest_ais_data_raw
Pushed update from: 2020-12-27 12-42-00.csv (1704 ships)
Backend detection triggers: 12 queued, 1 coalesced
Processing file: 2020-12-27 12-42-30.csv...
已更新系统公共变量: latest_ais_data_raw
Pushed update from: 2020-12-27 12-42-30.csv (1511 ships)
Backend detection triggers: 13 queued, 0 coalesced
Processing file: 2020-12-27 12-43-00.csv...
已更新系统公共变量: latest_ais_data_raw
Pushed update from: 2020-12-27 12-43-00.csv (1664 ships)
Backend detection triggers: 11 queued, 2 coalesced
Processing file: 2020-12-27 12-43-30.csv...
已更新系统公共变量: latest_ais_data_raw
Pushed update from: 2020-12-27 12-43-30.csv (1482 ships)
Backend detection triggers: 13 queued, 0 coalesced
Processing file: 2020-12-27 12-44-00.csv...
已更新系统公共变量: latest_ais_data_raw
Pushed update from: 2020-12-27 12-44-00.csv (1652 ships)
Backend detection triggers: 11 queued, 2 coalesced
Processing file: 2020-12-27 12-44-30.csv...
已更新系统公共变量: latest_ais_data_raw
Pushed update from: 2020-12-27 12-44-30.csv (1550 ships)
Backend detection triggers: 13 queued, 0 coalesced
Processing file: 2020-12-27 12-45-00.csv...
已更新系统公共变量: latest_ais_data_raw
Pushed update from: 2020-12-27 12-45-00.csv (1710 ships)
Backend detection triggers: 11 queued, 2 coalesced
Processing file: 2020-12-27 12-45-30.csv...
已更新系统公共变量: latest_ais_data_raw
Pushed update from: 2020-12-27 12-45-30.csv (1512 ships)
Backend detection triggers: 13 queued, 0 coalesced
Processing file: 2020-12-27 12-46-00.csv...
已更新系统公共变量: latest_ais_data_raw
Pushed update from: 2020-12-27 12-46-00.csv (1663 ships)
Backend detection triggers: 11 queued, 2 coalesced
Processing file: 2020-12-27 12-46-30.csv...
已更新系统公共变量: latest_ais_data_raw
Pushed update from: 2020-12-27 12-46-30.csv (1482 ships)
Backend detection triggers: 13 queued, 0 coalesced
Processing file: 2020-12-27 12-47-00.csv...
已更新系统公共变量: latest_ais_data_raw
Pushed update from: 2020-12-27 12-47-00.csv (1652 ships)
Backend detection triggers: 11 queued, 2 coalesced
Processing file: 2020-12-27 12-47-30.csv...
已更新系统公共变量: latest_ais_data_raw
Pushed update from: 2020-12-27 12-47-30.csv (1546 ships)
Backend detection triggers: 13 queued, 0 coalesced
Processing file: 2020-12-27 12-48-00.csv...
已更新系统公共变量: latest_ais_data_raw
Pushed update from: 2020-12-27 12-48-00.csv (1709 ships)
Backend detection triggers: 11 queued, 2 coalesced
Processing file: 2020-12-27 12-48-30.csv...
已更新系统公共变量: latest_ais_data_raw
Pushed update from: 2020-12-27 12-48-30.csv (1516 ships)
Backend detection triggers: 11 queued, 2 coalesced
Processing file: 2020-12-27 12-49-00.csv...
已更新系统公共变量: latest_ais_data_raw
Pushed update from: 2020-12-27 12-49-00.csv (1668 ships)
Backend detection triggers: 13 queued, 0 coalesced
Processing file: 2020-12-27 12-49-30.csv...
已更新系统公共变量: latest_ais_data_raw
Pushed update from: 2020-12-27 12-49-30.csv (1488 ships)
Backend detection triggers: 13 queued, 0 coalesced
Processing file: 2020-12-27 12-50-00.csv...
已更新系统公共变量: latest_ais_data_raw
Pushed update from: 2020-12-27 12-50-00.csv (1660 ships)
Backend detection triggers: 11 queued, 2 coalesced
Processing file: 2020-12-27 12-50-30.csv...
已更新系统公共变量: latest_ais_data_raw
Pushed update from: 2020-12-27 12-50-30.csv (1554 ships)
Backend detection triggers: 13 queued, 0 coalesced
Processing file: 2020-12-27 12-51-00.csv...
已更新系统公共变量: latest_ais_data_raw
Pushed update from: 2020-12-27 12-51-00.csv (1720 ships)
Backend detection triggers: 11 queued, 2 coalesced
Processing file: 2020-12-27 12-51-30.csv...
已更新系统公共变量: latest_ais_data_raw
Pushed update from: 2020-12-27 12-51-30.csv (1519 ships)
Backend detection triggers: 13 queued, 0 coalesced
Processing file: 2020-12-27 12-52-00.csv...
已更新系统公共变量: latest_ais_data_raw
Pushed update from: 2020-12-27 12-52-00.csv (1673 ships)
Backend detection triggers: 11 queued, 2 coalesced
Processing file: 2020-12-27 12-52-30.csv...
已更新系统公共变量: latest_ais_data_raw
Pushed update from: 2020-12-27 12-52-30.csv (1493 ships)
Backend detection triggers: 11 queued, 2 coalesced
Processing file: 2020-12-27 12-53-00.csv...
已更新系统公共变量: latest_ais_data_raw
Pushed update from: 2020-12-27 12-53-00.csv (1662 ships)
Backend detection triggers: 13 queued, 0 coalesced
Processing file: 2020-12-27 12-53-30.csv...
已更新系统公共变量: latest_ais_data_raw
Pushed update from: 2020-12-27 12-53-30.csv (1553 ships)
Backend detection triggers: 13 queued, 0 coalesced
Processing file: 2020-12-27 12-54-00.csv...
已更新系统公共变量: latest_ais_data_raw
Pushed update from: 2020-12-27 12-54-00.csv (1715 ships)
Backend detection triggers: 11 queued, 2 coalesced
Processing file: 2020-12-27 12-54-30.csv...
已更新系统公共变量: latest_ais_data_raw
Pushed update from: 2020-12-27 12-54-30.csv (1515 ships)
Backend detection triggers: 11 queued, 2 coalesced
Processing file: 2020-12-27 12-55-00.csv...
已更新系统公共变量: latest_ais_data_raw
Pushed update from: 2020-12-27 12-55-00.csv (1666 ships)
Backend detection triggers: 13 queued, 0 coalesced
Processing file: 2020-12-27 12-55-30.csv...
已更新系统公共变量: latest_ais_data_raw
Pushed update from: 2020-12-27 12-55-30.csv (1487 ships)
Backend detection triggers: 13 queued, 0 coalesced
Processing file: 2020-12-27 12-56-00.csv...
已更新系统公共变量: latest_ais_data_raw
Pushed update from: 2020-12-27 12-56-00.csv (1658 ships)
Backend detection triggers: 11 queued, 2 coalesced
Processing file: 2020-12-27 12-56-30.csv...
已更新系统公共变量: latest_ais_data_raw
Pushed update from: 2020-12-27 12-56-30.csv (1553 ships)
Backend detection triggers: 13 queued, 0 coalesced
Processing file: 2020-12-27 12-57-00.csv...
已更新系统公共变量: latest_ais_data_raw
Pushed update from: 2020-12-27 12-57-00.csv (1714 ships)
Backend detection triggers: 11 queued, 2 coalesced
Processing file: 2020-12-27 12-57-30.csv...
已更新系统公共变量: latest_ais_data_raw
Pushed update from: 2020-12-27 12-57-30.csv (1517 ships)
Backend detection triggers: 13 queued, 0 coalesced
Processing file: 2020-12-27 12-58-00.csv...
已更新系统公共变量: latest_ais_data_raw
Pushed update from: 2020-12-27 12-58-00.csv (1669 ships)
Backend detection triggers: 11 queued, 2 coalesced
Processing file: 2020-12-27 12-58-30.csv...
已更新系统公共变量: latest_ais_data_raw
Pushed update from: 2020-12-27 12-58-30.csv (1490 ships)
Backend detection triggers: 13 queued, 0 coalesced
Processing file: 2020-12-27 12-59-00.csv...
已更新系统公共变量: latest_ais_data_raw
Pushed update from: 2020-12-27 12-59-00.csv (1657 ships)
Backend detection triggers: 11 queued, 2 coalesced
Processing file: 2020-12-27 12-59-30.csv...
已更新系统公共变量: latest_ais_data_raw
Pushed update from: 2020-12-27 12-59-30.csv (1553 ships)
Backend detection triggers: 12 queued, 1 coalesced
Processing file: 2020-12-27 13-00-00.csv...
已更新系统公共变量: latest_ais_data_raw
Pushed update from: 2020-12-27 13-00-00.csv (1717 ships)
Backend detection triggers: 12 queued, 1 coalesced
Processing file: 2020-12-27 13-00-30.csv...
已更新系统公共变量: latest_ais_data_raw
Pushed update from: 2020-12-27 13-00-30.csv (1520 ships)
Backend detection triggers: 11 queued, 2 coalesced
Processing file: 2020-12-27 13-01-00.csv...
已更新系统公共变量: latest_ais_data_raw
Pushed update from: 2020-12-27 13-01-00.csv (1667 ships)
Backend detection triggers: 12 queued, 1 coalesced
Processing file: 2020-12-27 13-01-30.csv...
已更新系统公共变量: latest_ais_data_raw
Pushed update from: 2020-12-27 13-01-30.csv (1494 ships)
Backend detection triggers: 11 queued, 2 coalesced
Processing file: 2020-12-27 13-02-00.csv...
已更新系统公共变量: latest_ais_data_raw
Pushed update from: 2020-12-27 13-02-00.csv (1662 ships)
Backend detection triggers: 13 queued, 0 coalesced
Processing file: 2020-12-27 13-02-30.csv...
已更新系统公共变量: latest_ais_data_raw
Pushed update from: 2020-12-27 13-02-30.csv (1555 ships)
Backend detection triggers: 11 queued, 2 coalesced
Processing file: 2020-12-27 13-03-00.csv...
已更新系统公共变量: latest_ais_data_raw
Pushed update from: 2020-12-27 13-03-00.csv (1719 ships)
Backend detection triggers: 13 queued, 0 coalesced
Processing file: 2020-12-27 13-03-30.csv...
已更新系统公共变量: latest_ais_data_raw
Pushed update from: 2020-12-27 13-03-30.csv (1525 ships)
Backend detection triggers: 11 queued, 2 coalesced
Processing file: 2020-12-27 13-04-00.csv...
已更新系统公共变量: latest_ais_data_raw
Pushed update from: 2020-12-27 13-04-00.csv (1673 ships)
Backend detection triggers: 13 queued, 0 coalesced
Processing file: 2020-12-27 13-04-30.csv...
已更新系统公共变量: latest_ais_data_raw
Pushed update from: 2020-12-27 13-04-30.csv (1498 ships)
Backend detection triggers: 11 queued, 2 coalesced
Processing file: 2020-12-27 13-05-00.csv...
已更新系统公共变量: latest_ais_data_raw
Pushed update from: 2020-12-27 13-05-00.csv (1664 ships)
Backend detection triggers: 13 queued, 0 coalesced
Processing file: 2020-12-27 13-05-30.csv...
已更新系统公共变量: latest_ais_data_raw
Pushed update from: 2020-12-27 13-05-30.csv (1556 ships)
Backend detection triggers: 11 queued, 2 coalesced
Processing file: 2020-12-27 13-06-00.csv...
已更新系统公共变量: latest_ais_data_raw
Pushed update from: 2020-12-27 13-06-00.csv (1716 ships)
Backend detection triggers: 13 queued, 0 coalesced
Processing file: 2020-12-27 13-06-30.csv...
已更新系统公共变量: latest_ais_data_raw
Pushed update from: 2020-12-27 13-06-30.csv (1523 ships)
Backend detection triggers: 11 queued, 2 coalesced
Processing file: 2020-12-27 13-07-00.csv...
已更新系统公共变量: latest_ais_data_raw
Pushed update from: 2020-12-27 13-07-00.csv (1670 ships)
Backend detection triggers: 13 queued, 0 coalesced
Processing file: 2020-12-27 13-07-30.csv...
已更新系统公共变量: latest_ais_data_raw
Pushed update from: 2020-12-27 13-07-30.csv (1502 ships)
Backend detection triggers: 11 queued, 2 coalesced
Processing file: 2020-12-27 13-08-00.csv...
已更新系统公共变量: latest_ais_data_raw
Pushed update from: 2020-12-27 13-08-00.csv (1671 ships)
Backend detection triggers: 13 queued, 0 coalesced
Processing file: 2020-12-27 13-08-30.csv...
已更新系统公共变量: latest_ais_data_raw
Pushed update from: 2020-12-27 13-08-30.csv (1559 ships)
Backend detection triggers: 11 queued, 2 coalesced
Processing file: 2020-12-27 13-09-00.csv...
已更新系统公共变量: latest_ais_data_raw
Pushed update from: 2020-12-27 13-09-00.csv (1716 ships)
Backend detection triggers: 13 queued, 0 coalesced
Processing file: 2020-12-27 13-09-30.csv...
已更新系统公共变量: latest_ais_data_raw
Pushed update from: 2020-12-27 13-09-30.csv (1530 ships)
Backend detection triggers: 11 queued, 2 coalesced
Processing file: 2020-12-27 13-10-00.csv...
已更新系统公共变量: latest_ais_data_raw
Pushed update from: 2020-12-27 13-10-00.csv (1675 ships)
Backend detection triggers: 13 queued, 0 coalesced
Processing file: 2020-12-27 13-10-30.csv...
已更新系统公共变量: latest_ais_data_raw
Pushed update from: 2020-12-27 13-10-30.csv (1506 ships)
Backend detection triggers: 11 queued, 2 coalesced
Processing file: 2020-12-27 13-11-00.csv...
已更新系统公共变量: latest_ais_data_raw
Pushed update from: 2020-12-27 13-11-00.csv (1673 ships)
Backend detection triggers: 13 queued, 0 coalesced
Processing file: 2020-12-27 13-11-30.csv...
已更新系统公共变量: latest_ais_data_raw
Pushed update from: 2020-12-27 13-11-30.csv (1564 ships)
Backend detection triggers: 11 queued, 2 coalesced
Processing file: 2020-12-27 13-12-00.csv...
已更新系统公共变量: latest_ais_data_raw
Pushed update from: 2020-12-27 13-12-00.csv (1719 ships)
Backend detection triggers: 13 queued, 0 coalesced
Processing file: 2020-12-27 13-12-30.csv...
已更新系统公共变量: latest_ais_data_raw
Pushed update from: 2020-12-27 13-12-30.csv (1534 ships)
Backend detection triggers: 11 queued, 2 coalesced
Processing file: 2020-12-27 13-13-00.csv...
已更新系统公共变量: latest_ais_data_raw
Pushed update from: 2020-12-27 13-13-00.csv (1680 ships)
Backend detection triggers: 13 queued, 0 coalesced
Processing file: 2020-12-27 13-13-30.csv...
已更新系统公共变量: latest_ais_data_raw
Pushed update from: 2020-12-27 13-13-30.csv (1507 ships)
Backend detection triggers: 11 queued, 2 coalesced
Processing file: 2020-12-27 13-14-00.csv...
已更新系统公共变量: latest_ais_data_raw
Pushed update from: 2020-12-27 13-14-00.csv (1674 ships)
Backend detection triggers: 13 queued, 0 coalesced
Processing file: 2020-12-27 13-14-30.csv...
已更新系统公共变量: latest_ais_data_raw
Pushed update from: 2020-12-27 13-14-30.csv (1562 ships)
Backend detection triggers: 11 queued, 2 coalesced
Processing file: 2020-12-27 13-15-00.csv...
已更新系统公共变量: latest_ais_data_raw
Pushed update from: 2020-12-27 13-15-00.csv (1720 ships)
Backend detection triggers: 13 queued, 0 coalesced
Processing file: 2020-12-27 13-15-30.csv...
已更新系统公共变量: latest_ais_data_raw
Pushed update from: 2020-12-27 13-15-30.csv (1531 ships)
Backend detection triggers: 13 queued, 0 coalesced
Processing file: 2020-12-27 13-16-00.csv...
已更新系统公共变量: latest_ais_data_raw
Pushed update from: 2020-12-27 13-16-00.csv (1676 ships)
Backend detection triggers: 11 queued, 2 coalesced
Processing file: 2020-12-27 13-16-30.csv...
已更新系统公共变量: latest_ais_data_raw
Pushed update from: 2020-12-27 13-16-30.csv (1506 ships)
Backend detection triggers: 13 queued, 0 coalesced
Processing file: 2020-12-27 13-17-00.csv...
已更新系统公共变量: latest_ais_data_raw
Pushed update from: 2020-12-27 13-17-00.csv (1672 ships)
Backend detection triggers: 11 queued, 2 coalesced
Processing file: 2020-12-27 13-17-30.csv...
已更新系统公共变量: latest_ais_data_raw
Pushed update from: 2020-12-27 13-17-30.csv (1561 ships)
Backend detection triggers: 13 queued, 0 coalesced
Processing file: 2020-12-27 13-18-00.csv...
已更新系统公共变量: latest_ais_data_raw
Pushed update from: 2020-12-27 13-18-00.csv (1717 ships)
Backend detection triggers: 11 queued, 2 coalesced
Processing file: 2020-12-27 13-18-30.csv...
已更新系统公共变量: latest_ais_data_raw
Pushed update from: 2020-12-27 13-18-30.csv (1530 ships)
Backend detection triggers: 11 queued, 2 coalesced
Processing file: 2020-12-27 13-19-00.csv...
已更新系统公共变量: latest_ais_data_raw
Pushed update from: 2020-12-27 13-19-00.csv (1674 ships)
Backend detection triggers: 13 queued, 0 coalesced
Processing file: 2020-12-27 13-19-30.csv...
已更新系统公共变量: latest_ais_data_raw
Pushed update from: 2020-12-27 13-19-30.csv (1501 ships)
Backend detection triggers: 11 queued, 2 coalesced
Processing file: 2020-12-27 13-20-00.csv...
已更新系统公共变量: latest_ais_data_raw
Pushed update from: 2020-12-27 13-20-00.csv (1665 ships)
Backend detection triggers: 13 queued, 0 coalesced
Processing file: 2020-12-27 13-20-30.csv...
已更新系统公共变量: latest_ais_data_raw
Pushed update from: 2020-12-27 13-20-30.csv (1550 ships)
Backend detection triggers: 11 queued, 2 coalesced
Processing file: 2020-12-27 13-21-00.csv...
已更新系统公共变量: latest_ais_data_raw
Pushed update from: 2020-12-27 13-21-00.csv (1713 ships)
Backend detection triggers: 13 queued, 0 coalesced
Processing file: 2020-12-27 13-21-30.csv...
已更新系统公共变量: latest_ais_data_raw
Pushed update from: 2020-12-27 13-21-30.csv (1529 ships)
Backend detection triggers: 11 queued, 2 coalesced
Processing file: 2020-12-27 13-22-00.csv...
已更新系统公共变量: latest_ais_data_raw
Pushed update from: 2020-12-27 13-22-00.csv (1678 ships)
Backend detection triggers: 13 queued, 0 coalesced
Processing file: 2020-12-27 13-22-30.csv...
已更新系统公共变量: latest_ais_data_raw
Pushed update from: 2020-12-27 13-22-30.csv (1508 ships)
Backend detection triggers: 11 queued, 2 coalesced
Processing file: 2020-12-27 13-23-00.csv...
已更新系统公共变量: latest_ais_data_raw
Pushed update from: 2020-12-27 13-23-00.csv (1675 ships)
Backend detection triggers: 12 queued, 1 coalesced
Processing file: 2020-12-27 13-23-30.csv...
已更新系统公共变量: latest_ais_data_raw
Pushed update from: 2020-12-27 13-23-30.csv (1556 ships)
Backend detection triggers: 12 queued, 1 coalesced
Processing file: 2020-12-27 13-24-00.csv...
已更新系统公共变量: latest_ais_data_raw
Pushed update from: 2020-12-27 13-24-00.csv (1714 ships)
Backend detection triggers: 12 queued, 1 coalesced
Processing file: 2020-12-27 13-24-30.csv...
已更新系统公共变量: latest_ais_data_raw
Pushed update from: 2020-12-27 13-24-30.csv (1531 ships)
Backend detection triggers: 12 queued, 1 coalesced
Processing file: 2020-12-27 13-25-00.csv...
已更新系统公共变量: latest_ais_data_raw
Pushed update from: 2020-12-27 13-25-00.csv (1680 ships)
Backend detection triggers: 11 queued, 2 coalesced
Processing file: 2020-12-27 13-25-30.csv...
已更新系统公共变量: latest_ais_data_raw
Pushed update from: 2020-12-27 13-25-30.csv (1507 ships)
Backend detection triggers: 12 queued, 1 coalesced
Processing file: 2020-12-27 13-26-00.csv...
已更新系统公共变量: latest_ais_data_raw
Pushed update from: 2020-12-27 13-26-00.csv (1673 ships)
Backend detection triggers: 12 queued, 1 coalesced
Processing file: 2020-12-27 13-26-30.csv...
已更新系统公共变量: latest_ais_data_raw
Pushed update from: 2020-12-27 13-26-30.csv (1557 ships)
Backend detection triggers: 11 queued, 2 coalesced
Processing file: 2020-12-27 13-27-00.csv...
已更新系统公共变量: latest_ais_data_raw
Pushed update from: 2020-12-27 13-27-00.csv (1715 ships)
Backend detection triggers: 13 queued, 0 coalesced
Processing file: 2020-12-27 13-27-30.csv...
已更新系统公共变量: latest_ais_data_raw
Pushed update from: 2020-12-27 13-27-30.csv (1539 ships)
Backend detection triggers: 11 queued, 2 coalesced
Processing file: 2020-12-27 13-28-00.csv...
已更新系统公共变量: latest_ais_data_raw
Pushed update from: 2020-12-27 13-28-00.csv (1685 ships)
Backend detection triggers: 12 queued, 1 coalesced
Processing file: 2020-12-27 13-28-30.csv...
已更新系统公共变量: latest_ais_data_raw
Pushed update from: 2020-12-27 13-28-30.csv (1516 ships)
Backend detection triggers: 12 queued, 1 coalesced
Processing file: 2020-12-27 13-29-00.csv...
已更新系统公共变量: latest_ais_data_raw
Pushed update from: 2020-12-27 13-29-00.csv (1685 ships)
Backend detection triggers: 11 queued, 2 coalesced
Processing file: 2020-12-27 13-29-30.csv...
已更新系统公共变量: latest_ais_data_raw
Pushed update from: 2020-12-27 13-29-30.csv (1565 ships)
Backend detection triggers: 12 queued, 1 coalesced
Processing file: 2020-12-27 13-30-00.csv...
已更新系统公共变量: latest_ais_data_raw
Pushed update from: 2020-12-27 13-30-00.csv (1716 ships)
Backend detection triggers: 11 queued, 2 coalesced
Processing file: 2020-12-27 13-30-30.csv...
已更新系统公共变量: latest_ais_data_raw
Pushed update from: 2020-12-27 13-30-30.csv (1544 ships)
Backend detection triggers: 11 queued, 2 coalesced
Processing file: 2020-12-27 13-31-00.csv...
已更新系统公共变量: latest_ais_data_raw
Pushed update from: 2020-12-27 13-31-00.csv (1687 ships)
Backend detection triggers: 12 queued, 1 coalesced
Processing file: 2020-12-27 13-31-30.csv...
已更新系统公共变量: latest_ais_data_raw
Pushed update from: 2020-12-27 13-31-30.csv (1518 ships)
Backend detection triggers: 11 queued, 2 coalesced
Processing file: 2020-12-27 13-32-00.csv...
已更新系统公共变量: latest_ais_data_raw
Pushed update from: 2020-12-27 13-32-00.csv (1694 ships)
Backend detection triggers: 12 queued, 1 coalesced
Processing file: 2020-12-27 13-32-30.csv...
已更新系统公共变量: latest_ais_data_raw
Pushed update from: 2020-12-27 13-32-30.csv (1567 ships)
Backend detection triggers: 12 queued, 1 coalesced
Processing file: 2020-12-27 13-33-00.csv...
已更新系统公共变量: latest_ais_data_raw
Pushed update from: 2020-12-27 13-33-00.csv (1720 ships)
Backend detection triggers: 12 queued, 1 coalesced
Processing file: 2020-12-27 13-33-30.csv...
已更新系统公共变量: latest_ais_data_raw
Pushed update from: 2020-12-27 13-33-30.csv (1549 ships)
Backend detection triggers: 12 queued, 1 coalesced
Processing file: 2020-12-27 13-34-00.csv...
已更新系统公共变量: latest_ais_data_raw
Pushed update from: 2020-12-27 13-34-00.csv (1694 ships)
Backend detection triggers: 12 queued, 1 coalesced
Processing file: 2020-12-27 13-34-30.csv...
已更新系统公共变量: latest_ais_data_raw
Pushed update from: 2020-12-27 13-34-30.csv (1520 ships)
Backend detection triggers: 12 queued, 1 coalesced
Processing file: 2020-12-27 13-35-00.csv...
已更新系统公共变量: latest_ais_data_raw
Pushed update from: 2020-12-27 13-35-00.csv (1693 ships)
Backend detection triggers: 12 queued, 1 coalesced
Processing file: 2020-12-27 13-35-30.csv...
已更新系统公共变量: latest_ais_data_raw
Pushed update from: 2020-12-27 13-35-30.csv (1568 ships)
Backend detection triggers: 11 queued, 2 coalesced
Processing file: 2020-12-27 13-36-00.csv...
已更新系统公共变量: latest_ais_data_raw
Pushed update from: 2020-12-27 13-36-00.csv (1722 ships)
Backend detection triggers: 12 queued, 1 coalesced
Processing file: 2020-12-27 13-36-30.csv...
已更新系统公共变量: latest_ais_data_raw
Pushed update from: 2020-12-27 13-36-30.csv (1553 ships)
Backend detection triggers: 11 queued, 2 coalesced
Processing file: 2020-12-27 13-37-00.csv...
已更新系统公共变量: latest_ais_data_raw
Pushed update from: 2020-12-27 13-37-00.csv (1702 ships)
Backend detection triggers: 13 queued, 0 coalesced
Processing file: 2020-12-27 13-37-30.csv...
已更新系统公共变量: latest_ais_data_raw
Pushed update from: 2020-12-27 13-37-30.csv (1535 ships)
Backend detection triggers: 10 queued, 3 coalesced
Processing file: 2020-12-27 13-38-00.csv...
已更新系统公共变量: latest_ais_data_raw
Pushed update from: 2020-12-27 13-38-00.csv (1704 ships)
Backend detection triggers: 13 queued, 0 coalesced
Processing file: 2020-12-27 13-38-30.csv...
已更新系统公共变量: latest_ais_data_raw
Pushed update from: 2020-12-27 13-38-30.csv (1578 ships)
Backend detection triggers: 11 queued, 2 coalesced
Processing file: 2020-12-27 13-39-00.csv...
已更新系统公共变量: latest_ais_data_raw
Pushed update from: 2020-12-27 13-39-00.csv (1725 ships)
Backend detection triggers: 13 queued, 0 coalesced
Processing file: 2020-12-27 13-39-30.csv...
已更新系统公共变量: latest_ais_data_raw
Pushed update from: 2020-12-27 13-39-30.csv (1552 ships)
Backend detection triggers: 11 queued, 2 coalesced
Processing file: 2020-12-27 13-40-00.csv...
已更新系统公共变量: latest_ais_data_raw
Pushed update from: 2020-12-27 13-40-00.csv (1696 ships)
Backend detection triggers: 13 queued, 0 coalesced
Processing file: 2020-12-27 13-40-30.csv...
已更新系统公共变量: latest_ais_data_raw
Pushed update from: 2020-12-27 13-40-30.csv (1527 ships)
Backend detection triggers: 12 queued, 1 coalesced
Processing file: 2020-12-27 13-41-00.csv...
已更新系统公共变量: latest_ais_data_raw
Pushed update from: 2020-12-27 13-41-00.csv (1696 ships)
Backend detection triggers: 12 queued, 1 coalesced
Processing file: 2020-12-27 13-41-30.csv...
已更新系统公共变量: latest_ais_data_raw
Pushed update from: 2020-12-27 13-41-30.csv (1571 ships)
Backend detection triggers: 11 queued, 2 coalesced
Processing file: 2020-12-27 13-42-00.csv...
已更新系统公共变量: latest_ais_data_raw
Pushed update from: 2020-12-27 13-42-00.csv (1727 ships)
Backend detection triggers: 13 queued, 0 coalesced
Processing file: 2020-12-27 13-42-30.csv...
已更新系统公共变量: latest_ais_data_raw
Pushed update from: 2020-12-27 13-42-30.csv (1560 ships)
Backend detection triggers: 11 queued, 2 coalesced
Processing file: 2020-12-27 13-43-00.csv...
已更新系统公共变量: latest_ais_data_raw
Pushed update from: 2020-12-27 13-43-00.csv (1706 ships)
Backend detection triggers: 13 queued, 0 coalesced
Processing file: 2020-12-27 13-43-30.csv...
已更新系统公共变量: latest_ais_data_raw
Pushed update from: 2020-12-27 13-43-30.csv (1537 ships)
Backend detection triggers: 11 queued, 2 coalesced
Processing file: 2020-12-27 13-44-00.csv...
已更新系统公共变量: latest_ais_data_raw
Pushed update from: 2020-12-27 13-44-00.csv (1704 ships)
Backend detection triggers: 13 queued, 0 coalesced
Processing file: 2020-12-27 13-44-30.csv...
已更新系统公共变量: latest_ais_data_raw
Pushed update from: 2020-12-27 13-44-30.csv (1575 ships)
Backend detection triggers: 11 queued, 2 coalesced
Processing file: 2020-12-27 13-45-00.csv...
已更新系统公共变量: latest_ais_data_raw
Pushed update from: 2020-12-27 13-45-00.csv (1727 ships)
Backend detection triggers: 13 queued, 0 coalesced
Processing file: 2020-12-27 13-45-30.csv...
已更新系统公共变量: latest_ais_data_raw
Pushed update from: 2020-12-27 13-45-30.csv (1558 ships)
Backend detection triggers: 11 queued, 2 coalesced
Processing file: 2020-12-27 13-46-00.csv...
已更新系统公共变量: latest_ais_data_raw
Pushed update from: 2020-12-27 13-46-00.csv (1702 ships)
Backend detection triggers: 13 queued, 0 coalesced
Processing file: 2020-12-27 13-46-30.csv...
已更新系统公共变量: latest_ais_data_raw
Pushed update from: 2020-12-27 13-46-30.csv (1533 ships)
Backend detection triggers: 12 queued, 1 coalesced
Processing file: 2020-12-27 13-47-00.csv...
已更新系统公共变量: latest_ais_data_raw
Pushed update from: 2020-12-27 13-47-00.csv (1703 ships)
Backend detection triggers: 12 queued, 1 coalesced
Processing file: 2020-12-27 13-47-30.csv...
已更新系统公共变量: latest_ais_data_raw
Pushed update from: 2020-12-27 13-47-30.csv (1574 ships)
Backend detection triggers: 12 queued, 1 coalesced
Processing file: 2020-12-27 13-48-00.csv...
已更新系统公共变量: latest_ais_data_raw
Pushed update from: 2020-12-27 13-48-00.csv (1725 ships)
Backend detection triggers: 12 queued, 1 coalesced
Processing file: 2020-12-27 13-48-30.csv...
已更新系统公共变量: latest_ais_data_raw
Pushed update from: 2020-12-27 13-48-30.csv (1559 ships)
Backend detection triggers: 12 queued, 1 coalesced
Processing file: 2020-12-27 13-49-00.csv...
已更新系统公共变量: latest_ais_data_raw
Pushed update from: 2020-12-27 13-49-00.csv (1705 ships)
Backend detection triggers: 12 queued, 1 coalesced
Processing file: 2020-12-27 13-49-30.csv...
已更新系统公共变量: latest_ais_data_raw
Pushed update from: 2020-12-27 13-49-30.csv (1539 ships)
Backend detection triggers: 11 queued, 2 coalesced
Processing file: 2020-12-27 13-50-00.csv...
已更新系统公共变量: latest_ais_data_raw
Pushed update from: 2020-12-27 13-50-00.csv (1709 ships)
Backend detection triggers: 13 queued, 0 coalesced
Processing file: 2020-12-27 13-50-30.csv...
已更新系统公共变量: latest_ais_data_raw
Pushed update from: 2020-12-27 13-50-30.csv (1581 ships)
Backend detection triggers: 11 queued, 2 coalesced
Processing file: 2020-12-27 13-51-00.csv...
已更新系统公共变量: latest_ais_data_raw
Pushed update from: 2020-12-27 13-51-00.csv (1730 ships)
Backend detection triggers: 13 queued, 0 coalesced
Processing file: 2020-12-27 13-51-30.csv...
已更新系统公共变量: latest_ais_data_raw
Pushed update from: 2020-12-27 13-51-30.csv (1565 ships)
Backend detection triggers: 11 queued, 2 coalesced
Processing file: 2020-12-27 13-52-00.csv...
已更新系统公共变量: latest_ais_data_raw
Pushed update from: 2020-12-27 13-52-00.csv (1708 ships)
Backend detection triggers: 13 queued, 0 coalesced
Processing file: 2020-12-27 13-52-30.csv...
已更新系统公共变量: latest_ais_data_raw
Pushed update from: 2020-12-27 13-52-30.csv (1543 ships)
Backend detection triggers: 11 queued, 2 coalesced
Processing file: 2020-12-27 13-53-00.csv...
已更新系统公共变量: latest_ais_data_raw
Pushed update from: 2020-12-27 13-53-00.csv (1711 ships)
Backend detection triggers: 12 queued, 1 coalesced
Processing file: 2020-12-27 13-53-30.csv...
已更新系统公共变量: latest_ais_data_raw
Pushed update from: 2020-12-27 13-53-30.csv (1586 ships)
Backend detection triggers: 12 queued, 1 coalesced
Processing file: 2020-12-27 13-54-00.csv...
已更新系统公共变量: latest_ais_data_raw
Pushed update from: 2020-12-27 13-54-00.csv (1734 ships)
Backend detection triggers: 12 queued, 1 coalesced
Processing file: 2020-12-27 13-54-30.csv...
已更新系统公共变量: latest_ais_data_raw
Pushed update from: 2020-12-27 13-54-30.csv (1571 ships)
Backend detection triggers: 12 queued, 1 coalesced
Processing file: 2020-12-27 13-55-00.csv...
已更新系统公共变量: latest_ais_data_raw
Pushed update from: 2020-12-27 13-55-00.csv (1717 ships)
Backend detection triggers: 12 queued, 1 coalesced
Processing file: 2020-12-27 13-55-30.csv...
已更新系统公共变量: latest_ais_data_raw
Pushed update from: 2020-12-27 13-55-30.csv (1550 ships)
Backend detection triggers: 11 queued, 2 coalesced
Processing file: 2020-12-27 13-56-00.csv...
已更新系统公共变量: latest_ais_data_raw
Pushed update from: 2020-12-27 13-56-00.csv (1714 ships)
Backend detection triggers: 13 queued, 0 coalesced
Processing file: 2020-12-27 13-56-30.csv...
已更新系统公共变量: latest_ais_data_raw
Pushed update from: 2020-12-27 13-56-30.csv (1591 ships)
Backend detection triggers: 11 queued, 2 coalesced
Processing file: 2020-12-27 13-57-00.csv...
已更新系统公共变量: latest_ais_data_raw
Pushed update from: 2020-12-27 13-57-00.csv (1737 ships)
Backend detection triggers: 13 queued, 0 coalesced
Processing file: 2020-12-27 13-57-30.csv...
已更新系统公共变量: latest_ais_data_raw
Pushed update from: 2020-12-27 13-57-30.csv (1572 ships)
Backend detection triggers: 11 queued, 2 coalesced
Processing file: 2020-12-27 13-58-00.csv...
已更新系统公共变量: latest_ais_data_raw
Pushed update from: 2020-12-27 13-58-00.csv (1716 ships)
Backend detection triggers: 12 queued, 1 coalesced
Processing file: 2020-12-27 13-58-30.csv...
已更新系统公共变量: latest_ais_data_raw
Pushed update from: 2020-12-27 13-58-30.csv (1549 ships)
Backend detection triggers: 12 queued, 1 coalesced
Processing file: 2020-12-27 13-59-00.csv...
已更新系统公共变量: latest_ais_data_raw
Pushed update from: 2020-12-27 13-59-00.csv (1714 ships)
Backend detection triggers: 11 queued, 2 coalesced
Processing file: 2020-12-27 13-59-30.csv...
已更新系统公共变量: latest_ais_data_raw
Pushed update from: 2020-12-27 13-59-30.csv (1589 ships)
Backend detection triggers: 13 queued, 0 coalesced
Processing file: 2020-12-27 14-00-00.csv...
已更新系统公共变量: latest_ais_data_raw
Pushed update from: 2020-12-27 14-00-00.csv (1733 ships)
Backend detection triggers: 11 queued, 2 coalesced
Processing file: 2020-12-27 14-00-30.csv...
已更新系统公共变量: latest_ais_data_raw
Pushed update from: 2020-12-27 14-00-30.csv (1568 ships)
Backend detection triggers: 12 queued, 1 coalesced
Processing file: 2020-12-27 14-01-00.csv...
已更新系统公共变量: latest_ais_data_raw
Pushed update from: 2020-12-27 14-01-00.csv (1716 ships)
Backend detection triggers: 12 queued, 1 coalesced
Processing file: 2020-12-27 14-01-30.csv...
已更新系统公共变量: latest_ais_data_raw
Pushed update from: 2020-12-27 14-01-30.csv (1545 ships)
Backend detection triggers: 11 queued, 2 coalesced
Processing file: 2020-12-27 14-02-00.csv...
已更新系统公共变量: latest_ais_data_raw
Pushed update from: 2020-12-27 14-02-00.csv (1713 ships)
Backend detection triggers: 13 queued, 0 coalesced
Processing file: 2020-12-27 14-02-30.csv...
已更新系统公共变量: latest_ais_data_raw
Pushed update from: 2020-12-27 14-02-30.csv (1594 ships)
Backend detection triggers: 11 queued, 2 coalesced
Processing file: 2020-12-27 14-03-00.csv...
已更新系统公共变量: latest_ais_data_raw
Pushed update from: 2020-12-27 14-03-00.csv (1737 ships)
Backend detection triggers: 13 queued, 0 coalesced
Processing file: 2020-12-27 14-03-30.csv...
已更新系统公共变量: latest_ais_data_raw
Pushed update from: 2020-12-27 14-03-30.csv (1573 ships)
Backend detection triggers: 11 queued, 2 coalesced
Processing file: 2020-12-27 14-04-00.csv...
已更新系统公共变量: latest_ais_data_raw
Pushed update from: 2020-12-27 14-04-00.csv (1716 ships)
Backend detection triggers: 13 queued, 0 coalesced
Processing file: 2020-12-27 14-04-30.csv...
已更新系统公共变量: latest_ais_data_raw
Pushed update from: 2020-12-27 14-04-30.csv (1548 ships)
Backend detection triggers: 11 queued, 2 coalesced
Processing file: 2020-12-27 14-05-00.csv...
已更新系统公共变量: latest_ais_data_raw
Pushed update from: 2020-12-27 14-05-00.csv (1713 ships)
Backend detection triggers: 12 queued, 1 coalesced
Processing file: 2020-12-27 14-05-30.csv...
已更新系统公共变量: latest_ais_data_raw
Pushed update from: 2020-12-27 14-05-30.csv (1593 ships)
Backend detection triggers: 10 queued, 3 coalesced
Processing file: 2020-12-27 14-06-00.csv...
已更新系统公共变量: latest_ais_data_raw
Pushed update from: 2020-12-27 14-06-00.csv (1738 ships)
Backend detection triggers: 11 queued, 2 coalesced
Processing file: 2020-12-27 14-06-30.csv...
已更新系统公共变量: latest_ais_data_raw
Pushed update from: 2020-12-27 14-06-30.csv (1576 ships)
Backend detection triggers: 13 queued, 0 coalesced
Processing file: 2020-12-27 14-07-00.csv...
已更新系统公共变量: latest_ais_data_raw
Pushed update from: 2020-12-27 14-07-00.csv (1717 ships)
Backend detection triggers: 11 queued, 2 coalesced
Processing file: 2020-12-27 14-07-30.csv...
已更新系统公共变量: latest_ais_data_raw
Pushed update from: 2020-12-27 14-07-30.csv (1554 ships)
Backend detection triggers: 12 queued, 1 coalesced
Processing file: 2020-12-27 14-08-00.csv...
已更新系统公共变量: latest_ais_data_raw
Pushed update from: 2020-12-27 14-08-00.csv (1721 ships)
Backend detection triggers: 12 queued, 1 coalesced
Processing file: 2020-12-27 14-08-30.csv...
已更新系统公共变量: latest_ais_data_raw
Pushed update from: 2020-12-27 14-08-30.csv (1597 ships)
Backend detection triggers: 11 queued, 2 coalesced
Processing file: 2020-12-27 14-09-00.csv...
已更新系统公共变量: latest_ais_data_raw
Pushed update from: 2020-12-27 14-09-00.csv (1746 ships)
Backend detection triggers: 13 queued, 0 coalesced
Processing file: 2020-12-27 14-09-30.csv...
已更新系统公共变量: latest_ais_data_raw
Pushed update from: 2020-12-27 14-09-30.csv (1585 ships)
Backend detection triggers: 11 queued, 2 coalesced
Processing file: 2020-12-27 14-10-00.csv...
已更新系统公共变量: latest_ais_data_raw
Pushed update from: 2020-12-27 14-10-00.csv (1727 ships)
Backend detection triggers: 10 queued, 3 coalesced
Processing file: 2020-12-27 14-10-30.csv...
已更新系统公共变量: latest_ais_data_raw
Pushed update from: 2020-12-27 14-10-30.csv (1557 ships)
Backend detection triggers: 13 queued, 0 coalesced
Processing file: 2020-12-27 14-11-00.csv...
已更新系统公共变量: latest_ais_data_raw
Pushed update from: 2020-12-27 14-11-00.csv (1725 ships)
Backend detection triggers: 11 queued, 2 coalesced
Processing file: 2020-12-27 14-11-30.csv...
已更新系统公共变量: latest_ais_data_raw
Pushed update from: 2020-12-27 14-11-30.csv (1598 ships)
Backend detection triggers: 12 queued, 1 coalesced
Processing file: 2020-12-27 14-12-00.csv...
已更新系统公共变量: latest_ais_data_raw
Pushed update from: 2020-12-27 14-12-00.csv (1750 ships)
Backend detection triggers: 12 queued, 1 coalesced
Processing file: 2020-12-27 14-12-30.csv...
已更新系统公共变量: latest_ais_data_raw
Pushed update from: 2020-12-27 14-12-30.csv (1591 ships)
Backend detection triggers: 11 queued, 2 coalesced
Processing file: 2020-12-27 14-13-00.csv...
已更新系统公共变量: latest_ais_data_raw
Pushed update from: 2020-12-27 14-13-00.csv (1733 ships)
Backend detection triggers: 13 queued, 0 coalesced
Processing file: 2020-12-27 14-13-30.csv...
已更新系统公共变量: latest_ais_data_raw
Pushed update from: 2020-12-27 14-13-30.csv (1563 ships)
Backend detection triggers: 11 queued, 2 coalesced
Processing file: 2020-12-27 14-14-00.csv...
已更新系统公共变量: latest_ais_data_raw
Pushed update from: 2020-12-27 14-14-00.csv (1731 ships)
Backend detection triggers: 11 queued, 2 coalesced
Processing file: 2020-12-27 14-14-30.csv...
已更新系统公共变量: latest_ais_data_raw
Pushed update from: 2020-12-27 14-14-30.csv (1606 ships)
Backend detection triggers: 12 queued, 1 coalesced
Processing file: 2020-12-27 14-15-00.csv...
已更新系统公共变量: latest_ais_data_raw
Pushed update from: 2020-12-27 14-15-00.csv (1754 ships)
Backend detection triggers: 12 queued, 1 coalesced
Processing file: 2020-12-27 14-15-30.csv...
已更新系统公共变量: latest_ais_data_raw
Pushed update from: 2020-12-27 14-15-30.csv (1595 ships)
Backend detection triggers: 12 queued, 1 coalesced
Processing file: 2020-12-27 14-16-00.csv...
已更新系统公共变量: latest_ais_data_raw
Pushed update from: 2020-12-27 14-16-00.csv (1735 ships)
Backend detection triggers: 11 queued, 2 coalesced
Processing file: 2020-12-27 14-16-30.csv...
已更新系统公共变量: latest_ais_data_raw
Pushed update from: 2020-12-27 14-16-30.csv (1564 ships)
Backend detection triggers: 12 queued, 1 coalesced
Processing file: 2020-12-27 14-17-00.csv...
已更新系统公共变量: latest_ais_data_raw
Pushed update from: 2020-12-27 14-17-00.csv (1731 ships)
Backend detection triggers: 12 queued, 1 coalesced
Processing file: 2020-12-27 14-17-30.csv...
已更新系统公共变量: latest_ais_data_raw
Pushed update from: 2020-12-27 14-17-30.csv (1602 ships)
Backend detection triggers: 11 queued, 2 coalesced
Processing file: 2020-12-27 14-18-00.csv...
已更新系统公共变量: latest_ais_data_raw
Pushed update from: 2020-12-27 14-18-00.csv (1748 ships)
Backend detection triggers: 13 queued, 0 coalesced
Processing file: 2020-12-27 14-18-30.csv...
已更新系统公共变量: latest_ais_data_raw
Pushed update from: 2020-12-27 14-18-30.csv (1593 ships)
Backend detection triggers: 11 queued, 2 coalesced
Processing file: 2020-12-27 14-19-00.csv...
已更新系统公共变量: latest_ais_data_raw
Pushed update from: 2020-12-27 14-19-00.csv (1732 ships)
Backend detection triggers: 12 queued, 1 coalesced
Processing file: 2020-12-27 14-19-30.csv...
已更新系统公共变量: latest_ais_data_raw
Pushed update from: 2020-12-27 14-19-30.csv (1559 ships)
Backend detection triggers: 12 queued, 1 coalesced
Processing file: 2020-12-27 14-20-00.csv...
已更新系统公共变量: latest_ais_data_raw
Pushed update from: 2020-12-27 14-20-00.csv (1731 ships)
Backend detection triggers: 12 queued, 1 coalesced
Processing file: 2020-12-27 14-20-30.csv...
已更新系统公共变量: latest_ais_data_raw
Pushed update from: 2020-12-27 14-20-30.csv (1593 ships)
Backend detection triggers: 11 queued, 2 coalesced
Processing file: 2020-12-27 14-21-00.csv...
已更新系统公共变量: latest_ais_data_raw
Pushed update from: 2020-12-27 14-21-00.csv (1737 ships)
Backend detection triggers: 12 queued, 1 coalesced
Processing file: 2020-12-27 14-21-30.csv...
已更新系统公共变量: latest_ais_data_raw
Pushed update from: 2020-12-27 14-21-30.csv (1581 ships)
Backend detection triggers: 11 queued, 2 coalesced
Processing file: 2020-12-27 14-22-00.csv...
已更新系统公共变量: latest_ais_data_raw
Pushed update from: 2020-12-27 14-22-00.csv (1725 ships)
Backend detection triggers: 11 queued, 2 coalesced
Processing file: 2020-12-27 14-22-30.csv...
已更新系统公共变量: latest_ais_data_raw
Pushed update from: 2020-12-27 14-22-30.csv (1551 ships)
Backend detection triggers: 12 queued, 1 coalesced
Processing file: 2020-12-27 14-23-00.csv...
已更新系统公共变量: latest_ais_data_raw
Pushed update from: 2020-12-27 14-23-00.csv (1723 ships)
Backend detection triggers: 12 queued, 1 coalesced
Processing file: 2020-12-27 14-23-30.csv...
已更新系统公共变量: latest_ais_data_raw
Pushed update from: 2020-12-27 14-23-30.csv (1597 ships)
Backend detection triggers: 12 queued, 1 coalesced
Processing file: 2020-12-27 14-24-00.csv...
已更新系统公共变量: latest_ais_data_raw
Pushed update from: 2020-12-27 14-24-00.csv (1739 ships)
Backend detection triggers: 12 queued, 1 coalesced
Processing file: 2020-12-27 14-24-30.csv...
已更新系统公共变量: latest_ais_data_raw
Pushed update from: 2020-12-27 14-24-30.csv (1589 ships)
Backend detection triggers: 11 queued, 2 coalesced
Processing file: 2020-12-27 14-25-00.csv...
已更新系统公共变量: latest_ais_data_raw
Pushed update from: 2020-12-27 14-25-00.csv (1735 ships)
Backend detection triggers: 12 queued, 1 coalesced
Processing file: 2020-12-27 14-25-30.csv...
已更新系统公共变量: latest_ais_data_raw
Pushed update from: 2020-12-27 14-25-30.csv (1558 ships)
Backend detection triggers: 12 queued, 1 coalesced
Processing file: 2020-12-27 14-26-00.csv...
已更新系统公共变量: latest_ais_data_raw
Pushed update from: 2020-12-27 14-26-00.csv (1729 ships)
Backend detection triggers: 12 queued, 1 coalesced
Processing file: 2020-12-27 14-26-30.csv...
已更新系统公共变量: latest_ais_data_raw
Pushed update from: 2020-12-27 14-26-30.csv (1608 ships)
Backend detection triggers: 11 queued, 2 coalesced
Processing file: 2020-12-27 14-27-00.csv...
已更新系统公共变量: latest_ais_data_raw
Pushed update from: 2020-12-27 14-27-00.csv (1750 ships)
Backend detection triggers: 12 queued, 1 coalesced
Processing file: 2020-12-27 14-27-30.csv...
已更新系统公共变量: latest_ais_data_raw
Pushed update from: 2020-12-27 14-27-30.csv (1599 ships)
Backend detection triggers: 12 queued, 1 coalesced
Processing file: 2020-12-27 14-28-00.csv...
已更新系统公共变量: latest_ais_data_raw
Pushed update from: 2020-12-27 14-28-00.csv (1742 ships)
Backend detection triggers: 11 queued, 2 coalesced
Processing file: 2020-12-27 14-28-30.csv...
已更新系统公共变量: latest_ais_data_raw
Pushed update from: 2020-12-27 14-28-30.csv (1565 ships)
Backend detection triggers: 11 queued, 2 coalesced
Processing file: 2020-12-27 14-29-00.csv...
已更新系统公共变量: latest_ais_data_raw
Pushed update from: 2020-12-27 14-29-00.csv (1730 ships)
Backend detection triggers: 12 queued, 1 coalesced
Processing file: 2020-12-27 14-29-30.csv...
已更新系统公共变量: latest_ais_data_raw
Pushed update from: 2020-12-27 14-29-30.csv (1608 ships)
Backend detection triggers: 12 queued, 1 coalesced
Processing file: 2020-12-27 14-30-00.csv...
已更新系统公共变量: latest_ais_data_raw
Pushed update from: 2020-12-27 14-30-00.csv (1744 ships)
Backend detection triggers: 10 queued, 3 coalesced
Processing file: 2020-12-27 14-30-30.csv...
已更新系统公共变量: latest_ais_data_raw
Pushed update from: 2020-12-27 14-30-30.csv (1593 ships)
Backend detection triggers: 12 queued, 1 coalesced
Processing file: 2020-12-27 14-31-00.csv...
已更新系统公共变量: latest_ais_data_raw
Pushed update from: 2020-12-27 14-31-00.csv (1734 ships)
Backend detection triggers: 12 queued, 1 coalesced
Processing file: 2020-12-27 14-31-30.csv...
已更新系统公共变量: latest_ais_data_raw
Pushed update from: 2020-12-27 14-31-30.csv (1558 ships)
Backend detection triggers: 11 queued, 2 coalesced
Processing file: 2020-12-27 14-32-00.csv...
已更新系统公共变量: latest_ais_data_raw
Pushed update from: 2020-12-27 14-32-00.csv (1725 ships)
Backend detection triggers: 12 queued, 1 coalesced
Processing file: 2020-12-27 14-32-30.csv...
已更新系统公共变量: latest_ais_data_raw
Pushed update from: 2020-12-27 14-32-30.csv (1606 ships)
Backend detection triggers: 12 queued, 1 coalesced
Processing file: 2020-12-27 14-33-00.csv...
已更新系统公共变量: latest_ais_data_raw
Pushed update from: 2020-12-27 14-33-00.csv (1744 ships)
Backend detection triggers: 12 queued, 1 coalesced
Processing file: 2020-12-27 14-33-30.csv...
已更新系统公共变量: latest_ais_data_raw
Pushed update from: 2020-12-27 14-33-30.csv (1595 ships)
Backend detection triggers: 12 queued, 1 coalesced
Processing file: 2020-12-27 14-34-00.csv...
已更新系统公共变量: latest_ais_data_raw
Pushed update from: 2020-12-27 14-34-00.csv (1734 ships)
Backend detection triggers: 11 queued, 2 coalesced
Processing file: 2020-12-27 14-34-30.csv...
已更新系统公共变量: latest_ais_data_raw
Pushed update from: 2020-12-27 14-34-30.csv (1553 ships)
Backend detection triggers: 12 queued, 1 coalesced
Processing file: 2020-12-27 14-35-00.csv...
已更新系统公共变量: latest_ais_data_raw
Pushed update from: 2020-12-27 14-35-00.csv (1721 ships)
Backend detection triggers: 12 queued, 1 coalesced
Processing file: 2020-12-27 14-35-30.csv...
已更新系统公共变量: latest_ais_data_raw
Pushed update from: 2020-12-27 14-35-30.csv (1604 ships)
Backend detection triggers: 11 queued, 2 coalesced
Processing file: 2020-12-27 14-36-00.csv...
已更新系统公共变量: latest_ais_data_raw
Pushed update from: 2020-12-27 14-36-00.csv (1742 ships)
Backend detection triggers: 11 queued, 2 coalesced
Processing file: 2020-12-27 14-36-30.csv...
已更新系统公共变量: latest_ais_data_raw
Pushed update from: 2020-12-27 14-36-30.csv (1596 ships)
Backend detection triggers: 12 queued, 1 coalesced
Processing file: 2020-12-27 14-37-00.csv...
已更新系统公共变量: latest_ais_data_raw
Pushed update from: 2020-12-27 14-37-00.csv (1738 ships)
Backend detection triggers: 11 queued, 2 coalesced
Processing file: 2020-12-27 14-37-30.csv...
已更新系统公共变量: latest_ais_data_raw
Pushed update from: 2020-12-27 14-37-30.csv (1561 ships)
Backend detection triggers: 11 queued, 2 coalesced
Processing file: 2020-12-27 14-38-00.csv...
已更新系统公共变量: latest_ais_data_raw
Pushed update from: 2020-12-27 14-38-00.csv (1725 ships)
Backend detection triggers: 12 queued, 1 coalesced
Processing file: 2020-12-27 14-38-30.csv...
已更新系统公共变量: latest_ais_data_raw
Pushed update from: 2020-12-27 14-38-30.csv (1605 ships)
Backend detection triggers: 11 queued, 2 coalesced
Processing file: 2020-12-27 14-39-00.csv...
已更新系统公共变量: latest_ais_data_raw
Pushed update from: 2020-12-27 14-39-00.csv (1745 ships)
Backend detection triggers: 13 queued, 0 coalesced
Processing file: 2020-12-27 14-39-30.csv...
已更新系统公共变量: latest_ais_data_raw
Pushed update from: 2020-12-27 14-39-30.csv (1598 ships)
Backend detection triggers: 11 queued, 2 coalesced
Processing file: 2020-12-27 14-40-00.csv...
已更新系统公共变量: latest_ais_data_raw
Pushed update from: 2020-12-27 14-40-00.csv (1738 ships)
Backend detection triggers: 11 queued, 2 coalesced
Processing file: 2020-12-27 14-40-30.csv...
已更新系统公共变量: latest_ais_data_raw
Pushed update from: 2020-12-27 14-40-30.csv (1562 ships)
Backend detection triggers: 12 queued, 1 coalesced
Processing file: 2020-12-27 14-41-00.csv...
已更新系统公共变量: latest_ais_data_raw
Pushed update from: 2020-12-27 14-41-00.csv (1727 ships)
Backend detection triggers: 11 queued, 2 coalesced
Processing file: 2020-12-27 14-41-30.csv...
已更新系统公共变量: latest_ais_data_raw
Pushed update from: 2020-12-27 14-41-30.csv (1609 ships)
Backend detection triggers: 12 queued, 1 coalesced
Processing file: 2020-12-27 14-42-00.csv...
已更新系统公共变量: latest_ais_data_raw
Pushed update from: 2020-12-27 14-42-00.csv (1750 ships)
Backend detection triggers: 12 queued, 1 coalesced
Processing file: 2020-12-27 14-42-30.csv...
已更新系统公共变量: latest_ais_data_raw
Pushed update from: 2020-12-27 14-42-30.csv (1600 ships)
Backend detection triggers: 11 queued, 2 coalesced
Processing file: 2020-12-27 14-43-00.csv...
已更新系统公共变量: latest_ais_data_raw
Pushed update from: 2020-12-27 14-43-00.csv (1741 ships)
Backend detection triggers: 13 queued, 0 coalesced
Processing file: 2020-12-27 14-43-30.csv...
已更新系统公共变量: latest_ais_data_raw
Pushed update from: 2020-12-27 14-43-30.csv (1566 ships)
Backend detection triggers: 11 queued, 2 coalesced
Processing file: 2020-12-27 14-44-00.csv...
已更新系统公共变量: latest_ais_data_raw
Pushed update from: 2020-12-27 14-44-00.csv (1730 ships)
Backend detection triggers: 12 queued, 1 coalesced
Processing file: 2020-12-27 14-44-30.csv...
已更新系统公共变量: latest_ais_data_raw
Pushed update from: 2020-12-27 14-44-30.csv (1614 ships)
Backend detection triggers: 12 queued, 1 coalesced
Processing file: 2020-12-27 14-45-00.csv...
已更新系统公共变量: latest_ais_data_raw
Pushed update from: 2020-12-27 14-45-00.csv (1754 ships)
Backend detection triggers: 10 queued, 3 coalesced
Processing file: 2020-12-27 14-45-30.csv...
已更新系统公共变量: latest_ais_data_raw
Pushed update from: 2020-12-27 14-45-30.csv (1604 ships)
Backend detection triggers: 12 queued, 1 coalesced
Processing file: 2020-12-27 14-46-00.csv...
已更新系统公共变量: latest_ais_data_raw
Pushed update from: 2020-12-27 14-46-00.csv (1747 ships)
Backend detection triggers: 12 queued, 1 coalesced
Processing file: 2020-12-27 14-46-30.csv...
已更新系统公共变量: latest_ais_data_raw
Pushed update from: 2020-12-27 14-46-30.csv (1571 ships)
Backend detection triggers: 12 queued, 1 coalesced
Processing file: 2020-12-27 14-47-00.csv...
已更新系统公共变量: latest_ais_data_raw
Pushed update from: 2020-12-27 14-47-00.csv (1733 ships)
Backend detection triggers: 12 queued, 1 coalesced
Processing file: 2020-12-27 14-47-30.csv...
已更新系统公共变量: latest_ais_data_raw
Pushed update from: 2020-12-27 14-47-30.csv (1624 ships)
Backend detection triggers: 11 queued, 2 coalesced
Processing file: 2020-12-27 14-48-00.csv...
已更新系统公共变量: latest_ais_data_raw
Pushed update from: 2020-12-27 14-48-00.csv (1763 ships)
Backend detection triggers: 13 queued, 0 coalesced
Processing file: 2020-12-27 14-48-30.csv...
已更新系统公共变量: latest_ais_data_raw
Pushed update from: 2020-12-27 14-48-30.csv (1614 ships)
Backend detection triggers: 11 queued, 2 coalesced
Processing file: 2020-12-27 14-49-00.csv...
已更新系统公共变量: latest_ais_data_raw
Pushed update from: 2020-12-27 14-49-00.csv (1755 ships)
Backend detection triggers: 11 queued, 2 coalesced
Processing file: 2020-12-27 14-49-30.csv...
已更新系统公共变量: latest_ais_data_raw
Pushed update from: 2020-12-27 14-49-30.csv (1578 ships)
Backend detection triggers: 12 queued, 1 coalesced
Processing file: 2020-12-27 14-50-00.csv...
已更新系统公共变量: latest_ais_data_raw
Pushed update from: 2020-12-27 14-50-00.csv (1737 ships)
Backend detection triggers: 11 queued, 2 coalesced
Processing file: 2020-12-27 14-50-30.csv...
已更新系统公共变量: latest_ais_data_raw
Pushed update from: 2020-12-27 14-50-30.csv (1625 ships)
Backend detection triggers: 13 queued, 0 coalesced
Processing file: 2020-12-27 14-51-00.csv...
已更新系统公共变量: latest_ais_data_raw
Pushed update from: 2020-12-27 14-51-00.csv (1768 ships)
Backend detection triggers: 11 queued, 2 coalesced
Processing file: 2020-12-27 14-51-30.csv...
已更新系统公共变量: latest_ais_data_raw
Pushed update from: 2020-12-27 14-51-30.csv (1618 ships)
Backend detection triggers: 12 queued, 1 coalesced
Processing file: 2020-12-27 14-52-00.csv...
已更新系统公共变量: latest_ais_data_raw
Pushed update from: 2020-12-27 14-52-00.csv (1764 ships)
Backend detection triggers: 12 queued, 1 coalesced
Processing file: 2020-12-27 14-52-30.csv...
已更新系统公共变量: latest_ais_data_raw
Pushed update from: 2020-12-27 14-52-30.csv (1591 ships)
Backend detection triggers: 11 queued, 2 coalesced
Processing file: 2020-12-27 14-53-00.csv...
已更新系统公共变量: latest_ais_data_raw
Pushed update from: 2020-12-27 14-53-00.csv (1750 ships)
Backend detection triggers: 13 queued, 0 coalesced
Processing file: 2020-12-27 14-53-30.csv...
已更新系统公共变量: latest_ais_data_raw
Pushed update from: 2020-12-27 14-53-30.csv (1637 ships)
Backend detection triggers: 11 queued, 2 coalesced
Processing file: 2020-12-27 14-54-00.csv...
已更新系统公共变量: latest_ais_data_raw
Pushed update from: 2020-12-27 14-54-00.csv (1779 ships)
Backend detection triggers: 11 queued, 2 coalesced
Processing file: 2020-12-27 14-54-30.csv...
已更新系统公共变量: latest_ais_data_raw
Pushed update from: 2020-12-27 14-54-30.csv (1625 ships)
Backend detection triggers: 12 queued, 1 coalesced
Processing file: 2020-12-27 14-55-00.csv...
已更新系统公共变量: latest_ais_data_raw
Pushed update from: 2020-12-27 14-55-00.csv (1766 ships)
Backend detection triggers: 11 queued, 2 coalesced
Processing file: 2020-12-27 14-55-30.csv...
已更新系统公共变量: latest_ais_data_raw
Pushed update from: 2020-12-27 14-55-30.csv (1594 ships)
Backend detection triggers: 13 queued, 0 coalesced
Processing file: 2020-12-27 14-56-00.csv...
已更新系统公共变量: latest_ais_data_raw
Pushed update from: 2020-12-27 14-56-00.csv (1757 ships)
Backend detection triggers: 11 queued, 2 coalesced
Processing file: 2020-12-27 14-56-30.csv...
已更新系统公共变量: latest_ais_data_raw
Pushed update from: 2020-12-27 14-56-30.csv (1640 ships)
Backend detection triggers: 11 queued, 2 coalesced
Processing file: 2020-12-27 14-57-00.csv...
已更新系统公共变量: latest_ais_data_raw
Pushed update from: 2020-12-27 14-57-00.csv (1785 ships)
Backend detection triggers: 13 queued, 0 coalesced
Processing file: 2020-12-27 14-57-30.csv...
已更新系统公共变量: latest_ais_data_raw
Pushed update from: 2020-12-27 14-57-30.csv (1632 ships)
Backend detection triggers: 11 queued, 2 coalesced
Processing file: 2020-12-27 14-58-00.csv...
已更新系统公共变量: latest_ais_data_raw
Pushed update from: 2020-12-27 14-58-00.csv (1770 ships)
Backend detection triggers: 13 queued, 0 coalesced
Processing file: 2020-12-27 14-58-30.csv...
已更新系统公共变量: latest_ais_data_raw
Pushed update from: 2020-12-27 14-58-30.csv (1593 ships)
Backend detection triggers: 11 queued, 2 coalesced
Processing file: 2020-12-27 14-59-00.csv...
已更新系统公共变量: latest_ais_data_raw
Pushed update from: 2020-12-27 14-59-00.csv (1758 ships)
Backend detection triggers: 13 queued, 0 coalesced
Processing file: 2020-12-27 14-59-30.csv...
已更新系统公共变量: latest_ais_data_raw
Pushed update from: 2020-12-27 14-59-30.csv (1636 ships)
Backend detection triggers: 11 queued, 2 coalesced
Processing file: 2020-12-27 15-00-00.csv...
已更新系统公共变量: latest_ais_data_raw
Pushed update from: 2020-12-27 15-00-00.csv (1778 ships)
Backend detection triggers: 13 queued, 0 coalesced
Processing file: 2020-12-27 15-00-30.csv...
已更新系统公共变量: latest_ais_data_raw
Pushed update from: 2020-12-27 15-00-30.csv (1626 ships)
Backend detection triggers: 11 queued, 2 coalesced
Processing file: 2020-12-27 15-01-00.csv...
已更新系统公共变量: latest_ais_data_raw
Pushed update from: 2020-12-27 15-01-00.csv (1764 ships)
Backend detection triggers: 11 queued, 2 coalesced
Processing file: 2020-12-27 15-01-30.csv...
已更新系统公共变量: latest_ais_data_raw
Pushed update from: 2020-12-27 15-01-30.csv (1593 ships)
Backend detection triggers: 13 queued, 0 coalesced
Processing file: 2020-12-27 15-02-00.csv...
已更新系统公共变量: latest_ais_data_raw
Pushed update from: 2020-12-27 15-02-00.csv (1763 ships)
Backend detection triggers: 10 queued, 3 coalesced
Processing file: 2020-12-27 15-02-30.csv...
已更新系统公共变量: latest_ais_data_raw
Pushed update from: 2020-12-27 15-02-30.csv (1646 ships)
Backend detection triggers: 13 queued, 0 coalesced
Processing file: 2020-12-27 15-03-00.csv...
已更新系统公共变量: latest_ais_data_raw
Pushed update from: 2020-12-27 15-03-00.csv (1788 ships)
Backend detection triggers: 11 queued, 2 coalesced
Processing file: 2020-12-27 15-03-30.csv...
已更新系统公共变量: latest_ais_data_raw
Pushed update from: 2020-12-27 15-03-30.csv (1639 ships)
Backend detection triggers: 11 queued, 2 coalesced
Processing file: 2020-12-27 15-04-00.csv...
已更新系统公共变量: latest_ais_data_raw
Pushed update from: 2020-12-27 15-04-00.csv (1771 ships)
Backend detection triggers: 13 queued, 0 coalesced
Processing file: 2020-12-27 15-04-30.csv...
已更新系统公共变量: latest_ais_data_raw
Pushed update from: 2020-12-27 15-04-30.csv (1599 ships)
Backend detection triggers: 11 queued, 2 coalesced
Processing file: 2020-12-27 15-05-00.csv...
已更新系统公共变量: latest_ais_data_raw
Pushed update from: 2020-12-27 15-05-00.csv (1766 ships)
Backend detection triggers: 13 queued, 0 coalesced
Processing file: 2020-12-27 15-05-30.csv...
已更新系统公共变量: latest_ais_data_raw
Pushed update from: 2020-12-27 15-05-30.csv (1648 ships)
Backend detection triggers: 11 queued, 2 coalesced
Processing file: 2020-12-27 15-06-00.csv...
已更新系统公共变量: latest_ais_data_raw
Pushed update from: 2020-12-27 15-06-00.csv (1792 ships)
Backend detection triggers: 13 queued, 0 coalesced
Processing file: 2020-12-27 15-06-30.csv...
已更新系统公共变量: latest_ais_data_raw
Pushed update from: 2020-12-27 15-06-30.csv (1642 ships)
Backend detection triggers: 11 queued, 2 coalesced
Processing file: 2020-12-27 15-07-00.csv...
已更新系统公共变量: latest_ais_data_raw
Pushed update from: 2020-12-27 15-07-00.csv (1770 ships)
Backend detection triggers: 13 queued, 0 coalesced
Processing file: 2020-12-27 15-07-30.csv...
已更新系统公共变量: latest_ais_data_raw
Pushed update from: 2020-12-27 15-07-30.csv (1599 ships)
Backend detection triggers: 11 queued, 2 coalesced
Processing file: 2020-12-27 15-08-00.csv...
已更新系统公共变量: latest_ais_data_raw
Pushed update from: 2020-12-27 15-08-00.csv (1765 ships)
Backend detection triggers: 13 queued, 0 coalesced
Processing file: 2020-12-27 15-08-30.csv...
已更新系统公共变量: latest_ais_data_raw
Pushed update from: 2020-12-27 15-08-30.csv (1648 ships)
Backend detection triggers: 11 queued, 2 coalesced
Processing file: 2020-12-27 15-09-00.csv...
已更新系统公共变量: latest_ais_data_raw
Pushed update from: 2020-12-27 15-09-00.csv (1790 ships)
Backend detection triggers: 13 queued, 0 coalesced
Processing file: 2020-12-27 15-09-30.csv...
已更新系统公共变量: latest_ais_data_raw
Pushed update from: 2020-12-27 15-09-30.csv (1638 ships)
Backend detection triggers: 11 queued, 2 coalesced
Processing file: 2020-12-27 15-10-00.csv...
已更新系统公共变量: latest_ais_data_raw
Pushed update from: 2020-12-27 15-10-00.csv (1772 ships)
Backend detection triggers: 12 queued, 1 coalesced
Processing file: 2020-12-27 15-10-30.csv...
已更新系统公共变量: latest_ais_data_raw
Pushed update from: 2020-12-27 15-10-30.csv (1602 ships)
Backend detection triggers: 12 queued, 1 coalesced
Processing file: 2020-12-27 15-11-00.csv...
已更新系统公共变量: latest_ais_data_raw
Pushed update from: 2020-12-27 15-11-00.csv (1771 ships)
Backend detection triggers: 12 queued, 1 coalesced
Processing file: 2020-12-27 15-11-30.csv...
已更新系统公共变量: latest_ais_data_raw
Pushed update from: 2020-12-27 15-11-30.csv (1655 ships)
Backend detection triggers: 12 queued, 1 coalesced
Processing file: 2020-12-27 15-12-00.csv...
已更新系统公共变量: latest_ais_data_raw
Pushed update from: 2020-12-27 15-12-00.csv (1799 ships)
Backend detection triggers: 12 queued, 1 coalesced
Processing file: 2020-12-27 15-12-30.csv...
已更新系统公共变量: latest_ais_data_raw
Pushed update from: 2020-12-27 15-12-30.csv (1647 ships)
Backend detection triggers: 11 queued, 2 coalesced
Processing file: 2020-12-27 15-13-00.csv...
已更新系统公共变量: latest_ais_data_raw
Pushed update from: 2020-12-27 15-13-00.csv (1774 ships)
Backend detection triggers: 13 queued, 0 coalesced
Processing file: 2020-12-27 15-13-30.csv...
已更新系统公共变量: latest_ais_data_raw
Pushed update from: 2020-12-27 15-13-30.csv (1605 ships)
Backend detection triggers: 11 queued, 2 coalesced
Processing file: 2020-12-27 15-14-00.csv...
已更新系统公共变量: latest_ais_data_raw
Pushed update from: 2020-12-27 15-14-00.csv (1775 ships)
Backend detection triggers: 13 queued, 0 coalesced
Processing file: 2020-12-27 15-14-30.csv...
已更新系统公共变量: latest_ais_data_raw
Pushed update from: 2020-12-27 15-14-30.csv (1658 ships)
Backend detection triggers: 11 queued, 2 coalesced
Processing file: 2020-12-27 15-15-00.csv...
已更新系统公共变量: latest_ais_data_raw
Pushed update from: 2020-12-27 15-15-00.csv (1800 ships)
Backend detection triggers: 13 queued, 0 coalesced
Processing file: 2020-12-27 15-15-30.csv...
已更新系统公共变量: latest_ais_data_raw
Pushed update from: 2020-12-27 15-15-30.csv (1645 ships)
Backend detection triggers: 11 queued, 2 coalesced
Processing file: 2020-12-27 15-16-00.csv...
已更新系统公共变量: latest_ais_data_raw
Pushed update from: 2020-12-27 15-16-00.csv (1775 ships)
Backend detection triggers: 12 queued, 1 coalesced
Processing file: 2020-12-27 15-16-30.csv...
已更新系统公共变量: latest_ais_data_raw
Pushed update from: 2020-12-27 15-16-30.csv (1604 ships)
Backend detection triggers: 12 queued, 1 coalesced
Processing file: 2020-12-27 15-17-00.csv...
已更新系统公共变量: latest_ais_data_raw
Pushed update from: 2020-12-27 15-17-00.csv (1772 ships)
Backend detection triggers: 10 queued, 3 coalesced
Processing file: 2020-12-27 15-17-30.csv...
已更新系统公共变量: latest_ais_data_raw
Pushed update from: 2020-12-27 15-17-30.csv (1657 ships)
Backend detection triggers: 12 queued, 1 coalesced
Processing file: 2020-12-27 15-18-00.csv...
已更新系统公共变量: latest_ais_data_raw
Pushed update from: 2020-12-27 15-18-00.csv (1801 ships)
Backend detection triggers: 12 queued, 1 coalesced
Processing file: 2020-12-27 15-18-30.csv...
已更新系统公共变量: latest_ais_data_raw
Pushed update from: 2020-12-27 15-18-30.csv (1648 ships)
Backend detection triggers: 12 queued, 1 coalesced
Processing file: 2020-12-27 15-19-00.csv...
已更新系统公共变量: latest_ais_data_raw
Pushed update from: 2020-12-27 15-19-00.csv (1776 ships)
Backend detection triggers: 12 queued, 1 coalesced
Processing file: 2020-12-27 15-19-30.csv...
已更新系统公共变量: latest_ais_data_raw
Pushed update from: 2020-12-27 15-19-30.csv (1605 ships)
Backend detection triggers: 12 queued, 1 coalesced
Processing file: 2020-12-27 15-20-00.csv...
已更新系统公共变量: latest_ais_data_raw
Pushed update from: 2020-12-27 15-20-00.csv (1773 ships)
Backend detection triggers: 12 queued, 1 coalesced
Processing file: 2020-12-27 15-20-30.csv...
已更新系统公共变量: latest_ais_data_raw
Pushed update from: 2020-12-27 15-20-30.csv (1658 ships)
Backend detection triggers: 12 queued, 1 coalesced
Processing file: 2020-12-27 15-21-00.csv...
已更新系统公共变量: latest_ais_data_raw
Pushed update from: 2020-12-27 15-21-00.csv (1802 ships)
Backend detection triggers: 12 queued, 1 coalesced
Processing file: 2020-12-27 15-21-30.csv...
已更新系统公共变量: latest_ais_data_raw
Pushed update from: 2020-12-27 15-21-30.csv (1652 ships)
Backend detection triggers: 12 queued, 1 coalesced
Processing file: 2020-12-27 15-22-00.csv...
已更新系统公共变量: latest_ais_data_raw
Pushed update from: 2020-12-27 15-22-00.csv (1784 ships)
Backend detection triggers: 12 queued, 1 coalesced
Processing file: 2020-12-27 15-22-30.csv...
已更新系统公共变量: latest_ais_data_raw
Pushed update from: 2020-12-27 15-22-30.csv (1617 ships)
Backend detection triggers: 11 queued, 2 coalesced
Processing file: 2020-12-27 15-23-00.csv...
已更新系统公共变量: latest_ais_data_raw
Pushed update from: 2020-12-27 15-23-00.csv (1781 ships)
Backend detection triggers: 13 queued, 0 coalesced
Processing file: 2020-12-27 15-23-30.csv...
已更新系统公共变量: latest_ais_data_raw
Pushed update from: 2020-12-27 15-23-30.csv (1666 ships)
Backend detection triggers: 11 queued, 2 coalesced
Processing file: 2020-12-27 15-24-00.csv...
已更新系统公共变量: latest_ais_data_raw
Pushed update from: 2020-12-27 15-24-00.csv (1806 ships)
Backend detection triggers: 13 queued, 0 coalesced
Processing file: 2020-12-27 15-24-30.csv...
已更新系统公共变量: latest_ais_data_raw
Pushed update from: 2020-12-27 15-24-30.csv (1652 ships)
Backend detection triggers: 10 queued, 3 coalesced
Processing file: 2020-12-27 15-25-00.csv...
已更新系统公共变量: latest_ais_data_raw
Pushed update from: 2020-12-27 15-25-00.csv (1785 ships)
Backend detection triggers: 11 queued, 2 coalesced
Processing file: 2020-12-27 15-25-30.csv...
已更新系统公共变量: latest_ais_data_raw
Pushed update from: 2020-12-27 15-25-30.csv (1617 ships)
Backend detection triggers: 13 queued, 0 coalesced
Processing file: 2020-12-27 15-26-00.csv...
已更新系统公共变量: latest_ais_data_raw
Pushed update from: 2020-12-27 15-26-00.csv (1783 ships)
Backend detection triggers: 11 queued, 2 coalesced
Processing file: 2020-12-27 15-26-30.csv...
已更新系统公共变量: latest_ais_data_raw
Pushed update from: 2020-12-27 15-26-30.csv (1672 ships)
Backend detection triggers: 12 queued, 1 coalesced
Processing file: 2020-12-27 15-27-00.csv...
已更新系统公共变量: latest_ais_data_raw
Pushed update from: 2020-12-27 15-27-00.csv (1817 ships)
Backend detection triggers: 12 queued, 1 coalesced
Processing file: 2020-12-27 15-27-30.csv...
已更新系统公共变量: latest_ais_data_raw
Pushed update from: 2020-12-27 15-27-30.csv (1662 ships)
Backend detection triggers: 10 queued, 3 coalesced
Processing file: 2020-12-27 15-28-00.csv...
已更新系统公共变量: latest_ais_data_raw
Pushed update from: 2020-12-27 15-28-00.csv (1790 ships)
Backend detection triggers: 11 queued, 2 coalesced
Processing file: 2020-12-27 15-28-30.csv...
已更新系统公共变量: latest_ais_data_raw
Pushed update from: 2020-12-27 15-28-30.csv (1621 ships)
Backend detection triggers: 13 queued, 0 coalesced
Processing file: 2020-12-27 15-29-00.csv...
已更新系统公共变量: latest_ais_data_raw
Pushed update from: 2020-12-27 15-29-00.csv (1783 ships)
Backend detection triggers: 11 queued, 2 coalesced
Processing file: 2020-12-27 15-29-30.csv...
已更新系统公共变量: latest_ais_data_raw
Pushed update from: 2020-12-27 15-29-30.csv (1670 ships)
Backend detection triggers: 11 queued, 2 coalesced
Processing file: 2020-12-27 15-30-00.csv...
已更新系统公共变量: latest_ais_data_raw
Pushed update from: 2020-12-27 15-30-00.csv (1819 ships)
Backend detection triggers: 12 queued, 1 coalesced
Processing file: 2020-12-27 15-30-30.csv...
已更新系统公共变量: latest_ais_data_raw
Pushed update from: 2020-12-27 15-30-30.csv (1661 ships)
Backend detection triggers: 11 queued, 2 coalesced
Processing file: 2020-12-27 15-31-00.csv...
已更新系统公共变量: latest_ais_data_raw
Pushed update from: 2020-12-27 15-31-00.csv (1786 ships)
Backend detection triggers: 11 queued, 2 coalesced
Processing file: 2020-12-27 15-31-30.csv...
已更新系统公共变量: latest_ais_data_raw
Pushed update from: 2020-12-27 15-31-30.csv (1620 ships)
Backend detection triggers: 13 queued, 0 coalesced
Processing file: 2020-12-27 15-32-00.csv...
已更新系统公共变量: latest_ais_data_raw
Pushed update from: 2020-12-27 15-32-00.csv (1780 ships)
Backend detection triggers: 11 queued, 2 coalesced
Processing file: 2020-12-27 15-32-30.csv...
已更新系统公共变量: latest_ais_data_raw
Pushed update from: 2020-12-27 15-32-30.csv (1665 ships)
Backend detection triggers: 10 queued, 3 coalesced
Processing file: 2020-12-27 15-33-00.csv...
已更新系统公共变量: latest_ais_data_raw
Pushed update from: 2020-12-27 15-33-00.csv (1814 ships)
Backend detection triggers: 13 queued, 0 coalesced
Processing file: 2020-12-27 15-33-30.csv...
已更新系统公共变量: latest_ais_data_raw
Pushed update from: 2020-12-27 15-33-30.csv (1660 ships)
Backend detection triggers: 11 queued, 2 coalesced
Processing file: 2020-12-27 15-34-00.csv...
已更新系统公共变量: latest_ais_data_raw
Pushed update from: 2020-12-27 15-34-00.csv (1782 ships)
Backend detection triggers: 11 queued, 2 coalesced
Processing file: 2020-12-27 15-34-30.csv...
已更新系统公共变量: latest_ais_data_raw
Pushed update from: 2020-12-27 15-34-30.csv (1617 ships)
Backend detection triggers: 13 queued, 0 coalesced
Processing file: 2020-12-27 15-35-00.csv...
已更新系统公共变量: latest_ais_data_raw
Pushed update from: 2020-12-27 15-35-00.csv (1781 ships)
Backend detection triggers: 11 queued, 2 coalesced
Processing file: 2020-12-27 15-35-30.csv...
已更新系统公共变量: latest_ais_data_raw
Pushed update from: 2020-12-27 15-35-30.csv (1660 ships)
Backend detection triggers: 13 queued, 0 coalesced
Processing file: 2020-12-27 15-36-00.csv...
已更新系统公共变量: latest_ais_data_raw
Pushed update from: 2020-12-27 15-36-00.csv (1809 ships)
Backend detection triggers: 11 queued, 2 coalesced
Processing file: 2020-12-27 15-36-30.csv...
已更新系统公共变量: latest_ais_data_raw
Pushed update from: 2020-12-27 15-36-30.csv (1653 ships)
Backend detection triggers: 13 queued, 0 coalesced
Processing file: 2020-12-27 15-37-00.csv...
已更新系统公共变量: latest_ais_data_raw
Pushed update from: 2020-12-27 15-37-00.csv (1780 ships)
Backend detection triggers: 10 queued, 3 coalesced
Processing file: 2020-12-27 15-37-30.csv...
已更新系统公共变量: latest_ais_data_raw
Pushed update from: 2020-12-27 15-37-30.csv (1616 ships)
Backend detection triggers: 11 queued, 2 coalesced
Processing file: 2020-12-27 15-38-00.csv...
已更新系统公共变量: latest_ais_data_raw
Pushed update from: 2020-12-27 15-38-00.csv (1778 ships)
Backend detection triggers: 13 queued, 0 coalesced
Processing file: 2020-12-27 15-38-30.csv...
已更新系统公共变量: latest_ais_data_raw
Pushed update from: 2020-12-27 15-38-30.csv (1661 ships)
Backend detection triggers: 11 queued, 2 coalesced
Processing file: 2020-12-27 15-39-00.csv...
已更新系统公共变量: latest_ais_data_raw
Pushed update from: 2020-12-27 15-39-00.csv (1812 ships)
Backend detection triggers: 13 queued, 0 coalesced
Processing file: 2020-12-27 15-39-30.csv...
已更新系统公共变量: latest_ais_data_raw
Pushed update from: 2020-12-27 15-39-30.csv (1658 ships)
Backend detection triggers: 12 queued, 1 coalesced
Processing file: 2020-12-27 15-40-00.csv...
已更新系统公共变量: latest_ais_data_raw
Pushed update from: 2020-12-27 15-40-00.csv (1783 ships)
Backend detection triggers: 12 queued, 1 coalesced
Processing file: 2020-12-27 15-40-30.csv...
已更新系统公共变量: latest_ais_data_raw
Pushed update from: 2020-12-27 15-40-30.csv (1620 ships)
Backend detection triggers: 12 queued, 1 coalesced
Processing file: 2020-12-27 15-41-00.csv...
已更新系统公共变量: latest_ais_data_raw
Pushed update from: 2020-12-27 15-41-00.csv (1782 ships)
Backend detection triggers: 12 queued, 1 coalesced
Processing file: 2020-12-27 15-41-30.csv...
已更新系统公共变量: latest_ais_data_raw
Pushed update from: 2020-12-27 15-41-30.csv (1667 ships)
Backend detection triggers: 10 queued, 3 coalesced
Processing file: 2020-12-27 15-42-00.csv...
已更新系统公共变量: latest_ais_data_raw
Pushed update from: 2020-12-27 15-42-00.csv (1816 ships)
Backend detection triggers: 13 queued, 0 coalesced
Processing file: 2020-12-27 15-42-30.csv...
已更新系统公共变量: latest_ais_data_raw
Pushed update from: 2020-12-27 15-42-30.csv (1663 ships)
Backend detection triggers: 11 queued, 2 coalesced
Processing file: 2020-12-27 15-43-00.csv...
已更新系统公共变量: latest_ais_data_raw
Pushed update from: 2020-12-27 15-43-00.csv (1788 ships)
Backend detection triggers: 13 queued, 0 coalesced
Processing file: 2020-12-27 15-43-30.csv...
已更新系统公共变量: latest_ais_data_raw
Pushed update from: 2020-12-27 15-43-30.csv (1625 ships)
Backend detection triggers: 11 queued, 2 coalesced
Processing file: 2020-12-27 15-44-00.csv...
已更新系统公共变量: latest_ais_data_raw
Pushed update from: 2020-12-27 15-44-00.csv (1786 ships)
Backend detection triggers: 13 queued, 0 coalesced
Processing file: 2020-12-27 15-44-30.csv...
已更新系统公共变量: latest_ais_data_raw
Pushed update from: 2020-12-27 15-44-30.csv (1670 ships)
Backend detection triggers: 11 queued, 2 coalesced
Processing file: 2020-12-27 15-45-00.csv...
已更新系统公共变量: latest_ais_data_raw
Pushed update from: 2020-12-27 15-45-00.csv (1815 ships)
Backend detection triggers: 13 queued, 0 coalesced
Processing file: 2020-12-27 15-45-30.csv...
已更新系统公共变量: latest_ais_data_raw
Pushed update from: 2020-12-27 15-45-30.csv (1663 ships)
Backend detection triggers: 11 queued, 2 coalesced
Processing file: 2020-12-27 15-46-00.csv...
已更新系统公共变量: latest_ais_data_raw
Pushed update from: 2020-12-27 15-46-00.csv (1785 ships)
Backend detection triggers: 13 queued, 0 coalesced
Processing file: 2020-12-27 15-46-30.csv...
已更新系统公共变量: latest_ais_data_raw
Pushed update from: 2020-12-27 15-46-30.csv (1625 ships)
Backend detection triggers: 11 queued, 2 coalesced
Processing file: 2020-12-27 15-47-00.csv...
已更新系统公共变量: latest_ais_data_raw
Pushed update from: 2020-12-27 15-47-00.csv (1789 ships)
Backend detection triggers: 13 queued, 0 coalesced
Processing file: 2020-12-27 15-47-30.csv...
已更新系统公共变量: latest_ais_data_raw
Pushed update from: 2020-12-27 15-47-30.csv (1672 ships)
Backend detection triggers: 11 queued, 2 coalesced
Processing file: 2020-12-27 15-48-00.csv...
已更新系统公共变量: latest_ais_data_raw
Pushed update from: 2020-12-27 15-48-00.csv (1817 ships)
Backend detection triggers: 12 queued, 1 coalesced
Processing file: 2020-12-27 15-48-30.csv...
已更新系统公共变量: latest_ais_data_raw
Pushed update from: 2020-12-27 15-48-30.csv (1665 ships)
Backend detection triggers: 11 queued, 2 coalesced
Processing file: 2020-12-27 15-49-00.csv...
已更新系统公共变量: latest_ais_data_raw
Pushed update from: 2020-12-27 15-49-00.csv (1785 ships)
Backend detection triggers: 13 queued, 0 coalesced
Processing file: 2020-12-27 15-49-30.csv...
已更新系统公共变量: latest_ais_data_raw
Pushed update from: 2020-12-27 15-49-30.csv (1620 ships)
Backend detection triggers: 11 queued, 2 coalesced
Processing file: 2020-12-27 15-50-00.csv...
已更新系统公共变量: latest_ais_data_raw
Pushed update from: 2020-12-27 15-50-00.csv (1781 ships)
Backend detection triggers: 13 queued, 0 coalesced
Processing file: 2020-12-27 15-50-30.csv...
已更新系统公共变量: latest_ais_data_raw
Pushed update from: 2020-12-27 15-50-30.csv (1663 ships)
Backend detection triggers: 11 queued, 2 coalesced
Processing file: 2020-12-27 15-51-00.csv...
已更新系统公共变量: latest_ais_data_raw
Pushed update from: 2020-12-27 15-51-00.csv (1809 ships)
Backend detection triggers: 13 queued, 0 coalesced
Processing file: 2020-12-27 15-51-30.csv...
已更新系统公共变量: latest_ais_data_raw
Pushed update from: 2020-12-27 15-51-30.csv (1662 ships)
Backend detection triggers: 11 queued, 2 coalesced
Processing file: 2020-12-27 15-52-00.csv...
已更新系统公共变量: latest_ais_data_raw
Pushed update from: 2020-12-27 15-52-00.csv (1780 ships)
Backend detection triggers: 13 queued, 0 coalesced
Processing file: 2020-12-27 15-52-30.csv...
已更新系统公共变量: latest_ais_data_raw
Pushed update from: 2020-12-27 15-52-30.csv (1621 ships)
Backend detection triggers: 11 queued, 2 coalesced
Processing file: 2020-12-27 15-53-00.csv...
已更新系统公共变量: latest_ais_data_raw
Pushed update from: 2020-12-27 15-53-00.csv (1786 ships)
Backend detection triggers: 13 queued, 0 coalesced
Processing file: 2020-12-27 15-53-30.csv...
已更新系统公共变量: latest_ais_data_raw
Pushed update from: 2020-12-27 15-53-30.csv (1664 ships)
Backend detection triggers: 12 queued, 1 coalesced
Processing file: 2020-12-27 15-54-00.csv...
已更新系统公共变量: latest_ais_data_raw
Pushed update from: 2020-12-27 15-54-00.csv (1807 ships)
Backend detection triggers: 12 queued, 1 coalesced
Processing file: 2020-12-27 15-54-30.csv...
已更新系统公共变量: latest_ais_data_raw
Pushed update from: 2020-12-27 15-54-30.csv (1659 ships)
Backend detection triggers: 12 queued, 1 coalesced
Processing file: 2020-12-27 15-55-00.csv...
已更新系统公共变量: latest_ais_data_raw
Pushed update from: 2020-12-27 15-55-00.csv (1775 ships)
Backend detection triggers: 12 queued, 1 coalesced
Processing file: 2020-12-27 15-55-30.csv...
已更新系统公共变量: latest_ais_data_raw
Pushed update from: 2020-12-27 15-55-30.csv (1611 ships)
Backend detection triggers: 12 queued, 1 coalesced
Processing file: 2020-12-27 15-56-00.csv...
已更新系统公共变量: latest_ais_data_raw
Pushed update from: 2020-12-27 15-56-00.csv (1775 ships)
Backend detection triggers: 12 queued, 1 coalesced
Processing file: 2020-12-27 15-56-30.csv...
已更新系统公共变量: latest_ais_data_raw
Pushed update from: 2020-12-27 15-56-30.csv (1658 ships)
Backend detection triggers: 12 queued, 1 coalesced
Processing file: 2020-12-27 15-57-00.csv...
已更新系统公共变量: latest_ais_data_raw
Pushed update from: 2020-12-27 15-57-00.csv (1806 ships)
Backend detection triggers: 12 queued, 1 coalesced
Processing file: 2020-12-27 15-57-30.csv...
已更新系统公共变量: latest_ais_data_raw
Pushed update from: 2020-12-27 15-57-30.csv (1656 ships)
Backend detection triggers: 12 queued, 1 coalesced
Processing file: 2020-12-27 15-58-00.csv...
已更新系统公共变量: latest_ais_data_raw
Pushed update from: 2020-12-27 15-58-00.csv (1776 ships)
Backend detection triggers: 12 queued, 1 coalesced
Processing file: 2020-12-27 15-58-30.csv...
已更新系统公共变量: latest_ais_data_raw
Pushed update from: 2020-12-27 15-58-30.csv (1614 ships)
Backend detection triggers: 12 queued, 1 coalesced
Processing file: 2020-12-27 15-59-00.csv...
已更新系统公共变量: latest_ais_data_raw
Pushed update from: 2020-12-27 15-59-00.csv (1779 ships)
Backend detection triggers: 12 queued, 1 coalesced
Processing file: 2020-12-27 15-59-30.csv...
已更新系统公共变量: latest_ais_data_raw
Pushed update from: 2020-12-27 15-59-30.csv (1656 ships)
Backend detection triggers: 11 queued, 2 coalesced
Processing file: 2020-12-27 16-00-00.csv...
已更新系统公共变量: latest_ais_data_raw
Pushed update from: 2020-12-27 16-00-00.csv (1804 ships)
Backend detection triggers: 13 queued, 0 coalesced
Processing file: 2020-12-27 16-00-30.csv...
已更新系统公共变量: latest_ais_data_raw
Pushed update from: 2020-12-27 16-00-30.csv (1655 ships)
Backend detection triggers: 11 queued, 2 coalesced
Processing file: 2020-12-27 16-01-00.csv...
已更新系统公共变量: latest_ais_data_raw
Pushed update from: 2020-12-27 16-01-00.csv (1777 ships)
Backend detection triggers: 13 queued, 0 coalesced
Processing file: 2020-12-27 16-01-30.csv...
已更新系统公共变量: latest_ais_data_raw
Pushed update from: 2020-12-27 16-01-30.csv (1613 ships)
Backend detection triggers: 11 queued, 2 coalesced
Processing file: 2020-12-27 16-02-00.csv...
已更新系统公共变量: latest_ais_data_raw
Pushed update from: 2020-12-27 16-02-00.csv (1780 ships)
Backend detection triggers: 13 queued, 0 coalesced
Processing file: 2020-12-27 16-02-30.csv...
已更新系统公共变量: latest_ais_data_raw
Pushed update from: 2020-12-27 16-02-30.csv (1656 ships)
Backend detection triggers: 11 queued, 2 coalesced
Processing file: 2020-12-27 16-03-00.csv...
已更新系统公共变量: latest_ais_data_raw
Pushed update from: 2020-12-27 16-03-00.csv (1802 ships)
Backend detection triggers: 13 queued, 0 coalesced
Processing file: 2020-12-27 16-03-30.csv...
已更新系统公共变量: latest_ais_data_raw
Pushed update from: 2020-12-27 16-03-30.csv (1652 ships)
Backend detection triggers: 12 queued, 1 coalesced
Processing file: 2020-12-27 16-04-00.csv...
已更新系统公共变量: latest_ais_data_raw
Pushed update from: 2020-12-27 16-04-00.csv (1774 ships)
Backend detection triggers: 12 queued, 1 coalesced
Processing file: 2020-12-27 16-04-30.csv...
已更新系统公共变量: latest_ais_data_raw
Pushed update from: 2020-12-27 16-04-30.csv (1612 ships)
Backend detection triggers: 12 queued, 1 coalesced
Processing file: 2020-12-27 16-05-00.csv...
已更新系统公共变量: latest_ais_data_raw
Pushed update from: 2020-12-27 16-05-00.csv (1781 ships)
Backend detection triggers: 12 queued, 1 coalesced
Processing file: 2020-12-27 16-05-30.csv...
已更新系统公共变量: latest_ais_data_raw
Pushed update from: 2020-12-27 16-05-30.csv (1660 ships)
Backend detection triggers: 12 queued, 1 coalesced
Processing file: 2020-12-27 16-06-00.csv...
已更新系统公共变量: latest_ais_data_raw
Pushed update from: 2020-12-27 16-06-00.csv (1808 ships)
Backend detection triggers: 12 queued, 1 coalesced
Processing file: 2020-12-27 16-06-30.csv...
已更新系统公共变量: latest_ais_data_raw
Pushed update from: 2020-12-27 16-06-30.csv (1654 ships)
Backend detection triggers: 13 queued, 0 coalesced
Processing file: 2020-12-27 16-07-00.csv...
已更新系统公共变量: latest_ais_data_raw
Pushed update from: 2020-12-27 16-07-00.csv (1776 ships)
Backend detection triggers: 11 queued, 2 coalesced
Processing file: 2020-12-27 16-07-30.csv...
已更新系统公共变量: latest_ais_data_raw
Pushed update from: 2020-12-27 16-07-30.csv (1618 ships)
Backend detection triggers: 13 queued, 0 coalesced
Processing file: 2020-12-27 16-08-00.csv...
已更新系统公共变量: latest_ais_data_raw
Pushed update from: 2020-12-27 16-08-00.csv (1781 ships)
Backend detection triggers: 11 queued, 2 coalesced
Processing file: 2020-12-27 16-08-30.csv...
已更新系统公共变量: latest_ais_data_raw
Pushed update from: 2020-12-27 16-08-30.csv (1659 ships)
Backend detection triggers: 13 queued, 0 coalesced
Processing file: 2020-12-27 16-09-00.csv...
已更新系统公共变量: latest_ais_data_raw
Pushed update from: 2020-12-27 16-09-00.csv (1807 ships)
Backend detection triggers: 11 queued, 2 coalesced
Processing file: 2020-12-27 16-09-30.csv...
已更新系统公共变量: latest_ais_data_raw
Pushed update from: 2020-12-27 16-09-30.csv (1657 ships)
Backend detection triggers: 13 queued, 0 coalesced
Processing file: 2020-12-27 16-10-00.csv...
已更新系统公共变量: latest_ais_data_raw
Pushed update from: 2020-12-27 16-10-00.csv (1774 ships)
Backend detection triggers: 11 queued, 2 coalesced
Processing file: 2020-12-27 16-10-30.csv...
已更新系统公共变量: latest_ais_data_raw
Pushed update from: 2020-12-27 16-10-30.csv (1620 ships)
Backend detection triggers: 13 queued, 0 coalesced
Processing file: 2020-12-27 16-11-00.csv...
已更新系统公共变量: latest_ais_data_raw
Pushed update from: 2020-12-27 16-11-00.csv (1787 ships)
Backend detection triggers: 11 queued, 2 coalesced
Processing file: 2020-12-27 16-11-30.csv...
已更新系统公共变量: latest_ais_data_raw
Pushed update from: 2020-12-27 16-11-30.csv (1665 ships)
Backend detection triggers: 13 queued, 0 coalesced
Processing file: 2020-12-27 16-12-00.csv...
已更新系统公共变量: latest_ais_data_raw
Pushed update from: 2020-12-27 16-12-00.csv (1812 ships)
Backend detection triggers: 11 queued, 2 coalesced
Processing file: 2020-12-27 16-12-30.csv...
已更新系统公共变量: latest_ais_data_raw
Pushed update from: 2020-12-27 16-12-30.csv (1666 ships)
Backend detection triggers: 13 queued, 0 coalesced
Processing file: 2020-12-27 16-13-00.csv...
已更新系统公共变量: latest_ais_data_raw
Pushed update from: 2020-12-27 16-13-00.csv (1782 ships)
Backend detection triggers: 11 queued, 2 coalesced
Processing file: 2020-12-27 16-13-30.csv...
已更新系统公共变量: latest_ais_data_raw
Pushed update from: 2020-12-27 16-13-30.csv (1629 ships)
Backend detection triggers: 11 queued, 2 coalesced
Processing file: 2020-12-27 16-14-00.csv...
已更新系统公共变量: latest_ais_data_raw
Pushed update from: 2020-12-27 16-14-00.csv (1797 ships)
Backend detection triggers: 13 queued, 0 coalesced
Processing file: 2020-12-27 16-14-30.csv...
已更新系统公共变量: latest_ais_data_raw
Pushed update from: 2020-12-27 16-14-30.csv (1671 ships)
Backend detection triggers: 13 queued, 0 coalesced
Processing file: 2020-12-27 16-15-00.csv...
已更新系统公共变量: latest_ais_data_raw
Pushed update from: 2020-12-27 16-15-00.csv (1818 ships)
Backend detection triggers: 11 queued, 2 coalesced
Processing file: 2020-12-27 16-15-30.csv...
已更新系统公共变量: latest_ais_data_raw
Pushed update from: 2020-12-27 16-15-30.csv (1669 ships)
Backend detection triggers: 13 queued, 0 coalesced
Processing file: 2020-12-27 16-16-00.csv...
已更新系统公共变量: latest_ais_data_raw
Pushed update from: 2020-12-27 16-16-00.csv (1785 ships)
Backend detection triggers: 11 queued, 2 coalesced
Processing file: 2020-12-27 16-16-30.csv...
已更新系统公共变量: latest_ais_data_raw
Pushed update from: 2020-12-27 16-16-30.csv (1632 ships)
Backend detection triggers: 13 queued, 0 coalesced
Processing file: 2020-12-27 16-17-00.csv...
已更新系统公共变量: latest_ais_data_raw
Pushed update from: 2020-12-27 16-17-00.csv (1799 ships)
Backend detection triggers: 11 queued, 2 coalesced
Processing file: 2020-12-27 16-17-30.csv...
已更新系统公共变量: latest_ais_data_raw
Pushed update from: 2020-12-27 16-17-30.csv (1673 ships)
Backend detection triggers: 13 queued, 0 coalesced
Processing file: 2020-12-27 16-18-00.csv...
已更新系统公共变量: latest_ais_data_raw
Pushed update from: 2020-12-27 16-18-00.csv (1815 ships)
Backend detection triggers: 11 queued, 2 coalesced
Processing file: 2020-12-27 16-18-30.csv...
已更新系统公共变量: latest_ais_data_raw
Pushed update from: 2020-12-27 16-18-30.csv (1670 ships)
Backend detection triggers: 13 queued, 0 coalesced
Processing file: 2020-12-27 16-19-00.csv...
已更新系统公共变量: latest_ais_data_raw
Pushed update from: 2020-12-27 16-19-00.csv (1788 ships)
Backend detection triggers: 11 queued, 2 coalesced
Processing file: 2020-12-27 16-19-30.csv...
已更新系统公共变量: latest_ais_data_raw
Pushed update from: 2020-12-27 16-19-30.csv (1638 ships)
Backend detection triggers: 13 queued, 0 coalesced
Processing file: 2020-12-27 16-20-00.csv...
已更新系统公共变量: latest_ais_data_raw
Pushed update from: 2020-12-27 16-20-00.csv (1805 ships)
Backend detection triggers: 11 queued, 2 coalesced
Processing file: 2020-12-27 16-20-30.csv...
已更新系统公共变量: latest_ais_data_raw
Pushed update from: 2020-12-27 16-20-30.csv (1679 ships)
Backend detection triggers: 13 queued, 0 coalesced
Processing file: 2020-12-27 16-21-00.csv...
已更新系统公共变量: latest_ais_data_raw
Pushed update from: 2020-12-27 16-21-00.csv (1816 ships)
Backend detection triggers: 11 queued, 2 coalesced
Processing file: 2020-12-27 16-21-30.csv...
已更新系统公共变量: latest_ais_data_raw
Pushed update from: 2020-12-27 16-21-30.csv (1670 ships)
Backend detection triggers: 13 queued, 0 coalesced
Processing file: 2020-12-27 16-22-00.csv...
已更新系统公共变量: latest_ais_data_raw
Pushed update from: 2020-12-27 16-22-00.csv (1787 ships)
Backend detection triggers: 11 queued, 2 coalesced
Processing file: 2020-12-27 16-22-30.csv...
已更新系统公共变量: latest_ais_data_raw
Pushed update from: 2020-12-27 16-22-30.csv (1644 ships)
Backend detection triggers: 13 queued, 0 coalesced
Processing file: 2020-12-27 16-23-00.csv...
已更新系统公共变量: latest_ais_data_raw
Pushed update from: 2020-12-27 16-23-00.csv (1811 ships)
Backend detection triggers: 11 queued, 2 coalesced
Processing file: 2020-12-27 16-23-30.csv...
已更新系统公共变量: latest_ais_data_raw
Pushed update from: 2020-12-27 16-23-30.csv (1684 ships)
Backend detection triggers: 13 queued, 0 coalesced
Processing file: 2020-12-27 16-24-00.csv...
已更新系统公共变量: latest_ais_data_raw
Pushed update from: 2020-12-27 16-24-00.csv (1819 ships)
Backend detection triggers: 11 queued, 2 coalesced
Processing file: 2020-12-27 16-24-30.csv...
已更新系统公共变量: latest_ais_data_raw
Pushed update from: 2020-12-27 16-24-30.csv (1671 ships)
Backend detection triggers: 10 queued, 3 coalesced
Processing file: 2020-12-27 16-25-00.csv...
已更新系统公共变量: latest_ais_data_raw
Pushed update from: 2020-12-27 16-25-00.csv (1782 ships)
Backend detection triggers: 13 queued, 0 coalesced
Processing file: 2020-12-27 16-25-30.csv...
已更新系统公共变量: latest_ais_data_raw
Pushed update from: 2020-12-27 16-25-30.csv (1637 ships)
Backend detection triggers: 11 queued, 2 coalesced
Processing file: 2020-12-27 16-26-00.csv...
已更新系统公共变量: latest_ais_data_raw
Pushed update from: 2020-12-27 16-26-00.csv (1807 ships)
Backend detection triggers: 13 queued, 0 coalesced
Processing file: 2020-12-27 16-26-30.csv...
已更新系统公共变量: latest_ais_data_raw
Pushed update from: 2020-12-27 16-26-30.csv (1682 ships)
Backend detection triggers: 11 queued, 2 coalesced
Processing file: 2020-12-27 16-27-00.csv...
已更新系统公共变量: latest_ais_data_raw
Pushed update from: 2020-12-27 16-27-00.csv (1819 ships)
Backend detection triggers: 11 queued, 2 coalesced
Processing file: 2020-12-27 16-27-30.csv...
已更新系统公共变量: latest_ais_data_raw
Pushed update from: 2020-12-27 16-27-30.csv (1673 ships)
Backend detection triggers: 13 queued, 0 coalesced
Processing file: 2020-12-27 16-28-00.csv...
已更新系统公共变量: latest_ais_data_raw
Pushed update from: 2020-12-27 16-28-00.csv (1788 ships)
Backend detection triggers: 10 queued, 3 coalesced
Processing file: 2020-12-27 16-28-30.csv...
已更新系统公共变量: latest_ais_data_raw
Pushed update from: 2020-12-27 16-28-30.csv (1642 ships)
Backend detection triggers: 13 queued, 0 coalesced
Processing file: 2020-12-27 16-29-00.csv...
已更新系统公共变量: latest_ais_data_raw
Pushed update from: 2020-12-27 16-29-00.csv (1810 ships)
Backend detection triggers: 11 queued, 2 coalesced
Processing file: 2020-12-27 16-29-30.csv...
已更新系统公共变量: latest_ais_data_raw
Pushed update from: 2020-12-27 16-29-30.csv (1683 ships)
Backend detection triggers: 13 queued, 0 coalesced
Processing file: 2020-12-27 16-30-00.csv...
已更新系统公共变量: latest_ais_data_raw
Pushed update from: 2020-12-27 16-30-00.csv (1822 ships)
Backend detection triggers: 11 queued, 2 coalesced
Processing file: 2020-12-27 16-30-30.csv...
已更新系统公共变量: latest_ais_data_raw
Pushed update from: 2020-12-27 16-30-30.csv (1667 ships)
Backend detection triggers: 11 queued, 2 coalesced
Processing file: 2020-12-27 16-31-00.csv...
已更新系统公共变量: latest_ais_data_raw
Pushed update from: 2020-12-27 16-31-00.csv (1783 ships)
Backend detection triggers: 13 queued, 0 coalesced
Processing file: 2020-12-27 16-31-30.csv...
已更新系统公共变量: latest_ais_data_raw
Pushed update from: 2020-12-27 16-31-30.csv (1637 ships)
Backend detection triggers: 11 queued, 2 coalesced
Processing file: 2020-12-27 16-32-00.csv...
已更新系统公共变量: latest_ais_data_raw
Pushed update from: 2020-12-27 16-32-00.csv (1805 ships)
Backend detection triggers: 13 queued, 0 coalesced
Processing file: 2020-12-27 16-32-30.csv...
已更新系统公共变量: latest_ais_data_raw
Pushed update from: 2020-12-27 16-32-30.csv (1674 ships)
Backend detection triggers: 10 queued, 3 coalesced
Processing file: 2020-12-27 16-33-00.csv...
已更新系统公共变量: latest_ais_data_raw
Pushed update from: 2020-12-27 16-33-00.csv (1818 ships)
Backend detection triggers: 11 queued, 2 coalesced
Processing file: 2020-12-27 16-33-30.csv...
已更新系统公共变量: latest_ais_data_raw
Pushed update from: 2020-12-27 16-33-30.csv (1667 ships)
Backend detection triggers: 13 queued, 0 coalesced
Processing file: 2020-12-27 16-34-00.csv...
已更新系统公共变量: latest_ais_data_raw
Pushed update from: 2020-12-27 16-34-00.csv (1785 ships)
Backend detection triggers: 11 queued, 2 coalesced
Processing file: 2020-12-27 16-34-30.csv...
已更新系统公共变量: latest_ais_data_raw
Pushed update from: 2020-12-27 16-34-30.csv (1639 ships)
Backend detection triggers: 13 queued, 0 coalesced
Processing file: 2020-12-27 16-35-00.csv...
已更新系统公共变量: latest_ais_data_raw
Pushed update from: 2020-12-27 16-35-00.csv (1810 ships)
Backend detection triggers: 11 queued, 2 coalesced
Processing file: 2020-12-27 16-35-30.csv...
已更新系统公共变量: latest_ais_data_raw
Pushed update from: 2020-12-27 16-35-30.csv (1675 ships)
Backend detection triggers: 12 queued, 1 coalesced
Processing file: 2020-12-27 16-36-00.csv...
已更新系统公共变量: latest_ais_data_raw
Pushed update from: 2020-12-27 16-36-00.csv (1818 ships)
Backend detection triggers: 12 queued, 1 coalesced
Processing file: 2020-12-27 16-36-30.csv...
已更新系统公共变量: latest_ais_data_raw
Pushed update from: 2020-12-27 16-36-30.csv (1666 ships)
Backend detection triggers: 12 queued, 1 coalesced
Processing file: 2020-12-27 16-37-00.csv...
已更新系统公共变量: latest_ais_data_raw
Pushed update from: 2020-12-27 16-37-00.csv (1785 ships)
Backend detection triggers: 12 queued, 1 coalesced
Processing file: 2020-12-27 16-37-30.csv...
已更新系统公共变量: latest_ais_data_raw
Pushed update from: 2020-12-27 16-37-30.csv (1641 ships)
Backend detection triggers: 12 queued, 1 coalesced
Processing file: 2020-12-27 16-38-00.csv...
已更新系统公共变量: latest_ais_data_raw
Pushed update from: 2020-12-27 16-38-00.csv (1810 ships)
Backend detection triggers: 12 queued, 1 coalesced
Processing file: 2020-12-27 16-38-30.csv...
已更新系统公共变量: latest_ais_data_raw
Pushed update from: 2020-12-27 16-38-30.csv (1678 ships)
Backend detection triggers: 11 queued, 2 coalesced
Processing file: 2020-12-27 16-39-00.csv...
已更新系统公共变量: latest_ais_data_raw
Pushed update from: 2020-12-27 16-39-00.csv (1818 ships)
Backend detection triggers: 12 queued, 1 coalesced
Processing file: 2020-12-27 16-39-30.csv...
已更新系统公共变量: latest_ais_data_raw
Pushed update from: 2020-12-27 16-39-30.csv (1664 ships)
Backend detection triggers: 12 queued, 1 coalesced
Processing file: 2020-12-27 16-40-00.csv...
已更新系统公共变量: latest_ais_data_raw
Pushed update from: 2020-12-27 16-40-00.csv (1782 ships)
Backend detection triggers: 11 queued, 2 coalesced
Processing file: 2020-12-27 16-40-30.csv...
已更新系统公共变量: latest_ais_data_raw
Pushed update from: 2020-12-27 16-40-30.csv (1635 ships)
Backend detection triggers: 12 queued, 1 coalesced
Processing file: 2020-12-27 16-41-00.csv...
已更新系统公共变量: latest_ais_data_raw
Pushed update from: 2020-12-27 16-41-00.csv (1803 ships)
Backend detection triggers: 11 queued, 2 coalesced
Processing file: 2020-12-27 16-41-30.csv...
已更新系统公共变量: latest_ais_data_raw
Pushed update from: 2020-12-27 16-41-30.csv (1673 ships)
Backend detection triggers: 12 queued, 1 coalesced
Processing file: 2020-12-27 16-42-00.csv...
已更新系统公共变量: latest_ais_data_raw
Pushed update from: 2020-12-27 16-42-00.csv (1814 ships)
Backend detection triggers: 12 queued, 1 coalesced
Processing file: 2020-12-27 16-42-30.csv...
已更新系统公共变量: latest_ais_data_raw
Pushed update from: 2020-12-27 16-42-30.csv (1661 ships)
Backend detection triggers: 12 queued, 1 coalesced
Processing file: 2020-12-27 16-43-00.csv...
已更新系统公共变量: latest_ais_data_raw
Pushed update from: 2020-12-27 16-43-00.csv (1785 ships)
Backend detection triggers: 12 queued, 1 coalesced
Processing file: 2020-12-27 16-43-30.csv...
已更新系统公共变量: latest_ais_data_raw
Pushed update from: 2020-12-27 16-43-30.csv (1639 ships)
Backend detection triggers: 11 queued, 2 coalesced
Processing file: 2020-12-27 16-44-00.csv...
已更新系统公共变量: latest_ais_data_raw
Pushed update from: 2020-12-27 16-44-00.csv (1805 ships)
Backend detection triggers: 12 queued, 1 coalesced
Processing file: 2020-12-27 16-44-30.csv...
已更新系统公共变量: latest_ais_data_raw
Pushed update from: 2020-12-27 16-44-30.csv (1678 ships)
Backend detection triggers: 12 queued, 1 coalesced
Processing file: 2020-12-27 16-45-00.csv...
已更新系统公共变量: latest_ais_data_raw
Pushed update from: 2020-12-27 16-45-00.csv (1826 ships)
Backend detection triggers: 12 queued, 1 coalesced
Processing file: 2020-12-27 16-45-30.csv...
已更新系统公共变量: latest_ais_data_raw
Pushed update from: 2020-12-27 16-45-30.csv (1673 ships)
Backend detection triggers: 12 queued, 1 coalesced
Processing file: 2020-12-27 16-46-00.csv...
已更新系统公共变量: latest_ais_data_raw
Pushed update from: 2020-12-27 16-46-00.csv (1797 ships)
Backend detection triggers: 12 queued, 1 coalesced
Processing file: 2020-12-27 16-46-30.csv...
已更新系统公共变量: latest_ais_data_raw
Pushed update from: 2020-12-27 16-46-30.csv (1648 ships)
Backend detection triggers: 11 queued, 2 coalesced
Processing file: 2020-12-27 16-47-00.csv...
已更新系统公共变量: latest_ais_data_raw
Pushed update from: 2020-12-27 16-47-00.csv (1810 ships)
Backend detection triggers: 12 queued, 1 coalesced
Processing file: 2020-12-27 16-47-30.csv...
已更新系统公共变量: latest_ais_data_raw
Pushed update from: 2020-12-27 16-47-30.csv (1682 ships)
Backend detection triggers: 11 queued, 2 coalesced
Processing file: 2020-12-27 16-48-00.csv...
已更新系统公共变量: latest_ais_data_raw
Pushed update from: 2020-12-27 16-48-00.csv (1828 ships)
Backend detection triggers: 13 queued, 0 coalesced
Processing file: 2020-12-27 16-48-30.csv...
已更新系统公共变量: latest_ais_data_raw
Pushed update from: 2020-12-27 16-48-30.csv (1676 ships)
Backend detection triggers: 11 queued, 2 coalesced
Processing file: 2020-12-27 16-49-00.csv...
已更新系统公共变量: latest_ais_data_raw
Pushed update from: 2020-12-27 16-49-00.csv (1799 ships)
Backend detection triggers: 13 queued, 0 coalesced
Processing file: 2020-12-27 16-49-30.csv...
已更新系统公共变量: latest_ais_data_raw
Pushed update from: 2020-12-27 16-49-30.csv (1651 ships)
Backend detection triggers: 11 queued, 2 coalesced
Processing file: 2020-12-27 16-50-00.csv...
已更新系统公共变量: latest_ais_data_raw
Pushed update from: 2020-12-27 16-50-00.csv (1813 ships)
Backend detection triggers: 13 queued, 0 coalesced
Processing file: 2020-12-27 16-50-30.csv...
已更新系统公共变量: latest_ais_data_raw
Pushed update from: 2020-12-27 16-50-30.csv (1685 ships)
Backend detection triggers: 11 queued, 2 coalesced
Processing file: 2020-12-27 16-51-00.csv...
已更新系统公共变量: latest_ais_data_raw
Pushed update from: 2020-12-27 16-51-00.csv (1827 ships)
Backend detection triggers: 11 queued, 2 coalesced
Processing file: 2020-12-27 16-51-30.csv...
已更新系统公共变量: latest_ais_data_raw
Pushed update from: 2020-12-27 16-51-30.csv (1678 ships)
Backend detection triggers: 12 queued, 1 coalesced
Processing file: 2020-12-27 16-52-00.csv...
已更新系统公共变量: latest_ais_data_raw
Pushed update from: 2020-12-27 16-52-00.csv (1804 ships)
Backend detection triggers: 11 queued, 2 coalesced
Processing file: 2020-12-27 16-52-30.csv...
已更新系统公共变量: latest_ais_data_raw
Pushed update from: 2020-12-27 16-52-30.csv (1658 ships)
Backend detection triggers: 11 queued, 2 coalesced
Processing file: 2020-12-27 16-53-00.csv...
已更新系统公共变量: latest_ais_data_raw
Pushed update from: 2020-12-27 16-53-00.csv (1817 ships)
Backend detection triggers: 13 queued, 0 coalesced
Processing file: 2020-12-27 16-53-30.csv...
已更新系统公共变量: latest_ais_data_raw
Pushed update from: 2020-12-27 16-53-30.csv (1689 ships)
Backend detection triggers: 11 queued, 2 coalesced
Processing file: 2020-12-27 16-54-00.csv...
已更新系统公共变量: latest_ais_data_raw
Pushed update from: 2020-12-27 16-54-00.csv (1828 ships)
Backend detection triggers: 12 queued, 1 coalesced
Processing file: 2020-12-27 16-54-30.csv...
已更新系统公共变量: latest_ais_data_raw
Pushed update from: 2020-12-27 16-54-30.csv (1677 ships)
Backend detection triggers: 12 queued, 1 coalesced
Processing file: 2020-12-27 16-55-00.csv...
已更新系统公共变量: latest_ais_data_raw
Pushed update from: 2020-12-27 16-55-00.csv (1803 ships)
Backend detection triggers: 10 queued, 3 coalesced
Processing file: 2020-12-27 16-55-30.csv...
已更新系统公共变量: latest_ais_data_raw
Pushed update from: 2020-12-27 16-55-30.csv (1658 ships)
Backend detection triggers: 13 queued, 0 coalesced
Processing file: 2020-12-27 16-56-00.csv...
已更新系统公共变量: latest_ais_data_raw
Pushed update from: 2020-12-27 16-56-00.csv (1816 ships)
Backend detection triggers: 11 queued, 2 coalesced
Processing file: 2020-12-27 16-56-30.csv...
已更新系统公共变量: latest_ais_data_raw
Pushed update from: 2020-12-27 16-56-30.csv (1693 ships)
Backend detection triggers: 11 queued, 2 coalesced
Processing file: 2020-12-27 16-57-00.csv...
已更新系统公共变量: latest_ais_data_raw
Pushed update from: 2020-12-27 16-57-00.csv (1834 ships)
Backend detection triggers: 12 queued, 1 coalesced
Processing file: 2020-12-27 16-57-30.csv...
已更新系统公共变量: latest_ais_data_raw
Pushed update from: 2020-12-27 16-57-30.csv (1680 ships)
Backend detection triggers: 11 queued, 2 coalesced
Processing file: 2020-12-27 16-58-00.csv...
已更新系统公共变量: latest_ais_data_raw
Pushed update from: 2020-12-27 16-58-00.csv (1805 ships)
Backend detection triggers: 11 queued, 2 coalesced
Processing file: 2020-12-27 16-58-30.csv...
已更新系统公共变量: latest_ais_data_raw
Pushed update from: 2020-12-27 16-58-30.csv (1664 ships)
Backend detection triggers: 12 queued, 1 coalesced
Processing file: 2020-12-27 16-59-00.csv...
已更新系统公共变量: latest_ais_data_raw
Pushed update from: 2020-12-27 16-59-00.csv (1819 ships)
Backend detection triggers: 11 queued, 2 coalesced
Processing file: 2020-12-27 16-59-30.csv...
已更新系统公共变量: latest_ais_data_raw
Pushed update from: 2020-12-27 16-59-30.csv (1694 ships)
Backend detection triggers: 11 queued, 2 coalesced
Processing file: 2020-12-27 17-00-00.csv...
已更新系统公共变量: latest_ais_data_raw
Pushed update from: 2020-12-27 17-00-00.csv (1834 ships)
Backend detection triggers: 13 queued, 0 coalesced
Processing file: 2020-12-27 17-00-30.csv...
已更新系统公共变量: latest_ais_data_raw
Pushed update from: 2020-12-27 17-00-30.csv (1676 ships)
Backend detection triggers: 11 queued, 2 coalesced
Processing file: 2020-12-27 17-01-00.csv...
已更新系统公共变量: latest_ais_data_raw
Pushed update from: 2020-12-27 17-01-00.csv (1801 ships)
Backend detection triggers: 10 queued, 3 coalesced
Processing file: 2020-12-27 17-01-30.csv...
已更新系统公共变量: latest_ais_data_raw
Pushed update from: 2020-12-27 17-01-30.csv (1662 ships)
Backend detection triggers: 13 queued, 0 coalesced
Processing file: 2020-12-27 17-02-00.csv...
已更新系统公共变量: latest_ais_data_raw
Pushed update from: 2020-12-27 17-02-00.csv (1819 ships)
Backend detection triggers: 11 queued, 2 coalesced
Processing file: 2020-12-27 17-02-30.csv...
已更新系统公共变量: latest_ais_data_raw
Pushed update from: 2020-12-27 17-02-30.csv (1697 ships)
Backend detection triggers: 11 queued, 2 coalesced
Processing file: 2020-12-27 17-03-00.csv...
已更新系统公共变量: latest_ais_data_raw
Pushed update from: 2020-12-27 17-03-00.csv (1840 ships)
Backend detection triggers: 13 queued, 0 coalesced
Processing file: 2020-12-27 17-03-30.csv...
已更新系统公共变量: latest_ais_data_raw
Pushed update from: 2020-12-27 17-03-30.csv (1683 ships)
Backend detection triggers: 11 queued, 2 coalesced
Processing file: 2020-12-27 17-04-00.csv...
已更新系统公共变量: latest_ais_data_raw
Pushed update from: 2020-12-27 17-04-00.csv (1809 ships)
Backend detection triggers: 13 queued, 0 coalesced
Processing file: 2020-12-27 17-04-30.csv...
已更新系统公共变量: latest_ais_data_raw
Pushed update from: 2020-12-27 17-04-30.csv (1667 ships)
Backend detection triggers: 11 queued, 2 coalesced
Processing file: 2020-12-27 17-05-00.csv...
已更新系统公共变量: latest_ais_data_raw
Pushed update from: 2020-12-27 17-05-00.csv (1823 ships)
Backend detection triggers: 12 queued, 1 coalesced
Processing file: 2020-12-27 17-05-30.csv...
已更新系统公共变量: latest_ais_data_raw
Pushed update from: 2020-12-27 17-05-30.csv (1699 ships)
Backend detection triggers: 11 queued, 2 coalesced
Processing file: 2020-12-27 17-06-00.csv...
已更新系统公共变量: latest_ais_data_raw
Pushed update from: 2020-12-27 17-06-00.csv (1840 ships)
Backend detection triggers: 12 queued, 1 coalesced
Processing file: 2020-12-27 17-06-30.csv...
已更新系统公共变量: latest_ais_data_raw
Pushed update from: 2020-12-27 17-06-30.csv (1681 ships)
Backend detection triggers: 12 queued, 1 coalesced
Processing file: 2020-12-27 17-07-00.csv...
已更新系统公共变量: latest_ais_data_raw
Pushed update from: 2020-12-27 17-07-00.csv (1805 ships)
Backend detection triggers: 11 queued, 2 coalesced
Processing file: 2020-12-27 17-07-30.csv...
已更新系统公共变量: latest_ais_data_raw
Pushed update from: 2020-12-27 17-07-30.csv (1668 ships)
Backend detection triggers: 12 queued, 1 coalesced
Processing file: 2020-12-27 17-08-00.csv...
已更新系统公共变量: latest_ais_data_raw
Pushed update from: 2020-12-27 17-08-00.csv (1823 ships)
Backend detection triggers: 12 queued, 1 coalesced
Processing file: 2020-12-27 17-08-30.csv...
已更新系统公共变量: latest_ais_data_raw
Pushed update from: 2020-12-27 17-08-30.csv (1701 ships)
Backend detection triggers: 11 queued, 2 coalesced
Processing file: 2020-12-27 17-09-00.csv...
已更新系统公共变量: latest_ais_data_raw
Pushed update from: 2020-12-27 17-09-00.csv (1841 ships)
Backend detection triggers: 13 queued, 0 coalesced
Processing file: 2020-12-27 17-09-30.csv...
已更新系统公共变量: latest_ais_data_raw
Pushed update from: 2020-12-27 17-09-30.csv (1685 ships)
Backend detection triggers: 11 queued, 2 coalesced
Processing file: 2020-12-27 17-10-00.csv...
已更新系统公共变量: latest_ais_data_raw
Pushed update from: 2020-12-27 17-10-00.csv (1806 ships)
Backend detection triggers: 13 queued, 0 coalesced
Processing file: 2020-12-27 17-10-30.csv...
已更新系统公共变量: latest_ais_data_raw
Pushed update from: 2020-12-27 17-10-30.csv (1666 ships)
Backend detection triggers: 11 queued, 2 coalesced
Processing file: 2020-12-27 17-11-00.csv...
已更新系统公共变量: latest_ais_data_raw
Pushed update from: 2020-12-27 17-11-00.csv (1822 ships)
Backend detection triggers: 13 queued, 0 coalesced
Processing file: 2020-12-27 17-11-30.csv...
已更新系统公共变量: latest_ais_data_raw
Pushed update from: 2020-12-27 17-11-30.csv (1706 ships)
Backend detection triggers: 11 queued, 2 coalesced
Processing file: 2020-12-27 17-12-00.csv...
已更新系统公共变量: latest_ais_data_raw
Pushed update from: 2020-12-27 17-12-00.csv (1844 ships)
Backend detection triggers: 13 queued, 0 coalesced
Processing file: 2020-12-27 17-12-30.csv...
已更新系统公共变量: latest_ais_data_raw
Pushed update from: 2020-12-27 17-12-30.csv (1690 ships)
Backend detection triggers: 11 queued, 2 coalesced
Processing file: 2020-12-27 17-13-00.csv...
已更新系统公共变量: latest_ais_data_raw
Pushed update from: 2020-12-27 17-13-00.csv (1813 ships)
Backend detection triggers: 12 queued, 1 coalesced
Processing file: 2020-12-27 17-13-30.csv...
已更新系统公共变量: latest_ais_data_raw
Pushed update from: 2020-12-27 17-13-30.csv (1674 ships)
Backend detection triggers: 12 queued, 1 coalesced
Processing file: 2020-12-27 17-14-00.csv...
已更新系统公共变量: latest_ais_data_raw
Pushed update from: 2020-12-27 17-14-00.csv (1826 ships)
Backend detection triggers: 11 queued, 2 coalesced
Processing file: 2020-12-27 17-14-30.csv...
已更新系统公共变量: latest_ais_data_raw
Pushed update from: 2020-12-27 17-14-30.csv (1712 ships)
Backend detection triggers: 13 queued, 0 coalesced
Processing file: 2020-12-27 17-15-00.csv...
已更新系统公共变量: latest_ais_data_raw
Pushed update from: 2020-12-27 17-15-00.csv (1848 ships)
Backend detection triggers: 11 queued, 2 coalesced
Processing file: 2020-12-27 17-15-30.csv...
已更新系统公共变量: latest_ais_data_raw
Pushed update from: 2020-12-27 17-15-30.csv (1694 ships)
Backend detection triggers: 12 queued, 1 coalesced
Processing file: 2020-12-27 17-16-00.csv...
已更新系统公共变量: latest_ais_data_raw
Pushed update from: 2020-12-27 17-16-00.csv (1817 ships)
Backend detection triggers: 12 queued, 1 coalesced
Processing file: 2020-12-27 17-16-30.csv...
已更新系统公共变量: latest_ais_data_raw
Pushed update from: 2020-12-27 17-16-30.csv (1679 ships)
Backend detection triggers: 11 queued, 2 coalesced
Processing file: 2020-12-27 17-17-00.csv...
已更新系统公共变量: latest_ais_data_raw
Pushed update from: 2020-12-27 17-17-00.csv (1831 ships)
Backend detection triggers: 13 queued, 0 coalesced
Processing file: 2020-12-27 17-17-30.csv...
已更新系统公共变量: latest_ais_data_raw
Pushed update from: 2020-12-27 17-17-30.csv (1717 ships)
Backend detection triggers: 11 queued, 2 coalesced
Processing file: 2020-12-27 17-18-00.csv...
已更新系统公共变量: latest_ais_data_raw
Pushed update from: 2020-12-27 17-18-00.csv (1849 ships)
Backend detection triggers: 13 queued, 0 coalesced
Processing file: 2020-12-27 17-18-30.csv...
已更新系统公共变量: latest_ais_data_raw
Pushed update from: 2020-12-27 17-18-30.csv (1697 ships)
Backend detection triggers: 11 queued, 2 coalesced
Processing file: 2020-12-27 17-19-00.csv...
已更新系统公共变量: latest_ais_data_raw
Pushed update from: 2020-12-27 17-19-00.csv (1823 ships)
Backend detection triggers: 13 queued, 0 coalesced
Processing file: 2020-12-27 17-19-30.csv...
已更新系统公共变量: latest_ais_data_raw
Pushed update from: 2020-12-27 17-19-30.csv (1682 ships)
Backend detection triggers: 11 queued, 2 coalesced
Processing file: 2020-12-27 17-20-00.csv...
已更新系统公共变量: latest_ais_data_raw
Pushed update from: 2020-12-27 17-20-00.csv (1839 ships)
Backend detection triggers: 12 queued, 1 coalesced
Processing file: 2020-12-27 17-20-30.csv...
已更新系统公共变量: latest_ais_data_raw
Pushed update from: 2020-12-27 17-20-30.csv (1727 ships)
Backend detection triggers: 12 queued, 1 coalesced
Processing file: 2020-12-27 17-21-00.csv...
已更新系统公共变量: latest_ais_data_raw
Pushed update from: 2020-12-27 17-21-00.csv (1858 ships)
Backend detection triggers: 12 queued, 1 coalesced
Processing file: 2020-12-27 17-21-30.csv...
已更新系统公共变量: latest_ais_data_raw
Pushed update from: 2020-12-27 17-21-30.csv (1700 ships)
Backend detection triggers: 11 queued, 2 coalesced
Processing file: 2020-12-27 17-22-00.csv...
已更新系统公共变量: latest_ais_data_raw
Pushed update from: 2020-12-27 17-22-00.csv (1826 ships)
Backend detection triggers: 12 queued, 1 coalesced
Processing file: 2020-12-27 17-22-30.csv...
已更新系统公共变量: latest_ais_data_raw
Pushed update from: 2020-12-27 17-22-30.csv (1684 ships)
Backend detection triggers: 12 queued, 1 coalesced
Processing file: 2020-12-27 17-23-00.csv...
已更新系统公共变量: latest_ais_data_raw
Pushed update from: 2020-12-27 17-23-00.csv (1842 ships)
Backend detection triggers: 12 queued, 1 coalesced
Processing file: 2020-12-27 17-23-30.csv...
已更新系统公共变量: latest_ais_data_raw
Pushed update from: 2020-12-27 17-23-30.csv (1728 ships)
Backend detection triggers: 12 queued, 1 coalesced
Processing file: 2020-12-27 17-24-00.csv...
已更新系统公共变量: latest_ais_data_raw
Pushed update from: 2020-12-27 17-24-00.csv (1861 ships)
Backend detection triggers: 12 queued, 1 coalesced
Processing file: 2020-12-27 17-24-30.csv...
已更新系统公共变量: latest_ais_data_raw
Pushed update from: 2020-12-27 17-24-30.csv (1700 ships)
Backend detection triggers: 12 queued, 1 coalesced
Processing file: 2020-12-27 17-25-00.csv...
已更新系统公共变量: latest_ais_data_raw
Pushed update from: 2020-12-27 17-25-00.csv (1830 ships)
Backend detection triggers: 12 queued, 1 coalesced
Processing file: 2020-12-27 17-25-30.csv...
已更新系统公共变量: latest_ais_data_raw
Pushed update from: 2020-12-27 17-25-30.csv (1679 ships)
Backend detection triggers: 10 queued, 3 coalesced
Processing file: 2020-12-27 17-26-00.csv...
已更新系统公共变量: latest_ais_data_raw
Pushed update from: 2020-12-27 17-26-00.csv (1835 ships)
Backend detection triggers: 12 queued, 1 coalesced
Processing file: 2020-12-27 17-26-30.csv...
已更新系统公共变量: latest_ais_data_raw
Pushed update from: 2020-12-27 17-26-30.csv (1719 ships)
Backend detection triggers: 12 queued, 1 coalesced
Processing file: 2020-12-27 17-27-00.csv...
已更新系统公共变量: latest_ais_data_raw
Pushed update from: 2020-12-27 17-27-00.csv (1858 ships)
Backend detection triggers: 11 queued, 2 coalesced
Processing file: 2020-12-27 17-27-30.csv...
已更新系统公共变量: latest_ais_data_raw
Pushed update from: 2020-12-27 17-27-30.csv (1698 ships)
Backend detection triggers: 12 queued, 1 coalesced
Processing file: 2020-12-27 17-28-00.csv...
已更新系统公共变量: latest_ais_data_raw
Pushed update from: 2020-12-27 17-28-00.csv (1825 ships)
Backend detection triggers: 12 queued, 1 coalesced
Processing file: 2020-12-27 17-28-30.csv...
已更新系统公共变量: latest_ais_data_raw
Pushed update from: 2020-12-27 17-28-30.csv (1671 ships)
Backend detection triggers: 12 queued, 1 coalesced
Processing file: 2020-12-27 17-29-00.csv...
已更新系统公共变量: latest_ais_data_raw
Pushed update from: 2020-12-27 17-29-00.csv (1830 ships)
Backend detection triggers: 12 queued, 1 coalesced
Processing file: 2020-12-27 17-29-30.csv...
已更新系统公共变量: latest_ais_data_raw
Pushed update from: 2020-12-27 17-29-30.csv (1709 ships)
Backend detection triggers: 11 queued, 2 coalesced
Processing file: 2020-12-27 17-30-00.csv...
已更新系统公共变量: latest_ais_data_raw
Pushed update from: 2020-12-27 17-30-00.csv (1843 ships)
Backend detection triggers: 13 queued, 0 coalesced
Processing file: 2020-12-27 17-30-30.csv...
已更新系统公共变量: latest_ais_data_raw
Pushed update from: 2020-12-27 17-30-30.csv (1684 ships)
Backend detection triggers: 11 queued, 2 coalesced
Processing file: 2020-12-27 17-31-00.csv...
已更新系统公共变量: latest_ais_data_raw
Pushed update from: 2020-12-27 17-31-00.csv (1817 ships)
Backend detection triggers: 13 queued, 0 coalesced
Processing file: 2020-12-27 17-31-30.csv...
已更新系统公共变量: latest_ais_data_raw
Pushed update from: 2020-12-27 17-31-30.csv (1663 ships)
Backend detection triggers: 11 queued, 2 coalesced
Processing file: 2020-12-27 17-32-00.csv...
已更新系统公共变量: latest_ais_data_raw
Pushed update from: 2020-12-27 17-32-00.csv (1823 ships)
Backend detection triggers: 13 queued, 0 coalesced
Processing file: 2020-12-27 17-32-30.csv...
已更新系统公共变量: latest_ais_data_raw
Pushed update from: 2020-12-27 17-32-30.csv (1708 ships)
Backend detection triggers: 11 queued, 2 coalesced
Processing file: 2020-12-27 17-33-00.csv...
已更新系统公共变量: latest_ais_data_raw
Pushed update from: 2020-12-27 17-33-00.csv (1843 ships)
Backend detection triggers: 13 queued, 0 coalesced
Processing file: 2020-12-27 17-33-30.csv...
已更新系统公共变量: latest_ais_data_raw
Pushed update from: 2020-12-27 17-33-30.csv (1683 ships)
Backend detection triggers: 11 queued, 2 coalesced
Processing file: 2020-12-27 17-34-00.csv...
已更新系统公共变量: latest_ais_data_raw
Pushed update from: 2020-12-27 17-34-00.csv (1814 ships)
Backend detection triggers: 13 queued, 0 coalesced
Processing file: 2020-12-27 17-34-30.csv...
已更新系统公共变量: latest_ais_data_raw
Pushed update from: 2020-12-27 17-34-30.csv (1660 ships)
Backend detection triggers: 11 queued, 2 coalesced
Processing file: 2020-12-27 17-35-00.csv...
已更新系统公共变量: latest_ais_data_raw
Pushed update from: 2020-12-27 17-35-00.csv (1821 ships)
Backend detection triggers: 13 queued, 0 coalesced
Processing file: 2020-12-27 17-35-30.csv...
已更新系统公共变量: latest_ais_data_raw
Pushed update from: 2020-12-27 17-35-30.csv (1704 ships)
Backend detection triggers: 11 queued, 2 coalesced
Processing file: 2020-12-27 17-36-00.csv...
已更新系统公共变量: latest_ais_data_raw
Pushed update from: 2020-12-27 17-36-00.csv (1839 ships)
Backend detection triggers: 12 queued, 1 coalesced
Processing file: 2020-12-27 17-36-30.csv...
已更新系统公共变量: latest_ais_data_raw
Pushed update from: 2020-12-27 17-36-30.csv (1682 ships)
Backend detection triggers: 12 queued, 1 coalesced
Processing file: 2020-12-27 17-37-00.csv...
已更新系统公共变量: latest_ais_data_raw
Pushed update from: 2020-12-27 17-37-00.csv (1815 ships)
Backend detection triggers: 12 queued, 1 coalesced
Processing file: 2020-12-27 17-37-30.csv...
已更新系统公共变量: latest_ais_data_raw
Pushed update from: 2020-12-27 17-37-30.csv (1663 ships)
Backend detection triggers: 12 queued, 1 coalesced
Processing file: 2020-12-27 17-38-00.csv...
已更新系统公共变量: latest_ais_data_raw
Pushed update from: 2020-12-27 17-38-00.csv (1817 ships)
Backend detection triggers: 11 queued, 2 coalesced
Processing file: 2020-12-27 17-38-30.csv...
已更新系统公共变量: latest_ais_data_raw
Pushed update from: 2020-12-27 17-38-30.csv (1699 ships)
Backend detection triggers: 12 queued, 1 coalesced
Processing file: 2020-12-27 17-39-00.csv...
已更新系统公共变量: latest_ais_data_raw
Pushed update from: 2020-12-27 17-39-00.csv (1832 ships)
Backend detection triggers: 11 queued, 2 coalesced
Processing file: 2020-12-27 17-39-30.csv...
已更新系统公共变量: latest_ais_data_raw
Pushed update from: 2020-12-27 17-39-30.csv (1676 ships)
Backend detection triggers: 13 queued, 0 coalesced
Processing file: 2020-12-27 17-40-00.csv...
已更新系统公共变量: latest_ais_data_raw
Pushed update from: 2020-12-27 17-40-00.csv (1815 ships)
Backend detection triggers: 11 queued, 2 coalesced
Processing file: 2020-12-27 17-40-30.csv...
已更新系统公共变量: latest_ais_data_raw
Pushed update from: 2020-12-27 17-40-30.csv (1659 ships)
Backend detection triggers: 12 queued, 1 coalesced
Processing file: 2020-12-27 17-41-00.csv...
已更新系统公共变量: latest_ais_data_raw
Pushed update from: 2020-12-27 17-41-00.csv (1814 ships)
Backend detection triggers: 12 queued, 1 coalesced
Processing file: 2020-12-27 17-41-30.csv...
已更新系统公共变量: latest_ais_data_raw
Pushed update from: 2020-12-27 17-41-30.csv (1696 ships)
Backend detection triggers: 11 queued, 2 coalesced
Processing file: 2020-12-27 17-42-00.csv...
已更新系统公共变量: latest_ais_data_raw
Pushed update from: 2020-12-27 17-42-00.csv (1829 ships)
Backend detection triggers: 12 queued, 1 coalesced
Processing file: 2020-12-27 17-42-30.csv...
已更新系统公共变量: latest_ais_data_raw
Pushed update from: 2020-12-27 17-42-30.csv (1671 ships)
Backend detection triggers: 11 queued, 2 coalesced
Processing file: 2020-12-27 17-43-00.csv...
已更新系统公共变量: latest_ais_data_raw
Pushed update from: 2020-12-27 17-43-00.csv (1809 ships)
Backend detection triggers: 13 queued, 0 coalesced
Processing file: 2020-12-27 17-43-30.csv...
已更新系统公共变量: latest_ais_data_raw
Pushed update from: 2020-12-27 17-43-30.csv (1656 ships)
Backend detection triggers: 11 queued, 2 coalesced
Processing file: 2020-12-27 17-44-00.csv...
已更新系统公共变量: latest_ais_data_raw
Pushed update from: 2020-12-27 17-44-00.csv (1810 ships)
Backend detection triggers: 13 queued, 0 coalesced
Processing file: 2020-12-27 17-44-30.csv...
已更新系统公共变量: latest_ais_data_raw
Pushed update from: 2020-12-27 17-44-30.csv (1692 ships)
Backend detection triggers: 11 queued, 2 coalesced
Processing file: 2020-12-27 17-45-00.csv...
已更新系统公共变量: latest_ais_data_raw
Pushed update from: 2020-12-27 17-45-00.csv (1823 ships)
Backend detection triggers: 11 queued, 2 coalesced
Processing file: 2020-12-27 17-45-30.csv...
已更新系统公共变量: latest_ais_data_raw
Pushed update from: 2020-12-27 17-45-30.csv (1661 ships)
Backend detection triggers: 12 queued, 1 coalesced
Processing file: 2020-12-27 17-46-00.csv...
已更新系统公共变量: latest_ais_data_raw
Pushed update from: 2020-12-27 17-46-00.csv (1799 ships)
Backend detection triggers: 12 queued, 1 coalesced
Processing file: 2020-12-27 17-46-30.csv...
已更新系统公共变量: latest_ais_data_raw
Pushed update from: 2020-12-27 17-46-30.csv (1650 ships)
Backend detection triggers: 12 queued, 1 coalesced
Processing file: 2020-12-27 17-47-00.csv...
已更新系统公共变量: latest_ais_data_raw
Pushed update from: 2020-12-27 17-47-00.csv (1804 ships)
Backend detection triggers: 12 queued, 1 coalesced
Processing file: 2020-12-27 17-47-30.csv...
已更新系统公共变量: latest_ais_data_raw
Pushed update from: 2020-12-27 17-47-30.csv (1686 ships)
Backend detection triggers: 12 queued, 1 coalesced
Processing file: 2020-12-27 17-48-00.csv...
已更新系统公共变量: latest_ais_data_raw
Pushed update from: 2020-12-27 17-48-00.csv (1826 ships)
Backend detection triggers: 11 queued, 2 coalesced
Processing file: 2020-12-27 17-48-30.csv...
已更新系统公共变量: latest_ais_data_raw
Pushed update from: 2020-12-27 17-48-30.csv (1664 ships)
Backend detection triggers: 12 queued, 1 coalesced
Processing file: 2020-12-27 17-49-00.csv...
已更新系统公共变量: latest_ais_data_raw
Pushed update from: 2020-12-27 17-49-00.csv (1801 ships)
Backend detection triggers: 12 queued, 1 coalesced
Processing file: 2020-12-27 17-49-30.csv...
已更新系统公共变量: latest_ais_data_raw
Pushed update from: 2020-12-27 17-49-30.csv (1655 ships)
Backend detection triggers: 12 queued, 1 coalesced
Processing file: 2020-12-27 17-50-00.csv...
已更新系统公共变量: latest_ais_data_raw
Pushed update from: 2020-12-27 17-50-00.csv (1811 ships)
Backend detection triggers: 12 queued, 1 coalesced
Processing file: 2020-12-27 17-50-30.csv...
已更新系统公共变量: latest_ais_data_raw
Pushed update from: 2020-12-27 17-50-30.csv (1681 ships)
Backend detection triggers: 12 queued, 1 coalesced
Processing file: 2020-12-27 17-51-00.csv...
已更新系统公共变量: latest_ais_data_raw
Pushed update from: 2020-12-27 17-51-00.csv (1821 ships)
Backend detection triggers: 12 queued, 1 coalesced
Processing file: 2020-12-27 17-51-30.csv...
已更新系统公共变量: latest_ais_data_raw
Pushed update from: 2020-12-27 17-51-30.csv (1661 ships)
Backend detection triggers: 11 queued, 2 coalesced
Processing file: 2020-12-27 17-52-00.csv...
已更新系统公共变量: latest_ais_data_raw
Pushed update from: 2020-12-27 17-52-00.csv (1797 ships)
Backend detection triggers: 12 queued, 1 coalesced
Processing file: 2020-12-27 17-52-30.csv...
已更新系统公共变量: latest_ais_data_raw
Pushed update from: 2020-12-27 17-52-30.csv (1653 ships)
Backend detection triggers: 12 queued, 1 coalesced
Processing file: 2020-12-27 17-53-00.csv...
已更新系统公共变量: latest_ais_data_raw
Pushed update from: 2020-12-27 17-53-00.csv (1810 ships)
Backend detection triggers: 12 queued, 1 coalesced
Processing file: 2020-12-27 17-53-30.csv...
已更新系统公共变量: latest_ais_data_raw
Pushed update from: 2020-12-27 17-53-30.csv (1684 ships)
Backend detection triggers: 12 queued, 1 coalesced
Processing file: 2020-12-27 17-54-00.csv...
已更新系统公共变量: latest_ais_data_raw
Pushed update from: 2020-12-27 17-54-00.csv (1824 ships)
Backend detection triggers: 12 queued, 1 coalesced
Processing file: 2020-12-27 17-54-30.csv...
已更新系统公共变量: latest_ais_data_raw
Pushed update from: 2020-12-27 17-54-30.csv (1666 ships)
Backend detection triggers: 12 queued, 1 coalesced
Processing file: 2020-12-27 17-55-00.csv...
已更新系统公共变量: latest_ais_data_raw
Pushed update from: 2020-12-27 17-55-00.csv (1803 ships)
Backend detection triggers: 12 queued, 1 coalesced
Processing file: 2020-12-27 17-55-30.csv...
已更新系统公共变量: latest_ais_data_raw
Pushed update from: 2020-12-27 17-55-30.csv (1660 ships)
Backend detection triggers: 12 queued, 1 coalesced
Processing file: 2020-12-27 17-56-00.csv...
已更新系统公共变量: latest_ais_data_raw
Pushed update from: 2020-12-27 17-56-00.csv (1817 ships)
Backend detection triggers: 12 queued, 1 coalesced
Processing file: 2020-12-27 17-56-30.csv...
已更新系统公共变量: latest_ais_data_raw
Pushed update from: 2020-12-27 17-56-30.csv (1690 ships)
Backend detection triggers: 12 queued, 1 coalesced
Processing file: 2020-12-27 17-57-00.csv...
已更新系统公共变量: latest_ais_data_raw
Pushed update from: 2020-12-27 17-57-00.csv (1828 ships)
Backend detection triggers: 12 queued, 1 coalesced
Processing file: 2020-12-27 17-57-30.csv...
已更新系统公共变量: latest_ais_data_raw
Pushed update from: 2020-12-27 17-57-30.csv (1665 ships)
Backend detection triggers: 12 queued, 1 coalesced
Processing file: 2020-12-27 17-58-00.csv...
已更新系统公共变量: latest_ais_data_raw
Pushed update from: 2020-12-27 17-58-00.csv (1800 ships)
Backend detection triggers: 12 queued, 1 coalesced
Processing file: 2020-12-27 17-58-30.csv...
已更新系统公共变量: latest_ais_data_raw
Pushed update from: 2020-12-27 17-58-30.csv (1660 ships)
Backend detection triggers: 11 queued, 2 coalesced
Processing file: 2020-12-27 17-59-00.csv...
已更新系统公共变量: latest_ais_data_raw
Pushed update from: 2020-12-27 17-59-00.csv (1815 ships)
Backend detection triggers: 13 queued, 0 coalesced
Processing file: 2020-12-27 17-59-30.csv...
已更新系统公共变量: latest_ais_data_raw
Pushed update from: 2020-12-27 17-59-30.csv (1686 ships)
Backend detection triggers: 11 queued, 2 coalesced
Processing file: 2020-12-27 18-00-00.csv...
已更新系统公共变量: latest_ais_data_raw
Pushed update from: 2020-12-27 18-00-00.csv (1828 ships)
Backend detection triggers: 13 queued, 0 coalesced
Processing file: 2020-12-27 18-00-30.csv...
已更新系统公共变量: latest_ais_data_raw
Pushed update from: 2020-12-27 18-00-30.csv (1661 ships)
Backend detection triggers: 11 queued, 2 coalesced
Processing file: 2020-12-27 18-01-00.csv...
已更新系统公共变量: latest_ais_data_raw
Pushed update from: 2020-12-27 18-01-00.csv (1794 ships)
Backend detection triggers: 13 queued, 0 coalesced
Processing file: 2020-12-27 18-01-30.csv...
已更新系统公共变量: latest_ais_data_raw
Pushed update from: 2020-12-27 18-01-30.csv (1659 ships)
Backend detection triggers: 11 queued, 2 coalesced
Processing file: 2020-12-27 18-02-00.csv...
已更新系统公共变量: latest_ais_data_raw
Pushed update from: 2020-12-27 18-02-00.csv (1817 ships)
Backend detection triggers: 12 queued, 1 coalesced
Processing file: 2020-12-27 18-02-30.csv...
已更新系统公共变量: latest_ais_data_raw
Pushed update from: 2020-12-27 18-02-30.csv (1692 ships)
Backend detection triggers: 12 queued, 1 coalesced
Processing file: 2020-12-27 18-03-00.csv...
已更新系统公共变量: latest_ais_data_raw
Pushed update from: 2020-12-27 18-03-00.csv (1836 ships)
Backend detection triggers: 12 queued, 1 coalesced
Processing file: 2020-12-27 18-03-30.csv...
已更新系统公共变量: latest_ais_data_raw
Pushed update from: 2020-12-27 18-03-30.csv (1671 ships)
Backend detection triggers: 11 queued, 2 coalesced
Processing file: 2020-12-27 18-04-00.csv...
已更新系统公共变量: latest_ais_data_raw
Pushed update from: 2020-12-27 18-04-00.csv (1801 ships)
Backend detection triggers: 12 queued, 1 coalesced
Processing file: 2020-12-27 18-04-30.csv...
已更新系统公共变量: latest_ais_data_raw
Pushed update from: 2020-12-27 18-04-30.csv (1664 ships)
Backend detection triggers: 12 queued, 1 coalesced
Processing file: 2020-12-27 18-05-00.csv...
已更新系统公共变量: latest_ais_data_raw
Pushed update from: 2020-12-27 18-05-00.csv (1823 ships)
Backend detection triggers: 12 queued, 1 coalesced
Processing file: 2020-12-27 18-05-30.csv...
已更新系统公共变量: latest_ais_data_raw
Pushed update from: 2020-12-27 18-05-30.csv (1693 ships)
Backend detection triggers: 11 queued, 2 coalesced
Processing file: 2020-12-27 18-06-00.csv...
已更新系统公共变量: latest_ais_data_raw
Pushed update from: 2020-12-27 18-06-00.csv (1836 ships)
Backend detection triggers: 12 queued, 1 coalesced
Processing file: 2020-12-27 18-06-30.csv...
已更新系统公共变量: latest_ais_data_raw
Pushed update from: 2020-12-27 18-06-30.csv (1673 ships)
Backend detection triggers: 12 queued, 1 coalesced
Processing file: 2020-12-27 18-07-00.csv...
已更新系统公共变量: latest_ais_data_raw
Pushed update from: 2020-12-27 18-07-00.csv (1803 ships)
Backend detection triggers: 12 queued, 1 coalesced
Processing file: 2020-12-27 18-07-30.csv...
已更新系统公共变量: latest_ais_data_raw
Pushed update from: 2020-12-27 18-07-30.csv (1666 ships)
Backend detection triggers: 12 queued, 1 coalesced
Processing file: 2020-12-27 18-08-00.csv...
已更新系统公共变量: latest_ais_data_raw
Pushed update from: 2020-12-27 18-08-00.csv (1825 ships)
Backend detection triggers: 12 queued, 1 coalesced
Processing file: 2020-12-27 18-08-30.csv...
已更新系统公共变量: latest_ais_data_raw
Pushed update from: 2020-12-27 18-08-30.csv (1693 ships)
Backend detection triggers: 12 queued, 1 coalesced
Processing file: 2020-12-27 18-09-00.csv...
已更新系统公共变量: latest_ais_data_raw
Pushed update from: 2020-12-27 18-09-00.csv (1831 ships)
Backend detection triggers: 12 queued, 1 coalesced
Processing file: 2020-12-27 18-09-30.csv...
已更新系统公共变量: latest_ais_data_raw
Pushed update from: 2020-12-27 18-09-30.csv (1671 ships)
Backend detection triggers: 11 queued, 2 coalesced
Processing file: 2020-12-27 18-10-00.csv...
已更新系统公共变量: latest_ais_data_raw
Pushed update from: 2020-12-27 18-10-00.csv (1798 ships)
Backend detection triggers: 13 queued, 0 coalesced
Processing file: 2020-12-27 18-10-30.csv...
已更新系统公共变量: latest_ais_data_raw
Pushed update from: 2020-12-27 18-10-30.csv (1657 ships)
Backend detection triggers: 11 queued, 2 coalesced
Processing file: 2020-12-27 18-11-00.csv...
已更新系统公共变量: latest_ais_data_raw
Pushed update from: 2020-12-27 18-11-00.csv (1818 ships)
Backend detection triggers: 13 queued, 0 coalesced
Processing file: 2020-12-27 18-11-30.csv...
已更新系统公共变量: latest_ais_data_raw
Pushed update from: 2020-12-27 18-11-30.csv (1688 ships)
Backend detection triggers: 11 queued, 2 coalesced
Processing file: 2020-12-27 18-12-00.csv...
已更新系统公共变量: latest_ais_data_raw
Pushed update from: 2020-12-27 18-12-00.csv (1822 ships)
Backend detection triggers: 13 queued, 0 coalesced
Processing file: 2020-12-27 18-12-30.csv...
已更新系统公共变量: latest_ais_data_raw
Pushed update from: 2020-12-27 18-12-30.csv (1665 ships)
Backend detection triggers: 10 queued, 3 coalesced
Processing file: 2020-12-27 18-13-00.csv...
已更新系统公共变量: latest_ais_data_raw
Pushed update from: 2020-12-27 18-13-00.csv (1795 ships)
Backend detection triggers: 13 queued, 0 coalesced
Processing file: 2020-12-27 18-13-30.csv...
已更新系统公共变量: latest_ais_data_raw
Pushed update from: 2020-12-27 18-13-30.csv (1656 ships)
Backend detection triggers: 11 queued, 2 coalesced
Processing file: 2020-12-27 18-14-00.csv...
已更新系统公共变量: latest_ais_data_raw
Pushed update from: 2020-12-27 18-14-00.csv (1816 ships)
Backend detection triggers: 12 queued, 1 coalesced
Processing file: 2020-12-27 18-14-30.csv...
已更新系统公共变量: latest_ais_data_raw
Pushed update from: 2020-12-27 18-14-30.csv (1687 ships)
Backend detection triggers: 12 queued, 1 coalesced
Processing file: 2020-12-27 18-15-00.csv...
已更新系统公共变量: latest_ais_data_raw
Pushed update from: 2020-12-27 18-15-00.csv (1819 ships)
Backend detection triggers: 12 queued, 1 coalesced
Processing file: 2020-12-27 18-15-30.csv...
已更新系统公共变量: latest_ais_data_raw
Pushed update from: 2020-12-27 18-15-30.csv (1657 ships)
Backend detection triggers: 12 queued, 1 coalesced
Processing file: 2020-12-27 18-16-00.csv...
已更新系统公共变量: latest_ais_data_raw
Pushed update from: 2020-12-27 18-16-00.csv (1786 ships)
Backend detection triggers: 11 queued, 2 coalesced
Processing file: 2020-12-27 18-16-30.csv...
已更新系统公共变量: latest_ais_data_raw
Pushed update from: 2020-12-27 18-16-30.csv (1646 ships)
Backend detection triggers: 13 queued, 0 coalesced
Processing file: 2020-12-27 18-17-00.csv...
已更新系统公共变量: latest_ais_data_raw
Pushed update from: 2020-12-27 18-17-00.csv (1807 ships)
Backend detection triggers: 11 queued, 2 coalesced
Processing file: 2020-12-27 18-17-30.csv...
已更新系统公共变量: latest_ais_data_raw
Pushed update from: 2020-12-27 18-17-30.csv (1683 ships)
Backend detection triggers: 13 queued, 0 coalesced
Processing file: 2020-12-27 18-18-00.csv...
已更新系统公共变量: latest_ais_data_raw
Pushed update from: 2020-12-27 18-18-00.csv (1814 ships)
Backend detection triggers: 11 queued, 2 coalesced
Processing file: 2020-12-27 18-18-30.csv...
已更新系统公共变量: latest_ais_data_raw
Pushed update from: 2020-12-27 18-18-30.csv (1655 ships)
Backend detection triggers: 12 queued, 1 coalesced
Processing file: 2020-12-27 18-19-00.csv...
已更新系统公共变量: latest_ais_data_raw
Pushed update from: 2020-12-27 18-19-00.csv (1784 ships)
Backend detection triggers: 12 queued, 1 coalesced
Processing file: 2020-12-27 18-19-30.csv...
已更新系统公共变量: latest_ais_data_raw
Pushed update from: 2020-12-27 18-19-30.csv (1642 ships)
Backend detection triggers: 12 queued, 1 coalesced
Processing file: 2020-12-27 18-20-00.csv...
已更新系统公共变量: latest_ais_data_raw
Pushed update from: 2020-12-27 18-20-00.csv (1804 ships)
Backend detection triggers: 12 queued, 1 coalesced
Processing file: 2020-12-27 18-20-30.csv...
已更新系统公共变量: latest_ais_data_raw
Pushed update from: 2020-12-27 18-20-30.csv (1676 ships)
Backend detection triggers: 11 queued, 2 coalesced
Processing file: 2020-12-27 18-21-00.csv...
已更新系统公共变量: latest_ais_data_raw
Pushed update from: 2020-12-27 18-21-00.csv (1810 ships)
Backend detection triggers: 12 queued, 1 coalesced
Processing file: 2020-12-27 18-21-30.csv...
已更新系统公共变量: latest_ais_data_raw
Pushed update from: 2020-12-27 18-21-30.csv (1650 ships)
Backend detection triggers: 11 queued, 2 coalesced
Processing file: 2020-12-27 18-22-00.csv...
已更新系统公共变量: latest_ais_data_raw
Pushed update from: 2020-12-27 18-22-00.csv (1780 ships)
Backend detection triggers: 13 queued, 0 coalesced
Processing file: 2020-12-27 18-22-30.csv...
已更新系统公共变量: latest_ais_data_raw
Pushed update from: 2020-12-27 18-22-30.csv (1641 ships)
Backend detection triggers: 11 queued, 2 coalesced
Processing file: 2020-12-27 18-23-00.csv...
已更新系统公共变量: latest_ais_data_raw
Pushed update from: 2020-12-27 18-23-00.csv (1803 ships)
Backend detection triggers: 13 queued, 0 coalesced
Processing file: 2020-12-27 18-23-30.csv...
已更新系统公共变量: latest_ais_data_raw
Pushed update from: 2020-12-27 18-23-30.csv (1676 ships)
Backend detection triggers: 11 queued, 2 coalesced
Processing file: 2020-12-27 18-24-00.csv...
已更新系统公共变量: latest_ais_data_raw
Pushed update from: 2020-12-27 18-24-00.csv (1812 ships)
Backend detection triggers: 13 queued, 0 coalesced
Processing file: 2020-12-27 18-24-30.csv...
已更新系统公共变量: latest_ais_data_raw
Pushed update from: 2020-12-27 18-24-30.csv (1652 ships)
Backend detection triggers: 10 queued, 3 coalesced
Processing file: 2020-12-27 18-25-00.csv...
已更新系统公共变量: latest_ais_data_raw
Pushed update from: 2020-12-27 18-25-00.csv (1783 ships)
Backend detection triggers: 13 queued, 0 coalesced
Processing file: 2020-12-27 18-25-30.csv...
已更新系统公共变量: latest_ais_data_raw
Pushed update from: 2020-12-27 18-25-30.csv (1637 ships)
Backend detection triggers: 11 queued, 2 coalesced
Processing file: 2020-12-27 18-26-00.csv...
已更新系统公共变量: latest_ais_data_raw
Pushed update from: 2020-12-27 18-26-00.csv (1800 ships)
Backend detection triggers: 13 queued, 0 coalesced
Processing file: 2020-12-27 18-26-30.csv...
已更新系统公共变量: latest_ais_data_raw
Pushed update from: 2020-12-27 18-26-30.csv (1672 ships)
Backend detection triggers: 11 queued, 2 coalesced
Processing file: 2020-12-27 18-27-00.csv...
已更新系统公共变量: latest_ais_data_raw
Pushed update from: 2020-12-27 18-27-00.csv (1812 ships)
Backend detection triggers: 13 queued, 0 coalesced
Processing file: 2020-12-27 18-27-30.csv...
已更新系统公共变量: latest_ais_data_raw
Pushed update from: 2020-12-27 18-27-30.csv (1654 ships)
Backend detection triggers: 11 queued, 2 coalesced
Processing file: 2020-12-27 18-28-00.csv...
已更新系统公共变量: latest_ais_data_raw
Pushed update from: 2020-12-27 18-28-00.csv (1787 ships)
Backend detection triggers: 13 queued, 0 coalesced
Processing file: 2020-12-27 18-28-30.csv...
已更新系统公共变量: latest_ais_data_raw
Pushed update from: 2020-12-27 18-28-30.csv (1644 ships)
Backend detection triggers: 11 queued, 2 coalesced
Processing file: 2020-12-27 18-29-00.csv...
已更新系统公共变量: latest_ais_data_raw
Pushed update from: 2020-12-27 18-29-00.csv (1804 ships)
Backend detection triggers: 12 queued, 1 coalesced
Processing file: 2020-12-27 18-29-30.csv...
已更新系统公共变量: latest_ais_data_raw
Pushed update from: 2020-12-27 18-29-30.csv (1674 ships)
Backend detection triggers: 12 queued, 1 coalesced
Processing file: 2020-12-27 18-30-00.csv...
已更新系统公共变量: latest_ais_data_raw
Pushed update from: 2020-12-27 18-30-00.csv (1813 ships)
Backend detection triggers: 12 queued, 1 coalesced
Processing file: 2020-12-27 18-30-30.csv...
已更新系统公共变量: latest_ais_data_raw
Pushed update from: 2020-12-27 18-30-30.csv (1657 ships)
Backend detection triggers: 11 queued, 2 coalesced
Processing file: 2020-12-27 18-31-00.csv...
已更新系统公共变量: latest_ais_data_raw
Pushed update from: 2020-12-27 18-31-00.csv (1778 ships)
Backend detection triggers: 13 queued, 0 coalesced
Processing file: 2020-12-27 18-31-30.csv...
已更新系统公共变量: latest_ais_data_raw
Pushed update from: 2020-12-27 18-31-30.csv (1638 ships)
Backend detection triggers: 10 queued, 3 coalesced
Processing file: 2020-12-27 18-32-00.csv...
已更新系统公共变量: latest_ais_data_raw
Pushed update from: 2020-12-27 18-32-00.csv (1793 ships)
Backend detection triggers: 13 queued, 0 coalesced
Processing file: 2020-12-27 18-32-30.csv...
已更新系统公共变量: latest_ais_data_raw
Pushed update from: 2020-12-27 18-32-30.csv (1667 ships)
Backend detection triggers: 11 queued, 2 coalesced
Processing file: 2020-12-27 18-33-00.csv...
已更新系统公共变量: latest_ais_data_raw
Pushed update from: 2020-12-27 18-33-00.csv (1807 ships)
Backend detection triggers: 13 queued, 0 coalesced
Processing file: 2020-12-27 18-33-30.csv...
已更新系统公共变量: latest_ais_data_raw
Pushed update from: 2020-12-27 18-33-30.csv (1655 ships)
Backend detection triggers: 11 queued, 2 coalesced
Processing file: 2020-12-27 18-34-00.csv...
已更新系统公共变量: latest_ais_data_raw
Pushed update from: 2020-12-27 18-34-00.csv (1776 ships)
Backend detection triggers: 13 queued, 0 coalesced
Processing file: 2020-12-27 18-34-30.csv...
已更新系统公共变量: latest_ais_data_raw
Pushed update from: 2020-12-27 18-34-30.csv (1639 ships)
Backend detection triggers: 11 queued, 2 coalesced
Processing file: 2020-12-27 18-35-00.csv...
已更新系统公共变量: latest_ais_data_raw
Pushed update from: 2020-12-27 18-35-00.csv (1791 ships)
Backend detection triggers: 13 queued, 0 coalesced
Processing file: 2020-12-27 18-35-30.csv...
已更新系统公共变量: latest_ais_data_raw
Pushed update from: 2020-12-27 18-35-30.csv (1662 ships)
Backend detection triggers: 10 queued, 3 coalesced
Processing file: 2020-12-27 18-36-00.csv...
已更新系统公共变量: latest_ais_data_raw
Pushed update from: 2020-12-27 18-36-00.csv (1802 ships)
Backend detection triggers: 12 queued, 1 coalesced
Processing file: 2020-12-27 18-36-30.csv...
已更新系统公共变量: latest_ais_data_raw
Pushed update from: 2020-12-27 18-36-30.csv (1652 ships)
Backend detection triggers: 12 queued, 1 coalesced
Processing file: 2020-12-27 18-37-00.csv...
已更新系统公共变量: latest_ais_data_raw
Pushed update from: 2020-12-27 18-37-00.csv (1775 ships)
Backend detection triggers: 12 queued, 1 coalesced
Processing file: 2020-12-27 18-37-30.csv...
已更新系统公共变量: latest_ais_data_raw
Pushed update from: 2020-12-27 18-37-30.csv (1638 ships)
Backend detection triggers: 12 queued, 1 coalesced
Processing file: 2020-12-27 18-38-00.csv...
已更新系统公共变量: latest_ais_data_raw
Pushed update from: 2020-12-27 18-38-00.csv (1793 ships)
Backend detection triggers: 12 queued, 1 coalesced
Processing file: 2020-12-27 18-38-30.csv...
已更新系统公共变量: latest_ais_data_raw
Pushed update from: 2020-12-27 18-38-30.csv (1667 ships)
Backend detection triggers: 12 queued, 1 coalesced
Processing file: 2020-12-27 18-39-00.csv...
已更新系统公共变量: latest_ais_data_raw
Pushed update from: 2020-12-27 18-39-00.csv (1806 ships)
Backend detection triggers: 12 queued, 1 coalesced
Processing file: 2020-12-27 18-39-30.csv...
已更新系统公共变量: latest_ais_data_raw
Pushed update from: 2020-12-27 18-39-30.csv (1651 ships)
Backend detection triggers: 12 queued, 1 coalesced
Processing file: 2020-12-27 18-40-00.csv...
已更新系统公共变量: latest_ais_data_raw
Pushed update from: 2020-12-27 18-40-00.csv (1772 ships)
Backend detection triggers: 12 queued, 1 coalesced
Processing file: 2020-12-27 18-40-30.csv...
已更新系统公共变量: latest_ais_data_raw
Pushed update from: 2020-12-27 18-40-30.csv (1635 ships)
Backend detection triggers: 12 queued, 1 coalesced
Processing file: 2020-12-27 18-41-00.csv...
已更新系统公共变量: latest_ais_data_raw
Pushed update from: 2020-12-27 18-41-00.csv (1789 ships)
Backend detection triggers: 12 queued, 1 coalesced
Processing file: 2020-12-27 18-41-30.csv...
已更新系统公共变量: latest_ais_data_raw
Pushed update from: 2020-12-27 18-41-30.csv (1664 ships)
Backend detection triggers: 12 queued, 1 coalesced
Processing file: 2020-12-27 18-42-00.csv...
已更新系统公共变量: latest_ais_data_raw
Pushed update from: 2020-12-27 18-42-00.csv (1804 ships)
Backend detection triggers: 12 queued, 1 coalesced
Processing file: 2020-12-27 18-42-30.csv...
已更新系统公共变量: latest_ais_data_raw
Pushed update from: 2020-12-27 18-42-30.csv (1653 ships)
Backend detection triggers: 11 queued, 2 coalesced
Processing file: 2020-12-27 18-43-00.csv...
已更新系统公共变量: latest_ais_data_raw
Pushed update from: 2020-12-27 18-43-00.csv (1771 ships)
Backend detection triggers: 12 queued, 1 coalesced
Processing file: 2020-12-27 18-43-30.csv...
已更新系统公共变量: latest_ais_data_raw
Pushed update from: 2020-12-27 18-43-30.csv (1631 ships)
Backend detection triggers: 11 queued, 2 coalesced
Processing file: 2020-12-27 18-44-00.csv...
已更新系统公共变量: latest_ais_data_raw
Pushed update from: 2020-12-27 18-44-00.csv (1785 ships)
Backend detection triggers: 13 queued, 0 coalesced
Processing file: 2020-12-27 18-44-30.csv...
已更新系统公共变量: latest_ais_data_raw
Pushed update from: 2020-12-27 18-44-30.csv (1658 ships)
Backend detection triggers: 12 queued, 1 coalesced
Processing file: 2020-12-27 18-45-00.csv...
已更新系统公共变量: latest_ais_data_raw
Pushed update from: 2020-12-27 18-45-00.csv (1796 ships)
Backend detection triggers: 12 queued, 1 coalesced
Processing file: 2020-12-27 18-45-30.csv...
已更新系统公共变量: latest_ais_data_raw
Pushed update from: 2020-12-27 18-45-30.csv (1646 ships)
Backend detection triggers: 12 queued, 1 coalesced
Processing file: 2020-12-27 18-46-00.csv...
已更新系统公共变量: latest_ais_data_raw
Pushed update from: 2020-12-27 18-46-00.csv (1767 ships)
Backend detection triggers: 12 queued, 1 coalesced
Processing file: 2020-12-27 18-46-30.csv...
已更新系统公共变量: latest_ais_data_raw
Pushed update from: 2020-12-27 18-46-30.csv (1627 ships)
Backend detection triggers: 11 queued, 2 coalesced
Processing file: 2020-12-27 18-47-00.csv...
已更新系统公共变量: latest_ais_data_raw
Pushed update from: 2020-12-27 18-47-00.csv (1784 ships)
Backend detection triggers: 12 queued, 1 coalesced
Processing file: 2020-12-27 18-47-30.csv...
已更新系统公共变量: latest_ais_data_raw
Pushed update from: 2020-12-27 18-47-30.csv (1661 ships)
Backend detection triggers: 12 queued, 1 coalesced
Processing file: 2020-12-27 18-48-00.csv...
已更新系统公共变量: latest_ais_data_raw
Pushed update from: 2020-12-27 18-48-00.csv (1800 ships)
Backend detection triggers: 11 queued, 2 coalesced
Processing file: 2020-12-27 18-48-30.csv...
已更新系统公共变量: latest_ais_data_raw
Pushed update from: 2020-12-27 18-48-30.csv (1649 ships)
Backend detection triggers: 12 queued, 1 coalesced
Processing file: 2020-12-27 18-49-00.csv...
已更新系统公共变量: latest_ais_data_raw
Pushed update from: 2020-12-27 18-49-00.csv (1767 ships)
Backend detection triggers: 12 queued, 1 coalesced
Processing file: 2020-12-27 18-49-30.csv...
已更新系统公共变量: latest_ais_data_raw
Pushed update from: 2020-12-27 18-49-30.csv (1628 ships)
Backend detection triggers: 12 queued, 1 coalesced
Processing file: 2020-12-27 18-50-00.csv...
已更新系统公共变量: latest_ais_data_raw
Pushed update from: 2020-12-27 18-50-00.csv (1781 ships)
Backend detection triggers: 12 queued, 1 coalesced
Processing file: 2020-12-27 18-50-30.csv...
已更新系统公共变量: latest_ais_data_raw
Pushed update from: 2020-12-27 18-50-30.csv (1654 ships)
Backend detection triggers: 11 queued, 2 coalesced
Processing file: 2020-12-27 18-51-00.csv...
已更新系统公共变量: latest_ais_data_raw
Pushed update from: 2020-12-27 18-51-00.csv (1792 ships)
Backend detection triggers: 13 queued, 0 coalesced
Processing file: 2020-12-27 18-51-30.csv...
已更新系统公共变量: latest_ais_data_raw
Pushed update from: 2020-12-27 18-51-30.csv (1644 ships)
Backend detection triggers: 11 queued, 2 coalesced
Processing file: 2020-12-27 18-52-00.csv...
已更新系统公共变量: latest_ais_data_raw
Pushed update from: 2020-12-27 18-52-00.csv (1760 ships)
Backend detection triggers: 13 queued, 0 coalesced
Processing file: 2020-12-27 18-52-30.csv...
已更新系统公共变量: latest_ais_data_raw
Pushed update from: 2020-12-27 18-52-30.csv (1621 ships)
Backend detection triggers: 11 queued, 2 coalesced
Processing file: 2020-12-27 18-53-00.csv...
已更新系统公共变量: latest_ais_data_raw
Pushed update from: 2020-12-27 18-53-00.csv (1776 ships)
Backend detection triggers: 12 queued, 1 coalesced
Processing file: 2020-12-27 18-53-30.csv...
已更新系统公共变量: latest_ais_data_raw
Pushed update from: 2020-12-27 18-53-30.csv (1650 ships)
Backend detection triggers: 11 queued, 2 coalesced
Processing file: 2020-12-27 18-54-00.csv...
已更新系统公共变量: latest_ais_data_raw
Pushed update from: 2020-12-27 18-54-00.csv (1789 ships)
Backend detection triggers: 12 queued, 1 coalesced
Processing file: 2020-12-27 18-54-30.csv...
已更新系统公共变量: latest_ais_data_raw
Pushed update from: 2020-12-27 18-54-30.csv (1643 ships)
Backend detection triggers: 12 queued, 1 coalesced
Processing file: 2020-12-27 18-55-00.csv...
已更新系统公共变量: latest_ais_data_raw
Pushed update from: 2020-12-27 18-55-00.csv (1759 ships)
Backend detection triggers: 10 queued, 3 coalesced
Processing file: 2020-12-27 18-55-30.csv...
已更新系统公共变量: latest_ais_data_raw
Pushed update from: 2020-12-27 18-55-30.csv (1617 ships)
Backend detection triggers: 12 queued, 1 coalesced
Processing file: 2020-12-27 18-56-00.csv...
已更新系统公共变量: latest_ais_data_raw
Pushed update from: 2020-12-27 18-56-00.csv (1773 ships)
Backend detection triggers: 12 queued, 1 coalesced
Processing file: 2020-12-27 18-56-30.csv...
已更新系统公共变量: latest_ais_data_raw
Pushed update from: 2020-12-27 18-56-30.csv (1648 ships)
Backend detection triggers: 12 queued, 1 coalesced
Processing file: 2020-12-27 18-57-00.csv...
已更新系统公共变量: latest_ais_data_raw
Pushed update from: 2020-12-27 18-57-00.csv (1784 ships)
Backend detection triggers: 12 queued, 1 coalesced
Processing file: 2020-12-27 18-57-30.csv...
已更新系统公共变量: latest_ais_data_raw
Pushed update from: 2020-12-27 18-57-30.csv (1639 ships)
Backend detection triggers: 11 queued, 2 coalesced
Processing file: 2020-12-27 18-58-00.csv...
已更新系统公共变量: latest_ais_data_raw
Pushed update from: 2020-12-27 18-58-00.csv (1760 ships)
Backend detection triggers: 13 queued, 0 coalesced
Processing file: 2020-12-27 18-58-30.csv...
已更新系统公共变量: latest_ais_data_raw
Pushed update from: 2020-12-27 18-58-30.csv (1618 ships)
Backend detection triggers: 11 queued, 2 coalesced
Processing file: 2020-12-27 18-59-00.csv...
已更新系统公共变量: latest_ais_data_raw
Pushed update from: 2020-12-27 18-59-00.csv (1774 ships)
Backend detection triggers: 13 queued, 0 coalesced
Processing file: 2020-12-27 18-59-30.csv...
已更新系统公共变量: latest_ais_data_raw
Pushed update from: 2020-12-27 18-59-30.csv (1651 ships)
Backend detection triggers: 11 queued, 2 coalesced
Processing file: 2020-12-27 19-00-00.csv...
已更新系统公共变量: latest_ais_data_raw
Pushed update from: 2020-12-27 19-00-00.csv (1788 ships)
Backend detection triggers: 13 queued, 0 coalesced
Processing file: 2020-12-27 19-00-30.csv...
已更新系统公共变量: latest_ais_data_raw
Pushed update from: 2020-12-27 19-00-30.csv (1639 ships)
Backend detection triggers: 11 queued, 2 coalesced
Processing file: 2020-12-27 19-01-00.csv...
已更新系统公共变量: latest_ais_data_raw
Pushed update from: 2020-12-27 19-01-00.csv (1759 ships)
Backend detection triggers: 13 queued, 0 coalesced
Processing file: 2020-12-27 19-01-30.csv...
已更新系统公共变量: latest_ais_data_raw
Pushed update from: 2020-12-27 19-01-30.csv (1616 ships)
Backend detection triggers: 11 queued, 2 coalesced
Processing file: 2020-12-27 19-02-00.csv...
已更新系统公共变量: latest_ais_data_raw
Pushed update from: 2020-12-27 19-02-00.csv (1773 ships)
Backend detection triggers: 13 queued, 0 coalesced
Processing file: 2020-12-27 19-02-30.csv...
已更新系统公共变量: latest_ais_data_raw
Pushed update from: 2020-12-27 19-02-30.csv (1654 ships)
Backend detection triggers: 11 queued, 2 coalesced
Processing file: 2020-12-27 19-03-00.csv...
已更新系统公共变量: latest_ais_data_raw
Pushed update from: 2020-12-27 19-03-00.csv (1787 ships)
Backend detection triggers: 13 queued, 0 coalesced
Processing file: 2020-12-27 19-03-30.csv...
已更新系统公共变量: latest_ais_data_raw
Pushed update from: 2020-12-27 19-03-30.csv (1640 ships)
Backend detection triggers: 11 queued, 2 coalesced
Processing file: 2020-12-27 19-04-00.csv...
已更新系统公共变量: latest_ais_data_raw
Pushed update from: 2020-12-27 19-04-00.csv (1758 ships)
Backend detection triggers: 12 queued, 1 coalesced
Processing file: 2020-12-27 19-04-30.csv...
已更新系统公共变量: latest_ais_data_raw
Pushed update from: 2020-12-27 19-04-30.csv (1611 ships)
Backend detection triggers: 12 queued, 1 coalesced
Processing file: 2020-12-27 19-05-00.csv...
已更新系统公共变量: latest_ais_data_raw
Pushed update from: 2020-12-27 19-05-00.csv (1771 ships)
Backend detection triggers: 11 queued, 2 coalesced
Processing file: 2020-12-27 19-05-30.csv...
已更新系统公共变量: latest_ais_data_raw
Pushed update from: 2020-12-27 19-05-30.csv (1649 ships)
Backend detection triggers: 13 queued, 0 coalesced
Processing file: 2020-12-27 19-06-00.csv...
已更新系统公共变量: latest_ais_data_raw
Pushed update from: 2020-12-27 19-06-00.csv (1789 ships)
Backend detection triggers: 11 queued, 2 coalesced
Processing file: 2020-12-27 19-06-30.csv...
已更新系统公共变量: latest_ais_data_raw
Pushed update from: 2020-12-27 19-06-30.csv (1640 ships)
Backend detection triggers: 13 queued, 0 coalesced
Processing file: 2020-12-27 19-07-00.csv...
已更新系统公共变量: latest_ais_data_raw
Pushed update from: 2020-12-27 19-07-00.csv (1762 ships)
Backend detection triggers: 11 queued, 2 coalesced
Processing file: 2020-12-27 19-07-30.csv...
已更新系统公共变量: latest_ais_data_raw
Pushed update from: 2020-12-27 19-07-30.csv (1619 ships)
Backend detection triggers: 13 queued, 0 coalesced
Processing file: 2020-12-27 19-08-00.csv...
已更新系统公共变量: latest_ais_data_raw
Pushed update from: 2020-12-27 19-08-00.csv (1777 ships)
Backend detection triggers: 11 queued, 2 coalesced
Processing file: 2020-12-27 19-08-30.csv...
已更新系统公共变量: latest_ais_data_raw
Pushed update from: 2020-12-27 19-08-30.csv (1653 ships)
Backend detection triggers: 13 queued, 0 coalesced
Processing file: 2020-12-27 19-09-00.csv...
已更新系统公共变量: latest_ais_data_raw
Pushed update from: 2020-12-27 19-09-00.csv (1794 ships)
Backend detection triggers: 10 queued, 3 coalesced
Processing file: 2020-12-27 19-09-30.csv...
已更新系统公共变量: latest_ais_data_raw
Pushed update from: 2020-12-27 19-09-30.csv (1650 ships)
Backend detection triggers: 12 queued, 1 coalesced
Processing file: 2020-12-27 19-10-00.csv...
已更新系统公共变量: latest_ais_data_raw
Pushed update from: 2020-12-27 19-10-00.csv (1767 ships)
Backend detection triggers: 12 queued, 1 coalesced
Processing file: 2020-12-27 19-10-30.csv...
已更新系统公共变量: latest_ais_data_raw
Pushed update from: 2020-12-27 19-10-30.csv (1624 ships)
Backend detection triggers: 11 queued, 2 coalesced
Processing file: 2020-12-27 19-11-00.csv...
已更新系统公共变量: latest_ais_data_raw
Pushed update from: 2020-12-27 19-11-00.csv (1780 ships)
Backend detection triggers: 13 queued, 0 coalesced
Processing file: 2020-12-27 19-11-30.csv...
已更新系统公共变量: latest_ais_data_raw
Pushed update from: 2020-12-27 19-11-30.csv (1657 ships)
Backend detection triggers: 11 queued, 2 coalesced
Processing file: 2020-12-27 19-12-00.csv...
已更新系统公共变量: latest_ais_data_raw
Pushed update from: 2020-12-27 19-12-00.csv (1792 ships)
Backend detection triggers: 13 queued, 0 coalesced
Processing file: 2020-12-27 19-12-30.csv...
已更新系统公共变量: latest_ais_data_raw
Pushed update from: 2020-12-27 19-12-30.csv (1649 ships)
Backend detection triggers: 11 queued, 2 coalesced
Processing file: 2020-12-27 19-13-00.csv...
已更新系统公共变量: latest_ais_data_raw
Pushed update from: 2020-12-27 19-13-00.csv (1765 ships)
Backend detection triggers: 13 queued, 0 coalesced
Processing file: 2020-12-27 19-13-30.csv...
已更新系统公共变量: latest_ais_data_raw
Pushed update from: 2020-12-27 19-13-30.csv (1625 ships)
Backend detection triggers: 11 queued, 2 coalesced
Processing file: 2020-12-27 19-14-00.csv...
已更新系统公共变量: latest_ais_data_raw
Pushed update from: 2020-12-27 19-14-00.csv (1777 ships)
Backend detection triggers: 12 queued, 1 coalesced
Processing file: 2020-12-27 19-14-30.csv...
已更新系统公共变量: latest_ais_data_raw
Pushed update from: 2020-12-27 19-14-30.csv (1653 ships)
Backend detection triggers: 12 queued, 1 coalesced
Processing file: 2020-12-27 19-15-00.csv...
已更新系统公共变量: latest_ais_data_raw
Pushed update from: 2020-12-27 19-15-00.csv (1794 ships)
Backend detection triggers: 11 queued, 2 coalesced
Processing file: 2020-12-27 19-15-30.csv...
已更新系统公共变量: latest_ais_data_raw
Pushed update from: 2020-12-27 19-15-30.csv (1645 ships)
Backend detection triggers: 12 queued, 1 coalesced
Processing file: 2020-12-27 19-16-00.csv...
已更新系统公共变量: latest_ais_data_raw
Pushed update from: 2020-12-27 19-16-00.csv (1761 ships)
Backend detection triggers: 11 queued, 2 coalesced
Processing file: 2020-12-27 19-16-30.csv...
已更新系统公共变量: latest_ais_data_raw
Pushed update from: 2020-12-27 19-16-30.csv (1628 ships)
Backend detection triggers: 12 queued, 1 coalesced
Processing file: 2020-12-27 19-17-00.csv...
已更新系统公共变量: latest_ais_data_raw
Pushed update from: 2020-12-27 19-17-00.csv (1784 ships)
Backend detection triggers: 12 queued, 1 coalesced
Processing file: 2020-12-27 19-17-30.csv...
已更新系统公共变量: latest_ais_data_raw
Pushed update from: 2020-12-27 19-17-30.csv (1659 ships)
Backend detection triggers: 12 queued, 1 coalesced
Processing file: 2020-12-27 19-18-00.csv...
已更新系统公共变量: latest_ais_data_raw
Pushed update from: 2020-12-27 19-18-00.csv (1799 ships)
Backend detection triggers: 12 queued, 1 coalesced
Processing file: 2020-12-27 19-18-30.csv...
已更新系统公共变量: latest_ais_data_raw
Pushed update from: 2020-12-27 19-18-30.csv (1648 ships)
Backend detection triggers: 11 queued, 2 coalesced
Processing file: 2020-12-27 19-19-00.csv...
已更新系统公共变量: latest_ais_data_raw
Pushed update from: 2020-12-27 19-19-00.csv (1761 ships)
Backend detection triggers: 13 queued, 0 coalesced
Processing file: 2020-12-27 19-19-30.csv...
已更新系统公共变量: latest_ais_data_raw
Pushed update from: 2020-12-27 19-19-30.csv (1622 ships)
Backend detection triggers: 11 queued, 2 coalesced
Processing file: 2020-12-27 19-20-00.csv...
已更新系统公共变量: latest_ais_data_raw
Pushed update from: 2020-12-27 19-20-00.csv (1780 ships)
Backend detection triggers: 12 queued, 1 coalesced
Processing file: 2020-12-27 19-20-30.csv...
已更新系统公共变量: latest_ais_data_raw
Pushed update from: 2020-12-27 19-20-30.csv (1655 ships)
Backend detection triggers: 11 queued, 2 coalesced
Processing file: 2020-12-27 19-21-00.csv...
已更新系统公共变量: latest_ais_data_raw
Pushed update from: 2020-12-27 19-21-00.csv (1799 ships)
Backend detection triggers: 11 queued, 2 coalesced
Processing file: 2020-12-27 19-21-30.csv...
已更新系统公共变量: latest_ais_data_raw
Pushed update from: 2020-12-27 19-21-30.csv (1650 ships)
Backend detection triggers: 12 queued, 1 coalesced
Processing file: 2020-12-27 19-22-00.csv...
已更新系统公共变量: latest_ais_data_raw
Pushed update from: 2020-12-27 19-22-00.csv (1770 ships)
Backend detection triggers: 12 queued, 1 coalesced
Processing file: 2020-12-27 19-22-30.csv...
已更新系统公共变量: latest_ais_data_raw
Pushed update from: 2020-12-27 19-22-30.csv (1632 ships)
Backend detection triggers: 12 queued, 1 coalesced
Processing file: 2020-12-27 19-23-00.csv...
已更新系统公共变量: latest_ais_data_raw
Pushed update from: 2020-12-27 19-23-00.csv (1791 ships)
Backend detection triggers: 11 queued, 2 coalesced
Processing file: 2020-12-27 19-23-30.csv...
已更新系统公共变量: latest_ais_data_raw
Pushed update from: 2020-12-27 19-23-30.csv (1669 ships)
Backend detection triggers: 12 queued, 1 coalesced
Processing file: 2020-12-27 19-24-00.csv...
已更新系统公共变量: latest_ais_data_raw
Pushed update from: 2020-12-27 19-24-00.csv (1809 ships)
Backend detection triggers: 12 queued, 1 coalesced
Processing file: 2020-12-27 19-24-30.csv...
已更新系统公共变量: latest_ais_data_raw
Pushed update from: 2020-12-27 19-24-30.csv (1653 ships)
Backend detection triggers: 12 queued, 1 coalesced
Processing file: 2020-12-27 19-25-00.csv...
已更新系统公共变量: latest_ais_data_raw
Pushed update from: 2020-12-27 19-25-00.csv (1771 ships)
Backend detection triggers: 12 queued, 1 coalesced
Processing file: 2020-12-27 19-25-30.csv...
已更新系统公共变量: latest_ais_data_raw
Pushed update from: 2020-12-27 19-25-30.csv (1627 ships)
Backend detection triggers: 12 queued, 1 coalesced
Processing file: 2020-12-27 19-26-00.csv...
已更新系统公共变量: latest_ais_data_raw
Pushed update from: 2020-12-27 19-26-00.csv (1785 ships)
Backend detection triggers: 12 queued, 1 coalesced
Processing file: 2020-12-27 19-26-30.csv...
已更新系统公共变量: latest_ais_data_raw
Pushed update from: 2020-12-27 19-26-30.csv (1665 ships)
Backend detection triggers: 12 queued, 1 coalesced
Processing file: 2020-12-27 19-27-00.csv...
已更新系统公共变量: latest_ais_data_raw
Pushed update from: 2020-12-27 19-27-00.csv (1806 ships)
Backend detection triggers: 12 queued, 1 coalesced
Processing file: 2020-12-27 19-27-30.csv...
已更新系统公共变量: latest_ais_data_raw
Pushed update from: 2020-12-27 19-27-30.csv (1653 ships)
Backend detection triggers: 12 queued, 1 coalesced
Processing file: 2020-12-27 19-28-00.csv...
已更新系统公共变量: latest_ais_data_raw
Pushed update from: 2020-12-27 19-28-00.csv (1774 ships)
Backend detection triggers: 12 queued, 1 coalesced
Processing file: 2020-12-27 19-28-30.csv...
已更新系统公共变量: latest_ais_data_raw
Pushed update from: 2020-12-27 19-28-30.csv (1628 ships)
Backend detection triggers: 12 queued, 1 coalesced
Processing file: 2020-12-27 19-29-00.csv...
已更新系统公共变量: latest_ais_data_raw
Pushed update from: 2020-12-27 19-29-00.csv (1784 ships)
Backend detection triggers: 12 queued, 1 coalesced
Processing file: 2020-12-27 19-29-30.csv...
已更新系统公共变量: latest_ais_data_raw
Pushed update from: 2020-12-27 19-29-30.csv (1663 ships)
Backend detection triggers: 12 queued, 1 coalesced
Processing file: 2020-12-27 19-30-00.csv...
已更新系统公共变量: latest_ais_data_raw
Pushed update from: 2020-12-27 19-30-00.csv (1802 ships)
Backend detection triggers: 12 queued, 1 coalesced
Processing file: 2020-12-27 19-30-30.csv...
已更新系统公共变量: latest_ais_data_raw
Pushed update from: 2020-12-27 19-30-30.csv (1646 ships)
Backend detection triggers: 12 queued, 1 coalesced
Processing file: 2020-12-27 19-31-00.csv...
已更新系统公共变量: latest_ais_data_raw
Pushed update from: 2020-12-27 19-31-00.csv (1762 ships)
Backend detection triggers: 12 queued, 1 coalesced
Processing file: 2020-12-27 19-31-30.csv...
已更新系统公共变量: latest_ais_data_raw
Pushed update from: 2020-12-27 19-31-30.csv (1619 ships)
Backend detection triggers: 11 queued, 2 coalesced
Processing file: 2020-12-27 19-32-00.csv...
已更新系统公共变量: latest_ais_data_raw
Pushed update from: 2020-12-27 19-32-00.csv (1775 ships)
Backend detection triggers: 13 queued, 0 coalesced
Processing file: 2020-12-27 19-32-30.csv...
已更新系统公共变量: latest_ais_data_raw
Pushed update from: 2020-12-27 19-32-30.csv (1656 ships)
Backend detection triggers: 12 queued, 1 coalesced
Processing file: 2020-12-27 19-33-00.csv...
已更新系统公共变量: latest_ais_data_raw
Pushed update from: 2020-12-27 19-33-00.csv (1797 ships)
Backend detection triggers: 12 queued, 1 coalesced
Processing file: 2020-12-27 19-33-30.csv...
已更新系统公共变量: latest_ais_data_raw
Pushed update from: 2020-12-27 19-33-30.csv (1647 ships)
Backend detection triggers: 12 queued, 1 coalesced
Processing file: 2020-12-27 19-34-00.csv...
已更新系统公共变量: latest_ais_data_raw
Pushed update from: 2020-12-27 19-34-00.csv (1762 ships)
Backend detection triggers: 12 queued, 1 coalesced
Processing file: 2020-12-27 19-34-30.csv...
已更新系统公共变量: latest_ais_data_raw
Pushed update from: 2020-12-27 19-34-30.csv (1623 ships)
Backend detection triggers: 12 queued, 1 coalesced
Processing file: 2020-12-27 19-35-00.csv...
已更新系统公共变量: latest_ais_data_raw
Pushed update from: 2020-12-27 19-35-00.csv (1777 ships)
Backend detection triggers: 12 queued, 1 coalesced
Processing file: 2020-12-27 19-35-30.csv...
已更新系统公共变量: latest_ais_data_raw
Pushed update from: 2020-12-27 19-35-30.csv (1656 ships)
Backend detection triggers: 12 queued, 1 coalesced
Processing file: 2020-12-27 19-36-00.csv...
已更新系统公共变量: latest_ais_data_raw
Pushed update from: 2020-12-27 19-36-00.csv (1799 ships)
Backend detection triggers: 12 queued, 1 coalesced
Processing file: 2020-12-27 19-36-30.csv...
已更新系统公共变量: latest_ais_data_raw
Pushed update from: 2020-12-27 19-36-30.csv (1650 ships)
Backend detection triggers: 12 queued, 1 coalesced
Processing file: 2020-12-27 19-37-00.csv...
已更新系统公共变量: latest_ais_data_raw
Pushed update from: 2020-12-27 19-37-00.csv (1764 ships)
Backend detection triggers: 12 queued, 1 coalesced
Processing file: 2020-12-27 19-37-30.csv...
已更新系统公共变量: latest_ais_data_raw
Pushed update from: 2020-12-27 19-37-30.csv (1626 ships)
Backend detection triggers: 12 queued, 1 coalesced
Processing file: 2020-12-27 19-38-00.csv...
已更新系统公共变量: latest_ais_data_raw
Pushed update from: 2020-12-27 19-38-00.csv (1781 ships)
Backend detection triggers: 12 queued, 1 coalesced
Processing file: 2020-12-27 19-38-30.csv...
已更新系统公共变量: latest_ais_data_raw
Pushed update from: 2020-12-27 19-38-30.csv (1656 ships)
Backend detection triggers: 12 queued, 1 coalesced
Processing file: 2020-12-27 19-39-00.csv...
已更新系统公共变量: latest_ais_data_raw
Pushed update from: 2020-12-27 19-39-00.csv (1800 ships)
Backend detection triggers: 12 queued, 1 coalesced
Processing file: 2020-12-27 19-39-30.csv...
已更新系统公共变量: latest_ais_data_raw
Pushed update from: 2020-12-27 19-39-30.csv (1647 ships)
Backend detection triggers: 12 queued, 1 coalesced
Processing file: 2020-12-27 19-40-00.csv...
已更新系统公共变量: latest_ais_data_raw
Pushed update from: 2020-12-27 19-40-00.csv (1762 ships)
Backend detection triggers: 12 queued, 1 coalesced
Processing file: 2020-12-27 19-40-30.csv...
已更新系统公共变量: latest_ais_data_raw
Pushed update from: 2020-12-27 19-40-30.csv (1623 ships)
Backend detection triggers: 12 queued, 1 coalesced
Processing file: 2020-12-27 19-41-00.csv...
已更新系统公共变量: latest_ais_data_raw
Pushed update from: 2020-12-27 19-41-00.csv (1783 ships)
Backend detection triggers: 12 queued, 1 coalesced
Processing file: 2020-12-27 19-41-30.csv...
已更新系统公共变量: latest_ais_data_raw
Pushed update from: 2020-12-27 19-41-30.csv (1655 ships)
Backend detection triggers: 11 queued, 2 coalesced
Processing file: 2020-12-27 19-42-00.csv...
已更新系统公共变量: latest_ais_data_raw
Pushed update from: 2020-12-27 19-42-00.csv (1804 ships)
Backend detection triggers: 13 queued, 0 coalesced
Processing file: 2020-12-27 19-42-30.csv...
已更新系统公共变量: latest_ais_data_raw
Pushed update from: 2020-12-27 19-42-30.csv (1651 ships)
Backend detection triggers: 11 queued, 2 coalesced
Processing file: 2020-12-27 19-43-00.csv...
已更新系统公共变量: latest_ais_data_raw
Pushed update from: 2020-12-27 19-43-00.csv (1768 ships)
Backend detection triggers: 12 queued, 1 coalesced
Processing file: 2020-12-27 19-43-30.csv...
已更新系统公共变量: latest_ais_data_raw
Pushed update from: 2020-12-27 19-43-30.csv (1626 ships)
Backend detection triggers: 12 queued, 1 coalesced
Processing file: 2020-12-27 19-44-00.csv...
已更新系统公共变量: latest_ais_data_raw
Pushed update from: 2020-12-27 19-44-00.csv (1787 ships)
Backend detection triggers: 12 queued, 1 coalesced
Processing file: 2020-12-27 19-44-30.csv...
已更新系统公共变量: latest_ais_data_raw
Pushed update from: 2020-12-27 19-44-30.csv (1662 ships)
Backend detection triggers: 12 queued, 1 coalesced
Processing file: 2020-12-27 19-45-00.csv...
已更新系统公共变量: latest_ais_data_raw
Pushed update from: 2020-12-27 19-45-00.csv (1814 ships)
Backend detection triggers: 12 queued, 1 coalesced
Processing file: 2020-12-27 19-45-30.csv...
已更新系统公共变量: latest_ais_data_raw
Pushed update from: 2020-12-27 19-45-30.csv (1655 ships)
Backend detection triggers: 12 queued, 1 coalesced
Processing file: 2020-12-27 19-46-00.csv...
已更新系统公共变量: latest_ais_data_raw
Pushed update from: 2020-12-27 19-46-00.csv (1774 ships)
Backend detection triggers: 12 queued, 1 coalesced
Processing file: 2020-12-27 19-46-30.csv...
已更新系统公共变量: latest_ais_data_raw
Pushed update from: 2020-12-27 19-46-30.csv (1627 ships)
Backend detection triggers: 11 queued, 2 coalesced
Processing file: 2020-12-27 19-47-00.csv...
已更新系统公共变量: latest_ais_data_raw
Pushed update from: 2020-12-27 19-47-00.csv (1786 ships)
Backend detection triggers: 13 queued, 0 coalesced
Processing file: 2020-12-27 19-47-30.csv...
已更新系统公共变量: latest_ais_data_raw
Pushed update from: 2020-12-27 19-47-30.csv (1660 ships)
Backend detection triggers: 11 queued, 2 coalesced
Processing file: 2020-12-27 19-48-00.csv...
已更新系统公共变量: latest_ais_data_raw
Pushed update from: 2020-12-27 19-48-00.csv (1813 ships)
Backend detection triggers: 13 queued, 0 coalesced
Processing file: 2020-12-27 19-48-30.csv...
已更新系统公共变量: latest_ais_data_raw
Pushed update from: 2020-12-27 19-48-30.csv (1653 ships)
Backend detection triggers: 11 queued, 2 coalesced
Processing file: 2020-12-27 19-49-00.csv...
已更新系统公共变量: latest_ais_data_raw
Pushed update from: 2020-12-27 19-49-00.csv (1774 ships)
Backend detection triggers: 13 queued, 0 coalesced
Processing file: 2020-12-27 19-49-30.csv...
已更新系统公共变量: latest_ais_data_raw
Pushed update from: 2020-12-27 19-49-30.csv (1627 ships)
Backend detection triggers: 11 queued, 2 coalesced
Processing file: 2020-12-27 19-50-00.csv...
已更新系统公共变量: latest_ais_data_raw
Pushed update from: 2020-12-27 19-50-00.csv (1789 ships)
Backend detection triggers: 13 queued, 0 coalesced
Processing file: 2020-12-27 19-50-30.csv...
已更新系统公共变量: latest_ais_data_raw
Pushed update from: 2020-12-27 19-50-30.csv (1658 ships)
Backend detection triggers: 11 queued, 2 coalesced
Processing file: 2020-12-27 19-51-00.csv...
已更新系统公共变量: latest_ais_data_raw
Pushed update from: 2020-12-27 19-51-00.csv (1810 ships)
Backend detection triggers: 13 queued, 0 coalesced
Processing file: 2020-12-27 19-51-30.csv...
已更新系统公共变量: latest_ais_data_raw
Pushed update from: 2020-12-27 19-51-30.csv (1649 ships)
Backend detection triggers: 11 queued, 2 coalesced
Processing file: 2020-12-27 19-52-00.csv...
已更新系统公共变量: latest_ais_data_raw
Pushed update from: 2020-12-27 19-52-00.csv (1767 ships)
Backend detection triggers: 13 queued, 0 coalesced
Processing file: 2020-12-27 19-52-30.csv...
已更新系统公共变量: latest_ais_data_raw
Pushed update from: 2020-12-27 19-52-30.csv (1622 ships)
Backend detection triggers: 12 queued, 1 coalesced
Processing file: 2020-12-27 19-53-00.csv...
已更新系统公共变量: latest_ais_data_raw
Pushed update from: 2020-12-27 19-53-00.csv (1787 ships)
Backend detection triggers: 12 queued, 1 coalesced
Processing file: 2020-12-27 19-53-30.csv...
已更新系统公共变量: latest_ais_data_raw
Pushed update from: 2020-12-27 19-53-30.csv (1658 ships)
Backend detection triggers: 12 queued, 1 coalesced
Processing file: 2020-12-27 19-54-00.csv...
已更新系统公共变量: latest_ais_data_raw
Pushed update from: 2020-12-27 19-54-00.csv (1809 ships)
Backend detection triggers: 12 queued, 1 coalesced
Processing file: 2020-12-27 19-54-30.csv...
已更新系统公共变量: latest_ais_data_raw
Pushed update from: 2020-12-27 19-54-30.csv (1651 ships)
Backend detection triggers: 12 queued, 1 coalesced
Processing file: 2020-12-27 19-55-00.csv...
已更新系统公共变量: latest_ais_data_raw
Pushed update from: 2020-12-27 19-55-00.csv (1768 ships)
Backend detection triggers: 11 queued, 2 coalesced
Processing file: 2020-12-27 19-55-30.csv...
已更新系统公共变量: latest_ais_data_raw
Pushed update from: 2020-12-27 19-55-30.csv (1615 ships)
Backend detection triggers: 11 queued, 2 coalesced
Processing file: 2020-12-27 19-56-00.csv...
已更新系统公共变量: latest_ais_data_raw
Pushed update from: 2020-12-27 19-56-00.csv (1776 ships)
Backend detection triggers: 13 queued, 0 coalesced
Processing file: 2020-12-27 19-56-30.csv...
已更新系统公共变量: latest_ais_data_raw
Pushed update from: 2020-12-27 19-56-30.csv (1651 ships)
Backend detection triggers: 11 queued, 2 coalesced
Processing file: 2020-12-27 19-57-00.csv...
已更新系统公共变量: latest_ais_data_raw
Pushed update from: 2020-12-27 19-57-00.csv (1804 ships)
Backend detection triggers: 13 queued, 0 coalesced
Processing file: 2020-12-27 19-57-30.csv...
已更新系统公共变量: latest_ais_data_raw
Pushed update from: 2020-12-27 19-57-30.csv (1648 ships)
Backend detection triggers: 12 queued, 1 coalesced
Processing file: 2020-12-27 19-58-00.csv...
已更新系统公共变量: latest_ais_data_raw
Pushed update from: 2020-12-27 19-58-00.csv (1764 ships)
Backend detection triggers: 12 queued, 1 coalesced
Processing file: 2020-12-27 19-58-30.csv...
已更新系统公共变量: latest_ais_data_raw
Pushed update from: 2020-12-27 19-58-30.csv (1614 ships)
Backend detection triggers: 12 queued, 1 coalesced
Processing file: 2020-12-27 19-59-00.csv...
已更新系统公共变量: latest_ais_data_raw
Pushed update from: 2020-12-27 19-59-00.csv (1777 ships)
Backend detection triggers: 12 queued, 1 coalesced
Processing file: 2020-12-27 19-59-30.csv...
已更新系统公共变量: latest_ais_data_raw
Pushed update from: 2020-12-27 19-59-30.csv (1651 ships)
Backend detection triggers: 12 queued, 1 coalesced
Processing file: 2020-12-27 20-00-00.csv...
已更新系统公共变量: latest_ais_data_raw
Pushed update from: 2020-12-27 20-00-00.csv (1802 ships)
Backend detection triggers: 12 queued, 1 coalesced
Processing file: 2020-12-27 20-00-30.csv...
已更新系统公共变量: latest_ais_data_raw
Pushed update from: 2020-12-27 20-00-30.csv (1648 ships)
Backend detection triggers: 11 queued, 2 coalesced
Processing file: 2020-12-27 20-01-00.csv...
已更新系统公共变量: latest_ais_data_raw
Pushed update from: 2020-12-27 20-01-00.csv (1763 ships)
Backend detection triggers: 13 queued, 0 coalesced
Processing file: 2020-12-27 20-01-30.csv...
已更新系统公共变量: latest_ais_data_raw
Pushed update from: 2020-12-27 20-01-30.csv (1617 ships)
Backend detection triggers: 11 queued, 2 coalesced
Processing file: 2020-12-27 20-02-00.csv...
已更新系统公共变量: latest_ais_data_raw
Pushed update from: 2020-12-27 20-02-00.csv (1779 ships)
Backend detection triggers: 13 queued, 0 coalesced
Processing file: 2020-12-27 20-02-30.csv...
已更新系统公共变量: latest_ais_data_raw
Pushed update from: 2020-12-27 20-02-30.csv (1654 ships)
Backend detection triggers: 10 queued, 3 coalesced
Processing file: 2020-12-27 20-03-00.csv...
已更新系统公共变量: latest_ais_data_raw
Pushed update from: 2020-12-27 20-03-00.csv (1805 ships)
Backend detection triggers: 13 queued, 0 coalesced
Processing file: 2020-12-27 20-03-30.csv...
已更新系统公共变量: latest_ais_data_raw
Pushed update from: 2020-12-27 20-03-30.csv (1653 ships)
Backend detection triggers: 11 queued, 2 coalesced
Processing file: 2020-12-27 20-04-00.csv...
已更新系统公共变量: latest_ais_data_raw
Pushed update from: 2020-12-27 20-04-00.csv (1766 ships)
Backend detection triggers: 12 queued, 1 coalesced
Processing file: 2020-12-27 20-04-30.csv...
已更新系统公共变量: latest_ais_data_raw
Pushed update from: 2020-12-27 20-04-30.csv (1620 ships)
Backend detection triggers: 12 queued, 1 coalesced
Processing file: 2020-12-27 20-05-00.csv...
已更新系统公共变量: latest_ais_data_raw
Pushed update from: 2020-12-27 20-05-00.csv (1785 ships)
Backend detection triggers: 12 queued, 1 coalesced
Processing file: 2020-12-27 20-05-30.csv...
已更新系统公共变量: latest_ais_data_raw
Pushed update from: 2020-12-27 20-05-30.csv (1661 ships)
Backend detection triggers: 12 queued, 1 coalesced
Processing file: 2020-12-27 20-06-00.csv...
已更新系统公共变量: latest_ais_data_raw
Pushed update from: 2020-12-27 20-06-00.csv (1810 ships)
Backend detection triggers: 12 queued, 1 coalesced
Processing file: 2020-12-27 20-06-30.csv...
已更新系统公共变量: latest_ais_data_raw
Pushed update from: 2020-12-27 20-06-30.csv (1661 ships)
Backend detection triggers: 13 queued, 0 coalesced
Processing file: 2020-12-27 20-07-00.csv...
已更新系统公共变量: latest_ais_data_raw
Pushed update from: 2020-12-27 20-07-00.csv (1777 ships)
Backend detection triggers: 11 queued, 2 coalesced
Processing file: 2020-12-27 20-07-30.csv...
已更新系统公共变量: latest_ais_data_raw
Pushed update from: 2020-12-27 20-07-30.csv (1625 ships)
Backend detection triggers: 13 queued, 0 coalesced
Processing file: 2020-12-27 20-08-00.csv...
已更新系统公共变量: latest_ais_data_raw
Pushed update from: 2020-12-27 20-08-00.csv (1787 ships)
Backend detection triggers: 11 queued, 2 coalesced
Processing file: 2020-12-27 20-08-30.csv...
已更新系统公共变量: latest_ais_data_raw
Pushed update from: 2020-12-27 20-08-30.csv (1664 ships)
Backend detection triggers: 13 queued, 0 coalesced
Processing file: 2020-12-27 20-09-00.csv...
已更新系统公共变量: latest_ais_data_raw
Pushed update from: 2020-12-27 20-09-00.csv (1812 ships)
Backend detection triggers: 11 queued, 2 coalesced
Processing file: 2020-12-27 20-09-30.csv...
已更新系统公共变量: latest_ais_data_raw
Pushed update from: 2020-12-27 20-09-30.csv (1658 ships)
Backend detection triggers: 12 queued, 1 coalesced
Processing file: 2020-12-27 20-10-00.csv...
已更新系统公共变量: latest_ais_data_raw
Pushed update from: 2020-12-27 20-10-00.csv (1777 ships)
Backend detection triggers: 12 queued, 1 coalesced
Processing file: 2020-12-27 20-10-30.csv...
已更新系统公共变量: latest_ais_data_raw
Pushed update from: 2020-12-27 20-10-30.csv (1622 ships)
Backend detection triggers: 13 queued, 0 coalesced
Processing file: 2020-12-27 20-11-00.csv...
已更新系统公共变量: latest_ais_data_raw
Pushed update from: 2020-12-27 20-11-00.csv (1785 ships)
Backend detection triggers: 11 queued, 2 coalesced
Processing file: 2020-12-27 20-11-30.csv...
已更新系统公共变量: latest_ais_data_raw
Pushed update from: 2020-12-27 20-11-30.csv (1662 ships)
Backend detection triggers: 12 queued, 1 coalesced
Processing file: 2020-12-27 20-12-00.csv...
已更新系统公共变量: latest_ais_data_raw
Pushed update from: 2020-12-27 20-12-00.csv (1813 ships)
Backend detection triggers: 12 queued, 1 coalesced
Processing file: 2020-12-27 20-12-30.csv...
已更新系统公共变量: latest_ais_data_raw
Pushed update from: 2020-12-27 20-12-30.csv (1659 ships)
Backend detection triggers: 12 queued, 1 coalesced
Processing file: 2020-12-27 20-13-00.csv...
已更新系统公共变量: latest_ais_data_raw
Pushed update from: 2020-12-27 20-13-00.csv (1778 ships)
Backend detection triggers: 12 queued, 1 coalesced
Processing file: 2020-12-27 20-13-30.csv...
已更新系统公共变量: latest_ais_data_raw
Pushed update from: 2020-12-27 20-13-30.csv (1625 ships)
Backend detection triggers: 12 queued, 1 coalesced
Processing file: 2020-12-27 20-14-00.csv...
已更新系统公共变量: latest_ais_data_raw
Pushed update from: 2020-12-27 20-14-00.csv (1785 ships)
Backend detection triggers: 12 queued, 1 coalesced
Processing file: 2020-12-27 20-14-30.csv...
已更新系统公共变量: latest_ais_data_raw
Pushed update from: 2020-12-27 20-14-30.csv (1660 ships)
Backend detection triggers: 12 queued, 1 coalesced
Processing file: 2020-12-27 20-15-00.csv...
已更新系统公共变量: latest_ais_data_raw
Pushed update from: 2020-12-27 20-15-00.csv (1813 ships)
Backend detection triggers: 12 queued, 1 coalesced
Processing file: 2020-12-27 20-15-30.csv...
已更新系统公共变量: latest_ais_data_raw
Pushed update from: 2020-12-27 20-15-30.csv (1656 ships)
Backend detection triggers: 12 queued, 1 coalesced
Processing file: 2020-12-27 20-16-00.csv...
已更新系统公共变量: latest_ais_data_raw
Pushed update from: 2020-12-27 20-16-00.csv (1775 ships)
Backend detection triggers: 12 queued, 1 coalesced
Processing file: 2020-12-27 20-16-30.csv...
已更新系统公共变量: latest_ais_data_raw
Pushed update from: 2020-12-27 20-16-30.csv (1626 ships)
Backend detection triggers: 12 queued, 1 coalesced
Processing file: 2020-12-27 20-17-00.csv...
已更新系统公共变量: latest_ais_data_raw
Pushed update from: 2020-12-27 20-17-00.csv (1787 ships)
Backend detection triggers: 12 queued, 1 coalesced
Processing file: 2020-12-27 20-17-30.csv...
已更新系统公共变量: latest_ais_data_raw
Pushed update from: 2020-12-27 20-17-30.csv (1660 ships)
Backend detection triggers: 12 queued, 1 coalesced
Processing file: 2020-12-27 20-18-00.csv...
已更新系统公共变量: latest_ais_data_raw
Pushed update from: 2020-12-27 20-18-00.csv (1811 ships)
Backend detection triggers: 12 queued, 1 coalesced
Processing file: 2020-12-27 20-18-30.csv...
已更新系统公共变量: latest_ais_data_raw
Pushed update from: 2020-12-27 20-18-30.csv (1653 ships)
Backend detection triggers: 12 queued, 1 coalesced
Processing file: 2020-12-27 20-19-00.csv...
已更新系统公共变量: latest_ais_data_raw
Pushed update from: 2020-12-27 20-19-00.csv (1772 ships)
Backend detection triggers: 12 queued, 1 coalesced
Processing file: 2020-12-27 20-19-30.csv...
已更新系统公共变量: latest_ais_data_raw
Pushed update from: 2020-12-27 20-19-30.csv (1624 ships)
Backend detection triggers: 12 queued, 1 coalesced
Processing file: 2020-12-27 20-20-00.csv...
已更新系统公共变量: latest_ais_data_raw
Pushed update from: 2020-12-27 20-20-00.csv (1786 ships)
Backend detection triggers: 12 queued, 1 coalesced
Processing file: 2020-12-27 20-20-30.csv...
已更新系统公共变量: latest_ais_data_raw
Pushed update from: 2020-12-27 20-20-30.csv (1661 ships)
Backend detection triggers: 12 queued, 1 coalesced
Processing file: 2020-12-27 20-21-00.csv...
已更新系统公共变量: latest_ais_data_raw
Pushed update from: 2020-12-27 20-21-00.csv (1816 ships)
Backend detection triggers: 12 queued, 1 coalesced
Processing file: 2020-12-27 20-21-30.csv...
已更新系统公共变量: latest_ais_data_raw
Pushed update from: 2020-12-27 20-21-30.csv (1658 ships)
Backend detection triggers: 12 queued, 1 coalesced
Processing file: 2020-12-27 20-22-00.csv...
已更新系统公共变量: latest_ais_data_raw
Pushed update from: 2020-12-27 20-22-00.csv (1775 ships)
Backend detection triggers: 12 queued, 1 coalesced
Processing file: 2020-12-27 20-22-30.csv...
已更新系统公共变量: latest_ais_data_raw
Pushed update from: 2020-12-27 20-22-30.csv (1627 ships)
Backend detection triggers: 13 queued, 0 coalesced
Processing file: 2020-12-27 20-23-00.csv...
已更新系统公共变量: latest_ais_data_raw
Pushed update from: 2020-12-27 20-23-00.csv (1784 ships)
Backend detection triggers: 11 queued, 2 coalesced
Processing file: 2020-12-27 20-23-30.csv...
已更新系统公共变量: latest_ais_data_raw
Pushed update from: 2020-12-27 20-23-30.csv (1657 ships)
Backend detection triggers: 13 queued, 0 coalesced
Processing file: 2020-12-27 20-24-00.csv...
已更新系统公共变量: latest_ais_data_raw
Pushed update from: 2020-12-27 20-24-00.csv (1812 ships)
Backend detection triggers: 11 queued, 2 coalesced
Processing file: 2020-12-27 20-24-30.csv...
已更新系统公共变量: latest_ais_data_raw
Pushed update from: 2020-12-27 20-24-30.csv (1658 ships)
Backend detection triggers: 13 queued, 0 coalesced
Processing file: 2020-12-27 20-25-00.csv...
已更新系统公共变量: latest_ais_data_raw
Pushed update from: 2020-12-27 20-25-00.csv (1775 ships)
Backend detection triggers: 11 queued, 2 coalesced
Processing file: 2020-12-27 20-25-30.csv...
已更新系统公共变量: latest_ais_data_raw
Pushed update from: 2020-12-27 20-25-30.csv (1626 ships)
Backend detection triggers: 13 queued, 0 coalesced
Processing file: 2020-12-27 20-26-00.csv...
已更新系统公共变量: latest_ais_data_raw
Pushed update from: 2020-12-27 20-26-00.csv (1786 ships)
Backend detection triggers: 11 queued, 2 coalesced
Processing file: 2020-12-27 20-26-30.csv...
已更新系统公共变量: latest_ais_data_raw
Pushed update from: 2020-12-27 20-26-30.csv (1661 ships)
Backend detection triggers: 13 queued, 0 coalesced
Processing file: 2020-12-27 20-27-00.csv...
已更新系统公共变量: latest_ais_data_raw
Pushed update from: 2020-12-27 20-27-00.csv (1813 ships)
Backend detection triggers: 11 queued, 2 coalesced
Processing file: 2020-12-27 20-27-30.csv...
已更新系统公共变量: latest_ais_data_raw
Pushed update from: 2020-12-27 20-27-30.csv (1661 ships)
Backend detection triggers: 12 queued, 1 coalesced
Processing file: 2020-12-27 20-28-00.csv...
已更新系统公共变量: latest_ais_data_raw
Pushed update from: 2020-12-27 20-28-00.csv (1781 ships)
Backend detection triggers: 12 queued, 1 coalesced
Processing file: 2020-12-27 20-28-30.csv...
已更新系统公共变量: latest_ais_data_raw
Pushed update from: 2020-12-27 20-28-30.csv (1633 ships)
Backend detection triggers: 13 queued, 0 coalesced
Processing file: 2020-12-27 20-29-00.csv...
已更新系统公共变量: latest_ais_data_raw
Pushed update from: 2020-12-27 20-29-00.csv (1793 ships)
Backend detection triggers: 11 queued, 2 coalesced
Processing file: 2020-12-27 20-29-30.csv...
已更新系统公共变量: latest_ais_data_raw
Pushed update from: 2020-12-27 20-29-30.csv (1667 ships)
Backend detection triggers: 13 queued, 0 coalesced
Processing file: 2020-12-27 20-30-00.csv...
已更新系统公共变量: latest_ais_data_raw
Pushed update from: 2020-12-27 20-30-00.csv (1816 ships)
Backend detection triggers: 11 queued, 2 coalesced
Processing file: 2020-12-27 20-30-30.csv...
已更新系统公共变量: latest_ais_data_raw
Pushed update from: 2020-12-27 20-30-30.csv (1663 ships)
Backend detection triggers: 13 queued, 0 coalesced
Processing file: 2020-12-27 20-31-00.csv...
已更新系统公共变量: latest_ais_data_raw
Pushed update from: 2020-12-27 20-31-00.csv (1780 ships)
Backend detection triggers: 11 queued, 2 coalesced
Processing file: 2020-12-27 20-31-30.csv...
已更新系统公共变量: latest_ais_data_raw
Pushed update from: 2020-12-27 20-31-30.csv (1629 ships)
Backend detection triggers: 11 queued, 2 coalesced
Processing file: 2020-12-27 20-32-00.csv...
已更新系统公共变量: latest_ais_data_raw
Pushed update from: 2020-12-27 20-32-00.csv (1790 ships)
Backend detection triggers: 12 queued, 1 coalesced
Processing file: 2020-12-27 20-32-30.csv...
已更新系统公共变量: latest_ais_data_raw
Pushed update from: 2020-12-27 20-32-30.csv (1665 ships)
Backend detection triggers: 13 queued, 0 coalesced
Processing file: 2020-12-27 20-33-00.csv...
已更新系统公共变量: latest_ais_data_raw
Pushed update from: 2020-12-27 20-33-00.csv (1817 ships)
Backend detection triggers: 11 queued, 2 coalesced
Processing file: 2020-12-27 20-33-30.csv...
已更新系统公共变量: latest_ais_data_raw
Pushed update from: 2020-12-27 20-33-30.csv (1665 ships)
Backend detection triggers: 13 queued, 0 coalesced
Processing file: 2020-12-27 20-34-00.csv...
已更新系统公共变量: latest_ais_data_raw
Pushed update from: 2020-12-27 20-34-00.csv (1783 ships)
Backend detection triggers: 11 queued, 2 coalesced
Processing file: 2020-12-27 20-34-30.csv...
已更新系统公共变量: latest_ais_data_raw
Pushed update from: 2020-12-27 20-34-30.csv (1631 ships)
Backend detection triggers: 13 queued, 0 coalesced
Processing file: 2020-12-27 20-35-00.csv...
已更新系统公共变量: latest_ais_data_raw
Pushed update from: 2020-12-27 20-35-00.csv (1791 ships)
Backend detection triggers: 11 queued, 2 coalesced
Processing file: 2020-12-27 20-35-30.csv...
已更新系统公共变量: latest_ais_data_raw
Pushed update from: 2020-12-27 20-35-30.csv (1665 ships)
Backend detection triggers: 12 queued, 1 coalesced
Processing file: 2020-12-27 20-36-00.csv...
已更新系统公共变量: latest_ais_data_raw
Pushed update from: 2020-12-27 20-36-00.csv (1811 ships)
Backend detection triggers: 12 queued, 1 coalesced
Processing file: 2020-12-27 20-36-30.csv...
已更新系统公共变量: latest_ais_data_raw
Pushed update from: 2020-12-27 20-36-30.csv (1658 ships)
Backend detection triggers: 11 queued, 2 coalesced
Processing file: 2020-12-27 20-37-00.csv...
已更新系统公共变量: latest_ais_data_raw
Pushed update from: 2020-12-27 20-37-00.csv (1775 ships)
Backend detection triggers: 13 queued, 0 coalesced
Processing file: 2020-12-27 20-37-30.csv...
已更新系统公共变量: latest_ais_data_raw
Pushed update from: 2020-12-27 20-37-30.csv (1629 ships)
Backend detection triggers: 12 queued, 1 coalesced
Processing file: 2020-12-27 20-38-00.csv...
已更新系统公共变量: latest_ais_data_raw
Pushed update from: 2020-12-27 20-38-00.csv (1786 ships)
Backend detection triggers: 12 queued, 1 coalesced
Processing file: 2020-12-27 20-38-30.csv...
已更新系统公共变量: latest_ais_data_raw
Pushed update from: 2020-12-27 20-38-30.csv (1660 ships)
Backend detection triggers: 12 queued, 1 coalesced
Processing file: 2020-12-27 20-39-00.csv...
已更新系统公共变量: latest_ais_data_raw
Pushed update from: 2020-12-27 20-39-00.csv (1809 ships)
Backend detection triggers: 12 queued, 1 coalesced
Processing file: 2020-12-27 20-39-30.csv...
已更新系统公共变量: latest_ais_data_raw
Pushed update from: 2020-12-27 20-39-30.csv (1658 ships)
Backend detection triggers: 12 queued, 1 coalesced
Processing file: 2020-12-27 20-40-00.csv...
已更新系统公共变量: latest_ais_data_raw
Pushed update from: 2020-12-27 20-40-00.csv (1775 ships)
Backend detection triggers: 12 queued, 1 coalesced
Processing file: 2020-12-27 20-40-30.csv...
已更新系统公共变量: latest_ais_data_raw
Pushed update from: 2020-12-27 20-40-30.csv (1625 ships)
Backend detection triggers: 12 queued, 1 coalesced
Processing file: 2020-12-27 20-41-00.csv...
已更新系统公共变量: latest_ais_data_raw
Pushed update from: 2020-12-27 20-41-00.csv (1786 ships)
Backend detection triggers: 12 queued, 1 coalesced
Processing file: 2020-12-27 20-41-30.csv...
已更新系统公共变量: latest_ais_data_raw
Pushed update from: 2020-12-27 20-41-30.csv (1661 ships)
Backend detection triggers: 12 queued, 1 coalesced
Processing file: 2020-12-27 20-42-00.csv...
已更新系统公共变量: latest_ais_data_raw
Pushed update from: 2020-12-27 20-42-00.csv (1813 ships)
Backend detection triggers: 12 queued, 1 coalesced
Processing file: 2020-12-27 20-42-30.csv...
已更新系统公共变量: latest_ais_data_raw
Pushed update from: 2020-12-27 20-42-30.csv (1660 ships)
Backend detection triggers: 12 queued, 1 coalesced
Processing file: 2020-12-27 20-43-00.csv...
已更新系统公共变量: latest_ais_data_raw
Pushed update from: 2020-12-27 20-43-00.csv (1781 ships)
Backend detection triggers: 12 queued, 1 coalesced
Processing file: 2020-12-27 20-43-30.csv...
已更新系统公共变量: latest_ais_data_raw
Pushed update from: 2020-12-27 20-43-30.csv (1629 ships)
Backend detection triggers: 12 queued, 1 coalesced
Processing file: 2020-12-27 20-44-00.csv...
已更新系统公共变量: latest_ais_data_raw
Pushed update from: 2020-12-27 20-44-00.csv (1788 ships)
Backend detection triggers: 12 queued, 1 coalesced
Processing file: 2020-12-27 20-44-30.csv...
已更新系统公共变量: latest_ais_data_raw
Pushed update from: 2020-12-27 20-44-30.csv (1663 ships)
Backend detection triggers: 12 queued, 1 coalesced
Processing file: 2020-12-27 20-45-00.csv...
已更新系统公共变量: latest_ais_data_raw
Pushed update from: 2020-12-27 20-45-00.csv (1816 ships)
Backend detection triggers: 12 queued, 1 coalesced
Processing file: 2020-12-27 20-45-30.csv...
已更新系统公共变量: latest_ais_data_raw
Pushed update from: 2020-12-27 20-45-30.csv (1660 ships)
Backend detection triggers: 13 queued, 0 coalesced
Processing file: 2020-12-27 20-46-00.csv...
已更新系统公共变量: latest_ais_data_raw
Pushed update from: 2020-12-27 20-46-00.csv (1779 ships)
Backend detection triggers: 11 queued, 2 coalesced
Processing file: 2020-12-27 20-46-30.csv...
已更新系统公共变量: latest_ais_data_raw
Pushed update from: 2020-12-27 20-46-30.csv (1627 ships)
Backend detection triggers: 13 queued, 0 coalesced
Processing file: 2020-12-27 20-47-00.csv...
已更新系统公共变量: latest_ais_data_raw
Pushed update from: 2020-12-27 20-47-00.csv (1782 ships)
Backend detection triggers: 11 queued, 2 coalesced
Processing file: 2020-12-27 20-47-30.csv...
已更新系统公共变量: latest_ais_data_raw
Pushed update from: 2020-12-27 20-47-30.csv (1656 ships)
Backend detection triggers: 12 queued, 1 coalesced
Processing file: 2020-12-27 20-48-00.csv...
已更新系统公共变量: latest_ais_data_raw
Pushed update from: 2020-12-27 20-48-00.csv (1809 ships)
Backend detection triggers: 11 queued, 2 coalesced
Processing file: 2020-12-27 20-48-30.csv...
已更新系统公共变量: latest_ais_data_raw
Pushed update from: 2020-12-27 20-48-30.csv (1655 ships)
Backend detection triggers: 13 queued, 0 coalesced
Processing file: 2020-12-27 20-49-00.csv...
已更新系统公共变量: latest_ais_data_raw
Pushed update from: 2020-12-27 20-49-00.csv (1774 ships)
Backend detection triggers: 11 queued, 2 coalesced
Processing file: 2020-12-27 20-49-30.csv...
已更新系统公共变量: latest_ais_data_raw
Pushed update from: 2020-12-27 20-49-30.csv (1625 ships)
Backend detection triggers: 13 queued, 0 coalesced
Processing file: 2020-12-27 20-50-00.csv...
已更新系统公共变量: latest_ais_data_raw
Pushed update from: 2020-12-27 20-50-00.csv (1784 ships)
Backend detection triggers: 11 queued, 2 coalesced
Processing file: 2020-12-27 20-50-30.csv...
已更新系统公共变量: latest_ais_data_raw
Pushed update from: 2020-12-27 20-50-30.csv (1658 ships)
Backend detection triggers: 13 queued, 0 coalesced
Processing file: 2020-12-27 20-51-00.csv...
已更新系统公共变量: latest_ais_data_raw
Pushed update from: 2020-12-27 20-51-00.csv (1807 ships)
Backend detection triggers: 11 queued, 2 coalesced
Processing file: 2020-12-27 20-51-30.csv...
已更新系统公共变量: latest_ais_data_raw
Pushed update from: 2020-12-27 20-51-30.csv (1653 ships)
Backend detection triggers: 13 queued, 0 coalesced
Processing file: 2020-12-27 20-52-00.csv...
已更新系统公共变量: latest_ais_data_raw
Pushed update from: 2020-12-27 20-52-00.csv (1771 ships)
Backend detection triggers: 11 queued, 2 coalesced
Processing file: 2020-12-27 20-52-30.csv...
已更新系统公共变量: latest_ais_data_raw
Pushed update from: 2020-12-27 20-52-30.csv (1622 ships)
Backend detection triggers: 13 queued, 0 coalesced
Processing file: 2020-12-27 20-53-00.csv...
已更新系统公共变量: latest_ais_data_raw
Pushed update from: 2020-12-27 20-53-00.csv (1778 ships)
Backend detection triggers: 11 queued, 2 coalesced
Processing file: 2020-12-27 20-53-30.csv...
已更新系统公共变量: latest_ais_data_raw
Pushed update from: 2020-12-27 20-53-30.csv (1651 ships)
Backend detection triggers: 13 queued, 0 coalesced
Processing file: 2020-12-27 20-54-00.csv...
已更新系统公共变量: latest_ais_data_raw
Pushed update from: 2020-12-27 20-54-00.csv (1800 ships)
Backend detection triggers: 11 queued, 2 coalesced
Processing file: 2020-12-27 20-54-30.csv...
已更新系统公共变量: latest_ais_data_raw
Pushed update from: 2020-12-27 20-54-30.csv (1648 ships)
Backend detection triggers: 13 queued, 0 coalesced
Processing file: 2020-12-27 20-55-00.csv...
已更新系统公共变量: latest_ais_data_raw
Pushed update from: 2020-12-27 20-55-00.csv (1764 ships)
Backend detection triggers: 11 queued, 2 coalesced
Processing file: 2020-12-27 20-55-30.csv...
已更新系统公共变量: latest_ais_data_raw
Pushed update from: 2020-12-27 20-55-30.csv (1614 ships)
Backend detection triggers: 13 queued, 0 coalesced
Processing file: 2020-12-27 20-56-00.csv...
已更新系统公共变量: latest_ais_data_raw
Pushed update from: 2020-12-27 20-56-00.csv (1772 ships)
Backend detection triggers: 11 queued, 2 coalesced
Processing file: 2020-12-27 20-56-30.csv...
已更新系统公共变量: latest_ais_data_raw
Pushed update from: 2020-12-27 20-56-30.csv (1645 ships)
Backend detection triggers: 13 queued, 0 coalesced
Processing file: 2020-12-27 20-57-00.csv...
已更新系统公共变量: latest_ais_data_raw
Pushed update from: 2020-12-27 20-57-00.csv (1791 ships)
Backend detection triggers: 11 queued, 2 coalesced
Processing file: 2020-12-27 20-57-30.csv...
已更新系统公共变量: latest_ais_data_raw
Pushed update from: 2020-12-27 20-57-30.csv (1641 ships)
Backend detection triggers: 13 queued, 0 coalesced
Processing file: 2020-12-27 20-58-00.csv...
已更新系统公共变量: latest_ais_data_raw
Pushed update from: 2020-12-27 20-58-00.csv (1761 ships)
Backend detection triggers: 11 queued, 2 coalesced
Processing file: 2020-12-27 20-58-30.csv...
已更新系统公共变量: latest_ais_data_raw
Pushed update from: 2020-12-27 20-58-30.csv (1613 ships)
Backend detection triggers: 13 queued, 0 coalesced
Processing file: 2020-12-27 20-59-00.csv...
已更新系统公共变量: latest_ais_data_raw
Pushed update from: 2020-12-27 20-59-00.csv (1773 ships)
Backend detection triggers: 11 queued, 2 coalesced
Processing file: 2020-12-27 20-59-30.csv...
已更新系统公共变量: latest_ais_data_raw
Pushed update from: 2020-12-27 20-59-30.csv (1645 ships)
Backend detection triggers: 13 queued, 0 coalesced
Processing file: 2020-12-27 21-00-00.csv...
已更新系统公共变量: latest_ais_data_raw
Pushed update from: 2020-12-27 21-00-00.csv (1792 ships)
Backend detection triggers: 11 queued, 2 coalesced
Processing file: 2020-12-27 21-00-30.csv...
已更新系统公共变量: latest_ais_data_raw
Pushed update from: 2020-12-27 21-00-30.csv (1637 ships)
Backend detection triggers: 13 queued, 0 coalesced
Processing file: 2020-12-27 21-01-00.csv...
已更新系统公共变量: latest_ais_data_raw
Pushed update from: 2020-12-27 21-01-00.csv (1757 ships)
Backend detection triggers: 11 queued, 2 coalesced
Processing file: 2020-12-27 21-01-30.csv...
已更新系统公共变量: latest_ais_data_raw
Pushed update from: 2020-12-27 21-01-30.csv (1609 ships)
Backend detection triggers: 13 queued, 0 coalesced
Processing file: 2020-12-27 21-02-00.csv...
已更新系统公共变量: latest_ais_data_raw
Pushed update from: 2020-12-27 21-02-00.csv (1769 ships)
Backend detection triggers: 11 queued, 2 coalesced
Processing file: 2020-12-27 21-02-30.csv...
已更新系统公共变量: latest_ais_data_raw
Pushed update from: 2020-12-27 21-02-30.csv (1642 ships)
Backend detection triggers: 13 queued, 0 coalesced
Processing file: 2020-12-27 21-03-00.csv...
已更新系统公共变量: latest_ais_data_raw
Pushed update from: 2020-12-27 21-03-00.csv (1789 ships)
Backend detection triggers: 11 queued, 2 coalesced
Processing file: 2020-12-27 21-03-30.csv...
已更新系统公共变量: latest_ais_data_raw
Pushed update from: 2020-12-27 21-03-30.csv (1639 ships)
Backend detection triggers: 13 queued, 0 coalesced
Processing file: 2020-12-27 21-04-00.csv...
已更新系统公共变量: latest_ais_data_raw
Pushed update from: 2020-12-27 21-04-00.csv (1757 ships)
Backend detection triggers: 10 queued, 3 coalesced
Processing file: 2020-12-27 21-04-30.csv...
已更新系统公共变量: latest_ais_data_raw
Pushed update from: 2020-12-27 21-04-30.csv (1610 ships)
Backend detection triggers: 13 queued, 0 coalesced
Processing file: 2020-12-27 21-05-00.csv...
已更新系统公共变量: latest_ais_data_raw
Pushed update from: 2020-12-27 21-05-00.csv (1770 ships)
Backend detection triggers: 11 queued, 2 coalesced
Processing file: 2020-12-27 21-05-30.csv...
已更新系统公共变量: latest_ais_data_raw
Pushed update from: 2020-12-27 21-05-30.csv (1640 ships)
Backend detection triggers: 13 queued, 0 coalesced
Processing file: 2020-12-27 21-06-00.csv...
已更新系统公共变量: latest_ais_data_raw
Pushed update from: 2020-12-27 21-06-00.csv (1785 ships)
Backend detection triggers: 11 queued, 2 coalesced
Processing file: 2020-12-27 21-06-30.csv...
已更新系统公共变量: latest_ais_data_raw
Pushed update from: 2020-12-27 21-06-30.csv (1637 ships)
Backend detection triggers: 13 queued, 0 coalesced
Processing file: 2020-12-27 21-07-00.csv...
已更新系统公共变量: latest_ais_data_raw
Pushed update from: 2020-12-27 21-07-00.csv (1756 ships)
Backend detection triggers: 11 queued, 2 coalesced
Processing file: 2020-12-27 21-07-30.csv...
已更新系统公共变量: latest_ais_data_raw
Pushed update from: 2020-12-27 21-07-30.csv (1606 ships)
Backend detection triggers: 13 queued, 0 coalesced
Processing file: 2020-12-27 21-08-00.csv...
已更新系统公共变量: latest_ais_data_raw
Pushed update from: 2020-12-27 21-08-00.csv (1771 ships)
Backend detection triggers: 11 queued, 2 coalesced
Processing file: 2020-12-27 21-08-30.csv...
已更新系统公共变量: latest_ais_data_raw
Pushed update from: 2020-12-27 21-08-30.csv (1642 ships)
Backend detection triggers: 13 queued, 0 coalesced
Processing file: 2020-12-27 21-09-00.csv...
已更新系统公共变量: latest_ais_data_raw
Pushed update from: 2020-12-27 21-09-00.csv (1787 ships)
Backend detection triggers: 11 queued, 2 coalesced
Processing file: 2020-12-27 21-09-30.csv...
已更新系统公共变量: latest_ais_data_raw
Pushed update from: 2020-12-27 21-09-30.csv (1639 ships)
Backend detection triggers: 11 queued, 2 coalesced
Processing file: 2020-12-27 21-10-00.csv...
已更新系统公共变量: latest_ais_data_raw
Pushed update from: 2020-12-27 21-10-00.csv (1760 ships)
Backend detection triggers: 13 queued, 0 coalesced
Processing file: 2020-12-27 21-10-30.csv...
已更新系统公共变量: latest_ais_data_raw
Pushed update from: 2020-12-27 21-10-30.csv (1606 ships)
Backend detection triggers: 11 queued, 2 coalesced
Processing file: 2020-12-27 21-11-00.csv...
已更新系统公共变量: latest_ais_data_raw
Pushed update from: 2020-12-27 21-11-00.csv (1770 ships)
Backend detection triggers: 13 queued, 0 coalesced
Processing file: 2020-12-27 21-11-30.csv...
已更新系统公共变量: latest_ais_data_raw
Pushed update from: 2020-12-27 21-11-30.csv (1634 ships)
Backend detection triggers: 11 queued, 2 coalesced
Processing file: 2020-12-27 21-12-00.csv...
已更新系统公共变量: latest_ais_data_raw
Pushed update from: 2020-12-27 21-12-00.csv (1782 ships)
Backend detection triggers: 11 queued, 2 coalesced
Processing file: 2020-12-27 21-12-30.csv...
已更新系统公共变量: latest_ais_data_raw
Pushed update from: 2020-12-27 21-12-30.csv (1629 ships)
Backend detection triggers: 13 queued, 0 coalesced
Processing file: 2020-12-27 21-13-00.csv...
已更新系统公共变量: latest_ais_data_raw
Pushed update from: 2020-12-27 21-13-00.csv (1753 ships)
Backend detection triggers: 11 queued, 2 coalesced
Processing file: 2020-12-27 21-13-30.csv...
已更新系统公共变量: latest_ais_data_raw
Pushed update from: 2020-12-27 21-13-30.csv (1593 ships)
Backend detection triggers: 13 queued, 0 coalesced
Processing file: 2020-12-27 21-14-00.csv...
已更新系统公共变量: latest_ais_data_raw
Pushed update from: 2020-12-27 21-14-00.csv (1760 ships)
Backend detection triggers: 11 queued, 2 coalesced
Processing file: 2020-12-27 21-14-30.csv...
已更新系统公共变量: latest_ais_data_raw
Pushed update from: 2020-12-27 21-14-30.csv (1620 ships)
Backend detection triggers: 13 queued, 0 coalesced
Processing file: 2020-12-27 21-15-00.csv...
已更新系统公共变量: latest_ais_data_raw
Pushed update from: 2020-12-27 21-15-00.csv (1770 ships)
Backend detection triggers: 11 queued, 2 coalesced
Processing file: 2020-12-27 21-15-30.csv...
已更新系统公共变量: latest_ais_data_raw
Pushed update from: 2020-12-27 21-15-30.csv (1617 ships)
Backend detection triggers: 13 queued, 0 coalesced
Processing file: 2020-12-27 21-16-00.csv...
已更新系统公共变量: latest_ais_data_raw
Pushed update from: 2020-12-27 21-16-00.csv (1741 ships)
Backend detection triggers: 11 queued, 2 coalesced
Processing file: 2020-12-27 21-16-30.csv...
已更新系统公共变量: latest_ais_data_raw
Pushed update from: 2020-12-27 21-16-30.csv (1588 ships)
Backend detection triggers: 13 queued, 0 coalesced
Processing file: 2020-12-27 21-17-00.csv...
已更新系统公共变量: latest_ais_data_raw
Pushed update from: 2020-12-27 21-17-00.csv (1758 ships)
Backend detection triggers: 11 queued, 2 coalesced
Processing file: 2020-12-27 21-17-30.csv...
已更新系统公共变量: latest_ais_data_raw
Pushed update from: 2020-12-27 21-17-30.csv (1617 ships)
Backend detection triggers: 13 queued, 0 coalesced
Processing file: 2020-12-27 21-18-00.csv...
已更新系统公共变量: latest_ais_data_raw
Pushed update from: 2020-12-27 21-18-00.csv (1769 ships)
Backend detection triggers: 11 queued, 2 coalesced
Processing file: 2020-12-27 21-18-30.csv...
已更新系统公共变量: latest_ais_data_raw
Pushed update from: 2020-12-27 21-18-30.csv (1622 ships)
Backend detection triggers: 13 queued, 0 coalesced
Processing file: 2020-12-27 21-19-00.csv...
已更新系统公共变量: latest_ais_data_raw
Pushed update from: 2020-12-27 21-19-00.csv (1742 ships)
Backend detection triggers: 11 queued, 2 coalesced
Processing file: 2020-12-27 21-19-30.csv...
已更新系统公共变量: latest_ais_data_raw
Pushed update from: 2020-12-27 21-19-30.csv (1592 ships)
Backend detection triggers: 13 queued, 0 coalesced
Processing file: 2020-12-27 21-20-00.csv...
已更新系统公共变量: latest_ais_data_raw
Pushed update from: 2020-12-27 21-20-00.csv (1763 ships)
Backend detection triggers: 11 queued, 2 coalesced
Processing file: 2020-12-27 21-20-30.csv...
已更新系统公共变量: latest_ais_data_raw
Pushed update from: 2020-12-27 21-20-30.csv (1619 ships)
Backend detection triggers: 13 queued, 0 coalesced
Processing file: 2020-12-27 21-21-00.csv...
已更新系统公共变量: latest_ais_data_raw
Pushed update from: 2020-12-27 21-21-00.csv (1767 ships)
Backend detection triggers: 11 queued, 2 coalesced
Processing file: 2020-12-27 21-21-30.csv...
已更新系统公共变量: latest_ais_data_raw
Pushed update from: 2020-12-27 21-21-30.csv (1622 ships)
Backend detection triggers: 13 queued, 0 coalesced
Processing file: 2020-12-27 21-22-00.csv...
已更新系统公共变量: latest_ais_data_raw
Pushed update from: 2020-12-27 21-22-00.csv (1741 ships)
Backend detection triggers: 11 queued, 2 coalesced
Processing file: 2020-12-27 21-22-30.csv...
已更新系统公共变量: latest_ais_data_raw
Pushed update from: 2020-12-27 21-22-30.csv (1591 ships)
Backend detection triggers: 12 queued, 1 coalesced
Processing file: 2020-12-27 21-23-00.csv...
已更新系统公共变量: latest_ais_data_raw
Pushed update from: 2020-12-27 21-23-00.csv (1757 ships)
Backend detection triggers: 12 queued, 1 coalesced
Processing file: 2020-12-27 21-23-30.csv...
已更新系统公共变量: latest_ais_data_raw
Pushed update from: 2020-12-27 21-23-30.csv (1612 ships)
Backend detection triggers: 12 queued, 1 coalesced
Processing file: 2020-12-27 21-24-00.csv...
已更新系统公共变量: latest_ais_data_raw
Pushed update from: 2020-12-27 21-24-00.csv (1760 ships)
Backend detection triggers: 12 queued, 1 coalesced
Processing file: 2020-12-27 21-24-30.csv...
已更新系统公共变量: latest_ais_data_raw
Pushed update from: 2020-12-27 21-24-30.csv (1615 ships)
Backend detection triggers: 12 queued, 1 coalesced
Processing file: 2020-12-27 21-25-00.csv...
已更新系统公共变量: latest_ais_data_raw
Pushed update from: 2020-12-27 21-25-00.csv (1734 ships)
Backend detection triggers: 12 queued, 1 coalesced
Processing file: 2020-12-27 21-25-30.csv...
已更新系统公共变量: latest_ais_data_raw
Pushed update from: 2020-12-27 21-25-30.csv (1584 ships)
Backend detection triggers: 13 queued, 0 coalesced
Processing file: 2020-12-27 21-26-00.csv...
已更新系统公共变量: latest_ais_data_raw
Pushed update from: 2020-12-27 21-26-00.csv (1754 ships)
Backend detection triggers: 11 queued, 2 coalesced
Processing file: 2020-12-27 21-26-30.csv...
已更新系统公共变量: latest_ais_data_raw
Pushed update from: 2020-12-27 21-26-30.csv (1608 ships)
Backend detection triggers: 13 queued, 0 coalesced
Processing file: 2020-12-27 21-27-00.csv...
已更新系统公共变量: latest_ais_data_raw
Pushed update from: 2020-12-27 21-27-00.csv (1756 ships)
Backend detection triggers: 11 queued, 2 coalesced
Processing file: 2020-12-27 21-27-30.csv...
已更新系统公共变量: latest_ais_data_raw
Pushed update from: 2020-12-27 21-27-30.csv (1614 ships)
Backend detection triggers: 13 queued, 0 coalesced
Processing file: 2020-12-27 21-28-00.csv...
已更新系统公共变量: latest_ais_data_raw
Pushed update from: 2020-12-27 21-28-00.csv (1735 ships)
Backend detection triggers: 11 queued, 2 coalesced
Processing file: 2020-12-27 21-28-30.csv...
已更新系统公共变量: latest_ais_data_raw
Pushed update from: 2020-12-27 21-28-30.csv (1585 ships)
Backend detection triggers: 13 queued, 0 coalesced
Processing file: 2020-12-27 21-29-00.csv...
已更新系统公共变量: latest_ais_data_raw
Pushed update from: 2020-12-27 21-29-00.csv (1757 ships)
Backend detection triggers: 11 queued, 2 coalesced
Processing file: 2020-12-27 21-29-30.csv...
已更新系统公共变量: latest_ais_data_raw
Pushed update from: 2020-12-27 21-29-30.csv (1610 ships)
Backend detection triggers: 13 queued, 0 coalesced
Processing file: 2020-12-27 21-30-00.csv...
已更新系统公共变量: latest_ais_data_raw
Pushed update from: 2020-12-27 21-30-00.csv (1755 ships)
Backend detection triggers: 11 queued, 2 coalesced
Processing file: 2020-12-27 21-30-30.csv...
已更新系统公共变量: latest_ais_data_raw
Pushed update from: 2020-12-27 21-30-30.csv (1615 ships)
Backend detection triggers: 12 queued, 1 coalesced
Processing file: 2020-12-27 21-31-00.csv...
已更新系统公共变量: latest_ais_data_raw
Pushed update from: 2020-12-27 21-31-00.csv (1736 ships)
Backend detection triggers: 12 queued, 1 coalesced
Processing file: 2020-12-27 21-31-30.csv...
已更新系统公共变量: latest_ais_data_raw
Pushed update from: 2020-12-27 21-31-30.csv (1585 ships)
Backend detection triggers: 13 queued, 0 coalesced
Processing file: 2020-12-27 21-32-00.csv...
已更新系统公共变量: latest_ais_data_raw
Pushed update from: 2020-12-27 21-32-00.csv (1758 ships)
Backend detection triggers: 11 queued, 2 coalesced
Processing file: 2020-12-27 21-32-30.csv...
已更新系统公共变量: latest_ais_data_raw
Pushed update from: 2020-12-27 21-32-30.csv (1608 ships)
Backend detection triggers: 13 queued, 0 coalesced
Processing file: 2020-12-27 21-33-00.csv...
已更新系统公共变量: latest_ais_data_raw
Pushed update from: 2020-12-27 21-33-00.csv (1750 ships)
Backend detection triggers: 11 queued, 2 coalesced
Processing file: 2020-12-27 21-33-30.csv...
已更新系统公共变量: latest_ais_data_raw
Pushed update from: 2020-12-27 21-33-30.csv (1609 ships)
Backend detection triggers: 13 queued, 0 coalesced
Processing file: 2020-12-27 21-34-00.csv...
已更新系统公共变量: latest_ais_data_raw
Pushed update from: 2020-12-27 21-34-00.csv (1730 ships)
Backend detection triggers: 11 queued, 2 coalesced
Processing file: 2020-12-27 21-34-30.csv...
已更新系统公共变量: latest_ais_data_raw
Pushed update from: 2020-12-27 21-34-30.csv (1581 ships)
Backend detection triggers: 13 queued, 0 coalesced
Processing file: 2020-12-27 21-35-00.csv...
已更新系统公共变量: latest_ais_data_raw
Pushed update from: 2020-12-27 21-35-00.csv (1758 ships)
Backend detection triggers: 11 queued, 2 coalesced
Processing file: 2020-12-27 21-35-30.csv...
已更新系统公共变量: latest_ais_data_raw
Pushed update from: 2020-12-27 21-35-30.csv (1606 ships)
Backend detection triggers: 13 queued, 0 coalesced
Processing file: 2020-12-27 21-36-00.csv...
已更新系统公共变量: latest_ais_data_raw
Pushed update from: 2020-12-27 21-36-00.csv (1747 ships)
Backend detection triggers: 11 queued, 2 coalesced
Processing file: 2020-12-27 21-36-30.csv...
已更新系统公共变量: latest_ais_data_raw
Pushed update from: 2020-12-27 21-36-30.csv (1608 ships)
Backend detection triggers: 13 queued, 0 coalesced
Processing file: 2020-12-27 21-37-00.csv...
已更新系统公共变量: latest_ais_data_raw
Pushed update from: 2020-12-27 21-37-00.csv (1726 ships)
Backend detection triggers: 11 queued, 2 coalesced
Processing file: 2020-12-27 21-37-30.csv...
已更新系统公共变量: latest_ais_data_raw
Pushed update from: 2020-12-27 21-37-30.csv (1573 ships)
Backend detection triggers: 13 queued, 0 coalesced
Processing file: 2020-12-27 21-38-00.csv...
已更新系统公共变量: latest_ais_data_raw
Pushed update from: 2020-12-27 21-38-00.csv (1749 ships)
Backend detection triggers: 11 queued, 2 coalesced
Processing file: 2020-12-27 21-38-30.csv...
已更新系统公共变量: latest_ais_data_raw
Pushed update from: 2020-12-27 21-38-30.csv (1603 ships)
Backend detection triggers: 13 queued, 0 coalesced
Processing file: 2020-12-27 21-39-00.csv...
已更新系统公共变量: latest_ais_data_raw
Pushed update from: 2020-12-27 21-39-00.csv (1745 ships)
Backend detection triggers: 11 queued, 2 coalesced
Processing file: 2020-12-27 21-39-30.csv...
已更新系统公共变量: latest_ais_data_raw
Pushed update from: 2020-12-27 21-39-30.csv (1608 ships)
Backend detection triggers: 13 queued, 0 coalesced
Processing file: 2020-12-27 21-40-00.csv...
已更新系统公共变量: latest_ais_data_raw
Pushed update from: 2020-12-27 21-40-00.csv (1726 ships)
Backend detection triggers: 11 queued, 2 coalesced
Processing file: 2020-12-27 21-40-30.csv...
已更新系统公共变量: latest_ais_data_raw
Pushed update from: 2020-12-27 21-40-30.csv (1572 ships)
Backend detection triggers: 13 queued, 0 coalesced
Processing file: 2020-12-27 21-41-00.csv...
已更新系统公共变量: latest_ais_data_raw
Pushed update from: 2020-12-27 21-41-00.csv (1746 ships)
Backend detection triggers: 11 queued, 2 coalesced
Processing file: 2020-12-27 21-41-30.csv...
已更新系统公共变量: latest_ais_data_raw
Pushed update from: 2020-12-27 21-41-30.csv (1598 ships)
Backend detection triggers: 12 queued, 1 coalesced
Processing file: 2020-12-27 21-42-00.csv...
已更新系统公共变量: latest_ais_data_raw
Pushed update from: 2020-12-27 21-42-00.csv (1737 ships)
Backend detection triggers: 12 queued, 1 coalesced
Processing file: 2020-12-27 21-42-30.csv...
已更新系统公共变量: latest_ais_data_raw
Pushed update from: 2020-12-27 21-42-30.csv (1604 ships)
Backend detection triggers: 11 queued, 2 coalesced
Processing file: 2020-12-27 21-43-00.csv...
已更新系统公共变量: latest_ais_data_raw
Pushed update from: 2020-12-27 21-43-00.csv (1721 ships)
Backend detection triggers: 12 queued, 1 coalesced
Processing file: 2020-12-27 21-43-30.csv...
已更新系统公共变量: latest_ais_data_raw
Pushed update from: 2020-12-27 21-43-30.csv (1569 ships)
Backend detection triggers: 11 queued, 2 coalesced
Processing file: 2020-12-27 21-44-00.csv...
已更新系统公共变量: latest_ais_data_raw
Pushed update from: 2020-12-27 21-44-00.csv (1743 ships)
Backend detection triggers: 12 queued, 1 coalesced
Processing file: 2020-12-27 21-44-30.csv...
已更新系统公共变量: latest_ais_data_raw
Pushed update from: 2020-12-27 21-44-30.csv (1596 ships)
Backend detection triggers: 12 queued, 1 coalesced
Processing file: 2020-12-27 21-45-00.csv...
已更新系统公共变量: latest_ais_data_raw
Pushed update from: 2020-12-27 21-45-00.csv (1735 ships)
Backend detection triggers: 12 queued, 1 coalesced
Processing file: 2020-12-27 21-45-30.csv...
已更新系统公共变量: latest_ais_data_raw
Pushed update from: 2020-12-27 21-45-30.csv (1605 ships)
Backend detection triggers: 12 queued, 1 coalesced
Processing file: 2020-12-27 21-46-00.csv...
已更新系统公共变量: latest_ais_data_raw
Pushed update from: 2020-12-27 21-46-00.csv (1721 ships)
Backend detection triggers: 12 queued, 1 coalesced
Processing file: 2020-12-27 21-46-30.csv...
已更新系统公共变量: latest_ais_data_raw
Pushed update from: 2020-12-27 21-46-30.csv (1570 ships)
Backend detection triggers: 12 queued, 1 coalesced
Processing file: 2020-12-27 21-47-00.csv...
已更新系统公共变量: latest_ais_data_raw
Pushed update from: 2020-12-27 21-47-00.csv (1742 ships)
Backend detection triggers: 12 queued, 1 coalesced
Processing file: 2020-12-27 21-47-30.csv...
已更新系统公共变量: latest_ais_data_raw
Pushed update from: 2020-12-27 21-47-30.csv (1599 ships)
Backend detection triggers: 13 queued, 0 coalesced
Processing file: 2020-12-27 21-48-00.csv...
已更新系统公共变量: latest_ais_data_raw
Pushed update from: 2020-12-27 21-48-00.csv (1734 ships)
Backend detection triggers: 11 queued, 2 coalesced
Processing file: 2020-12-27 21-48-30.csv...
已更新系统公共变量: latest_ais_data_raw
Pushed update from: 2020-12-27 21-48-30.csv (1605 ships)
Backend detection triggers: 13 queued, 0 coalesced
Processing file: 2020-12-27 21-49-00.csv...
已更新系统公共变量: latest_ais_data_raw
Pushed update from: 2020-12-27 21-49-00.csv (1721 ships)
Backend detection triggers: 11 queued, 2 coalesced
Processing file: 2020-12-27 21-49-30.csv...
已更新系统公共变量: latest_ais_data_raw
Pushed update from: 2020-12-27 21-49-30.csv (1572 ships)
Backend detection triggers: 13 queued, 0 coalesced
Processing file: 2020-12-27 21-50-00.csv...
已更新系统公共变量: latest_ais_data_raw
Pushed update from: 2020-12-27 21-50-00.csv (1738 ships)
Backend detection triggers: 11 queued, 2 coalesced
Processing file: 2020-12-27 21-50-30.csv...
已更新系统公共变量: latest_ais_data_raw
Pushed update from: 2020-12-27 21-50-30.csv (1593 ships)
Backend detection triggers: 13 queued, 0 coalesced
Processing file: 2020-12-27 21-51-00.csv...
已更新系统公共变量: latest_ais_data_raw
Pushed update from: 2020-12-27 21-51-00.csv (1727 ships)
Backend detection triggers: 11 queued, 2 coalesced
Processing file: 2020-12-27 21-51-30.csv...
已更新系统公共变量: latest_ais_data_raw
Pushed update from: 2020-12-27 21-51-30.csv (1596 ships)
Backend detection triggers: 13 queued, 0 coalesced
Processing file: 2020-12-27 21-52-00.csv...
已更新系统公共变量: latest_ais_data_raw
Pushed update from: 2020-12-27 21-52-00.csv (1711 ships)
Backend detection triggers: 11 queued, 2 coalesced
Processing file: 2020-12-27 21-52-30.csv...
已更新系统公共变量: latest_ais_data_raw
Pushed update from: 2020-12-27 21-52-30.csv (1566 ships)
Backend detection triggers: 13 queued, 0 coalesced
Processing file: 2020-12-27 21-53-00.csv...
已更新系统公共变量: latest_ais_data_raw
Pushed update from: 2020-12-27 21-53-00.csv (1731 ships)
Backend detection triggers: 11 queued, 2 coalesced
Processing file: 2020-12-27 21-53-30.csv...
已更新系统公共变量: latest_ais_data_raw
Pushed update from: 2020-12-27 21-53-30.csv (1587 ships)
Backend detection triggers: 12 queued, 1 coalesced
Processing file: 2020-12-27 21-54-00.csv...
已更新系统公共变量: latest_ais_data_raw
Pushed update from: 2020-12-27 21-54-00.csv (1726 ships)
Backend detection triggers: 12 queued, 1 coalesced
Processing file: 2020-12-27 21-54-30.csv...
已更新系统公共变量: latest_ais_data_raw
Pushed update from: 2020-12-27 21-54-30.csv (1596 ships)
Backend detection triggers: 13 queued, 0 coalesced
Processing file: 2020-12-27 21-55-00.csv...
已更新系统公共变量: latest_ais_data_raw
Pushed update from: 2020-12-27 21-55-00.csv (1716 ships)
Backend detection triggers: 11 queued, 2 coalesced
Processing file: 2020-12-27 21-55-30.csv...
已更新系统公共变量: latest_ais_data_raw
Pushed update from: 2020-12-27 21-55-30.csv (1573 ships)
Backend detection triggers: 12 queued, 1 coalesced
Processing file: 2020-12-27 21-56-00.csv...
已更新系统公共变量: latest_ais_data_raw
Pushed update from: 2020-12-27 21-56-00.csv (1738 ships)
Backend detection triggers: 12 queued, 1 coalesced
Processing file: 2020-12-27 21-56-30.csv...
已更新系统公共变量: latest_ais_data_raw
Pushed update from: 2020-12-27 21-56-30.csv (1593 ships)
Backend detection triggers: 13 queued, 0 coalesced
Processing file: 2020-12-27 21-57-00.csv...
已更新系统公共变量: latest_ais_data_raw
Pushed update from: 2020-12-27 21-57-00.csv (1733 ships)
Backend detection triggers: 11 queued, 2 coalesced
Processing file: 2020-12-27 21-57-30.csv...
已更新系统公共变量: latest_ais_data_raw
Pushed update from: 2020-12-27 21-57-30.csv (1601 ships)
Backend detection triggers: 13 queued, 0 coalesced
Processing file: 2020-12-27 21-58-00.csv...
已更新系统公共变量: latest_ais_data_raw
Pushed update from: 2020-12-27 21-58-00.csv (1715 ships)
Backend detection triggers: 11 queued, 2 coalesced
Processing file: 2020-12-27 21-58-30.csv...
已更新系统公共变量: latest_ais_data_raw
Pushed update from: 2020-12-27 21-58-30.csv (1572 ships)
Backend detection triggers: 13 queued, 0 coalesced
Processing file: 2020-12-27 21-59-00.csv...
已更新系统公共变量: latest_ais_data_raw
Pushed update from: 2020-12-27 21-59-00.csv (1738 ships)
Backend detection triggers: 11 queued, 2 coalesced
Processing file: 2020-12-27 21-59-30.csv...
已更新系统公共变量: latest_ais_data_raw
Pushed update from: 2020-12-27 21-59-30.csv (1592 ships)
Backend detection triggers: 13 queued, 0 coalesced
Processing file: 2020-12-27 22-00-00.csv...
已更新系统公共变量: latest_ais_data_raw
Pushed update from: 2020-12-27 22-00-00.csv (1734 ships)
Backend detection triggers: 11 queued, 2 coalesced
Processing file: 2020-12-27 22-00-30.csv...
已更新系统公共变量: latest_ais_data_raw
Pushed update from: 2020-12-27 22-00-30.csv (1605 ships)
Backend detection triggers: 13 queued, 0 coalesced
Processing file: 2020-12-27 22-01-00.csv...
已更新系统公共变量: latest_ais_data_raw
Pushed update from: 2020-12-27 22-01-00.csv (1719 ships)
Backend detection triggers: 11 queued, 2 coalesced
Processing file: 2020-12-27 22-01-30.csv...
已更新系统公共变量: latest_ais_data_raw
Pushed update from: 2020-12-27 22-01-30.csv (1573 ships)
Backend detection triggers: 12 queued, 1 coalesced
Processing file: 2020-12-27 22-02-00.csv...
已更新系统公共变量: latest_ais_data_raw
Pushed update from: 2020-12-27 22-02-00.csv (1737 ships)
Backend detection triggers: 11 queued, 2 coalesced
Processing file: 2020-12-27 22-02-30.csv...
已更新系统公共变量: latest_ais_data_raw
Pushed update from: 2020-12-27 22-02-30.csv (1588 ships)
Backend detection triggers: 13 queued, 0 coalesced
Processing file: 2020-12-27 22-03-00.csv...
已更新系统公共变量: latest_ais_data_raw
Pushed update from: 2020-12-27 22-03-00.csv (1731 ships)
Backend detection triggers: 11 queued, 2 coalesced
Processing file: 2020-12-27 22-03-30.csv...
已更新系统公共变量: latest_ais_data_raw
Pushed update from: 2020-12-27 22-03-30.csv (1602 ships)
Backend detection triggers: 13 queued, 0 coalesced
Processing file: 2020-12-27 22-04-00.csv...
已更新系统公共变量: latest_ais_data_raw
Pushed update from: 2020-12-27 22-04-00.csv (1714 ships)
Backend detection triggers: 11 queued, 2 coalesced
Processing file: 2020-12-27 22-04-30.csv...
已更新系统公共变量: latest_ais_data_raw
Pushed update from: 2020-12-27 22-04-30.csv (1569 ships)
Backend detection triggers: 13 queued, 0 coalesced
Processing file: 2020-12-27 22-05-00.csv...
已更新系统公共变量: latest_ais_data_raw
Pushed update from: 2020-12-27 22-05-00.csv (1738 ships)
Backend detection triggers: 11 queued, 2 coalesced
Processing file: 2020-12-27 22-05-30.csv...
已更新系统公共变量: latest_ais_data_raw
Pushed update from: 2020-12-27 22-05-30.csv (1589 ships)
Backend detection triggers: 12 queued, 1 coalesced
Processing file: 2020-12-27 22-06-00.csv...
已更新系统公共变量: latest_ais_data_raw
Pushed update from: 2020-12-27 22-06-00.csv (1732 ships)
Backend detection triggers: 12 queued, 1 coalesced
Processing file: 2020-12-27 22-06-30.csv...
已更新系统公共变量: latest_ais_data_raw
Pushed update from: 2020-12-27 22-06-30.csv (1601 ships)
Backend detection triggers: 12 queued, 1 coalesced
Processing file: 2020-12-27 22-07-00.csv...
已更新系统公共变量: latest_ais_data_raw
Pushed update from: 2020-12-27 22-07-00.csv (1715 ships)
Backend detection triggers: 12 queued, 1 coalesced
Processing file: 2020-12-27 22-07-30.csv...
已更新系统公共变量: latest_ais_data_raw
Pushed update from: 2020-12-27 22-07-30.csv (1571 ships)
Backend detection triggers: 11 queued, 2 coalesced
Processing file: 2020-12-27 22-08-00.csv...
已更新系统公共变量: latest_ais_data_raw
Pushed update from: 2020-12-27 22-08-00.csv (1734 ships)
Backend detection triggers: 13 queued, 0 coalesced
Processing file: 2020-12-27 22-08-30.csv...
已更新系统公共变量: latest_ais_data_raw
Pushed update from: 2020-12-27 22-08-30.csv (1587 ships)
Backend detection triggers: 11 queued, 2 coalesced
Processing file: 2020-12-27 22-09-00.csv...
已更新系统公共变量: latest_ais_data_raw
Pushed update from: 2020-12-27 22-09-00.csv (1730 ships)
Backend detection triggers: 13 queued, 0 coalesced
Processing file: 2020-12-27 22-09-30.csv...
已更新系统公共变量: latest_ais_data_raw
Pushed update from: 2020-12-27 22-09-30.csv (1597 ships)
Backend detection triggers: 11 queued, 2 coalesced
Processing file: 2020-12-27 22-10-00.csv...
已更新系统公共变量: latest_ais_data_raw
Pushed update from: 2020-12-27 22-10-00.csv (1711 ships)
Backend detection triggers: 11 queued, 2 coalesced
Processing file: 2020-12-27 22-10-30.csv...
已更新系统公共变量: latest_ais_data_raw
Pushed update from: 2020-12-27 22-10-30.csv (1570 ships)
Backend detection triggers: 12 queued, 1 coalesced
Processing file: 2020-12-27 22-11-00.csv...
已更新系统公共变量: latest_ais_data_raw
Pushed update from: 2020-12-27 22-11-00.csv (1734 ships)
Backend detection triggers: 11 queued, 2 coalesced
Processing file: 2020-12-27 22-11-30.csv...
已更新系统公共变量: latest_ais_data_raw
Pushed update from: 2020-12-27 22-11-30.csv (1585 ships)
Backend detection triggers: 13 queued, 0 coalesced
Processing file: 2020-12-27 22-12-00.csv...
已更新系统公共变量: latest_ais_data_raw
Pushed update from: 2020-12-27 22-12-00.csv (1728 ships)
Backend detection triggers: 11 queued, 2 coalesced
Processing file: 2020-12-27 22-12-30.csv...
已更新系统公共变量: latest_ais_data_raw
Pushed update from: 2020-12-27 22-12-30.csv (1596 ships)
Backend detection triggers: 13 queued, 0 coalesced
Processing file: 2020-12-27 22-13-00.csv...
已更新系统公共变量: latest_ais_data_raw
Pushed update from: 2020-12-27 22-13-00.csv (1712 ships)
Backend detection triggers: 11 queued, 2 coalesced
Processing file: 2020-12-27 22-13-30.csv...
已更新系统公共变量: latest_ais_data_raw
Pushed update from: 2020-12-27 22-13-30.csv (1570 ships)
Backend detection triggers: 12 queued, 1 coalesced
Processing file: 2020-12-27 22-14-00.csv...
已更新系统公共变量: latest_ais_data_raw
Pushed update from: 2020-12-27 22-14-00.csv (1735 ships)
Backend detection triggers: 12 queued, 1 coalesced
Processing file: 2020-12-27 22-14-30.csv...
已更新系统公共变量: latest_ais_data_raw
Pushed update from: 2020-12-27 22-14-30.csv (1587 ships)
Backend detection triggers: 11 queued, 2 coalesced
Processing file: 2020-12-27 22-15-00.csv...
已更新系统公共变量: latest_ais_data_raw
Pushed update from: 2020-12-27 22-15-00.csv (1730 ships)
Backend detection triggers: 13 queued, 0 coalesced
Processing file: 2020-12-27 22-15-30.csv...
已更新系统公共变量: latest_ais_data_raw
Pushed update from: 2020-12-27 22-15-30.csv (1594 ships)
Backend detection triggers: 11 queued, 2 coalesced
Processing file: 2020-12-27 22-16-00.csv...
已更新系统公共变量: latest_ais_data_raw
Pushed update from: 2020-12-27 22-16-00.csv (1707 ships)
Backend detection triggers: 13 queued, 0 coalesced
Processing file: 2020-12-27 22-16-30.csv...
已更新系统公共变量: latest_ais_data_raw
Pushed update from: 2020-12-27 22-16-30.csv (1565 ships)
Backend detection triggers: 11 queued, 2 coalesced
Processing file: 2020-12-27 22-17-00.csv...
已更新系统公共变量: latest_ais_data_raw
Pushed update from: 2020-12-27 22-17-00.csv (1732 ships)
Backend detection triggers: 13 queued, 0 coalesced
Processing file: 2020-12-27 22-17-30.csv...
已更新系统公共变量: latest_ais_data_raw
Pushed update from: 2020-12-27 22-17-30.csv (1585 ships)
Backend detection triggers: 11 queued, 2 coalesced
Processing file: 2020-12-27 22-18-00.csv...
已更新系统公共变量: latest_ais_data_raw
Pushed update from: 2020-12-27 22-18-00.csv (1729 ships)
Backend detection triggers: 13 queued, 0 coalesced
Processing file: 2020-12-27 22-18-30.csv...
已更新系统公共变量: latest_ais_data_raw
Pushed update from: 2020-12-27 22-18-30.csv (1599 ships)
Backend detection triggers: 11 queued, 2 coalesced
Processing file: 2020-12-27 22-19-00.csv...
已更新系统公共变量: latest_ais_data_raw
Pushed update from: 2020-12-27 22-19-00.csv (1712 ships)
Backend detection triggers: 12 queued, 1 coalesced
Processing file: 2020-12-27 22-19-30.csv...
已更新系统公共变量: latest_ais_data_raw
Pushed update from: 2020-12-27 22-19-30.csv (1567 ships)
Backend detection triggers: 12 queued, 1 coalesced
Processing file: 2020-12-27 22-20-00.csv...
已更新系统公共变量: latest_ais_data_raw
Pushed update from: 2020-12-27 22-20-00.csv (1736 ships)
Backend detection triggers: 12 queued, 1 coalesced
Processing file: 2020-12-27 22-20-30.csv...
已更新系统公共变量: latest_ais_data_raw
Pushed update from: 2020-12-27 22-20-30.csv (1586 ships)
Backend detection triggers: 12 queued, 1 coalesced
Processing file: 2020-12-27 22-21-00.csv...
已更新系统公共变量: latest_ais_data_raw
Pushed update from: 2020-12-27 22-21-00.csv (1726 ships)
Backend detection triggers: 11 queued, 2 coalesced
Processing file: 2020-12-27 22-21-30.csv...
已更新系统公共变量: latest_ais_data_raw
Pushed update from: 2020-12-27 22-21-30.csv (1595 ships)
Backend detection triggers: 12 queued, 1 coalesced
Processing file: 2020-12-27 22-22-00.csv...
已更新系统公共变量: latest_ais_data_raw
Pushed update from: 2020-12-27 22-22-00.csv (1712 ships)
Backend detection triggers: 11 queued, 2 coalesced
Processing file: 2020-12-27 22-22-30.csv...
已更新系统公共变量: latest_ais_data_raw
Pushed update from: 2020-12-27 22-22-30.csv (1566 ships)
Backend detection triggers: 12 queued, 1 coalesced
Processing file: 2020-12-27 22-23-00.csv...
已更新系统公共变量: latest_ais_data_raw
Pushed update from: 2020-12-27 22-23-00.csv (1733 ships)
Backend detection triggers: 12 queued, 1 coalesced
Processing file: 2020-12-27 22-23-30.csv...
已更新系统公共变量: latest_ais_data_raw
Pushed update from: 2020-12-27 22-23-30.csv (1586 ships)
Backend detection triggers: 12 queued, 1 coalesced
Processing file: 2020-12-27 22-24-00.csv...
已更新系统公共变量: latest_ais_data_raw
Pushed update from: 2020-12-27 22-24-00.csv (1730 ships)
Backend detection triggers: 12 queued, 1 coalesced
Processing file: 2020-12-27 22-24-30.csv...
已更新系统公共变量: latest_ais_data_raw
Pushed update from: 2020-12-27 22-24-30.csv (1598 ships)
Backend detection triggers: 12 queued, 1 coalesced
Processing file: 2020-12-27 22-25-00.csv...
已更新系统公共变量: latest_ais_data_raw
Pushed update from: 2020-12-27 22-25-00.csv (1716 ships)
Backend detection triggers: 12 queued, 1 coalesced
Processing file: 2020-12-27 22-25-30.csv...
已更新系统公共变量: latest_ais_data_raw
Pushed update from: 2020-12-27 22-25-30.csv (1575 ships)
Backend detection triggers: 11 queued, 2 coalesced
Processing file: 2020-12-27 22-26-00.csv...
已更新系统公共变量: latest_ais_data_raw
Pushed update from: 2020-12-27 22-26-00.csv (1743 ships)
Backend detection triggers: 13 queued, 0 coalesced
Processing file: 2020-12-27 22-26-30.csv...
已更新系统公共变量: latest_ais_data_raw
Pushed update from: 2020-12-27 22-26-30.csv (1590 ships)
Backend detection triggers: 11 queued, 2 coalesced
Processing file: 2020-12-27 22-27-00.csv...
已更新系统公共变量: latest_ais_data_raw
Pushed update from: 2020-12-27 22-27-00.csv (1731 ships)
Backend detection triggers: 13 queued, 0 coalesced
Processing file: 2020-12-27 22-27-30.csv...
已更新系统公共变量: latest_ais_data_raw
Pushed update from: 2020-12-27 22-27-30.csv (1599 ships)
Backend detection triggers: 11 queued, 2 coalesced
Processing file: 2020-12-27 22-28-00.csv...
已更新系统公共变量: latest_ais_data_raw
Pushed update from: 2020-12-27 22-28-00.csv (1714 ships)
Backend detection triggers: 13 queued, 0 coalesced
Processing file: 2020-12-27 22-28-30.csv...
已更新系统公共变量: latest_ais_data_raw
Pushed update from: 2020-12-27 22-28-30.csv (1571 ships)
Backend detection triggers: 11 queued, 2 coalesced
Processing file: 2020-12-27 22-29-00.csv...
已更新系统公共变量: latest_ais_data_raw
Pushed update from: 2020-12-27 22-29-00.csv (1739 ships)
Backend detection triggers: 13 queued, 0 coalesced
Processing file: 2020-12-27 22-29-30.csv...
已更新系统公共变量: latest_ais_data_raw
Pushed update from: 2020-12-27 22-29-30.csv (1590 ships)
Backend detection triggers: 11 queued, 2 coalesced
Processing file: 2020-12-27 22-30-00.csv...
已更新系统公共变量: latest_ais_data_raw
Pushed update from: 2020-12-27 22-30-00.csv (1733 ships)
Backend detection triggers: 12 queued, 1 coalesced
Processing file: 2020-12-27 22-30-30.csv...
已更新系统公共变量: latest_ais_data_raw
Pushed update from: 2020-12-27 22-30-30.csv (1596 ships)
Backend detection triggers: 12 queued, 1 coalesced
Processing file: 2020-12-27 22-31-00.csv...
已更新系统公共变量: latest_ais_data_raw
Pushed update from: 2020-12-27 22-31-00.csv (1710 ships)
Backend detection triggers: 12 queued, 1 coalesced
Processing file: 2020-12-27 22-31-30.csv...
已更新系统公共变量: latest_ais_data_raw
Pushed update from: 2020-12-27 22-31-30.csv (1566 ships)
Backend detection triggers: 12 queued, 1 coalesced
Processing file: 2020-12-27 22-32-00.csv...
已更新系统公共变量: latest_ais_data_raw
Pushed update from: 2020-12-27 22-32-00.csv (1734 ships)
Backend detection triggers: 11 queued, 2 coalesced
Processing file: 2020-12-27 22-32-30.csv...
已更新系统公共变量: latest_ais_data_raw
Pushed update from: 2020-12-27 22-32-30.csv (1585 ships)
Backend detection triggers: 12 queued, 1 coalesced
Processing file: 2020-12-27 22-33-00.csv...
已更新系统公共变量: latest_ais_data_raw
Pushed update from: 2020-12-27 22-33-00.csv (1731 ships)
Backend detection triggers: 12 queued, 1 coalesced
Processing file: 2020-12-27 22-33-30.csv...
已更新系统公共变量: latest_ais_data_raw
Pushed update from: 2020-12-27 22-33-30.csv (1600 ships)
Backend detection triggers: 12 queued, 1 coalesced
Processing file: 2020-12-27 22-34-00.csv...
已更新系统公共变量: latest_ais_data_raw
Pushed update from: 2020-12-27 22-34-00.csv (1715 ships)
Backend detection triggers: 12 queued, 1 coalesced
Processing file: 2020-12-27 22-34-30.csv...
已更新系统公共变量: latest_ais_data_raw
Pushed update from: 2020-12-27 22-34-30.csv (1572 ships)
Backend detection triggers: 11 queued, 2 coalesced
Processing file: 2020-12-27 22-35-00.csv...
已更新系统公共变量: latest_ais_data_raw
Pushed update from: 2020-12-27 22-35-00.csv (1745 ships)
Backend detection triggers: 13 queued, 0 coalesced
Processing file: 2020-12-27 22-35-30.csv...
已更新系统公共变量: latest_ais_data_raw
Pushed update from: 2020-12-27 22-35-30.csv (1590 ships)
Backend detection triggers: 12 queued, 1 coalesced
Processing file: 2020-12-27 22-36-00.csv...
已更新系统公共变量: latest_ais_data_raw
Pushed update from: 2020-12-27 22-36-00.csv (1735 ships)
Backend detection triggers: 12 queued, 1 coalesced
Processing file: 2020-12-27 22-36-30.csv...
已更新系统公共变量: latest_ais_data_raw
Pushed update from: 2020-12-27 22-36-30.csv (1602 ships)
Backend detection triggers: 11 queued, 2 coalesced
Processing file: 2020-12-27 22-37-00.csv...
已更新系统公共变量: latest_ais_data_raw
Pushed update from: 2020-12-27 22-37-00.csv (1715 ships)
Backend detection triggers: 11 queued, 2 coalesced
Processing file: 2020-12-27 22-37-30.csv...
已更新系统公共变量: latest_ais_data_raw
Pushed update from: 2020-12-27 22-37-30.csv (1574 ships)
Backend detection triggers: 12 queued, 1 coalesced
Processing file: 2020-12-27 22-38-00.csv...
已更新系统公共变量: latest_ais_data_raw
Pushed update from: 2020-12-27 22-38-00.csv (1743 ships)
Backend detection triggers: 12 queued, 1 coalesced
Processing file: 2020-12-27 22-38-30.csv...
已更新系统公共变量: latest_ais_data_raw
Pushed update from: 2020-12-27 22-38-30.csv (1589 ships)
Backend detection triggers: 12 queued, 1 coalesced
Processing file: 2020-12-27 22-39-00.csv...
已更新系统公共变量: latest_ais_data_raw
Pushed update from: 2020-12-27 22-39-00.csv (1739 ships)
Backend detection triggers: 12 queued, 1 coalesced
Processing file: 2020-12-27 22-39-30.csv...
已更新系统公共变量: latest_ais_data_raw
Pushed update from: 2020-12-27 22-39-30.csv (1605 ships)
Backend detection triggers: 12 queued, 1 coalesced
Processing file: 2020-12-27 22-40-00.csv...
已更新系统公共变量: latest_ais_data_raw
Pushed update from: 2020-12-27 22-40-00.csv (1712 ships)
Backend detection triggers: 12 queued, 1 coalesced
Processing file: 2020-12-27 22-40-30.csv...
已更新系统公共变量: latest_ais_data_raw
Pushed update from: 2020-12-27 22-40-30.csv (1573 ships)
Backend detection triggers: 11 queued, 2 coalesced
Processing file: 2020-12-27 22-41-00.csv...
已更新系统公共变量: latest_ais_data_raw
Pushed update from: 2020-12-27 22-41-00.csv (1740 ships)
Backend detection triggers: 13 queued, 0 coalesced
Processing file: 2020-12-27 22-41-30.csv...
已更新系统公共变量: latest_ais_data_raw
Pushed update from: 2020-12-27 22-41-30.csv (1586 ships)
Backend detection triggers: 11 queued, 2 coalesced
Processing file: 2020-12-27 22-42-00.csv...
已更新系统公共变量: latest_ais_data_raw
Pushed update from: 2020-12-27 22-42-00.csv (1737 ships)
Backend detection triggers: 12 queued, 1 coalesced
Processing file: 2020-12-27 22-42-30.csv...
已更新系统公共变量: latest_ais_data_raw
Pushed update from: 2020-12-27 22-42-30.csv (1604 ships)
Backend detection triggers: 12 queued, 1 coalesced
Processing file: 2020-12-27 22-43-00.csv...
已更新系统公共变量: latest_ais_data_raw
Pushed update from: 2020-12-27 22-43-00.csv (1713 ships)
Backend detection triggers: 12 queued, 1 coalesced
Processing file: 2020-12-27 22-43-30.csv...
已更新系统公共变量: latest_ais_data_raw
Pushed update from: 2020-12-27 22-43-30.csv (1574 ships)
Backend detection triggers: 12 queued, 1 coalesced
Processing file: 2020-12-27 22-44-00.csv...
已更新系统公共变量: latest_ais_data_raw
Pushed update from: 2020-12-27 22-44-00.csv (1740 ships)
Backend detection triggers: 12 queued, 1 coalesced
Processing file: 2020-12-27 22-44-30.csv...
已更新系统公共变量: latest_ais_data_raw
Pushed update from: 2020-12-27 22-44-30.csv (1586 ships)
Backend detection triggers: 11 queued, 2 coalesced
Processing file: 2020-12-27 22-45-00.csv...
已更新系统公共变量: latest_ais_data_raw
Pushed update from: 2020-12-27 22-45-00.csv (1735 ships)
Backend detection triggers: 13 queued, 0 coalesced
Processing file: 2020-12-27 22-45-30.csv...
已更新系统公共变量: latest_ais_data_raw
Pushed update from: 2020-12-27 22-45-30.csv (1599 ships)
Backend detection triggers: 11 queued, 2 coalesced
Processing file: 2020-12-27 22-46-00.csv...
已更新系统公共变量: latest_ais_data_raw
Pushed update from: 2020-12-27 22-46-00.csv (1709 ships)
Backend detection triggers: 12 queued, 1 coalesced
Processing file: 2020-12-27 22-46-30.csv...
已更新系统公共变量: latest_ais_data_raw
Pushed update from: 2020-12-27 22-46-30.csv (1568 ships)
Backend detection triggers: 12 queued, 1 coalesced
Processing file: 2020-12-27 22-47-00.csv...
已更新系统公共变量: latest_ais_data_raw
Pushed update from: 2020-12-27 22-47-00.csv (1739 ships)
Backend detection triggers: 12 queued, 1 coalesced
Processing file: 2020-12-27 22-47-30.csv...
已更新系统公共变量: latest_ais_data_raw
Pushed update from: 2020-12-27 22-47-30.csv (1583 ships)
Backend detection triggers: 12 queued, 1 coalesced
Processing file: 2020-12-27 22-48-00.csv...
已更新系统公共变量: latest_ais_data_raw
Pushed update from: 2020-12-27 22-48-00.csv (1732 ships)
Backend detection triggers: 11 queued, 2 coalesced
Processing file: 2020-12-27 22-48-30.csv...
已更新系统公共变量: latest_ais_data_raw
Pushed update from: 2020-12-27 22-48-30.csv (1596 ships)
Backend detection triggers: 11 queued, 2 coalesced
Processing file: 2020-12-27 22-49-00.csv...
已更新系统公共变量: latest_ais_data_raw
Pushed update from: 2020-12-27 22-49-00.csv (1708 ships)
Backend detection triggers: 12 queued, 1 coalesced
Processing file: 2020-12-27 22-49-30.csv...
已更新系统公共变量: latest_ais_data_raw
Pushed update from: 2020-12-27 22-49-30.csv (1566 ships)
Backend detection triggers: 11 queued, 2 coalesced
Processing file: 2020-12-27 22-50-00.csv...
已更新系统公共变量: latest_ais_data_raw
Pushed update from: 2020-12-27 22-50-00.csv (1736 ships)
Backend detection triggers: 12 queued, 1 coalesced
Processing file: 2020-12-27 22-50-30.csv...
已更新系统公共变量: latest_ais_data_raw
Pushed update from: 2020-12-27 22-50-30.csv (1579 ships)
Backend detection triggers: 12 queued, 1 coalesced
Processing file: 2020-12-27 22-51-00.csv...
已更新系统公共变量: latest_ais_data_raw
Pushed update from: 2020-12-27 22-51-00.csv (1727 ships)
Backend detection triggers: 11 queued, 2 coalesced
Processing file: 2020-12-27 22-51-30.csv...
已更新系统公共变量: latest_ais_data_raw
Pushed update from: 2020-12-27 22-51-30.csv (1587 ships)
Backend detection triggers: 12 queued, 1 coalesced
Processing file: 2020-12-27 22-52-00.csv...
已更新系统公共变量: latest_ais_data_raw
Pushed update from: 2020-12-27 22-52-00.csv (1701 ships)
Backend detection triggers: 11 queued, 2 coalesced
Processing file: 2020-12-27 22-52-30.csv...
已更新系统公共变量: latest_ais_data_raw
Pushed update from: 2020-12-27 22-52-30.csv (1564 ships)
Backend detection triggers: 13 queued, 0 coalesced
Processing file: 2020-12-27 22-53-00.csv...
已更新系统公共变量: latest_ais_data_raw
Pushed update from: 2020-12-27 22-53-00.csv (1732 ships)
Backend detection triggers: 11 queued, 2 coalesced
Processing file: 2020-12-27 22-53-30.csv...
已更新系统公共变量: latest_ais_data_raw
Pushed update from: 2020-12-27 22-53-30.csv (1575 ships)
Backend detection triggers: 12 queued, 1 coalesced
Processing file: 2020-12-27 22-54-00.csv...
已更新系统公共变量: latest_ais_data_raw
Pushed update from: 2020-12-27 22-54-00.csv (1723 ships)
Backend detection triggers: 12 queued, 1 coalesced
Processing file: 2020-12-27 22-54-30.csv...
已更新系统公共变量: latest_ais_data_raw
Pushed update from: 2020-12-27 22-54-30.csv (1579 ships)
Backend detection triggers: 12 queued, 1 coalesced
Processing file: 2020-12-27 22-55-00.csv...
已更新系统公共变量: latest_ais_data_raw
Pushed update from: 2020-12-27 22-55-00.csv (1693 ships)
Backend detection triggers: 12 queued, 1 coalesced
Processing file: 2020-12-27 22-55-30.csv...
已更新系统公共变量: latest_ais_data_raw
Pushed update from: 2020-12-27 22-55-30.csv (1553 ships)
Backend detection triggers: 11 queued, 2 coalesced
Processing file: 2020-12-27 22-56-00.csv...
已更新系统公共变量: latest_ais_data_raw
Pushed update from: 2020-12-27 22-56-00.csv (1725 ships)
Backend detection triggers: 13 queued, 0 coalesced
Processing file: 2020-12-27 22-56-30.csv...
已更新系统公共变量: latest_ais_data_raw
Pushed update from: 2020-12-27 22-56-30.csv (1569 ships)
Backend detection triggers: 11 queued, 2 coalesced
Processing file: 2020-12-27 22-57-00.csv...
已更新系统公共变量: latest_ais_data_raw
Pushed update from: 2020-12-27 22-57-00.csv (1721 ships)
Backend detection triggers: 13 queued, 0 coalesced
Processing file: 2020-12-27 22-57-30.csv...
已更新系统公共变量: latest_ais_data_raw
Pushed update from: 2020-12-27 22-57-30.csv (1576 ships)
Backend detection triggers: 10 queued, 3 coalesced
Processing file: 2020-12-27 22-58-00.csv...
已更新系统公共变量: latest_ais_data_raw
Pushed update from: 2020-12-27 22-58-00.csv (1684 ships)
Backend detection triggers: 12 queued, 1 coalesced
Processing file: 2020-12-27 22-58-30.csv...
已更新系统公共变量: latest_ais_data_raw
Pushed update from: 2020-12-27 22-58-30.csv (1548 ships)
Backend detection triggers: 12 queued, 1 coalesced
Processing file: 2020-12-27 22-59-00.csv...
已更新系统公共变量: latest_ais_data_raw
Pushed update from: 2020-12-27 22-59-00.csv (1720 ships)
Backend detection triggers: 10 queued, 3 coalesced
Processing file: 2020-12-27 22-59-30.csv...
已更新系统公共变量: latest_ais_data_raw
Pushed update from: 2020-12-27 22-59-30.csv (1564 ships)
Backend detection triggers: 12 queued, 1 coalesced
Processing file: 2020-12-27 23-00-00.csv...
已更新系统公共变量: latest_ais_data_raw
Pushed update from: 2020-12-27 23-00-00.csv (1713 ships)
Backend detection triggers: 11 queued, 2 coalesced
Processing file: 2020-12-27 23-00-30.csv...
已更新系统公共变量: latest_ais_data_raw
Pushed update from: 2020-12-27 23-00-30.csv (1567 ships)
Backend detection triggers: 12 queued, 1 coalesced
Processing file: 2020-12-27 23-01-00.csv...
已更新系统公共变量: latest_ais_data_raw
Pushed update from: 2020-12-27 23-01-00.csv (1675 ships)
Backend detection triggers: 11 queued, 2 coalesced
Processing file: 2020-12-27 23-01-30.csv...
已更新系统公共变量: latest_ais_data_raw
Pushed update from: 2020-12-27 23-01-30.csv (1537 ships)
Backend detection triggers: 11 queued, 2 coalesced
Processing file: 2020-12-27 23-02-00.csv...
已更新系统公共变量: latest_ais_data_raw
Pushed update from: 2020-12-27 23-02-00.csv (1711 ships)
Backend detection triggers: 13 queued, 0 coalesced
Processing file: 2020-12-27 23-02-30.csv...
已更新系统公共变量: latest_ais_data_raw
Pushed update from: 2020-12-27 23-02-30.csv (1557 ships)
Backend detection triggers: 10 queued, 3 coalesced
Processing file: 2020-12-27 23-03-00.csv...
已更新系统公共变量: latest_ais_data_raw
Pushed update from: 2020-12-27 23-03-00.csv (1711 ships)
Backend detection triggers: 13 queued, 0 coalesced
Processing file: 2020-12-27 23-03-30.csv...
已更新系统公共变量: latest_ais_data_raw
Pushed update from: 2020-12-27 23-03-30.csv (1570 ships)
Backend detection triggers: 11 queued, 2 coalesced
Processing file: 2020-12-27 23-04-00.csv...
已更新系统公共变量: latest_ais_data_raw
Pushed update from: 2020-12-27 23-04-00.csv (1677 ships)
Backend detection triggers: 12 queued, 1 coalesced
Processing file: 2020-12-27 23-04-30.csv...
已更新系统公共变量: latest_ais_data_raw
Pushed update from: 2020-12-27 23-04-30.csv (1537 ships)
Backend detection triggers: 11 queued, 2 coalesced
Processing file: 2020-12-27 23-05-00.csv...
已更新系统公共变量: latest_ais_data_raw
Pushed update from: 2020-12-27 23-05-00.csv (1711 ships)
Backend detection triggers: 13 queued, 0 coalesced
Processing file: 2020-12-27 23-05-30.csv...
已更新系统公共变量: latest_ais_data_raw
Pushed update from: 2020-12-27 23-05-30.csv (1551 ships)
Backend detection triggers: 11 queued, 2 coalesced
Processing file: 2020-12-27 23-06-00.csv...
已更新系统公共变量: latest_ais_data_raw
Pushed update from: 2020-12-27 23-06-00.csv (1709 ships)
Backend detection triggers: 12 queued, 1 coalesced
Processing file: 2020-12-27 23-06-30.csv...
已更新系统公共变量: latest_ais_data_raw
Pushed update from: 2020-12-27 23-06-30.csv (1569 ships)
Backend detection triggers: 12 queued, 1 coalesced
Processing file: 2020-12-27 23-07-00.csv...
已更新系统公共变量: latest_ais_data_raw
Pushed update from: 2020-12-27 23-07-00.csv (1680 ships)
Backend detection triggers: 12 queued, 1 coalesced
Processing file: 2020-12-27 23-07-30.csv...
已更新系统公共变量: latest_ais_data_raw
Pushed update from: 2020-12-27 23-07-30.csv (1542 ships)
Backend detection triggers: 12 queued, 1 coalesced
Processing file: 2020-12-27 23-08-00.csv...
已更新系统公共变量: latest_ais_data_raw
Pushed update from: 2020-12-27 23-08-00.csv (1718 ships)
Backend detection triggers: 12 queued, 1 coalesced
Processing file: 2020-12-27 23-08-30.csv...
已更新系统公共变量: latest_ais_data_raw
Pushed update from: 2020-12-27 23-08-30.csv (1554 ships)
Backend detection triggers: 12 queued, 1 coalesced
Processing file: 2020-12-27 23-09-00.csv...
已更新系统公共变量: latest_ais_data_raw
Pushed update from: 2020-12-27 23-09-00.csv (1707 ships)
Backend detection triggers: 12 queued, 1 coalesced
Processing file: 2020-12-27 23-09-30.csv...
已更新系统公共变量: latest_ais_data_raw
Pushed update from: 2020-12-27 23-09-30.csv (1568 ships)
Backend detection triggers: 12 queued, 1 coalesced
Processing file: 2020-12-27 23-10-00.csv...
已更新系统公共变量: latest_ais_data_raw
Pushed update from: 2020-12-27 23-10-00.csv (1677 ships)
Backend detection triggers: 12 queued, 1 coalesced
Processing file: 2020-12-27 23-10-30.csv...
已更新系统公共变量: latest_ais_data_raw
Pushed update from: 2020-12-27 23-10-30.csv (1541 ships)
Backend detection triggers: 13 queued, 0 coalesced
Processing file: 2020-12-27 23-11-00.csv...
已更新系统公共变量: latest_ais_data_raw
Pushed update from: 2020-12-27 23-11-00.csv (1717 ships)
Backend detection triggers: 11 queued, 2 coalesced
Processing file: 2020-12-27 23-11-30.csv...
已更新系统公共变量: latest_ais_data_raw
Pushed update from: 2020-12-27 23-11-30.csv (1557 ships)
Backend detection triggers: 13 queued, 0 coalesced
Processing file: 2020-12-27 23-12-00.csv...
已更新系统公共变量: latest_ais_data_raw
Pushed update from: 2020-12-27 23-12-00.csv (1707 ships)
Backend detection triggers: 11 queued, 2 coalesced
Processing file: 2020-12-27 23-12-30.csv...
已更新系统公共变量: latest_ais_data_raw
Pushed update from: 2020-12-27 23-12-30.csv (1568 ships)
Backend detection triggers: 13 queued, 0 coalesced
Processing file: 2020-12-27 23-13-00.csv...
已更新系统公共变量: latest_ais_data_raw
Pushed update from: 2020-12-27 23-13-00.csv (1672 ships)
Backend detection triggers: 11 queued, 2 coalesced
Processing file: 2020-12-27 23-13-30.csv...
已更新系统公共变量: latest_ais_data_raw
Pushed update from: 2020-12-27 23-13-30.csv (1539 ships)
Backend detection triggers: 11 queued, 2 coalesced
Processing file: 2020-12-27 23-14-00.csv...
已更新系统公共变量: latest_ais_data_raw
Pushed update from: 2020-12-27 23-14-00.csv (1713 ships)
Backend detection triggers: 13 queued, 0 coalesced
Processing file: 2020-12-27 23-14-30.csv...
已更新系统公共变量: latest_ais_data_raw
Pushed update from: 2020-12-27 23-14-30.csv (1556 ships)
Backend detection triggers: 11 queued, 2 coalesced
Processing file: 2020-12-27 23-15-00.csv...
已更新系统公共变量: latest_ais_data_raw
Pushed update from: 2020-12-27 23-15-00.csv (1704 ships)
Backend detection triggers: 13 queued, 0 coalesced
Processing file: 2020-12-27 23-15-30.csv...
已更新系统公共变量: latest_ais_data_raw
Pushed update from: 2020-12-27 23-15-30.csv (1563 ships)
Backend detection triggers: 11 queued, 2 coalesced
Processing file: 2020-12-27 23-16-00.csv...
已更新系统公共变量: latest_ais_data_raw
Pushed update from: 2020-12-27 23-16-00.csv (1669 ships)
Backend detection triggers: 13 queued, 0 coalesced
Processing file: 2020-12-27 23-16-30.csv...
已更新系统公共变量: latest_ais_data_raw
Pushed update from: 2020-12-27 23-16-30.csv (1533 ships)
Backend detection triggers: 11 queued, 2 coalesced
Processing file: 2020-12-27 23-17-00.csv...
已更新系统公共变量: latest_ais_data_raw
Pushed update from: 2020-12-27 23-17-00.csv (1703 ships)
Backend detection triggers: 13 queued, 0 coalesced
Processing file: 2020-12-27 23-17-30.csv...
已更新系统公共变量: latest_ais_data_raw
Pushed update from: 2020-12-27 23-17-30.csv (1552 ships)
Backend detection triggers: 11 queued, 2 coalesced
Processing file: 2020-12-27 23-18-00.csv...
已更新系统公共变量: latest_ais_data_raw
Pushed update from: 2020-12-27 23-18-00.csv (1701 ships)
Backend detection triggers: 13 queued, 0 coalesced
Processing file: 2020-12-27 23-18-30.csv...
已更新系统公共变量: latest_ais_data_raw
Pushed update from: 2020-12-27 23-18-30.csv (1557 ships)
Backend detection triggers: 11 queued, 2 coalesced
Processing file: 2020-12-27 23-19-00.csv...
已更新系统公共变量: latest_ais_data_raw
Pushed update from: 2020-12-27 23-19-00.csv (1661 ships)
Backend detection triggers: 13 queued, 0 coalesced
Processing file: 2020-12-27 23-19-30.csv...
已更新系统公共变量: latest_ais_data_raw
Pushed update from: 2020-12-27 23-19-30.csv (1530 ships)
Backend detection triggers: 11 queued, 2 coalesced
Processing file: 2020-12-27 23-20-00.csv...
已更新系统公共变量: latest_ais_data_raw
Pushed update from: 2020-12-27 23-20-00.csv (1698 ships)
Backend detection triggers: 13 queued, 0 coalesced
Processing file: 2020-12-27 23-20-30.csv...
已更新系统公共变量: latest_ais_data_raw
Pushed update from: 2020-12-27 23-20-30.csv (1546 ships)
Backend detection triggers: 11 queued, 2 coalesced
Processing file: 2020-12-27 23-21-00.csv...
已更新系统公共变量: latest_ais_data_raw
Pushed update from: 2020-12-27 23-21-00.csv (1698 ships)
Backend detection triggers: 13 queued, 0 coalesced
Processing file: 2020-12-27 23-21-30.csv...
已更新系统公共变量: latest_ais_data_raw
Pushed update from: 2020-12-27 23-21-30.csv (1553 ships)
Backend detection triggers: 11 queued, 2 coalesced
Processing file: 2020-12-27 23-22-00.csv...
已更新系统公共变量: latest_ais_data_raw
Pushed update from: 2020-12-27 23-22-00.csv (1655 ships)
Backend detection triggers: 13 queued, 0 coalesced
Processing file: 2020-12-27 23-22-30.csv...
已更新系统公共变量: latest_ais_data_raw
Pushed update from: 2020-12-27 23-22-30.csv (1524 ships)
Backend detection triggers: 11 queued, 2 coalesced
Processing file: 2020-12-27 23-23-00.csv...
已更新系统公共变量: latest_ais_data_raw
Pushed update from: 2020-12-27 23-23-00.csv (1693 ships)
Backend detection triggers: 13 queued, 0 coalesced
Processing file: 2020-12-27 23-23-30.csv...
已更新系统公共变量: latest_ais_data_raw
Pushed update from: 2020-12-27 23-23-30.csv (1540 ships)
Backend detection triggers: 11 queued, 2 coalesced
Processing file: 2020-12-27 23-24-00.csv...
已更新系统公共变量: latest_ais_data_raw
Pushed update from: 2020-12-27 23-24-00.csv (1694 ships)
Backend detection triggers: 13 queued, 0 coalesced
Processing file: 2020-12-27 23-24-30.csv...
已更新系统公共变量: latest_ais_data_raw
Pushed update from: 2020-12-27 23-24-30.csv (1547 ships)
Backend detection triggers: 11 queued, 2 coalesced
Processing file: 2020-12-27 23-25-00.csv...
已更新系统公共变量: latest_ais_data_raw
Pushed update from: 2020-12-27 23-25-00.csv (1650 ships)
Backend detection triggers: 12 queued, 1 coalesced
Processing file: 2020-12-27 23-25-30.csv...
已更新系统公共变量: latest_ais_data_raw
Pushed update from: 2020-12-27 23-25-30.csv (1517 ships)
Backend detection triggers: 12 queued, 1 coalesced
Processing file: 2020-12-27 23-26-00.csv...
已更新系统公共变量: latest_ais_data_raw
Pushed update from: 2020-12-27 23-26-00.csv (1689 ships)
Backend detection triggers: 12 queued, 1 coalesced
Processing file: 2020-12-27 23-26-30.csv...
已更新系统公共变量: latest_ais_data_raw
Pushed update from: 2020-12-27 23-26-30.csv (1535 ships)
Backend detection triggers: 12 queued, 1 coalesced
Processing file: 2020-12-27 23-27-00.csv...
已更新系统公共变量: latest_ais_data_raw
Pushed update from: 2020-12-27 23-27-00.csv (1688 ships)
Backend detection triggers: 12 queued, 1 coalesced
Processing file: 2020-12-27 23-27-30.csv...
已更新系统公共变量: latest_ais_data_raw
Pushed update from: 2020-12-27 23-27-30.csv (1540 ships)
Backend detection triggers: 12 queued, 1 coalesced
Processing file: 2020-12-27 23-28-00.csv...
已更新系统公共变量: latest_ais_data_raw
Pushed update from: 2020-12-27 23-28-00.csv (1643 ships)
Backend detection triggers: 12 queued, 1 coalesced
Processing file: 2020-12-27 23-28-30.csv...
已更新系统公共变量: latest_ais_data_raw
Pushed update from: 2020-12-27 23-28-30.csv (1512 ships)
Backend detection triggers: 11 queued, 2 coalesced
Processing file: 2020-12-27 23-29-00.csv...
已更新系统公共变量: latest_ais_data_raw
Pushed update from: 2020-12-27 23-29-00.csv (1680 ships)
Backend detection triggers: 13 queued, 0 coalesced
Processing file: 2020-12-27 23-29-30.csv...
已更新系统公共变量: latest_ais_data_raw
Pushed update from: 2020-12-27 23-29-30.csv (1530 ships)
Backend detection triggers: 11 queued, 2 coalesced
Processing file: 2020-12-27 23-30-00.csv...
已更新系统公共变量: latest_ais_data_raw
Pushed update from: 2020-12-27 23-30-00.csv (1679 ships)
Backend detection triggers: 12 queued, 1 coalesced
Processing file: 2020-12-27 23-30-30.csv...
已更新系统公共变量: latest_ais_data_raw
Pushed update from: 2020-12-27 23-30-30.csv (1528 ships)
Backend detection triggers: 12 queued, 1 coalesced
Processing file: 2020-12-27 23-31-00.csv...
已更新系统公共变量: latest_ais_data_raw
Pushed update from: 2020-12-27 23-31-00.csv (1633 ships)
Backend detection triggers: 12 queued, 1 coalesced
Processing file: 2020-12-27 23-31-30.csv...
已更新系统公共变量: latest_ais_data_raw
Pushed update from: 2020-12-27 23-31-30.csv (1503 ships)
Backend detection triggers: 12 queued, 1 coalesced
Processing file: 2020-12-27 23-32-00.csv...
已更新系统公共变量: latest_ais_data_raw
Pushed update from: 2020-12-27 23-32-00.csv (1677 ships)
Backend detection triggers: 12 queued, 1 coalesced
Processing file: 2020-12-27 23-32-30.csv...
已更新系统公共变量: latest_ais_data_raw
Pushed update from: 2020-12-27 23-32-30.csv (1532 ships)
Backend detection triggers: 12 queued, 1 coalesced
Processing file: 2020-12-27 23-33-00.csv...
已更新系统公共变量: latest_ais_data_raw
Pushed update from: 2020-12-27 23-33-00.csv (1685 ships)
Backend detection triggers: 12 queued, 1 coalesced
Processing file: 2020-12-27 23-33-30.csv...
已更新系统公共变量: latest_ais_data_raw
Pushed update from: 2020-12-27 23-33-30.csv (1538 ships)
Backend detection triggers: 12 queued, 1 coalesced
Processing file: 2020-12-27 23-34-00.csv...
已更新系统公共变量: latest_ais_data_raw
Pushed update from: 2020-12-27 23-34-00.csv (1645 ships)
Backend detection triggers: 12 queued, 1 coalesced
Processing file: 2020-12-27 23-34-30.csv...
已更新系统公共变量: latest_ais_data_raw
Pushed update from: 2020-12-27 23-34-30.csv (1516 ships)
Backend detection triggers: 12 queued, 1 coalesced
Processing file: 2020-12-27 23-35-00.csv...
已更新系统公共变量: latest_ais_data_raw
Pushed update from: 2020-12-27 23-35-00.csv (1688 ships)
Backend detection triggers: 12 queued, 1 coalesced
Processing file: 2020-12-27 23-35-30.csv...
已更新系统公共变量: latest_ais_data_raw
Pushed update from: 2020-12-27 23-35-30.csv (1536 ships)
Backend detection triggers: 12 queued, 1 coalesced
Processing file: 2020-12-27 23-36-00.csv...
已更新系统公共变量: latest_ais_data_raw
Pushed update from: 2020-12-27 23-36-00.csv (1690 ships)
Backend detection triggers: 12 queued, 1 coalesced
Processing file: 2020-12-27 23-36-30.csv...
已更新系统公共变量: latest_ais_data_raw
Pushed update from: 2020-12-27 23-36-30.csv (1541 ships)
Backend detection triggers: 13 queued, 0 coalesced
Processing file: 2020-12-27 23-37-00.csv...
已更新系统公共变量: latest_ais_data_raw
Pushed update from: 2020-12-27 23-37-00.csv (1646 ships)
Backend detection triggers: 11 queued, 2 coalesced
Processing file: 2020-12-27 23-37-30.csv...
已更新系统公共变量: latest_ais_data_raw
Pushed update from: 2020-12-27 23-37-30.csv (1517 ships)
Backend detection triggers: 13 queued, 0 coalesced
Processing file: 2020-12-27 23-38-00.csv...
已更新系统公共变量: latest_ais_data_raw
Pushed update from: 2020-12-27 23-38-00.csv (1685 ships)
Backend detection triggers: 11 queued, 2 coalesced
Processing file: 2020-12-27 23-38-30.csv...
已更新系统公共变量: latest_ais_data_raw
Pushed update from: 2020-12-27 23-38-30.csv (1537 ships)
Backend detection triggers: 13 queued, 0 coalesced
Processing file: 2020-12-27 23-39-00.csv...
已更新系统公共变量: latest_ais_data_raw
Pushed update from: 2020-12-27 23-39-00.csv (1691 ships)
Backend detection triggers: 11 queued, 2 coalesced
Processing file: 2020-12-27 23-39-30.csv...
已更新系统公共变量: latest_ais_data_raw
Pushed update from: 2020-12-27 23-39-30.csv (1539 ships)
Backend detection triggers: 13 queued, 0 coalesced
Processing file: 2020-12-27 23-40-00.csv...
已更新系统公共变量: latest_ais_data_raw
Pushed update from: 2020-12-27 23-40-00.csv (1642 ships)
Backend detection triggers: 11 queued, 2 coalesced
Processing file: 2020-12-27 23-40-30.csv...
已更新系统公共变量: latest_ais_data_raw
Pushed update from: 2020-12-27 23-40-30.csv (1511 ships)
Backend detection triggers: 13 queued, 0 coalesced
Processing file: 2020-12-27 23-41-00.csv...
已更新系统公共变量: latest_ais_data_raw
Pushed update from: 2020-12-27 23-41-00.csv (1676 ships)
Backend detection triggers: 11 queued, 2 coalesced
Processing file: 2020-12-27 23-41-30.csv...
已更新系统公共变量: latest_ais_data_raw
Pushed update from: 2020-12-27 23-41-30.csv (1527 ships)
Backend detection triggers: 11 queued, 2 coalesced
Processing file: 2020-12-27 23-42-00.csv...
已更新系统公共变量: latest_ais_data_raw
Pushed update from: 2020-12-27 23-42-00.csv (1686 ships)
Backend detection triggers: 13 queued, 0 coalesced
Processing file: 2020-12-27 23-42-30.csv...
已更新系统公共变量: latest_ais_data_raw
Pushed update from: 2020-12-27 23-42-30.csv (1534 ships)
Backend detection triggers: 12 queued, 1 coalesced
Processing file: 2020-12-27 23-43-00.csv...
已更新系统公共变量: latest_ais_data_raw
Pushed update from: 2020-12-27 23-43-00.csv (1635 ships)
Backend detection triggers: 12 queued, 1 coalesced
Processing file: 2020-12-27 23-43-30.csv...
已更新系统公共变量: latest_ais_data_raw
Pushed update from: 2020-12-27 23-43-30.csv (1504 ships)
Backend detection triggers: 12 queued, 1 coalesced
Processing file: 2020-12-27 23-44-00.csv...
已更新系统公共变量: latest_ais_data_raw
Pushed update from: 2020-12-27 23-44-00.csv (1674 ships)
Backend detection triggers: 12 queued, 1 coalesced
Processing file: 2020-12-27 23-44-30.csv...
已更新系统公共变量: latest_ais_data_raw
Pushed update from: 2020-12-27 23-44-30.csv (1520 ships)
Backend detection triggers: 12 queued, 1 coalesced
Processing file: 2020-12-27 23-45-00.csv...
已更新系统公共变量: latest_ais_data_raw
Pushed update from: 2020-12-27 23-45-00.csv (1678 ships)
Backend detection triggers: 12 queued, 1 coalesced
Processing file: 2020-12-27 23-45-30.csv...
已更新系统公共变量: latest_ais_data_raw
Pushed update from: 2020-12-27 23-45-30.csv (1528 ships)
Backend detection triggers: 12 queued, 1 coalesced
Processing file: 2020-12-27 23-46-00.csv...
已更新系统公共变量: latest_ais_data_raw
Pushed update from: 2020-12-27 23-46-00.csv (1632 ships)
Backend detection triggers: 12 queued, 1 coalesced
Processing file: 2020-12-27 23-46-30.csv...
已更新系统公共变量: latest_ais_data_raw
Pushed update from: 2020-12-27 23-46-30.csv (1501 ships)
Backend detection triggers: 12 queued, 1 coalesced
Processing file: 2020-12-27 23-47-00.csv...
已更新系统公共变量: latest_ais_data_raw
Pushed update from: 2020-12-27 23-47-00.csv (1673 ships)
Backend detection triggers: 12 queued, 1 coalesced
Processing file: 2020-12-27 23-47-30.csv...
已更新系统公共变量: latest_ais_data_raw
Pushed update from: 2020-12-27 23-47-30.csv (1519 ships)
Backend detection triggers: 11 queued, 2 coalesced
Processing file: 2020-12-27 23-48-00.csv...
已更新系统公共变量: latest_ais_data_raw
Pushed update from: 2020-12-27 23-48-00.csv (1679 ships)
Backend detection triggers: 13 queued, 0 coalesced
Processing file: 2020-12-27 23-48-30.csv...
已更新系统公共变量: latest_ais_data_raw
Pushed update from: 2020-12-27 23-48-30.csv (1529 ships)
Backend detection triggers: 11 queued, 2 coalesced
Processing file: 2020-12-27 23-49-00.csv...
已更新系统公共变量: latest_ais_data_raw
Pushed update from: 2020-12-27 23-49-00.csv (1633 ships)
Backend detection triggers: 13 queued, 0 coalesced
Processing file: 2020-12-27 23-49-30.csv...
已更新系统公共变量: latest_ais_data_raw
Pushed update from: 2020-12-27 23-49-30.csv (1506 ships)
Backend detection triggers: 11 queued, 2 coalesced
Processing file: 2020-12-27 23-50-00.csv...
已更新系统公共变量: latest_ais_data_raw
Pushed update from: 2020-12-27 23-50-00.csv (1680 ships)
Backend detection triggers: 12 queued, 1 coalesced
Processing file: 2020-12-27 23-50-30.csv...
已更新系统公共变量: latest_ais_data_raw
Pushed update from: 2020-12-27 23-50-30.csv (1524 ships)
Backend detection triggers: 12 queued, 1 coalesced
Processing file: 2020-12-27 23-51-00.csv...
已更新系统公共变量: latest_ais_data_raw
Pushed update from: 2020-12-27 23-51-00.csv (1689 ships)
Backend detection triggers: 12 queued, 1 coalesced
Processing file: 2020-12-27 23-51-30.csv...
已更新系统公共变量: latest_ais_data_raw
Pushed update from: 2020-12-27 23-51-30.csv (1536 ships)
Backend detection triggers: 13 queued, 0 coalesced
Processing file: 2020-12-27 23-52-00.csv...
已更新系统公共变量: latest_ais_data_raw
Pushed update from: 2020-12-27 23-52-00.csv (1638 ships)
Backend detection triggers: 11 queued, 2 coalesced
Processing file: 2020-12-27 23-52-30.csv...
已更新系统公共变量: latest_ais_data_raw
Pushed update from: 2020-12-27 23-52-30.csv (1514 ships)
Backend detection triggers: 13 queued, 0 coalesced
Processing file: 2020-12-27 23-53-00.csv...
已更新系统公共变量: latest_ais_data_raw
Pushed update from: 2020-12-27 23-53-00.csv (1684 ships)
Backend detection triggers: 11 queued, 2 coalesced
Processing file: 2020-12-27 23-53-30.csv...
已更新系统公共变量: latest_ais_data_raw
Pushed update from: 2020-12-27 23-53-30.csv (1523 ships)
Backend detection triggers: 13 queued, 0 coalesced
Processing file: 2020-12-27 23-54-00.csv...
已更新系统公共变量: latest_ais_data_raw
Pushed update from: 2020-12-27 23-54-00.csv (1685 ships)
Backend detection triggers: 11 queued, 2 coalesced
Processing file: 2020-12-27 23-54-30.csv...
已更新系统公共变量: latest_ais_data_raw
Pushed update from: 2020-12-27 23-54-30.csv (1532 ships)
Backend detection triggers: 13 queued, 0 coalesced
Processing file: 2020-12-27 23-55-00.csv...
已更新系统公共变量: latest_ais_data_raw
Pushed update from: 2020-12-27 23-55-00.csv (1634 ships)
Backend detection triggers: 11 queued, 2 coalesced
Processing file: 2020-12-27 23-55-30.csv...
已更新系统公共变量: latest_ais_data_raw
Pushed update from: 2020-12-27 23-55-30.csv (1510 ships)
Backend detection triggers: 12 queued, 1 coalesced
Processing file: 2020-12-27 23-56-00.csv...
已更新系统公共变量: latest_ais_data_raw
Pushed update from: 2020-12-27 23-56-00.csv (1683 ships)
Backend detection triggers: 12 queued, 1 coalesced
Processing file: 2020-12-27 23-56-30.csv...
已更新系统公共变量: latest_ais_data_raw
Pushed update from: 2020-12-27 23-56-30.csv (1520 ships)
Backend detection triggers: 12 queued, 1 coalesced
Processing file: 2020-12-27 23-57-00.csv...
已更新系统公共变量: latest_ais_data_raw
Pushed update from: 2020-12-27 23-57-00.csv (1679 ships)
Backend detection triggers: 12 queued, 1 coalesced
Processing file: 2020-12-27 23-57-30.csv...
已更新系统公共变量: latest_ais_data_raw
Pushed update from: 2020-12-27 23-57-30.csv (1529 ships)
Backend detection triggers: 13 queued, 0 coalesced
Processing file: 2020-12-27 23-58-00.csv...
已更新系统公共变量: latest_ais_data_raw
Pushed update from: 2020-12-27 23-58-00.csv (1629 ships)
Backend detection triggers: 11 queued, 2 coalesced
Processing file: 2020-12-27 23-58-30.csv...
已更新系统公共变量: latest_ais_data_raw
Pushed update from: 2020-12-27 23-58-30.csv (1507 ships)
Backend detection triggers: 12 queued, 1 coalesced
Processing file: 2020-12-27 23-59-00.csv...
已更新系统公共变量: latest_ais_data_raw
Pushed update from: 2020-12-27 23-59-00.csv (1682 ships)
Backend detection triggers: 12 queued, 1 coalesced
Processing file: 2020-12-27 23-59-30.csv...
已更新系统公共变量: latest_ais_data_raw
Pushed update from: 2020-12-27 23-59-30.csv (1519 ships)
Backend detection triggers: 13 queued, 0 coalesced
Processing file: 2020-12-28 00-00-00.csv...
已更新系统公共变量: latest_ais_data_raw
Pushed update from: 2020-12-28 00-00-00.csv (1677 ships)
Backend detection triggers: 11 queued, 2 coalesced
Processing file: 2020-12-28 00-00-30.csv...
已更新系统公共变量: latest_ais_data_raw
Pushed update from: 2020-12-28 00-00-30.csv (1531 ships)
Backend detection triggers: 13 queued, 0 coalesced
Processing file: 2020-12-28 00-01-00.csv...
已更新系统公共变量: latest_ais_data_raw
Pushed update from: 2020-12-28 00-01-00.csv (1631 ships)
Backend detection triggers: 11 queued, 2 coalesced
Processing file: 2020-12-28 00-01-30.csv...
已更新系统公共变量: latest_ais_data_raw
Pushed update from: 2020-12-28 00-01-30.csv (1509 ships)
Backend detection triggers: 11 queued, 2 coalesced
Processing file: 2020-12-28 00-02-00.csv...
已更新系统公共变量: latest_ais_data_raw
Pushed update from: 2020-12-28 00-02-00.csv (1686 ships)
Backend detection triggers: 13 queued, 0 coalesced
Processing file: 2020-12-28 00-02-30.csv...
已更新系统公共变量: latest_ais_data_raw
Pushed update from: 2020-12-28 00-02-30.csv (1518 ships)
Backend detection triggers: 11 queued, 2 coalesced
Processing file: 2020-12-28 00-03-00.csv...
已更新系统公共变量: latest_ais_data_raw
Pushed update from: 2020-12-28 00-03-00.csv (1674 ships)
Backend detection triggers: 13 queued, 0 coalesced
Processing file: 2020-12-28 00-03-30.csv...
已更新系统公共变量: latest_ais_data_raw
Pushed update from: 2020-12-28 00-03-30.csv (1529 ships)
Backend detection triggers: 11 queued, 2 coalesced
Processing file: 2020-12-28 00-04-00.csv...
已更新系统公共变量: latest_ais_data_raw
Pushed update from: 2020-12-28 00-04-00.csv (1631 ships)
Backend detection triggers: 13 queued, 0 coalesced
Processing file: 2020-12-28 00-04-30.csv...
已更新系统公共变量: latest_ais_data_raw
Pushed update from: 2020-12-28 00-04-30.csv (1508 ships)
Backend detection triggers: 11 queued, 2 coalesced
Processing file: 2020-12-28 00-05-00.csv...
已更新系统公共变量: latest_ais_data_raw
Pushed update from: 2020-12-28 00-05-00.csv (1687 ships)
Backend detection triggers: 12 queued, 1 coalesced
Processing file: 2020-12-28 00-05-30.csv...
已更新系统公共变量: latest_ais_data_raw
Pushed update from: 2020-12-28 00-05-30.csv (1519 ships)
Backend detection triggers: 11 queued, 2 coalesced
Processing file: 2020-12-28 00-06-00.csv...
已更新系统公共变量: latest_ais_data_raw
Pushed update from: 2020-12-28 00-06-00.csv (1677 ships)
Backend detection triggers: 13 queued, 0 coalesced
Processing file: 2020-12-28 00-06-30.csv...
已更新系统公共变量: latest_ais_data_raw
Pushed update from: 2020-12-28 00-06-30.csv (1526 ships)
Backend detection triggers: 11 queued, 2 coalesced
Processing file: 2020-12-28 00-07-00.csv...
已更新系统公共变量: latest_ais_data_raw
Pushed update from: 2020-12-28 00-07-00.csv (1626 ships)
Backend detection triggers: 11 queued, 2 coalesced
Processing file: 2020-12-28 00-07-30.csv...
已更新系统公共变量: latest_ais_data_raw
Pushed update from: 2020-12-28 00-07-30.csv (1503 ships)
Backend detection triggers: 13 queued, 0 coalesced
Processing file: 2020-12-28 00-08-00.csv...
已更新系统公共变量: latest_ais_data_raw
Pushed update from: 2020-12-28 00-08-00.csv (1678 ships)
Backend detection triggers: 11 queued, 2 coalesced
Processing file: 2020-12-28 00-08-30.csv...
已更新系统公共变量: latest_ais_data_raw
Pushed update from: 2020-12-28 00-08-30.csv (1516 ships)
Backend detection triggers: 11 queued, 2 coalesced
Processing file: 2020-12-28 00-09-00.csv...
已更新系统公共变量: latest_ais_data_raw
Pushed update from: 2020-12-28 00-09-00.csv (1672 ships)
Backend detection triggers: 13 queued, 0 coalesced
Processing file: 2020-12-28 00-09-30.csv...
已更新系统公共变量: latest_ais_data_raw
Pushed update from: 2020-12-28 00-09-30.csv (1525 ships)
Backend detection triggers: 11 queued, 2 coalesced
Processing file: 2020-12-28 00-10-00.csv...
已更新系统公共变量: latest_ais_data_raw
Pushed update from: 2020-12-28 00-10-00.csv (1629 ships)
Backend detection triggers: 10 queued, 3 coalesced
Processing file: 2020-12-28 00-10-30.csv...
已更新系统公共变量: latest_ais_data_raw
Pushed update from: 2020-12-28 00-10-30.csv (1505 ships)
Backend detection triggers: 13 queued, 0 coalesced
Processing file: 2020-12-28 00-11-00.csv...
已更新系统公共变量: latest_ais_data_raw
Pushed update from: 2020-12-28 00-11-00.csv (1678 ships)
Backend detection triggers: 10 queued, 3 coalesced
Processing file: 2020-12-28 00-11-30.csv...
已更新系统公共变量: latest_ais_data_raw
Pushed update from: 2020-12-28 00-11-30.csv (1513 ships)
Backend detection triggers: 11 queued, 2 coalesced
Processing file: 2020-12-28 00-12-00.csv...
已更新系统公共变量: latest_ais_data_raw
Pushed update from: 2020-12-28 00-12-00.csv (1671 ships)
Backend detection triggers: 13 queued, 0 coalesced
Processing file: 2020-12-28 00-12-30.csv...
已更新系统公共变量: latest_ais_data_raw
Pushed update from: 2020-12-28 00-12-30.csv (1524 ships)
Backend detection triggers: 11 queued, 2 coalesced
Processing file: 2020-12-28 00-13-00.csv...
已更新系统公共变量: latest_ais_data_raw
Pushed update from: 2020-12-28 00-13-00.csv (1626 ships)
Backend detection triggers: 11 queued, 2 coalesced
Processing file: 2020-12-28 00-13-30.csv...
已更新系统公共变量: latest_ais_data_raw
Pushed update from: 2020-12-28 00-13-30.csv (1503 ships)
Backend detection triggers: 12 queued, 1 coalesced
Processing file: 2020-12-28 00-14-00.csv...
已更新系统公共变量: latest_ais_data_raw
Pushed update from: 2020-12-28 00-14-00.csv (1674 ships)
Backend detection triggers: 11 queued, 2 coalesced
Processing file: 2020-12-28 00-14-30.csv...
已更新系统公共变量: latest_ais_data_raw
Pushed update from: 2020-12-28 00-14-30.csv (1508 ships)
Backend detection triggers: 11 queued, 2 coalesced
Processing file: 2020-12-28 00-15-00.csv...
已更新系统公共变量: latest_ais_data_raw
Pushed update from: 2020-12-28 00-15-00.csv (1665 ships)
Backend detection triggers: 13 queued, 0 coalesced
Processing file: 2020-12-28 00-15-30.csv...
已更新系统公共变量: latest_ais_data_raw
Pushed update from: 2020-12-28 00-15-30.csv (1517 ships)
Backend detection triggers: 11 queued, 2 coalesced
Processing file: 2020-12-28 00-16-00.csv...
已更新系统公共变量: latest_ais_data_raw
Pushed update from: 2020-12-28 00-16-00.csv (1620 ships)
Backend detection triggers: 10 queued, 3 coalesced
Processing file: 2020-12-28 00-16-30.csv...
已更新系统公共变量: latest_ais_data_raw
Pushed update from: 2020-12-28 00-16-30.csv (1500 ships)
Backend detection triggers: 13 queued, 0 coalesced
Processing file: 2020-12-28 00-17-00.csv...
已更新系统公共变量: latest_ais_data_raw
Pushed update from: 2020-12-28 00-17-00.csv (1672 ships)
Backend detection triggers: 11 queued, 2 coalesced
Processing file: 2020-12-28 00-17-30.csv...
已更新系统公共变量: latest_ais_data_raw
Pushed update from: 2020-12-28 00-17-30.csv (1505 ships)
Backend detection triggers: 11 queued, 2 coalesced
Processing file: 2020-12-28 00-18-00.csv...
已更新系统公共变量: latest_ais_data_raw
Pushed update from: 2020-12-28 00-18-00.csv (1659 ships)
Backend detection triggers: 13 queued, 0 coalesced
Processing file: 2020-12-28 00-18-30.csv...
已更新系统公共变量: latest_ais_data_raw
Pushed update from: 2020-12-28 00-18-30.csv (1513 ships)
Backend detection triggers: 11 queued, 2 coalesced
Processing file: 2020-12-28 00-19-00.csv...
已更新系统公共变量: latest_ais_data_raw
Pushed update from: 2020-12-28 00-19-00.csv (1615 ships)
Backend detection triggers: 11 queued, 2 coalesced
Processing file: 2020-12-28 00-19-30.csv...
已更新系统公共变量: latest_ais_data_raw
Pushed update from: 2020-12-28 00-19-30.csv (1493 ships)
Backend detection triggers: 13 queued, 0 coalesced
Processing file: 2020-12-28 00-20-00.csv...
已更新系统公共变量: latest_ais_data_raw
Pushed update from: 2020-12-28 00-20-00.csv (1668 ships)
Backend detection triggers: 10 queued, 3 coalesced
Processing file: 2020-12-28 00-20-30.csv...
已更新系统公共变量: latest_ais_data_raw
Pushed update from: 2020-12-28 00-20-30.csv (1501 ships)
Backend detection triggers: 11 queued, 2 coalesced
Processing file: 2020-12-28 00-21-00.csv...
已更新系统公共变量: latest_ais_data_raw
Pushed update from: 2020-12-28 00-21-00.csv (1660 ships)
Backend detection triggers: 13 queued, 0 coalesced
Processing file: 2020-12-28 00-21-30.csv...
已更新系统公共变量: latest_ais_data_raw
Pushed update from: 2020-12-28 00-21-30.csv (1512 ships)
Backend detection triggers: 11 queued, 2 coalesced
Processing file: 2020-12-28 00-22-00.csv...
已更新系统公共变量: latest_ais_data_raw
Pushed update from: 2020-12-28 00-22-00.csv (1613 ships)
Backend detection triggers: 12 queued, 1 coalesced
Processing file: 2020-12-28 00-22-30.csv...
已更新系统公共变量: latest_ais_data_raw
Pushed update from: 2020-12-28 00-22-30.csv (1489 ships)
Backend detection triggers: 12 queued, 1 coalesced
Processing file: 2020-12-28 00-23-00.csv...
已更新系统公共变量: latest_ais_data_raw
Pushed update from: 2020-12-28 00-23-00.csv (1662 ships)
Backend detection triggers: 11 queued, 2 coalesced
Processing file: 2020-12-28 00-23-30.csv...
已更新系统公共变量: latest_ais_data_raw
Pushed update from: 2020-12-28 00-23-30.csv (1495 ships)
Backend detection triggers: 13 queued, 0 coalesced
Processing file: 2020-12-28 00-24-00.csv...
已更新系统公共变量: latest_ais_data_raw
Pushed update from: 2020-12-28 00-24-00.csv (1652 ships)
Backend detection triggers: 11 queued, 2 coalesced
Processing file: 2020-12-28 00-24-30.csv...
已更新系统公共变量: latest_ais_data_raw
Pushed update from: 2020-12-28 00-24-30.csv (1507 ships)
Backend detection triggers: 11 queued, 2 coalesced
Processing file: 2020-12-28 00-25-00.csv...
已更新系统公共变量: latest_ais_data_raw
Pushed update from: 2020-12-28 00-25-00.csv (1612 ships)
Backend detection triggers: 13 queued, 0 coalesced
Processing file: 2020-12-28 00-25-30.csv...
已更新系统公共变量: latest_ais_data_raw
Pushed update from: 2020-12-28 00-25-30.csv (1490 ships)
Backend detection triggers: 11 queued, 2 coalesced
Processing file: 2020-12-28 00-26-00.csv...
已更新系统公共变量: latest_ais_data_raw
Pushed update from: 2020-12-28 00-26-00.csv (1666 ships)
Backend detection triggers: 13 queued, 0 coalesced
Processing file: 2020-12-28 00-26-30.csv...
已更新系统公共变量: latest_ais_data_raw
Pushed update from: 2020-12-28 00-26-30.csv (1497 ships)
Backend detection triggers: 11 queued, 2 coalesced
Processing file: 2020-12-28 00-27-00.csv...
已更新系统公共变量: latest_ais_data_raw
Pushed update from: 2020-12-28 00-27-00.csv (1651 ships)
Backend detection triggers: 11 queued, 2 coalesced
Processing file: 2020-12-28 00-27-30.csv...
已更新系统公共变量: latest_ais_data_raw
Pushed update from: 2020-12-28 00-27-30.csv (1506 ships)
Backend detection triggers: 13 queued, 0 coalesced
Processing file: 2020-12-28 00-28-00.csv...
已更新系统公共变量: latest_ais_data_raw
Pushed update from: 2020-12-28 00-28-00.csv (1610 ships)
Backend detection triggers: 11 queued, 2 coalesced
Processing file: 2020-12-28 00-28-30.csv...
已更新系统公共变量: latest_ais_data_raw
Pushed update from: 2020-12-28 00-28-30.csv (1490 ships)
Backend detection triggers: 11 queued, 2 coalesced
Processing file: 2020-12-28 00-29-00.csv...
已更新系统公共变量: latest_ais_data_raw
Pushed update from: 2020-12-28 00-29-00.csv (1665 ships)
Backend detection triggers: 13 queued, 0 coalesced
Processing file: 2020-12-28 00-29-30.csv...
已更新系统公共变量: latest_ais_data_raw
Pushed update from: 2020-12-28 00-29-30.csv (1496 ships)
Backend detection triggers: 11 queued, 2 coalesced
Processing file: 2020-12-28 00-30-00.csv...
已更新系统公共变量: latest_ais_data_raw
Pushed update from: 2020-12-28 00-30-00.csv (1652 ships)
Backend detection triggers: 11 queued, 2 coalesced
Processing file: 2020-12-28 00-30-30.csv...
已更新系统公共变量: latest_ais_data_raw
Pushed update from: 2020-12-28 00-30-30.csv (1501 ships)
Backend detection triggers: 13 queued, 0 coalesced
Processing file: 2020-12-28 00-31-00.csv...
已更新系统公共变量: latest_ais_data_raw
Pushed update from: 2020-12-28 00-31-00.csv (1604 ships)
Backend detection triggers: 11 queued, 2 coalesced
Processing file: 2020-12-28 00-31-30.csv...
已更新系统公共变量: latest_ais_data_raw
Pushed update from: 2020-12-28 00-31-30.csv (1490 ships)
Backend detection triggers: 13 queued, 0 coalesced
Processing file: 2020-12-28 00-32-00.csv...
已更新系统公共变量: latest_ais_data_raw
Pushed update from: 2020-12-28 00-32-00.csv (1662 ships)
Backend detection triggers: 11 queued, 2 coalesced
Processing file: 2020-12-28 00-32-30.csv...
已更新系统公共变量: latest_ais_data_raw
Pushed update from: 2020-12-28 00-32-30.csv (1495 ships)
Backend detection triggers: 11 queued, 2 coalesced
Processing file: 2020-12-28 00-33-00.csv...
已更新系统公共变量: latest_ais_data_raw
Pushed update from: 2020-12-28 00-33-00.csv (1652 ships)
Backend detection triggers: 13 queued, 0 coalesced
Processing file: 2020-12-28 00-33-30.csv...
已更新系统公共变量: latest_ais_data_raw
Pushed update from: 2020-12-28 00-33-30.csv (1501 ships)
Backend detection triggers: 11 queued, 2 coalesced
Processing file: 2020-12-28 00-34-00.csv...
已更新系统公共变量: latest_ais_data_raw
Pushed update from: 2020-12-28 00-34-00.csv (1604 ships)
Backend detection triggers: 13 queued, 0 coalesced
Processing file: 2020-12-28 00-34-30.csv...
已更新系统公共变量: latest_ais_data_raw
Pushed update from: 2020-12-28 00-34-30.csv (1489 ships)
Backend detection triggers: 11 queued, 2 coalesced
Processing file: 2020-12-28 00-35-00.csv...
已更新系统公共变量: latest_ais_data_raw
Pushed update from: 2020-12-28 00-35-00.csv (1661 ships)
Backend detection triggers: 13 queued, 0 coalesced
Processing file: 2020-12-28 00-35-30.csv...
已更新系统公共变量: latest_ais_data_raw
Pushed update from: 2020-12-28 00-35-30.csv (1493 ships)
Backend detection triggers: 11 queued, 2 coalesced
Processing file: 2020-12-28 00-36-00.csv...
已更新系统公共变量: latest_ais_data_raw
Pushed update from: 2020-12-28 00-36-00.csv (1652 ships)
Backend detection triggers: 13 queued, 0 coalesced
Processing file: 2020-12-28 00-36-30.csv...
已更新系统公共变量: latest_ais_data_raw
Pushed update from: 2020-12-28 00-36-30.csv (1504 ships)
Backend detection triggers: 11 queued, 2 coalesced
Processing file: 2020-12-28 00-37-00.csv...
已更新系统公共变量: latest_ais_data_raw
Pushed update from: 2020-12-28 00-37-00.csv (1607 ships)
Backend detection triggers: 11 queued, 2 coalesced
Processing file: 2020-12-28 00-37-30.csv...
已更新系统公共变量: latest_ais_data_raw
Pushed update from: 2020-12-28 00-37-30.csv (1490 ships)
Backend detection triggers: 13 queued, 0 coalesced
Processing file: 2020-12-28 00-38-00.csv...
已更新系统公共变量: latest_ais_data_raw
Pushed update from: 2020-12-28 00-38-00.csv (1656 ships)
Backend detection triggers: 11 queued, 2 coalesced
Processing file: 2020-12-28 00-38-30.csv...
已更新系统公共变量: latest_ais_data_raw
Pushed update from: 2020-12-28 00-38-30.csv (1491 ships)
Backend detection triggers: 12 queued, 1 coalesced
Processing file: 2020-12-28 00-39-00.csv...
已更新系统公共变量: latest_ais_data_raw
Pushed update from: 2020-12-28 00-39-00.csv (1649 ships)
Backend detection triggers: 12 queued, 1 coalesced
Processing file: 2020-12-28 00-39-30.csv...
已更新系统公共变量: latest_ais_data_raw
Pushed update from: 2020-12-28 00-39-30.csv (1498 ships)
Backend detection triggers: 12 queued, 1 coalesced
Processing file: 2020-12-28 00-40-00.csv...
已更新系统公共变量: latest_ais_data_raw
Pushed update from: 2020-12-28 00-40-00.csv (1605 ships)
Backend detection triggers: 12 queued, 1 coalesced
Processing file: 2020-12-28 00-40-30.csv...
已更新系统公共变量: latest_ais_data_raw
Pushed update from: 2020-12-28 00-40-30.csv (1485 ships)
Backend detection triggers: 11 queued, 2 coalesced
Processing file: 2020-12-28 00-41-00.csv...
已更新系统公共变量: latest_ais_data_raw
Pushed update from: 2020-12-28 00-41-00.csv (1650 ships)
Backend detection triggers: 13 queued, 0 coalesced
Processing file: 2020-12-28 00-41-30.csv...
已更新系统公共变量: latest_ais_data_raw
Pushed update from: 2020-12-28 00-41-30.csv (1487 ships)
Backend detection triggers: 11 queued, 2 coalesced
Processing file: 2020-12-28 00-42-00.csv...
已更新系统公共变量: latest_ais_data_raw
Pushed update from: 2020-12-28 00-42-00.csv (1649 ships)
Backend detection triggers: 12 queued, 1 coalesced
Processing file: 2020-12-28 00-42-30.csv...
已更新系统公共变量: latest_ais_data_raw
Pushed update from: 2020-12-28 00-42-30.csv (1493 ships)
Backend detection triggers: 12 queued, 1 coalesced
Processing file: 2020-12-28 00-43-00.csv...
已更新系统公共变量: latest_ais_data_raw
Pushed update from: 2020-12-28 00-43-00.csv (1598 ships)
Backend detection triggers: 12 queued, 1 coalesced
Processing file: 2020-12-28 00-43-30.csv...
已更新系统公共变量: latest_ais_data_raw
Pushed update from: 2020-12-28 00-43-30.csv (1481 ships)
Backend detection triggers: 12 queued, 1 coalesced
Processing file: 2020-12-28 00-44-00.csv...
已更新系统公共变量: latest_ais_data_raw
Pushed update from: 2020-12-28 00-44-00.csv (1646 ships)
Backend detection triggers: 12 queued, 1 coalesced
Processing file: 2020-12-28 00-44-30.csv...
已更新系统公共变量: latest_ais_data_raw
Pushed update from: 2020-12-28 00-44-30.csv (1482 ships)
Backend detection triggers: 12 queued, 1 coalesced
Processing file: 2020-12-28 00-45-00.csv...
已更新系统公共变量: latest_ais_data_raw
Pushed update from: 2020-12-28 00-45-00.csv (1648 ships)
Backend detection triggers: 12 queued, 1 coalesced
Processing file: 2020-12-28 00-45-30.csv...
已更新系统公共变量: latest_ais_data_raw
Pushed update from: 2020-12-28 00-45-30.csv (1489 ships)
Backend detection triggers: 11 queued, 2 coalesced
Processing file: 2020-12-28 00-46-00.csv...
已更新系统公共变量: latest_ais_data_raw
Pushed update from: 2020-12-28 00-46-00.csv (1591 ships)
Backend detection triggers: 13 queued, 0 coalesced
Processing file: 2020-12-28 00-46-30.csv...
已更新系统公共变量: latest_ais_data_raw
Pushed update from: 2020-12-28 00-46-30.csv (1470 ships)
Backend detection triggers: 11 queued, 2 coalesced
Processing file: 2020-12-28 00-47-00.csv...
已更新系统公共变量: latest_ais_data_raw
Pushed update from: 2020-12-28 00-47-00.csv (1635 ships)
Backend detection triggers: 12 queued, 1 coalesced
Processing file: 2020-12-28 00-47-30.csv...
已更新系统公共变量: latest_ais_data_raw
Pushed update from: 2020-12-28 00-47-30.csv (1473 ships)
Backend detection triggers: 12 queued, 1 coalesced
Processing file: 2020-12-28 00-48-00.csv...
已更新系统公共变量: latest_ais_data_raw
Pushed update from: 2020-12-28 00-48-00.csv (1638 ships)
Backend detection triggers: 12 queued, 1 coalesced
Processing file: 2020-12-28 00-48-30.csv...
已更新系统公共变量: latest_ais_data_raw
Pushed update from: 2020-12-28 00-48-30.csv (1487 ships)
Backend detection triggers: 12 queued, 1 coalesced
Processing file: 2020-12-28 00-49-00.csv...
已更新系统公共变量: latest_ais_data_raw
Pushed update from: 2020-12-28 00-49-00.csv (1591 ships)
Backend detection triggers: 12 queued, 1 coalesced
Processing file: 2020-12-28 00-49-30.csv...
已更新系统公共变量: latest_ais_data_raw
Pushed update from: 2020-12-28 00-49-30.csv (1473 ships)
Backend detection triggers: 11 queued, 2 coalesced
Processing file: 2020-12-28 00-50-00.csv...
已更新系统公共变量: latest_ais_data_raw
Pushed update from: 2020-12-28 00-50-00.csv (1638 ships)
Backend detection triggers: 12 queued, 1 coalesced
Processing file: 2020-12-28 00-50-30.csv...
已更新系统公共变量: latest_ais_data_raw
Pushed update from: 2020-12-28 00-50-30.csv (1470 ships)
Backend detection triggers: 12 queued, 1 coalesced
Processing file: 2020-12-28 00-51-00.csv...
已更新系统公共变量: latest_ais_data_raw
Pushed update from: 2020-12-28 00-51-00.csv (1633 ships)
Backend detection triggers: 12 queued, 1 coalesced
Processing file: 2020-12-28 00-51-30.csv...
已更新系统公共变量: latest_ais_data_raw
Pushed update from: 2020-12-28 00-51-30.csv (1481 ships)
Backend detection triggers: 12 queued, 1 coalesced
Processing file: 2020-12-28 00-52-00.csv...
已更新系统公共变量: latest_ais_data_raw
Pushed update from: 2020-12-28 00-52-00.csv (1584 ships)
Backend detection triggers: 12 queued, 1 coalesced
Processing file: 2020-12-28 00-52-30.csv...
已更新系统公共变量: latest_ais_data_raw
Pushed update from: 2020-12-28 00-52-30.csv (1465 ships)
Backend detection triggers: 11 queued, 2 coalesced
Processing file: 2020-12-28 00-53-00.csv...
已更新系统公共变量: latest_ais_data_raw
Pushed update from: 2020-12-28 00-53-00.csv (1632 ships)
Backend detection triggers: 12 queued, 1 coalesced
Processing file: 2020-12-28 00-53-30.csv...
已更新系统公共变量: latest_ais_data_raw
Pushed update from: 2020-12-28 00-53-30.csv (1470 ships)
Backend detection triggers: 12 queued, 1 coalesced
Processing file: 2020-12-28 00-54-00.csv...
已更新系统公共变量: latest_ais_data_raw
Pushed update from: 2020-12-28 00-54-00.csv (1634 ships)
Backend detection triggers: 12 queued, 1 coalesced
Processing file: 2020-12-28 00-54-30.csv...
已更新系统公共变量: latest_ais_data_raw
Pushed update from: 2020-12-28 00-54-30.csv (1483 ships)
Backend detection triggers: 12 queued, 1 coalesced
Processing file: 2020-12-28 00-55-00.csv...
已更新系统公共变量: latest_ais_data_raw
Pushed update from: 2020-12-28 00-55-00.csv (1586 ships)
Backend detection triggers: 12 queued, 1 coalesced
Processing file: 2020-12-28 00-55-30.csv...
已更新系统公共变量: latest_ais_data_raw
Pushed update from: 2020-12-28 00-55-30.csv (1467 ships)
Backend detection triggers: 12 queued, 1 coalesced
Processing file: 2020-12-28 00-56-00.csv...
已更新系统公共变量: latest_ais_data_raw
Pushed update from: 2020-12-28 00-56-00.csv (1632 ships)
Backend detection triggers: 11 queued, 2 coalesced
Processing file: 2020-12-28 00-56-30.csv...
已更新系统公共变量: latest_ais_data_raw
Pushed update from: 2020-12-28 00-56-30.csv (1470 ships)
Backend detection triggers: 12 queued, 1 coalesced
Processing file: 2020-12-28 00-57-00.csv...
已更新系统公共变量: latest_ais_data_raw
Pushed update from: 2020-12-28 00-57-00.csv (1631 ships)
Backend detection triggers: 12 queued, 1 coalesced
Processing file: 2020-12-28 00-57-30.csv...
已更新系统公共变量: latest_ais_data_raw
Pushed update from: 2020-12-28 00-57-30.csv (1479 ships)
Backend detection triggers: 12 queued, 1 coalesced
Processing file: 2020-12-28 00-58-00.csv...
已更新系统公共变量: latest_ais_data_raw
Pushed update from: 2020-12-28 00-58-00.csv (1581 ships)
Backend detection triggers: 12 queued, 1 coalesced
Processing file: 2020-12-28 00-58-30.csv...
已更新系统公共变量: latest_ais_data_raw
Pushed update from: 2020-12-28 00-58-30.csv (1465 ships)
Backend detection triggers: 11 queued, 2 coalesced
Processing file: 2020-12-28 00-59-00.csv...
已更新系统公共变量: latest_ais_data_raw
Pushed update from: 2020-12-28 00-59-00.csv (1629 ships)
Backend detection triggers: 12 queued, 1 coalesced
Processing file: 2020-12-28 00-59-30.csv...
已更新系统公共变量: latest_ais_data_raw
Pushed update from: 2020-12-28 00-59-30.csv (1468 ships)
Backend detection triggers: 12 queued, 1 coalesced
Processing file: 2020-12-28 01-00-00.csv...
已更新系统公共变量: latest_ais_data_raw
Pushed update from: 2020-12-28 01-00-00.csv (1630 ships)
Backend detection triggers: 12 queued, 1 coalesced
Processing file: 2020-12-28 01-00-30.csv...
已更新系统公共变量: latest_ais_data_raw
Pushed update from: 2020-12-28 01-00-30.csv (1477 ships)
Backend detection triggers: 12 queued, 1 coalesced
Processing file: 2020-12-28 01-01-00.csv...
已更新系统公共变量: latest_ais_data_raw
Pushed update from: 2020-12-28 01-01-00.csv (1573 ships)
Backend detection triggers: 12 queued, 1 coalesced
Processing file: 2020-12-28 01-01-30.csv...
已更新系统公共变量: latest_ais_data_raw
Pushed update from: 2020-12-28 01-01-30.csv (1457 ships)
Backend detection triggers: 11 queued, 2 coalesced
Processing file: 2020-12-28 01-02-00.csv...
已更新系统公共变量: latest_ais_data_raw
Pushed update from: 2020-12-28 01-02-00.csv (1620 ships)
Backend detection triggers: 12 queued, 1 coalesced
Processing file: 2020-12-28 01-02-30.csv...
已更新系统公共变量: latest_ais_data_raw
Pushed update from: 2020-12-28 01-02-30.csv (1457 ships)
Backend detection triggers: 11 queued, 2 coalesced
Processing file: 2020-12-28 01-03-00.csv...
已更新系统公共变量: latest_ais_data_raw
Pushed update from: 2020-12-28 01-03-00.csv (1617 ships)
Backend detection triggers: 12 queued, 1 coalesced
Processing file: 2020-12-28 01-03-30.csv...
已更新系统公共变量: latest_ais_data_raw
Pushed update from: 2020-12-28 01-03-30.csv (1468 ships)
Backend detection triggers: 12 queued, 1 coalesced
Processing file: 2020-12-28 01-04-00.csv...
已更新系统公共变量: latest_ais_data_raw
Pushed update from: 2020-12-28 01-04-00.csv (1566 ships)
Backend detection triggers: 12 queued, 1 coalesced
Processing file: 2020-12-28 01-04-30.csv...
已更新系统公共变量: latest_ais_data_raw
Pushed update from: 2020-12-28 01-04-30.csv (1451 ships)
Backend detection triggers: 11 queued, 2 coalesced
Processing file: 2020-12-28 01-05-00.csv...
已更新系统公共变量: latest_ais_data_raw
Pushed update from: 2020-12-28 01-05-00.csv (1624 ships)
Backend detection triggers: 12 queued, 1 coalesced
Processing file: 2020-12-28 01-05-30.csv...
已更新系统公共变量: latest_ais_data_raw
Pushed update from: 2020-12-28 01-05-30.csv (1458 ships)
Backend detection triggers: 12 queued, 1 coalesced
Processing file: 2020-12-28 01-06-00.csv...
已更新系统公共变量: latest_ais_data_raw
Pushed update from: 2020-12-28 01-06-00.csv (1617 ships)
Backend detection triggers: 12 queued, 1 coalesced
Processing file: 2020-12-28 01-06-30.csv...
已更新系统公共变量: latest_ais_data_raw
Pushed update from: 2020-12-28 01-06-30.csv (1469 ships)
Backend detection triggers: 12 queued, 1 coalesced
Processing file: 2020-12-28 01-07-00.csv...
已更新系统公共变量: latest_ais_data_raw
Pushed update from: 2020-12-28 01-07-00.csv (1568 ships)
Backend detection triggers: 12 queued, 1 coalesced
Processing file: 2020-12-28 01-07-30.csv...
已更新系统公共变量: latest_ais_data_raw
Pushed update from: 2020-12-28 01-07-30.csv (1447 ships)
Backend detection triggers: 12 queued, 1 coalesced
Processing file: 2020-12-28 01-08-00.csv...
已更新系统公共变量: latest_ais_data_raw
Pushed update from: 2020-12-28 01-08-00.csv (1618 ships)
Backend detection triggers: 12 queued, 1 coalesced
Processing file: 2020-12-28 01-08-30.csv...
已更新系统公共变量: latest_ais_data_raw
Pushed update from: 2020-12-28 01-08-30.csv (1451 ships)
Backend detection triggers: 11 queued, 2 coalesced
Processing file: 2020-12-28 01-09-00.csv...
已更新系统公共变量: latest_ais_data_raw
Pushed update from: 2020-12-28 01-09-00.csv (1611 ships)
Backend detection triggers: 12 queued, 1 coalesced
Processing file: 2020-12-28 01-09-30.csv...
已更新系统公共变量: latest_ais_data_raw
Pushed update from: 2020-12-28 01-09-30.csv (1463 ships)
Backend detection triggers: 12 queued, 1 coalesced
Processing file: 2020-12-28 01-10-00.csv...
已更新系统公共变量: latest_ais_data_raw
Pushed update from: 2020-12-28 01-10-00.csv (1564 ships)
Backend detection triggers: 11 queued, 2 coalesced
Processing file: 2020-12-28 01-10-30.csv...
已更新系统公共变量: latest_ais_data_raw
Pushed update from: 2020-12-28 01-10-30.csv (1443 ships)
Backend detection triggers: 12 queued, 1 coalesced
Processing file: 2020-12-28 01-11-00.csv...
已更新系统公共变量: latest_ais_data_raw
Pushed update from: 2020-12-28 01-11-00.csv (1615 ships)
Backend detection triggers: 12 queued, 1 coalesced
Processing file: 2020-12-28 01-11-30.csv...
已更新系统公共变量: latest_ais_data_raw
Pushed update from: 2020-12-28 01-11-30.csv (1454 ships)
Backend detection triggers: 11 queued, 2 coalesced
Processing file: 2020-12-28 01-12-00.csv...
已更新系统公共变量: latest_ais_data_raw
Pushed update from: 2020-12-28 01-12-00.csv (1608 ships)
Backend detection triggers: 13 queued, 0 coalesced
Processing file: 2020-12-28 01-12-30.csv...
已更新系统公共变量: latest_ais_data_raw
Pushed update from: 2020-12-28 01-12-30.csv (1459 ships)
Backend detection triggers: 11 queued, 2 coalesced
Processing file: 2020-12-28 01-13-00.csv...
已更新系统公共变量: latest_ais_data_raw
Pushed update from: 2020-12-28 01-13-00.csv (1558 ships)
Backend detection triggers: 12 queued, 1 coalesced
Processing file: 2020-12-28 01-13-30.csv...
已更新系统公共变量: latest_ais_data_raw
Pushed update from: 2020-12-28 01-13-30.csv (1443 ships)
Backend detection triggers: 12 queued, 1 coalesced
Processing file: 2020-12-28 01-14-00.csv...
已更新系统公共变量: latest_ais_data_raw
Pushed update from: 2020-12-28 01-14-00.csv (1614 ships)
Backend detection triggers: 12 queued, 1 coalesced
Processing file: 2020-12-28 01-14-30.csv...
已更新系统公共变量: latest_ais_data_raw
Pushed update from: 2020-12-28 01-14-30.csv (1454 ships)
Backend detection triggers: 11 queued, 2 coalesced
Processing file: 2020-12-28 01-15-00.csv...
已更新系统公共变量: latest_ais_data_raw
Pushed update from: 2020-12-28 01-15-00.csv (1612 ships)
Backend detection triggers: 12 queued, 1 coalesced
Processing file: 2020-12-28 01-15-30.csv...
已更新系统公共变量: latest_ais_data_raw
Pushed update from: 2020-12-28 01-15-30.csv (1462 ships)
Backend detection triggers: 12 queued, 1 coalesced
Processing file: 2020-12-28 01-16-00.csv...
已更新系统公共变量: latest_ais_data_raw
Pushed update from: 2020-12-28 01-16-00.csv (1558 ships)
Backend detection triggers: 12 queued, 1 coalesced
Processing file: 2020-12-28 01-16-30.csv...
已更新系统公共变量: latest_ais_data_raw
Pushed update from: 2020-12-28 01-16-30.csv (1444 ships)
Backend detection triggers: 12 queued, 1 coalesced
Processing file: 2020-12-28 01-17-00.csv...
已更新系统公共变量: latest_ais_data_raw
Pushed update from: 2020-12-28 01-17-00.csv (1613 ships)
Backend detection triggers: 12 queued, 1 coalesced
Processing file: 2020-12-28 01-17-30.csv...
已更新系统公共变量: latest_ais_data_raw
Pushed update from: 2020-12-28 01-17-30.csv (1457 ships)
Backend detection triggers: 11 queued, 2 coalesced
Processing file: 2020-12-28 01-18-00.csv...
已更新系统公共变量: latest_ais_data_raw
Pushed update from: 2020-12-28 01-18-00.csv (1612 ships)
Backend detection triggers: 13 queued, 0 coalesced
Processing file: 2020-12-28 01-18-30.csv...
已更新系统公共变量: latest_ais_data_raw
Pushed update from: 2020-12-28 01-18-30.csv (1461 ships)
Backend detection triggers: 11 queued, 2 coalesced
Processing file: 2020-12-28 01-19-00.csv...
已更新系统公共变量: latest_ais_data_raw
Pushed update from: 2020-12-28 01-19-00.csv (1557 ships)
Backend detection triggers: 12 queued, 1 coalesced
Processing file: 2020-12-28 01-19-30.csv...
已更新系统公共变量: latest_ais_data_raw
Pushed update from: 2020-12-28 01-19-30.csv (1443 ships)
Backend detection triggers: 12 queued, 1 coalesced
Processing file: 2020-12-28 01-20-00.csv...
已更新系统公共变量: latest_ais_data_raw
Pushed update from: 2020-12-28 01-20-00.csv (1610 ships)
Backend detection triggers: 12 queued, 1 coalesced
Processing file: 2020-12-28 01-20-30.csv...
已更新系统公共变量: latest_ais_data_raw
Pushed update from: 2020-12-28 01-20-30.csv (1455 ships)
Backend detection triggers: 11 queued, 2 coalesced
Processing file: 2020-12-28 01-21-00.csv...
已更新系统公共变量: latest_ais_data_raw
Pushed update from: 2020-12-28 01-21-00.csv (1610 ships)
Backend detection triggers: 13 queued, 0 coalesced
Processing file: 2020-12-28 01-21-30.csv...
已更新系统公共变量: latest_ais_data_raw
Pushed update from: 2020-12-28 01-21-30.csv (1458 ships)
Backend detection triggers: 11 queued, 2 coalesced
Processing file: 2020-12-28 01-22-00.csv...
已更新系统公共变量: latest_ais_data_raw
Pushed update from: 2020-12-28 01-22-00.csv (1553 ships)
Backend detection triggers: 12 queued, 1 coalesced
Processing file: 2020-12-28 01-22-30.csv...
已更新系统公共变量: latest_ais_data_raw
Pushed update from: 2020-12-28 01-22-30.csv (1438 ships)
Backend detection triggers: 12 queued, 1 coalesced
Processing file: 2020-12-28 01-23-00.csv...
已更新系统公共变量: latest_ais_data_raw
Pushed update from: 2020-12-28 01-23-00.csv (1603 ships)
Backend detection triggers: 11 queued, 2 coalesced
Processing file: 2020-12-28 01-23-30.csv...
已更新系统公共变量: latest_ais_data_raw
Pushed update from: 2020-12-28 01-23-30.csv (1451 ships)
Backend detection triggers: 12 queued, 1 coalesced
Processing file: 2020-12-28 01-24-00.csv...
已更新系统公共变量: latest_ais_data_raw
Pushed update from: 2020-12-28 01-24-00.csv (1603 ships)
Backend detection triggers: 12 queued, 1 coalesced
Processing file: 2020-12-28 01-24-30.csv...
已更新系统公共变量: latest_ais_data_raw
Pushed update from: 2020-12-28 01-24-30.csv (1453 ships)
Backend detection triggers: 11 queued, 2 coalesced
Processing file: 2020-12-28 01-25-00.csv...
已更新系统公共变量: latest_ais_data_raw
Pushed update from: 2020-12-28 01-25-00.csv (1554 ships)
Backend detection triggers: 11 queued, 2 coalesced
Processing file: 2020-12-28 01-25-30.csv...
已更新系统公共变量: latest_ais_data_raw
Pushed update from: 2020-12-28 01-25-30.csv (1437 ships)
Backend detection triggers: 12 queued, 1 coalesced
Processing file: 2020-12-28 01-26-00.csv...
已更新系统公共变量: latest_ais_data_raw
Pushed update from: 2020-12-28 01-26-00.csv (1601 ships)
Backend detection triggers: 12 queued, 1 coalesced
Processing file: 2020-12-28 01-26-30.csv...
已更新系统公共变量: latest_ais_data_raw
Pushed update from: 2020-12-28 01-26-30.csv (1447 ships)
Backend detection triggers: 12 queued, 1 coalesced
Processing file: 2020-12-28 01-27-00.csv...
已更新系统公共变量: latest_ais_data_raw
Pushed update from: 2020-12-28 01-27-00.csv (1599 ships)
Backend detection triggers: 11 queued, 2 coalesced
Processing file: 2020-12-28 01-27-30.csv...
已更新系统公共变量: latest_ais_data_raw
Pushed update from: 2020-12-28 01-27-30.csv (1445 ships)
Backend detection triggers: 12 queued, 1 coalesced
Processing file: 2020-12-28 01-28-00.csv...
已更新系统公共变量: latest_ais_data_raw
Pushed update from: 2020-12-28 01-28-00.csv (1546 ships)
Backend detection triggers: 12 queued, 1 coalesced
Processing file: 2020-12-28 01-28-30.csv...
已更新系统公共变量: latest_ais_data_raw
Pushed update from: 2020-12-28 01-28-30.csv (1428 ships)
Backend detection triggers: 12 queued, 1 coalesced
Processing file: 2020-12-28 01-29-00.csv...
已更新系统公共变量: latest_ais_data_raw
Pushed update from: 2020-12-28 01-29-00.csv (1592 ships)
Backend detection triggers: 12 queued, 1 coalesced
Processing file: 2020-12-28 01-29-30.csv...
已更新系统公共变量: latest_ais_data_raw
Pushed update from: 2020-12-28 01-29-30.csv (1439 ships)
Backend detection triggers: 11 queued, 2 coalesced
Processing file: 2020-12-28 01-30-00.csv...
已更新系统公共变量: latest_ais_data_raw
Pushed update from: 2020-12-28 01-30-00.csv (1591 ships)
Backend detection triggers: 12 queued, 1 coalesced
Processing file: 2020-12-28 01-30-30.csv...
已更新系统公共变量: latest_ais_data_raw
Pushed update from: 2020-12-28 01-30-30.csv (1438 ships)
Backend detection triggers: 12 queued, 1 coalesced
Processing file: 2020-12-28 01-31-00.csv...
已更新系统公共变量: latest_ais_data_raw
Pushed update from: 2020-12-28 01-31-00.csv (1542 ships)
Backend detection triggers: 11 queued, 2 coalesced
Processing file: 2020-12-28 01-31-30.csv...
已更新系统公共变量: latest_ais_data_raw
Pushed update from: 2020-12-28 01-31-30.csv (1422 ships)
Backend detection triggers: 12 queued, 1 coalesced
Processing file: 2020-12-28 01-32-00.csv...
已更新系统公共变量: latest_ais_data_raw
Pushed update from: 2020-12-28 01-32-00.csv (1585 ships)
Backend detection triggers: 12 queued, 1 coalesced
Processing file: 2020-12-28 01-32-30.csv...
已更新系统公共变量: latest_ais_data_raw
Pushed update from: 2020-12-28 01-32-30.csv (1433 ships)
Backend detection triggers: 11 queued, 2 coalesced
Processing file: 2020-12-28 01-33-00.csv...
已更新系统公共变量: latest_ais_data_raw
Pushed update from: 2020-12-28 01-33-00.csv (1589 ships)
Backend detection triggers: 13 queued, 0 coalesced
Processing file: 2020-12-28 01-33-30.csv...
已更新系统公共变量: latest_ais_data_raw
Pushed update from: 2020-12-28 01-33-30.csv (1434 ships)
Backend detection triggers: 11 queued, 2 coalesced
Processing file: 2020-12-28 01-34-00.csv...
已更新系统公共变量: latest_ais_data_raw
Pushed update from: 2020-12-28 01-34-00.csv (1540 ships)
Backend detection triggers: 13 queued, 0 coalesced
Processing file: 2020-12-28 01-34-30.csv...
已更新系统公共变量: latest_ais_data_raw
Pushed update from: 2020-12-28 01-34-30.csv (1423 ships)
Backend detection triggers: 11 queued, 2 coalesced
Processing file: 2020-12-28 01-35-00.csv...
已更新系统公共变量: latest_ais_data_raw
Pushed update from: 2020-12-28 01-35-00.csv (1584 ships)
Backend detection triggers: 13 queued, 0 coalesced
Processing file: 2020-12-28 01-35-30.csv...
已更新系统公共变量: latest_ais_data_raw
Pushed update from: 2020-12-28 01-35-30.csv (1431 ships)
Backend detection triggers: 11 queued, 2 coalesced
Processing file: 2020-12-28 01-36-00.csv...
已更新系统公共变量: latest_ais_data_raw
Pushed update from: 2020-12-28 01-36-00.csv (1586 ships)
Backend detection triggers: 13 queued, 0 coalesced
Processing file: 2020-12-28 01-36-30.csv...
已更新系统公共变量: latest_ais_data_raw
Pushed update from: 2020-12-28 01-36-30.csv (1429 ships)
Backend detection triggers: 11 queued, 2 coalesced
Processing file: 2020-12-28 01-37-00.csv...
已更新系统公共变量: latest_ais_data_raw
Pushed update from: 2020-12-28 01-37-00.csv (1535 ships)
Backend detection triggers: 12 queued, 1 coalesced
Processing file: 2020-12-28 01-37-30.csv...
已更新系统公共变量: latest_ais_data_raw
Pushed update from: 2020-12-28 01-37-30.csv (1422 ships)
Backend detection triggers: 12 queued, 1 coalesced
Processing file: 2020-12-28 01-38-00.csv...
已更新系统公共变量: latest_ais_data_raw
Pushed update from: 2020-12-28 01-38-00.csv (1582 ships)
Backend detection triggers: 11 queued, 2 coalesced
Processing file: 2020-12-28 01-38-30.csv...
已更新系统公共变量: latest_ais_data_raw
Pushed update from: 2020-12-28 01-38-30.csv (1429 ships)
Backend detection triggers: 13 queued, 0 coalesced
Processing file: 2020-12-28 01-39-00.csv...
已更新系统公共变量: latest_ais_data_raw
Pushed update from: 2020-12-28 01-39-00.csv (1587 ships)
Backend detection triggers: 11 queued, 2 coalesced
Processing file: 2020-12-28 01-39-30.csv...
已更新系统公共变量: latest_ais_data_raw
Pushed update from: 2020-12-28 01-39-30.csv (1431 ships)
Backend detection triggers: 12 queued, 1 coalesced
Processing file: 2020-12-28 01-40-00.csv...
已更新系统公共变量: latest_ais_data_raw
Pushed update from: 2020-12-28 01-40-00.csv (1531 ships)
Backend detection triggers: 12 queued, 1 coalesced
Processing file: 2020-12-28 01-40-30.csv...
已更新系统公共变量: latest_ais_data_raw
Pushed update from: 2020-12-28 01-40-30.csv (1422 ships)
Backend detection triggers: 11 queued, 2 coalesced
Processing file: 2020-12-28 01-41-00.csv...
已更新系统公共变量: latest_ais_data_raw
Pushed update from: 2020-12-28 01-41-00.csv (1585 ships)
Backend detection triggers: 13 queued, 0 coalesced
Processing file: 2020-12-28 01-41-30.csv...
已更新系统公共变量: latest_ais_data_raw
Pushed update from: 2020-12-28 01-41-30.csv (1430 ships)
Backend detection triggers: 11 queued, 2 coalesced
Processing file: 2020-12-28 01-42-00.csv...
已更新系统公共变量: latest_ais_data_raw
Pushed update from: 2020-12-28 01-42-00.csv (1584 ships)
Backend detection triggers: 12 queued, 1 coalesced
Processing file: 2020-12-28 01-42-30.csv...
已更新系统公共变量: latest_ais_data_raw
Pushed update from: 2020-12-28 01-42-30.csv (1432 ships)
Backend detection triggers: 12 queued, 1 coalesced
Processing file: 2020-12-28 01-43-00.csv...
已更新系统公共变量: latest_ais_data_raw
Pushed update from: 2020-12-28 01-43-00.csv (1531 ships)
Backend detection triggers: 11 queued, 2 coalesced
Processing file: 2020-12-28 01-43-30.csv...
已更新系统公共变量: latest_ais_data_raw
Pushed update from: 2020-12-28 01-43-30.csv (1420 ships)
Backend detection triggers: 13 queued, 0 coalesced
Processing file: 2020-12-28 01-44-00.csv...
已更新系统公共变量: latest_ais_data_raw
Pushed update from: 2020-12-28 01-44-00.csv (1585 ships)
Backend detection triggers: 11 queued, 2 coalesced
Processing file: 2020-12-28 01-44-30.csv...
已更新系统公共变量: latest_ais_data_raw
Pushed update from: 2020-12-28 01-44-30.csv (1429 ships)
Backend detection triggers: 11 queued, 2 coalesced
Processing file: 2020-12-28 01-45-00.csv...
已更新系统公共变量: latest_ais_data_raw
Pushed update from: 2020-12-28 01-45-00.csv (1585 ships)
Backend detection triggers: 13 queued, 0 coalesced
Processing file: 2020-12-28 01-45-30.csv...
已更新系统公共变量: latest_ais_data_raw
Pushed update from: 2020-12-28 01-45-30.csv (1432 ships)
Backend detection triggers: 11 queued, 2 coalesced
Processing file: 2020-12-28 01-46-00.csv...
已更新系统公共变量: latest_ais_data_raw
Pushed update from: 2020-12-28 01-46-00.csv (1531 ships)
Backend detection triggers: 13 queued, 0 coalesced
Processing file: 2020-12-28 01-46-30.csv...
已更新系统公共变量: latest_ais_data_raw
Pushed update from: 2020-12-28 01-46-30.csv (1423 ships)
Backend detection triggers: 11 queued, 2 coalesced
Processing file: 2020-12-28 01-47-00.csv...
已更新系统公共变量: latest_ais_data_raw
Pushed update from: 2020-12-28 01-47-00.csv (1587 ships)
Backend detection triggers: 13 queued, 0 coalesced
Processing file: 2020-12-28 01-47-30.csv...
已更新系统公共变量: latest_ais_data_raw
Pushed update from: 2020-12-28 01-47-30.csv (1432 ships)
Backend detection triggers: 11 queued, 2 coalesced
Processing file: 2020-12-28 01-48-00.csv...
已更新系统公共变量: latest_ais_data_raw
Pushed update from: 2020-12-28 01-48-00.csv (1586 ships)
Backend detection triggers: 12 queued, 1 coalesced
Processing file: 2020-12-28 01-48-30.csv...
已更新系统公共变量: latest_ais_data_raw
Pushed update from: 2020-12-28 01-48-30.csv (1433 ships)
Backend detection triggers: 12 queued, 1 coalesced
Processing file: 2020-12-28 01-49-00.csv...
已更新系统公共变量: latest_ais_data_raw
Pushed update from: 2020-12-28 01-49-00.csv (1528 ships)
Backend detection triggers: 11 queued, 2 coalesced
Processing file: 2020-12-28 01-49-30.csv...
已更新系统公共变量: latest_ais_data_raw
Pushed update from: 2020-12-28 01-49-30.csv (1421 ships)
Backend detection triggers: 11 queued, 2 coalesced
Processing file: 2020-12-28 01-50-00.csv...
已更新系统公共变量: latest_ais_data_raw
Pushed update from: 2020-12-28 01-50-00.csv (1585 ships)
Backend detection triggers: 13 queued, 0 coalesced
Processing file: 2020-12-28 01-50-30.csv...
已更新系统公共变量: latest_ais_data_raw
Pushed update from: 2020-12-28 01-50-30.csv (1425 ships)
Backend detection triggers: 11 queued, 2 coalesced
Processing file: 2020-12-28 01-51-00.csv...
已更新系统公共变量: latest_ais_data_raw
Pushed update from: 2020-12-28 01-51-00.csv (1579 ships)
Backend detection triggers: 11 queued, 2 coalesced
Processing file: 2020-12-28 01-51-30.csv...
已更新系统公共变量: latest_ais_data_raw
Pushed update from: 2020-12-28 01-51-30.csv (1427 ships)
Backend detection triggers: 12 queued, 1 coalesced
Processing file: 2020-12-28 01-52-00.csv...
已更新系统公共变量: latest_ais_data_raw
Pushed update from: 2020-12-28 01-52-00.csv (1522 ships)
Backend detection triggers: 12 queued, 1 coalesced
Processing file: 2020-12-28 01-52-30.csv...
已更新系统公共变量: latest_ais_data_raw
Pushed update from: 2020-12-28 01-52-30.csv (1414 ships)
Backend detection triggers: 11 queued, 2 coalesced
Processing file: 2020-12-28 01-53-00.csv...
已更新系统公共变量: latest_ais_data_raw
Pushed update from: 2020-12-28 01-53-00.csv (1582 ships)
Backend detection triggers: 13 queued, 0 coalesced
Processing file: 2020-12-28 01-53-30.csv...
已更新系统公共变量: latest_ais_data_raw
Pushed update from: 2020-12-28 01-53-30.csv (1425 ships)
Backend detection triggers: 11 queued, 2 coalesced
Processing file: 2020-12-28 01-54-00.csv...
已更新系统公共变量: latest_ais_data_raw
Pushed update from: 2020-12-28 01-54-00.csv (1580 ships)
Backend detection triggers: 11 queued, 2 coalesced
Processing file: 2020-12-28 01-54-30.csv...
已更新系统公共变量: latest_ais_data_raw
Pushed update from: 2020-12-28 01-54-30.csv (1426 ships)
Backend detection triggers: 11 queued, 2 coalesced
Processing file: 2020-12-28 01-55-00.csv...
已更新系统公共变量: latest_ais_data_raw
Pushed update from: 2020-12-28 01-55-00.csv (1520 ships)
Backend detection triggers: 12 queued, 1 coalesced
Processing file: 2020-12-28 01-55-30.csv...
已更新系统公共变量: latest_ais_data_raw
Pushed update from: 2020-12-28 01-55-30.csv (1409 ships)
Backend detection triggers: 11 queued, 2 coalesced
Processing file: 2020-12-28 01-56-00.csv...
已更新系统公共变量: latest_ais_data_raw
Pushed update from: 2020-12-28 01-56-00.csv (1580 ships)
Backend detection triggers: 13 queued, 0 coalesced
Processing file: 2020-12-28 01-56-30.csv...
已更新系统公共变量: latest_ais_data_raw
Pushed update from: 2020-12-28 01-56-30.csv (1422 ships)
Backend detection triggers: 11 queued, 2 coalesced
Processing file: 2020-12-28 01-57-00.csv...
已更新系统公共变量: latest_ais_data_raw
Pushed update from: 2020-12-28 01-57-00.csv (1580 ships)
Backend detection triggers: 11 queued, 2 coalesced
Processing file: 2020-12-28 01-57-30.csv...
已更新系统公共变量: latest_ais_data_raw
Pushed update from: 2020-12-28 01-57-30.csv (1422 ships)
Backend detection triggers: 13 queued, 0 coalesced
Processing file: 2020-12-28 01-58-00.csv...
已更新系统公共变量: latest_ais_data_raw
Pushed update from: 2020-12-28 01-58-00.csv (1519 ships)
Backend detection triggers: 11 queued, 2 coalesced
Processing file: 2020-12-28 01-58-30.csv...
已更新系统公共变量: latest_ais_data_raw
Pushed update from: 2020-12-28 01-58-30.csv (1409 ships)
Backend detection triggers: 10 queued, 3 coalesced
Processing file: 2020-12-28 01-59-00.csv...
已更新系统公共变量: latest_ais_data_raw
Pushed update from: 2020-12-28 01-59-00.csv (1579 ships)
Backend detection triggers: 13 queued, 0 coalesced
Processing file: 2020-12-28 01-59-30.csv...
已更新系统公共变量: latest_ais_data_raw
Pushed update from: 2020-12-28 01-59-30.csv (1421 ships)
Backend detection triggers: 11 queued, 2 coalesced
Processing file: 2020-12-28 02-00-00.csv...
已更新系统公共变量: latest_ais_data_raw
Pushed update from: 2020-12-28 02-00-00.csv (1580 ships)
Backend detection triggers: 11 queued, 2 coalesced
Processing file: 2020-12-28 02-00-30.csv...
已更新系统公共变量: latest_ais_data_raw
Pushed update from: 2020-12-28 02-00-30.csv (1419 ships)
Backend detection triggers: 13 queued, 0 coalesced
Processing file: 2020-12-28 02-01-00.csv...
已更新系统公共变量: latest_ais_data_raw
Pushed update from: 2020-12-28 02-01-00.csv (1513 ships)
Backend detection triggers: 11 queued, 2 coalesced
Processing file: 2020-12-28 02-01-30.csv...
已更新系统公共变量: latest_ais_data_raw
Pushed update from: 2020-12-28 02-01-30.csv (1405 ships)
Backend detection triggers: 11 queued, 2 coalesced
Processing file: 2020-12-28 02-02-00.csv...
已更新系统公共变量: latest_ais_data_raw
Pushed update from: 2020-12-28 02-02-00.csv (1573 ships)
Backend detection triggers: 13 queued, 0 coalesced
Processing file: 2020-12-28 02-02-30.csv...
已更新系统公共变量: latest_ais_data_raw
Pushed update from: 2020-12-28 02-02-30.csv (1415 ships)
Backend detection triggers: 11 queued, 2 coalesced
Processing file: 2020-12-28 02-03-00.csv...
已更新系统公共变量: latest_ais_data_raw
Pushed update from: 2020-12-28 02-03-00.csv (1576 ships)
Backend detection triggers: 11 queued, 2 coalesced
Processing file: 2020-12-28 02-03-30.csv...
已更新系统公共变量: latest_ais_data_raw
Pushed update from: 2020-12-28 02-03-30.csv (1419 ships)
Backend detection triggers: 13 queued, 0 coalesced
Processing file: 2020-12-28 02-04-00.csv...
已更新系统公共变量: latest_ais_data_raw
Pushed update from: 2020-12-28 02-04-00.csv (1515 ships)
Backend detection triggers: 11 queued, 2 coalesced
Processing file: 2020-12-28 02-04-30.csv...
已更新系统公共变量: latest_ais_data_raw
Pushed update from: 2020-12-28 02-04-30.csv (1408 ships)
Backend detection triggers: 11 queued, 2 coalesced
Processing file: 2020-12-28 02-05-00.csv...
已更新系统公共变量: latest_ais_data_raw
Pushed update from: 2020-12-28 02-05-00.csv (1572 ships)
Backend detection triggers: 13 queued, 0 coalesced
Processing file: 2020-12-28 02-05-30.csv...
已更新系统公共变量: latest_ais_data_raw
Pushed update from: 2020-12-28 02-05-30.csv (1416 ships)
Backend detection triggers: 10 queued, 3 coalesced
Processing file: 2020-12-28 02-06-00.csv...
已更新系统公共变量: latest_ais_data_raw
Pushed update from: 2020-12-28 02-06-00.csv (1576 ships)
Backend detection triggers: 11 queued, 2 coalesced
Processing file: 2020-12-28 02-06-30.csv...
已更新系统公共变量: latest_ais_data_raw
Pushed update from: 2020-12-28 02-06-30.csv (1417 ships)
Backend detection triggers: 13 queued, 0 coalesced
Processing file: 2020-12-28 02-07-00.csv...
已更新系统公共变量: latest_ais_data_raw
Pushed update from: 2020-12-28 02-07-00.csv (1511 ships)
Backend detection triggers: 10 queued, 3 coalesced
Processing file: 2020-12-28 02-07-30.csv...
已更新系统公共变量: latest_ais_data_raw
Pushed update from: 2020-12-28 02-07-30.csv (1406 ships)
Backend detection triggers: 11 queued, 2 coalesced
Processing file: 2020-12-28 02-08-00.csv...
已更新系统公共变量: latest_ais_data_raw
Pushed update from: 2020-12-28 02-08-00.csv (1564 ships)
Backend detection triggers: 13 queued, 0 coalesced
Processing file: 2020-12-28 02-08-30.csv...
已更新系统公共变量: latest_ais_data_raw
Pushed update from: 2020-12-28 02-08-30.csv (1409 ships)
Backend detection triggers: 11 queued, 2 coalesced
Processing file: 2020-12-28 02-09-00.csv...
已更新系统公共变量: latest_ais_data_raw
Pushed update from: 2020-12-28 02-09-00.csv (1571 ships)
Backend detection triggers: 11 queued, 2 coalesced
Processing file: 2020-12-28 02-09-30.csv...
已更新系统公共变量: latest_ais_data_raw
Pushed update from: 2020-12-28 02-09-30.csv (1411 ships)
Backend detection triggers: 11 queued, 2 coalesced
Processing file: 2020-12-28 02-10-00.csv...
已更新系统公共变量: latest_ais_data_raw
Pushed update from: 2020-12-28 02-10-00.csv (1509 ships)
Backend detection triggers: 13 queued, 0 coalesced
Processing file: 2020-12-28 02-10-30.csv...
已更新系统公共变量: latest_ais_data_raw
Pushed update from: 2020-12-28 02-10-30.csv (1406 ships)
Backend detection triggers: 11 queued, 2 coalesced
Processing file: 2020-12-28 02-11-00.csv...
已更新系统公共变量: latest_ais_data_raw
Pushed update from: 2020-12-28 02-11-00.csv (1563 ships)
Backend detection triggers: 11 queued, 2 coalesced
Processing file: 2020-12-28 02-11-30.csv...
已更新系统公共变量: latest_ais_data_raw
Pushed update from: 2020-12-28 02-11-30.csv (1411 ships)
Backend detection triggers: 13 queued, 0 coalesced
Processing file: 2020-12-28 02-12-00.csv...
已更新系统公共变量: latest_ais_data_raw
Pushed update from: 2020-12-28 02-12-00.csv (1574 ships)
Backend detection triggers: 11 queued, 2 coalesced
Processing file: 2020-12-28 02-12-30.csv...
已更新系统公共变量: latest_ais_data_raw
Pushed update from: 2020-12-28 02-12-30.csv (1413 ships)
Backend detection triggers: 11 queued, 2 coalesced
Processing file: 2020-12-28 02-13-00.csv...
已更新系统公共变量: latest_ais_data_raw
Pushed update from: 2020-12-28 02-13-00.csv (1505 ships)
Backend detection triggers: 12 queued, 1 coalesced
Processing file: 2020-12-28 02-13-30.csv...
已更新系统公共变量: latest_ais_data_raw
Pushed update from: 2020-12-28 02-13-30.csv (1406 ships)
Backend detection triggers: 11 queued, 2 coalesced
Processing file: 2020-12-28 02-14-00.csv...
已更新系统公共变量: latest_ais_data_raw
Pushed update from: 2020-12-28 02-14-00.csv (1564 ships)
Backend detection triggers: 11 queued, 2 coalesced
Processing file: 2020-12-28 02-14-30.csv...
已更新系统公共变量: latest_ais_data_raw
Pushed update from: 2020-12-28 02-14-30.csv (1409 ships)
Backend detection triggers: 11 queued, 2 coalesced
Processing file: 2020-12-28 02-15-00.csv...
已更新系统公共变量: latest_ais_data_raw
Pushed update from: 2020-12-28 02-15-00.csv (1574 ships)
Backend detection triggers: 13 queued, 0 coalesced
Processing file: 2020-12-28 02-15-30.csv...
已更新系统公共变量: latest_ais_data_raw
Pushed update from: 2020-12-28 02-15-30.csv (1415 ships)
Backend detection triggers: 11 queued, 2 coalesced
Processing file: 2020-12-28 02-16-00.csv...
已更新系统公共变量: latest_ais_data_raw
Pushed update from: 2020-12-28 02-16-00.csv (1507 ships)
Backend detection triggers: 11 queued, 2 coalesced
Processing file: 2020-12-28 02-16-30.csv...
已更新系统公共变量: latest_ais_data_raw
Pushed update from: 2020-12-28 02-16-30.csv (1403 ships)
Backend detection triggers: 13 queued, 0 coalesced
Processing file: 2020-12-28 02-17-00.csv...
已更新系统公共变量: latest_ais_data_raw
Pushed update from: 2020-12-28 02-17-00.csv (1560 ships)
Backend detection triggers: 11 queued, 2 coalesced
Processing file: 2020-12-28 02-17-30.csv...
已更新系统公共变量: latest_ais_data_raw
Pushed update from: 2020-12-28 02-17-30.csv (1410 ships)
Backend detection triggers: 11 queued, 2 coalesced
Processing file: 2020-12-28 02-18-00.csv...
已更新系统公共变量: latest_ais_data_raw
Pushed update from: 2020-12-28 02-18-00.csv (1573 ships)
Backend detection triggers: 13 queued, 0 coalesced
Processing file: 2020-12-28 02-18-30.csv...
已更新系统公共变量: latest_ais_data_raw
Pushed update from: 2020-12-28 02-18-30.csv (1417 ships)
Backend detection triggers: 10 queued, 3 coalesced
Processing file: 2020-12-28 02-19-00.csv...
已更新系统公共变量: latest_ais_data_raw
Pushed update from: 2020-12-28 02-19-00.csv (1511 ships)
Backend detection triggers: 11 queued, 2 coalesced
Processing file: 2020-12-28 02-19-30.csv...
已更新系统公共变量: latest_ais_data_raw
Pushed update from: 2020-12-28 02-19-30.csv (1404 ships)
Backend detection triggers: 10 queued, 3 coalesced
Processing file: 2020-12-28 02-20-00.csv...
已更新系统公共变量: latest_ais_data_raw
Pushed update from: 2020-12-28 02-20-00.csv (1560 ships)
Backend detection triggers: 13 queued, 0 coalesced
Processing file: 2020-12-28 02-20-30.csv...
已更新系统公共变量: latest_ais_data_raw
Pushed update from: 2020-12-28 02-20-30.csv (1404 ships)
Backend detection triggers: 11 queued, 2 coalesced
Processing file: 2020-12-28 02-21-00.csv...
已更新系统公共变量: latest_ais_data_raw
Pushed update from: 2020-12-28 02-21-00.csv (1566 ships)
Backend detection triggers: 10 queued, 3 coalesced
Processing file: 2020-12-28 02-21-30.csv...
已更新系统公共变量: latest_ais_data_raw
Pushed update from: 2020-12-28 02-21-30.csv (1410 ships)
Backend detection triggers: 12 queued, 1 coalesced
Processing file: 2020-12-28 02-22-00.csv...
已更新系统公共变量: latest_ais_data_raw
Pushed update from: 2020-12-28 02-22-00.csv (1504 ships)
Backend detection triggers: 12 queued, 1 coalesced
Processing file: 2020-12-28 02-22-30.csv...
已更新系统公共变量: latest_ais_data_raw
Pushed update from: 2020-12-28 02-22-30.csv (1397 ships)
Backend detection triggers: 11 queued, 2 coalesced
Processing file: 2020-12-28 02-23-00.csv...
已更新系统公共变量: latest_ais_data_raw
Pushed update from: 2020-12-28 02-23-00.csv (1555 ships)
Backend detection triggers: 12 queued, 1 coalesced
Processing file: 2020-12-28 02-23-30.csv...
已更新系统公共变量: latest_ais_data_raw
Pushed update from: 2020-12-28 02-23-30.csv (1406 ships)
Backend detection triggers: 12 queued, 1 coalesced
Processing file: 2020-12-28 02-24-00.csv...
已更新系统公共变量: latest_ais_data_raw
Pushed update from: 2020-12-28 02-24-00.csv (1562 ships)
Backend detection triggers: 11 queued, 2 coalesced
Processing file: 2020-12-28 02-24-30.csv...
已更新系统公共变量: latest_ais_data_raw
Pushed update from: 2020-12-28 02-24-30.csv (1413 ships)
Backend detection triggers: 12 queued, 1 coalesced
Processing file: 2020-12-28 02-25-00.csv...
已更新系统公共变量: latest_ais_data_raw
Pushed update from: 2020-12-28 02-25-00.csv (1505 ships)
Backend detection triggers: 11 queued, 2 coalesced
Processing file: 2020-12-28 02-25-30.csv...
已更新系统公共变量: latest_ais_data_raw
Pushed update from: 2020-12-28 02-25-30.csv (1400 ships)
Backend detection triggers: 12 queued, 1 coalesced
Processing file: 2020-12-28 02-26-00.csv...
已更新系统公共变量: latest_ais_data_raw
Pushed update from: 2020-12-28 02-26-00.csv (1556 ships)
Backend detection triggers: 12 queued, 1 coalesced
Processing file: 2020-12-28 02-26-30.csv...
已更新系统公共变量: latest_ais_data_raw
Pushed update from: 2020-12-28 02-26-30.csv (1411 ships)
Backend detection triggers: 12 queued, 1 coalesced
Processing file: 2020-12-28 02-27-00.csv...
已更新系统公共变量: latest_ais_data_raw
Pushed update from: 2020-12-28 02-27-00.csv (1562 ships)
Backend detection triggers: 11 queued, 2 coalesced
Processing file: 2020-12-28 02-27-30.csv...
已更新系统公共变量: latest_ais_data_raw
Pushed update from: 2020-12-28 02-27-30.csv (1415 ships)
Backend detection triggers: 12 queued, 1 coalesced
Processing file: 2020-12-28 02-28-00.csv...
已更新系统公共变量: latest_ais_data_raw
Pushed update from: 2020-12-28 02-28-00.csv (1507 ships)
Backend detection triggers: 12 queued, 1 coalesced
Processing file: 2020-12-28 02-28-30.csv...
已更新系统公共变量: latest_ais_data_raw
Pushed update from: 2020-12-28 02-28-30.csv (1404 ships)
Backend detection triggers: 11 queued, 2 coalesced
Processing file: 2020-12-28 02-29-00.csv...
已更新系统公共变量: latest_ais_data_raw
Pushed update from: 2020-12-28 02-29-00.csv (1560 ships)
Backend detection triggers: 11 queued, 2 coalesced
Processing file: 2020-12-28 02-29-30.csv...
已更新系统公共变量: latest_ais_data_raw
Pushed update from: 2020-12-28 02-29-30.csv (1414 ships)
Backend detection triggers: 13 queued, 0 coalesced
Processing file: 2020-12-28 02-30-00.csv...
已更新系统公共变量: latest_ais_data_raw
Pushed update from: 2020-12-28 02-30-00.csv (1566 ships)
Backend detection triggers: 11 queued, 2 coalesced
Processing file: 2020-12-28 02-30-30.csv...
已更新系统公共变量: latest_ais_data_raw
Pushed update from: 2020-12-28 02-30-30.csv (1416 ships)
Backend detection triggers: 11 queued, 2 coalesced
Processing file: 2020-12-28 02-31-00.csv...
已更新系统公共变量: latest_ais_data_raw
Pushed update from: 2020-12-28 02-31-00.csv (1506 ships)
Backend detection triggers: 13 queued, 0 coalesced
Processing file: 2020-12-28 02-31-30.csv...
已更新系统公共变量: latest_ais_data_raw
Pushed update from: 2020-12-28 02-31-30.csv (1402 ships)
Backend detection triggers: 11 queued, 2 coalesced
Processing file: 2020-12-28 02-32-00.csv...
已更新系统公共变量: latest_ais_data_raw
Pushed update from: 2020-12-28 02-32-00.csv (1562 ships)
Backend detection triggers: 11 queued, 2 coalesced
Processing file: 2020-12-28 02-32-30.csv...
已更新系统公共变量: latest_ais_data_raw
Pushed update from: 2020-12-28 02-32-30.csv (1413 ships)
Backend detection triggers: 12 queued, 1 coalesced
Processing file: 2020-12-28 02-33-00.csv...
已更新系统公共变量: latest_ais_data_raw
Pushed update from: 2020-12-28 02-33-00.csv (1565 ships)
Backend detection triggers: 12 queued, 1 coalesced
Processing file: 2020-12-28 02-33-30.csv...
已更新系统公共变量: latest_ais_data_raw
Pushed update from: 2020-12-28 02-33-30.csv (1411 ships)
Backend detection triggers: 11 queued, 2 coalesced
Processing file: 2020-12-28 02-34-00.csv...
已更新系统公共变量: latest_ais_data_raw
Pushed update from: 2020-12-28 02-34-00.csv (1501 ships)
Backend detection triggers: 13 queued, 0 coalesced
Processing file: 2020-12-28 02-34-30.csv...
已更新系统公共变量: latest_ais_data_raw
Pushed update from: 2020-12-28 02-34-30.csv (1400 ships)
Backend detection triggers: 11 queued, 2 coalesced
Processing file: 2020-12-28 02-35-00.csv...
已更新系统公共变量: latest_ais_data_raw
Pushed update from: 2020-12-28 02-35-00.csv (1558 ships)
Backend detection triggers: 11 queued, 2 coalesced
Processing file: 2020-12-28 02-35-30.csv...
已更新系统公共变量: latest_ais_data_raw
Pushed update from: 2020-12-28 02-35-30.csv (1407 ships)
Backend detection triggers: 13 queued, 0 coalesced
Processing file: 2020-12-28 02-36-00.csv...
已更新系统公共变量: latest_ais_data_raw
Pushed update from: 2020-12-28 02-36-00.csv (1555 ships)
Backend detection triggers: 11 queued, 2 coalesced
Processing file: 2020-12-28 02-36-30.csv...
已更新系统公共变量: latest_ais_data_raw
Pushed update from: 2020-12-28 02-36-30.csv (1401 ships)
Backend detection triggers: 11 queued, 2 coalesced
Processing file: 2020-12-28 02-37-00.csv...
已更新系统公共变量: latest_ais_data_raw
Pushed update from: 2020-12-28 02-37-00.csv (1487 ships)
Backend detection triggers: 13 queued, 0 coalesced
Processing file: 2020-12-28 02-37-30.csv...
已更新系统公共变量: latest_ais_data_raw
Pushed update from: 2020-12-28 02-37-30.csv (1388 ships)
Backend detection triggers: 11 queued, 2 coalesced
Processing file: 2020-12-28 02-38-00.csv...
已更新系统公共变量: latest_ais_data_raw
Pushed update from: 2020-12-28 02-38-00.csv (1546 ships)
Backend detection triggers: 11 queued, 2 coalesced
Processing file: 2020-12-28 02-38-30.csv...
已更新系统公共变量: latest_ais_data_raw
Pushed update from: 2020-12-28 02-38-30.csv (1400 ships)
Backend detection triggers: 13 queued, 0 coalesced
Processing file: 2020-12-28 02-39-00.csv...
已更新系统公共变量: latest_ais_data_raw
Pushed update from: 2020-12-28 02-39-00.csv (1554 ships)
Backend detection triggers: 11 queued, 2 coalesced
Processing file: 2020-12-28 02-39-30.csv...
已更新系统公共变量: latest_ais_data_raw
Pushed update from: 2020-12-28 02-39-30.csv (1402 ships)
Backend detection triggers: 11 queued, 2 coalesced
Processing file: 2020-12-28 02-40-00.csv...
已更新系统公共变量: latest_ais_data_raw
Pushed update from: 2020-12-28 02-40-00.csv (1489 ships)
Backend detection triggers: 13 queued, 0 coalesced
Processing file: 2020-12-28 02-40-30.csv...
已更新系统公共变量: latest_ais_data_raw
Pushed update from: 2020-12-28 02-40-30.csv (1389 ships)
Backend detection triggers: 11 queued, 2 coalesced
Processing file: 2020-12-28 02-41-00.csv...
已更新系统公共变量: latest_ais_data_raw
Pushed update from: 2020-12-28 02-41-00.csv (1545 ships)
Backend detection triggers: 11 queued, 2 coalesced
Processing file: 2020-12-28 02-41-30.csv...
已更新系统公共变量: latest_ais_data_raw
Pushed update from: 2020-12-28 02-41-30.csv (1394 ships)
Backend detection triggers: 13 queued, 0 coalesced
Processing file: 2020-12-28 02-42-00.csv...
已更新系统公共变量: latest_ais_data_raw
Pushed update from: 2020-12-28 02-42-00.csv (1549 ships)
Backend detection triggers: 11 queued, 2 coalesced
Processing file: 2020-12-28 02-42-30.csv...
已更新系统公共变量: latest_ais_data_raw
Pushed update from: 2020-12-28 02-42-30.csv (1395 ships)
Backend detection triggers: 12 queued, 1 coalesced
Processing file: 2020-12-28 02-43-00.csv...
已更新系统公共变量: latest_ais_data_raw
Pushed update from: 2020-12-28 02-43-00.csv (1485 ships)
Backend detection triggers: 12 queued, 1 coalesced
Processing file: 2020-12-28 02-43-30.csv...
已更新系统公共变量: latest_ais_data_raw
Pushed update from: 2020-12-28 02-43-30.csv (1386 ships)
Backend detection triggers: 11 queued, 2 coalesced
Processing file: 2020-12-28 02-44-00.csv...
已更新系统公共变量: latest_ais_data_raw
Pushed update from: 2020-12-28 02-44-00.csv (1544 ships)
Backend detection triggers: 11 queued, 2 coalesced
Processing file: 2020-12-28 02-44-30.csv...
已更新系统公共变量: latest_ais_data_raw
Pushed update from: 2020-12-28 02-44-30.csv (1396 ships)
Backend detection triggers: 12 queued, 1 coalesced
Processing file: 2020-12-28 02-45-00.csv...
已更新系统公共变量: latest_ais_data_raw
Pushed update from: 2020-12-28 02-45-00.csv (1551 ships)
Backend detection triggers: 12 queued, 1 coalesced
Processing file: 2020-12-28 02-45-30.csv...
已更新系统公共变量: latest_ais_data_raw
Pushed update from: 2020-12-28 02-45-30.csv (1393 ships)
Backend detection triggers: 11 queued, 2 coalesced
Processing file: 2020-12-28 02-46-00.csv...
已更新系统公共变量: latest_ais_data_raw
Pushed update from: 2020-12-28 02-46-00.csv (1484 ships)
Backend detection triggers: 12 queued, 1 coalesced
Processing file: 2020-12-28 02-46-30.csv...
已更新系统公共变量: latest_ais_data_raw
Pushed update from: 2020-12-28 02-46-30.csv (1385 ships)
Backend detection triggers: 12 queued, 1 coalesced
Processing file: 2020-12-28 02-47-00.csv...
已更新系统公共变量: latest_ais_data_raw
Pushed update from: 2020-12-28 02-47-00.csv (1542 ships)
Backend detection triggers: 11 queued, 2 coalesced
Processing file: 2020-12-28 02-47-30.csv...
已更新系统公共变量: latest_ais_data_raw
Pushed update from: 2020-12-28 02-47-30.csv (1393 ships)
Backend detection triggers: 11 queued, 2 coalesced
Processing file: 2020-12-28 02-48-00.csv...
已更新系统公共变量: latest_ais_data_raw
Pushed update from: 2020-12-28 02-48-00.csv (1542 ships)
Backend detection triggers: 13 queued, 0 coalesced
Processing file: 2020-12-28 02-48-30.csv...
已更新系统公共变量: latest_ais_data_raw
Pushed update from: 2020-12-28 02-48-30.csv (1385 ships)
Backend detection triggers: 11 queued, 2 coalesced
Processing file: 2020-12-28 02-49-00.csv...
已更新系统公共变量: latest_ais_data_raw
Pushed update from: 2020-12-28 02-49-00.csv (1477 ships)
Backend detection triggers: 11 queued, 2 coalesced
Processing file: 2020-12-28 02-49-30.csv...
已更新系统公共变量: latest_ais_data_raw
Pushed update from: 2020-12-28 02-49-30.csv (1378 ships)
Backend detection triggers: 12 queued, 1 coalesced
Processing file: 2020-12-28 02-50-00.csv...
已更新系统公共变量: latest_ais_data_raw
Pushed update from: 2020-12-28 02-50-00.csv (1536 ships)
Backend detection triggers: 11 queued, 2 coalesced
Processing file: 2020-12-28 02-50-30.csv...
已更新系统公共变量: latest_ais_data_raw
Pushed update from: 2020-12-28 02-50-30.csv (1390 ships)
Backend detection triggers: 11 queued, 2 coalesced
Processing file: 2020-12-28 02-51-00.csv...
已更新系统公共变量: latest_ais_data_raw
Pushed update from: 2020-12-28 02-51-00.csv (1542 ships)
Backend detection triggers: 11 queued, 2 coalesced
Processing file: 2020-12-28 02-51-30.csv...
已更新系统公共变量: latest_ais_data_raw
Pushed update from: 2020-12-28 02-51-30.csv (1384 ships)
Backend detection triggers: 13 queued, 0 coalesced
Processing file: 2020-12-28 02-52-00.csv...
已更新系统公共变量: latest_ais_data_raw
Pushed update from: 2020-12-28 02-52-00.csv (1475 ships)
Backend detection triggers: 11 queued, 2 coalesced
Processing file: 2020-12-28 02-52-30.csv...
已更新系统公共变量: latest_ais_data_raw
Pushed update from: 2020-12-28 02-52-30.csv (1375 ships)
Backend detection triggers: 11 queued, 2 coalesced
Processing file: 2020-12-28 02-53-00.csv...
已更新系统公共变量: latest_ais_data_raw
Pushed update from: 2020-12-28 02-53-00.csv (1532 ships)
Backend detection triggers: 12 queued, 1 coalesced
Processing file: 2020-12-28 02-53-30.csv...
已更新系统公共变量: latest_ais_data_raw
Pushed update from: 2020-12-28 02-53-30.csv (1388 ships)
Backend detection triggers: 12 queued, 1 coalesced
Processing file: 2020-12-28 02-54-00.csv...
已更新系统公共变量: latest_ais_data_raw
Pushed update from: 2020-12-28 02-54-00.csv (1539 ships)
Backend detection triggers: 11 queued, 2 coalesced
Processing file: 2020-12-28 02-54-30.csv...
已更新系统公共变量: latest_ais_data_raw
Pushed update from: 2020-12-28 02-54-30.csv (1380 ships)
Backend detection triggers: 12 queued, 1 coalesced
Processing file: 2020-12-28 02-55-00.csv...
已更新系统公共变量: latest_ais_data_raw
Pushed update from: 2020-12-28 02-55-00.csv (1473 ships)
Backend detection triggers: 11 queued, 2 coalesced
Processing file: 2020-12-28 02-55-30.csv...
已更新系统公共变量: latest_ais_data_raw
Pushed update from: 2020-12-28 02-55-30.csv (1376 ships)
Backend detection triggers: 12 queued, 1 coalesced
Processing file: 2020-12-28 02-56-00.csv...
已更新系统公共变量: latest_ais_data_raw
Pushed update from: 2020-12-28 02-56-00.csv (1535 ships)
Backend detection triggers: 11 queued, 2 coalesced
Processing file: 2020-12-28 02-56-30.csv...
已更新系统公共变量: latest_ais_data_raw
Pushed update from: 2020-12-28 02-56-30.csv (1392 ships)
Backend detection triggers: 12 queued, 1 coalesced
Processing file: 2020-12-28 02-57-00.csv...
已更新系统公共变量: latest_ais_data_raw
Pushed update from: 2020-12-28 02-57-00.csv (1544 ships)
Backend detection triggers: 12 queued, 1 coalesced
Processing file: 2020-12-28 02-57-30.csv...
已更新系统公共变量: latest_ais_data_raw
Pushed update from: 2020-12-28 02-57-30.csv (1383 ships)
Backend detection triggers: 11 queued, 2 coalesced
Processing file: 2020-12-28 02-58-00.csv...
已更新系统公共变量: latest_ais_data_raw
Pushed update from: 2020-12-28 02-58-00.csv (1476 ships)
Backend detection triggers: 11 queued, 2 coalesced
Processing file: 2020-12-28 02-58-30.csv...
已更新系统公共变量: latest_ais_data_raw
Pushed update from: 2020-12-28 02-58-30.csv (1376 ships)
Backend detection triggers: 12 queued, 1 coalesced
Processing file: 2020-12-28 02-59-00.csv...
已更新系统公共变量: latest_ais_data_raw
Pushed update from: 2020-12-28 02-59-00.csv (1534 ships)
Backend detection triggers: 11 queued, 2 coalesced
Processing file: 2020-12-28 02-59-30.csv...
已更新系统公共变量: latest_ais_data_raw
Pushed update from: 2020-12-28 02-59-30.csv (1391 ships)
Backend detection triggers: 12 queued, 1 coalesced
Processing file: 2020-12-28 03-00-00.csv...
已更新系统公共变量: latest_ais_data_raw
Pushed update from: 2020-12-28 03-00-00.csv (1545 ships)
Backend detection triggers: 11 queued, 2 coalesced
Processing file: 2020-12-28 03-00-30.csv...
已更新系统公共变量: latest_ais_data_raw
Pushed update from: 2020-12-28 03-00-30.csv (1382 ships)
Backend detection triggers: 12 queued, 1 coalesced
Processing file: 2020-12-28 03-01-00.csv...
已更新系统公共变量: latest_ais_data_raw
Pushed update from: 2020-12-28 03-01-00.csv (1472 ships)
Backend detection triggers: 12 queued, 1 coalesced
Processing file: 2020-12-28 03-01-30.csv...
已更新系统公共变量: latest_ais_data_raw
Pushed update from: 2020-12-28 03-01-30.csv (1371 ships)
Backend detection triggers: 11 queued, 2 coalesced
Processing file: 2020-12-28 03-02-00.csv...
已更新系统公共变量: latest_ais_data_raw
Pushed update from: 2020-12-28 03-02-00.csv (1526 ships)
Backend detection triggers: 12 queued, 1 coalesced
Processing file: 2020-12-28 03-02-30.csv...
已更新系统公共变量: latest_ais_data_raw
Pushed update from: 2020-12-28 03-02-30.csv (1382 ships)
Backend detection triggers: 11 queued, 2 coalesced
Processing file: 2020-12-28 03-03-00.csv...
已更新系统公共变量: latest_ais_data_raw
Pushed update from: 2020-12-28 03-03-00.csv (1533 ships)
Backend detection triggers: 12 queued, 1 coalesced
Processing file: 2020-12-28 03-03-30.csv...
已更新系统公共变量: latest_ais_data_raw
Pushed update from: 2020-12-28 03-03-30.csv (1375 ships)
Backend detection triggers: 12 queued, 1 coalesced
Processing file: 2020-12-28 03-04-00.csv...
已更新系统公共变量: latest_ais_data_raw
Pushed update from: 2020-12-28 03-04-00.csv (1465 ships)
Backend detection triggers: 11 queued, 2 coalesced
Processing file: 2020-12-28 03-04-30.csv...
已更新系统公共变量: latest_ais_data_raw
Pushed update from: 2020-12-28 03-04-30.csv (1365 ships)
Backend detection triggers: 12 queued, 1 coalesced
Processing file: 2020-12-28 03-05-00.csv...
已更新系统公共变量: latest_ais_data_raw
Pushed update from: 2020-12-28 03-05-00.csv (1518 ships)
Backend detection triggers: 12 queued, 1 coalesced
Processing file: 2020-12-28 03-05-30.csv...
已更新系统公共变量: latest_ais_data_raw
Pushed update from: 2020-12-28 03-05-30.csv (1374 ships)
Backend detection triggers: 11 queued, 2 coalesced
Processing file: 2020-12-28 03-06-00.csv...
已更新系统公共变量: latest_ais_data_raw
Pushed update from: 2020-12-28 03-06-00.csv (1523 ships)
Backend detection triggers: 12 queued, 1 coalesced
Processing file: 2020-12-28 03-06-30.csv...
已更新系统公共变量: latest_ais_data_raw
Pushed update from: 2020-12-28 03-06-30.csv (1369 ships)
Backend detection triggers: 11 queued, 2 coalesced
Processing file: 2020-12-28 03-07-00.csv...
已更新系统公共变量: latest_ais_data_raw
Pushed update from: 2020-12-28 03-07-00.csv (1463 ships)
Backend detection triggers: 12 queued, 1 coalesced
Processing file: 2020-12-28 03-07-30.csv...
已更新系统公共变量: latest_ais_data_raw
Pushed update from: 2020-12-28 03-07-30.csv (1362 ships)
Backend detection triggers: 12 queued, 1 coalesced
Processing file: 2020-12-28 03-08-00.csv...
已更新系统公共变量: latest_ais_data_raw
Pushed update from: 2020-12-28 03-08-00.csv (1519 ships)
Backend detection triggers: 11 queued, 2 coalesced
Processing file: 2020-12-28 03-08-30.csv...
已更新系统公共变量: latest_ais_data_raw
Pushed update from: 2020-12-28 03-08-30.csv (1378 ships)
Backend detection triggers: 12 queued, 1 coalesced
Processing file: 2020-12-28 03-09-00.csv...
已更新系统公共变量: latest_ais_data_raw
Pushed update from: 2020-12-28 03-09-00.csv (1525 ships)
Backend detection triggers: 11 queued, 2 coalesced
Processing file: 2020-12-28 03-09-30.csv...
已更新系统公共变量: latest_ais_data_raw
Pushed update from: 2020-12-28 03-09-30.csv (1369 ships)
Backend detection triggers: 11 queued, 2 coalesced
Processing file: 2020-12-28 03-10-00.csv...
已更新系统公共变量: latest_ais_data_raw
Pushed update from: 2020-12-28 03-10-00.csv (1465 ships)
Backend detection triggers: 12 queued, 1 coalesced
Processing file: 2020-12-28 03-10-30.csv...
已更新系统公共变量: latest_ais_data_raw
Pushed update from: 2020-12-28 03-10-30.csv (1360 ships)
Backend detection triggers: 11 queued, 2 coalesced
Processing file: 2020-12-28 03-11-00.csv...
已更新系统公共变量: latest_ais_data_raw
Pushed update from: 2020-12-28 03-11-00.csv (1518 ships)
Backend detection triggers: 11 queued, 2 coalesced
Processing file: 2020-12-28 03-11-30.csv...
已更新系统公共变量: latest_ais_data_raw
Pushed update from: 2020-12-28 03-11-30.csv (1376 ships)
Backend detection triggers: 12 queued, 1 coalesced
Processing file: 2020-12-28 03-12-00.csv...
已更新系统公共变量: latest_ais_data_raw
Pushed update from: 2020-12-28 03-12-00.csv (1524 ships)
Backend detection triggers: 12 queued, 1 coalesced
Processing file: 2020-12-28 03-12-30.csv...
已更新系统公共变量: latest_ais_data_raw
Pushed update from: 2020-12-28 03-12-30.csv (1366 ships)
Backend detection triggers: 11 queued, 2 coalesced
Processing file: 2020-12-28 03-13-00.csv...
已更新系统公共变量: latest_ais_data_raw
Pushed update from: 2020-12-28 03-13-00.csv (1463 ships)
Backend detection triggers: 12 queued, 1 coalesced
Processing file: 2020-12-28 03-13-30.csv...
已更新系统公共变量: latest_ais_data_raw
Pushed update from: 2020-12-28 03-13-30.csv (1356 ships)
Backend detection triggers: 12 queued, 1 coalesced
Processing file: 2020-12-28 03-14-00.csv...
已更新系统公共变量: latest_ais_data_raw
Pushed update from: 2020-12-28 03-14-00.csv (1512 ships)
Backend detection triggers: 11 queued, 2 coalesced
Processing file: 2020-12-28 03-14-30.csv...
已更新系统公共变量: latest_ais_data_raw
Pushed update from: 2020-12-28 03-14-30.csv (1369 ships)
Backend detection triggers: 12 queued, 1 coalesced
Processing file: 2020-12-28 03-15-00.csv...
已更新系统公共变量: latest_ais_data_raw
Pushed update from: 2020-12-28 03-15-00.csv (1515 ships)
Backend detection triggers: 11 queued, 2 coalesced
Processing file: 2020-12-28 03-15-30.csv...
已更新系统公共变量: latest_ais_data_raw
Pushed update from: 2020-12-28 03-15-30.csv (1358 ships)
Backend detection triggers: 12 queued, 1 coalesced
Processing file: 2020-12-28 03-16-00.csv...
已更新系统公共变量: latest_ais_data_raw
Pushed update from: 2020-12-28 03-16-00.csv (1452 ships)
Backend detection triggers: 10 queued, 3 coalesced
Processing file: 2020-12-28 03-16-30.csv...
已更新系统公共变量: latest_ais_data_raw
Pushed update from: 2020-12-28 03-16-30.csv (1344 ships)
Backend detection triggers: 12 queued, 1 coalesced
Processing file: 2020-12-28 03-17-00.csv...
已更新系统公共变量: latest_ais_data_raw
Pushed update from: 2020-12-28 03-17-00.csv (1500 ships)
Backend detection triggers: 12 queued, 1 coalesced
Processing file: 2020-12-28 03-17-30.csv...
已更新系统公共变量: latest_ais_data_raw
Pushed update from: 2020-12-28 03-17-30.csv (1359 ships)
Backend detection triggers: 11 queued, 2 coalesced
Processing file: 2020-12-28 03-18-00.csv...
已更新系统公共变量: latest_ais_data_raw
Pushed update from: 2020-12-28 03-18-00.csv (1503 ships)
Backend detection triggers: 12 queued, 1 coalesced
Processing file: 2020-12-28 03-18-30.csv...
已更新系统公共变量: latest_ais_data_raw
Pushed update from: 2020-12-28 03-18-30.csv (1349 ships)
Backend detection triggers: 12 queued, 1 coalesced
Processing file: 2020-12-28 03-19-00.csv...
已更新系统公共变量: latest_ais_data_raw
Pushed update from: 2020-12-28 03-19-00.csv (1447 ships)
Backend detection triggers: 11 queued, 2 coalesced
Processing file: 2020-12-28 03-19-30.csv...
已更新系统公共变量: latest_ais_data_raw
Pushed update from: 2020-12-28 03-19-30.csv (1338 ships)
Backend detection triggers: 12 queued, 1 coalesced
Processing file: 2020-12-28 03-20-00.csv...
已更新系统公共变量: latest_ais_data_raw
Pushed update from: 2020-12-28 03-20-00.csv (1495 ships)
Backend detection triggers: 11 queued, 2 coalesced
Processing file: 2020-12-28 03-20-30.csv...
已更新系统公共变量: latest_ais_data_raw
Pushed update from: 2020-12-28 03-20-30.csv (1357 ships)
Backend detection triggers: 12 queued, 1 coalesced
Processing file: 2020-12-28 03-21-00.csv...
已更新系统公共变量: latest_ais_data_raw
Pushed update from: 2020-12-28 03-21-00.csv (1498 ships)
Backend detection triggers: 11 queued, 2 coalesced
Processing file: 2020-12-28 03-21-30.csv...
已更新系统公共变量: latest_ais_data_raw
Pushed update from: 2020-12-28 03-21-30.csv (1344 ships)
Backend detection triggers: 12 queued, 1 coalesced
Processing file: 2020-12-28 03-22-00.csv...
已更新系统公共变量: latest_ais_data_raw
Pushed update from: 2020-12-28 03-22-00.csv (1445 ships)
Backend detection triggers: 12 queued, 1 coalesced
Processing file: 2020-12-28 03-22-30.csv...
已更新系统公共变量: latest_ais_data_raw
Pushed update from: 2020-12-28 03-22-30.csv (1336 ships)
Backend detection triggers: 11 queued, 2 coalesced
Processing file: 2020-12-28 03-23-00.csv...
已更新系统公共变量: latest_ais_data_raw
Pushed update from: 2020-12-28 03-23-00.csv (1491 ships)
Backend detection triggers: 12 queued, 1 coalesced
Processing file: 2020-12-28 03-23-30.csv...
已更新系统公共变量: latest_ais_data_raw
Pushed update from: 2020-12-28 03-23-30.csv (1354 ships)
Backend detection triggers: 11 queued, 2 coalesced
Processing file: 2020-12-28 03-24-00.csv...
已更新系统公共变量: latest_ais_data_raw
Pushed update from: 2020-12-28 03-24-00.csv (1497 ships)
Backend detection triggers: 11 queued, 2 coalesced
Processing file: 2020-12-28 03-24-30.csv...
已更新系统公共变量: latest_ais_data_raw
Pushed update from: 2020-12-28 03-24-30.csv (1341 ships)
Backend detection triggers: 12 queued, 1 coalesced
Processing file: 2020-12-28 03-25-00.csv...
已更新系统公共变量: latest_ais_data_raw
Pushed update from: 2020-12-28 03-25-00.csv (1441 ships)
Backend detection triggers: 11 queued, 2 coalesced
Processing file: 2020-12-28 03-25-30.csv...
已更新系统公共变量: latest_ais_data_raw
Pushed update from: 2020-12-28 03-25-30.csv (1333 ships)
Backend detection triggers: 11 queued, 2 coalesced
Processing file: 2020-12-28 03-26-00.csv...
已更新系统公共变量: latest_ais_data_raw
Pushed update from: 2020-12-28 03-26-00.csv (1487 ships)
Backend detection triggers: 12 queued, 1 coalesced
Processing file: 2020-12-28 03-26-30.csv...
已更新系统公共变量: latest_ais_data_raw
Pushed update from: 2020-12-28 03-26-30.csv (1349 ships)
Backend detection triggers: 10 queued, 3 coalesced
Processing file: 2020-12-28 03-27-00.csv...
已更新系统公共变量: latest_ais_data_raw
Pushed update from: 2020-12-28 03-27-00.csv (1494 ships)
Backend detection triggers: 11 queued, 2 coalesced
Processing file: 2020-12-28 03-27-30.csv...
已更新系统公共变量: latest_ais_data_raw
Pushed update from: 2020-12-28 03-27-30.csv (1338 ships)
Backend detection triggers: 11 queued, 2 coalesced
Processing file: 2020-12-28 03-28-00.csv...
已更新系统公共变量: latest_ais_data_raw
Pushed update from: 2020-12-28 03-28-00.csv (1437 ships)
Backend detection triggers: 12 queued, 1 coalesced
Processing file: 2020-12-28 03-28-30.csv...
已更新系统公共变量: latest_ais_data_raw
Pushed update from: 2020-12-28 03-28-30.csv (1333 ships)
Backend detection triggers: 11 queued, 2 coalesced
Processing file: 2020-12-28 03-29-00.csv...
已更新系统公共变量: latest_ais_data_raw
Pushed update from: 2020-12-28 03-29-00.csv (1487 ships)
Backend detection triggers: 11 queued, 2 coalesced
Processing file: 2020-12-28 03-29-30.csv...
已更新系统公共变量: latest_ais_data_raw
Pushed update from: 2020-12-28 03-29-30.csv (1350 ships)
Backend detection triggers: 12 queued, 1 coalesced
Processing file: 2020-12-28 03-30-00.csv...
已更新系统公共变量: latest_ais_data_raw
Pushed update from: 2020-12-28 03-30-00.csv (1494 ships)
Backend detection triggers: 12 queued, 1 coalesced
Processing file: 2020-12-28 03-30-30.csv...
已更新系统公共变量: latest_ais_data_raw
Pushed update from: 2020-12-28 03-30-30.csv (1333 ships)
Backend detection triggers: 11 queued, 2 coalesced
Processing file: 2020-12-28 03-31-00.csv...
已更新系统公共变量: latest_ais_data_raw
Pushed update from: 2020-12-28 03-31-00.csv (1431 ships)
Backend detection triggers: 11 queued, 2 coalesced
Processing file: 2020-12-28 03-31-30.csv...
已更新系统公共变量: latest_ais_data_raw
Pushed update from: 2020-12-28 03-31-30.csv (1325 ships)
Backend detection triggers: 12 queued, 1 coalesced
Processing file: 2020-12-28 03-32-00.csv...
已更新系统公共变量: latest_ais_data_raw
Pushed update from: 2020-12-28 03-32-00.csv (1475 ships)
Backend detection triggers: 11 queued, 2 coalesced
Processing file: 2020-12-28 03-32-30.csv...
已更新系统公共变量: latest_ais_data_raw
Pushed update from: 2020-12-28 03-32-30.csv (1343 ships)
Backend detection triggers: 12 queued, 1 coalesced
Processing file: 2020-12-28 03-33-00.csv...
已更新系统公共变量: latest_ais_data_raw
Pushed update from: 2020-12-28 03-33-00.csv (1487 ships)
Backend detection triggers: 12 queued, 1 coalesced
Processing file: 2020-12-28 03-33-30.csv...
已更新系统公共变量: latest_ais_data_raw
Pushed update from: 2020-12-28 03-33-30.csv (1327 ships)
Backend detection triggers: 11 queued, 2 coalesced
Processing file: 2020-12-28 03-34-00.csv...
已更新系统公共变量: latest_ais_data_raw
Pushed update from: 2020-12-28 03-34-00.csv (1424 ships)
Backend detection triggers: 12 queued, 1 coalesced
Processing file: 2020-12-28 03-34-30.csv...
已更新系统公共变量: latest_ais_data_raw
Pushed update from: 2020-12-28 03-34-30.csv (1319 ships)
Backend detection triggers: 11 queued, 2 coalesced
Processing file: 2020-12-28 03-35-00.csv...
已更新系统公共变量: latest_ais_data_raw
Pushed update from: 2020-12-28 03-35-00.csv (1469 ships)
Backend detection triggers: 12 queued, 1 coalesced
Processing file: 2020-12-28 03-35-30.csv...
已更新系统公共变量: latest_ais_data_raw
Pushed update from: 2020-12-28 03-35-30.csv (1331 ships)
Backend detection triggers: 12 queued, 1 coalesced
Processing file: 2020-12-28 03-36-00.csv...
已更新系统公共变量: latest_ais_data_raw
Pushed update from: 2020-12-28 03-36-00.csv (1476 ships)
Backend detection triggers: 12 queued, 1 coalesced
Processing file: 2020-12-28 03-36-30.csv...
已更新系统公共变量: latest_ais_data_raw
Pushed update from: 2020-12-28 03-36-30.csv (1319 ships)
Backend detection triggers: 11 queued, 2 coalesced
Processing file: 2020-12-28 03-37-00.csv...
已更新系统公共变量: latest_ais_data_raw
Pushed update from: 2020-12-28 03-37-00.csv (1418 ships)
Backend detection triggers: 11 queued, 2 coalesced
Processing file: 2020-12-28 03-37-30.csv...
已更新系统公共变量: latest_ais_data_raw
Pushed update from: 2020-12-28 03-37-30.csv (1314 ships)
Backend detection triggers: 12 queued, 1 coalesced
Processing file: 2020-12-28 03-38-00.csv...
已更新系统公共变量: latest_ais_data_raw
Pushed update from: 2020-12-28 03-38-00.csv (1460 ships)
Backend detection triggers: 12 queued, 1 coalesced
Processing file: 2020-12-28 03-38-30.csv...
已更新系统公共变量: latest_ais_data_raw
Pushed update from: 2020-12-28 03-38-30.csv (1330 ships)
Backend detection triggers: 11 queued, 2 coalesced
Processing file: 2020-12-28 03-39-00.csv...
已更新系统公共变量: latest_ais_data_raw
Pushed update from: 2020-12-28 03-39-00.csv (1478 ships)
Backend detection triggers: 12 queued, 1 coalesced
Processing file: 2020-12-28 03-39-30.csv...
已更新系统公共变量: latest_ais_data_raw
Pushed update from: 2020-12-28 03-39-30.csv (1321 ships)
Backend detection triggers: 12 queued, 1 coalesced
Processing file: 2020-12-28 03-40-00.csv...
已更新系统公共变量: latest_ais_data_raw
Pushed update from: 2020-12-28 03-40-00.csv (1421 ships)
Backend detection triggers: 11 queued, 2 coalesced
Processing file: 2020-12-28 03-40-30.csv...
已更新系统公共变量: latest_ais_data_raw
Pushed update from: 2020-12-28 03-40-30.csv (1314 ships)
Backend detection triggers: 11 queued, 2 coalesced
Processing file: 2020-12-28 03-41-00.csv...
已更新系统公共变量: latest_ais_data_raw
Pushed update from: 2020-12-28 03-41-00.csv (1461 ships)
Backend detection triggers: 12 queued, 1 coalesced
Processing file: 2020-12-28 03-41-30.csv...
已更新系统公共变量: latest_ais_data_raw
Pushed update from: 2020-12-28 03-41-30.csv (1325 ships)
Backend detection triggers: 12 queued, 1 coalesced
Processing file: 2020-12-28 03-42-00.csv...
已更新系统公共变量: latest_ais_data_raw
Pushed update from: 2020-12-28 03-42-00.csv (1469 ships)
Backend detection triggers: 11 queued, 2 coalesced
Processing file: 2020-12-28 03-42-30.csv...
已更新系统公共变量: latest_ais_data_raw
Pushed update from: 2020-12-28 03-42-30.csv (1320 ships)
Backend detection triggers: 11 queued, 2 coalesced
Processing file: 2020-12-28 03-43-00.csv...
已更新系统公共变量: latest_ais_data_raw
Pushed update from: 2020-12-28 03-43-00.csv (1417 ships)
Backend detection triggers: 13 queued, 0 coalesced
Processing file: 2020-12-28 03-43-30.csv...
已更新系统公共变量: latest_ais_data_raw
Pushed update from: 2020-12-28 03-43-30.csv (1313 ships)
Backend detection triggers: 11 queued, 2 coalesced
Processing file: 2020-12-28 03-44-00.csv...
已更新系统公共变量: latest_ais_data_raw
Pushed update from: 2020-12-28 03-44-00.csv (1460 ships)
Backend detection triggers: 12 queued, 1 coalesced
Processing file: 2020-12-28 03-44-30.csv...
已更新系统公共变量: latest_ais_data_raw
Pushed update from: 2020-12-28 03-44-30.csv (1326 ships)
Backend detection triggers: 12 queued, 1 coalesced
Processing file: 2020-12-28 03-45-00.csv...
已更新系统公共变量: latest_ais_data_raw
Pushed update from: 2020-12-28 03-45-00.csv (1468 ships)
Backend detection triggers: 11 queued, 2 coalesced
Processing file: 2020-12-28 03-45-30.csv...
已更新系统公共变量: latest_ais_data_raw
Pushed update from: 2020-12-28 03-45-30.csv (1317 ships)
Backend detection triggers: 11 queued, 2 coalesced
Processing file: 2020-12-28 03-46-00.csv...
已更新系统公共变量: latest_ais_data_raw
Pushed update from: 2020-12-28 03-46-00.csv (1415 ships)
Backend detection triggers: 13 queued, 0 coalesced
Processing file: 2020-12-28 03-46-30.csv...
已更新系统公共变量: latest_ais_data_raw
Pushed update from: 2020-12-28 03-46-30.csv (1307 ships)
Backend detection triggers: 11 queued, 2 coalesced
Processing file: 2020-12-28 03-47-00.csv...
已更新系统公共变量: latest_ais_data_raw
Pushed update from: 2020-12-28 03-47-00.csv (1455 ships)
Backend detection triggers: 11 queued, 2 coalesced
Processing file: 2020-12-28 03-47-30.csv...
已更新系统公共变量: latest_ais_data_raw
Pushed update from: 2020-12-28 03-47-30.csv (1321 ships)
Backend detection triggers: 12 queued, 1 coalesced
Processing file: 2020-12-28 03-48-00.csv...
已更新系统公共变量: latest_ais_data_raw
Pushed update from: 2020-12-28 03-48-00.csv (1463 ships)
Backend detection triggers: 11 queued, 2 coalesced
Processing file: 2020-12-28 03-48-30.csv...
已更新系统公共变量: latest_ais_data_raw
Pushed update from: 2020-12-28 03-48-30.csv (1316 ships)
Backend detection triggers: 11 queued, 2 coalesced
Processing file: 2020-12-28 03-49-00.csv...
已更新系统公共变量: latest_ais_data_raw
Pushed update from: 2020-12-28 03-49-00.csv (1413 ships)
Backend detection triggers: 12 queued, 1 coalesced
Processing file: 2020-12-28 03-49-30.csv...
已更新系统公共变量: latest_ais_data_raw
Pushed update from: 2020-12-28 03-49-30.csv (1307 ships)
Backend detection triggers: 12 queued, 1 coalesced
Processing file: 2020-12-28 03-50-00.csv...
已更新系统公共变量: latest_ais_data_raw
Pushed update from: 2020-12-28 03-50-00.csv (1457 ships)
Backend detection triggers: 11 queued, 2 coalesced
Processing file: 2020-12-28 03-50-30.csv...
已更新系统公共变量: latest_ais_data_raw
Pushed update from: 2020-12-28 03-50-30.csv (1322 ships)
Backend detection triggers: 12 queued, 1 coalesced
Processing file: 2020-12-28 03-51-00.csv...
已更新系统公共变量: latest_ais_data_raw
Pushed update from: 2020-12-28 03-51-00.csv (1464 ships)
Backend detection triggers: 12 queued, 1 coalesced
Processing file: 2020-12-28 03-51-30.csv...
已更新系统公共变量: latest_ais_data_raw
Pushed update from: 2020-12-28 03-51-30.csv (1314 ships)
Backend detection triggers: 11 queued, 2 coalesced
Processing file: 2020-12-28 03-52-00.csv...
已更新系统公共变量: latest_ais_data_raw
Pushed update from: 2020-12-28 03-52-00.csv (1411 ships)
Backend detection triggers: 12 queued, 1 coalesced
Processing file: 2020-12-28 03-52-30.csv...
已更新系统公共变量: latest_ais_data_raw
Pushed update from: 2020-12-28 03-52-30.csv (1302 ships)
Backend detection triggers: 11 queued, 2 coalesced
Processing file: 2020-12-28 03-53-00.csv...
已更新系统公共变量: latest_ais_data_raw
Pushed update from: 2020-12-28 03-53-00.csv (1450 ships)
Backend detection triggers: 11 queued, 2 coalesced
Processing file: 2020-12-28 03-53-30.csv...
已更新系统公共变量: latest_ais_data_raw
Pushed update from: 2020-12-28 03-53-30.csv (1317 ships)
Backend detection triggers: 13 queued, 0 coalesced
Processing file: 2020-12-28 03-54-00.csv...
已更新系统公共变量: latest_ais_data_raw
Pushed update from: 2020-12-28 03-54-00.csv (1459 ships)
Backend detection triggers: 11 queued, 2 coalesced
Processing file: 2020-12-28 03-54-30.csv...
已更新系统公共变量: latest_ais_data_raw
Pushed update from: 2020-12-28 03-54-30.csv (1309 ships)
Backend detection triggers: 11 queued, 2 coalesced
Processing file: 2020-12-28 03-55-00.csv...
已更新系统公共变量: latest_ais_data_raw
Pushed update from: 2020-12-28 03-55-00.csv (1407 ships)
Backend detection triggers: 13 queued, 0 coalesced
Processing file: 2020-12-28 03-55-30.csv...
已更新系统公共变量: latest_ais_data_raw
Pushed update from: 2020-12-28 03-55-30.csv (1301 ships)
Backend detection triggers: 11 queued, 2 coalesced
Processing file: 2020-12-28 03-56-00.csv...
已更新系统公共变量: latest_ais_data_raw
Pushed update from: 2020-12-28 03-56-00.csv (1448 ships)
Backend detection triggers: 13 queued, 0 coalesced
Processing file: 2020-12-28 03-56-30.csv...
已更新系统公共变量: latest_ais_data_raw
Pushed update from: 2020-12-28 03-56-30.csv (1316 ships)
Backend detection triggers: 11 queued, 2 coalesced
Processing file: 2020-12-28 03-57-00.csv...
已更新系统公共变量: latest_ais_data_raw
Pushed update from: 2020-12-28 03-57-00.csv (1459 ships)
Backend detection triggers: 11 queued, 2 coalesced
Processing file: 2020-12-28 03-57-30.csv...
已更新系统公共变量: latest_ais_data_raw
Pushed update from: 2020-12-28 03-57-30.csv (1310 ships)
Backend detection triggers: 13 queued, 0 coalesced
Processing file: 2020-12-28 03-58-00.csv...
已更新系统公共变量: latest_ais_data_raw
Pushed update from: 2020-12-28 03-58-00.csv (1405 ships)
Backend detection triggers: 11 queued, 2 coalesced
Processing file: 2020-12-28 03-58-30.csv...
已更新系统公共变量: latest_ais_data_raw
Pushed update from: 2020-12-28 03-58-30.csv (1301 ships)
Backend detection triggers: 11 queued, 2 coalesced
Processing file: 2020-12-28 03-59-00.csv...
已更新系统公共变量: latest_ais_data_raw
Pushed update from: 2020-12-28 03-59-00.csv (1446 ships)
Backend detection triggers: 12 queued, 1 coalesced
Processing file: 2020-12-28 03-59-30.csv...
已更新系统公共变量: latest_ais_data_raw
Pushed update from: 2020-12-28 03-59-30.csv (1315 ships)
Backend detection triggers: 12 queued, 1 coalesced
Processing file: 2020-12-28 04-00-00.csv...
已更新系统公共变量: latest_ais_data_raw
Pushed update from: 2020-12-28 04-00-00.csv (1459 ships)
Backend detection triggers: 11 queued, 2 coalesced
Processing file: 2020-12-28 04-00-30.csv...
已更新系统公共变量: latest_ais_data_raw
Pushed update from: 2020-12-28 04-00-30.csv (1306 ships)
Backend detection triggers: 13 queued, 0 coalesced
Processing file: 2020-12-28 04-01-00.csv...
已更新系统公共变量: latest_ais_data_raw
Pushed update from: 2020-12-28 04-01-00.csv (1400 ships)
Backend detection triggers: 11 queued, 2 coalesced
Processing file: 2020-12-28 04-01-30.csv...
已更新系统公共变量: latest_ais_data_raw
Pushed update from: 2020-12-28 04-01-30.csv (1297 ships)
Backend detection triggers: 11 queued, 2 coalesced
Processing file: 2020-12-28 04-02-00.csv...
已更新系统公共变量: latest_ais_data_raw
Pushed update from: 2020-12-28 04-02-00.csv (1440 ships)
Backend detection triggers: 13 queued, 0 coalesced
Processing file: 2020-12-28 04-02-30.csv...
已更新系统公共变量: latest_ais_data_raw
Pushed update from: 2020-12-28 04-02-30.csv (1309 ships)
Backend detection triggers: 11 queued, 2 coalesced
Processing file: 2020-12-28 04-03-00.csv...
已更新系统公共变量: latest_ais_data_raw
Pushed update from: 2020-12-28 04-03-00.csv (1451 ships)
Backend detection triggers: 11 queued, 2 coalesced
Processing file: 2020-12-28 04-03-30.csv...
已更新系统公共变量: latest_ais_data_raw
Pushed update from: 2020-12-28 04-03-30.csv (1305 ships)
Backend detection triggers: 13 queued, 0 coalesced
Processing file: 2020-12-28 04-04-00.csv...
已更新系统公共变量: latest_ais_data_raw
Pushed update from: 2020-12-28 04-04-00.csv (1399 ships)
Backend detection triggers: 10 queued, 3 coalesced
Processing file: 2020-12-28 04-04-30.csv...
已更新系统公共变量: latest_ais_data_raw
Pushed update from: 2020-12-28 04-04-30.csv (1295 ships)
Backend detection triggers: 11 queued, 2 coalesced
Processing file: 2020-12-28 04-05-00.csv...
已更新系统公共变量: latest_ais_data_raw
Pushed update from: 2020-12-28 04-05-00.csv (1442 ships)
Backend detection triggers: 13 queued, 0 coalesced
Processing file: 2020-12-28 04-05-30.csv...
已更新系统公共变量: latest_ais_data_raw
Pushed update from: 2020-12-28 04-05-30.csv (1310 ships)
Backend detection triggers: 11 queued, 2 coalesced
Processing file: 2020-12-28 04-06-00.csv...
已更新系统公共变量: latest_ais_data_raw
Pushed update from: 2020-12-28 04-06-00.csv (1451 ships)
Backend detection triggers: 11 queued, 2 coalesced
Processing file: 2020-12-28 04-06-30.csv...
已更新系统公共变量: latest_ais_data_raw
Pushed update from: 2020-12-28 04-06-30.csv (1302 ships)
Backend detection triggers: 12 queued, 1 coalesced
Processing file: 2020-12-28 04-07-00.csv...
已更新系统公共变量: latest_ais_data_raw
Pushed update from: 2020-12-28 04-07-00.csv (1397 ships)
Backend detection triggers: 12 queued, 1 coalesced
Processing file: 2020-12-28 04-07-30.csv...
已更新系统公共变量: latest_ais_data_raw
Pushed update from: 2020-12-28 04-07-30.csv (1291 ships)
Backend detection triggers: 11 queued, 2 coalesced
Processing file: 2020-12-28 04-08-00.csv...
已更新系统公共变量: latest_ais_data_raw
Pushed update from: 2020-12-28 04-08-00.csv (1435 ships)
Backend detection triggers: 12 queued, 1 coalesced
Processing file: 2020-12-28 04-08-30.csv...
已更新系统公共变量: latest_ais_data_raw
Pushed update from: 2020-12-28 04-08-30.csv (1304 ships)
Backend detection triggers: 11 queued, 2 coalesced
Processing file: 2020-12-28 04-09-00.csv...
已更新系统公共变量: latest_ais_data_raw
Pushed update from: 2020-12-28 04-09-00.csv (1450 ships)
Backend detection triggers: 11 queued, 2 coalesced
Processing file: 2020-12-28 04-09-30.csv...
已更新系统公共变量: latest_ais_data_raw
Pushed update from: 2020-12-28 04-09-30.csv (1300 ships)
Backend detection triggers: 13 queued, 0 coalesced
Processing file: 2020-12-28 04-10-00.csv...
已更新系统公共变量: latest_ais_data_raw
Pushed update from: 2020-12-28 04-10-00.csv (1393 ships)
Backend detection triggers: 11 queued, 2 coalesced
Processing file: 2020-12-28 04-10-30.csv...
已更新系统公共变量: latest_ais_data_raw
Pushed update from: 2020-12-28 04-10-30.csv (1280 ships)
Backend detection triggers: 11 queued, 2 coalesced
Processing file: 2020-12-28 04-11-00.csv...
已更新系统公共变量: latest_ais_data_raw
Pushed update from: 2020-12-28 04-11-00.csv (1424 ships)
Backend detection triggers: 12 queued, 1 coalesced
Processing file: 2020-12-28 04-11-30.csv...
已更新系统公共变量: latest_ais_data_raw
Pushed update from: 2020-12-28 04-11-30.csv (1292 ships)
Backend detection triggers: 12 queued, 1 coalesced
Processing file: 2020-12-28 04-12-00.csv...
已更新系统公共变量: latest_ais_data_raw
Pushed update from: 2020-12-28 04-12-00.csv (1436 ships)
Backend detection triggers: 11 queued, 2 coalesced
Processing file: 2020-12-28 04-12-30.csv...
已更新系统公共变量: latest_ais_data_raw
Pushed update from: 2020-12-28 04-12-30.csv (1289 ships)
Backend detection triggers: 12 queued, 1 coalesced
Processing file: 2020-12-28 04-13-00.csv...
已更新系统公共变量: latest_ais_data_raw
Pushed update from: 2020-12-28 04-13-00.csv (1387 ships)
Backend detection triggers: 12 queued, 1 coalesced
Processing file: 2020-12-28 04-13-30.csv...
已更新系统公共变量: latest_ais_data_raw
Pushed update from: 2020-12-28 04-13-30.csv (1274 ships)
Backend detection triggers: 11 queued, 2 coalesced
Processing file: 2020-12-28 04-14-00.csv...
已更新系统公共变量: latest_ais_data_raw
Pushed update from: 2020-12-28 04-14-00.csv (1421 ships)
Backend detection triggers: 13 queued, 0 coalesced
Processing file: 2020-12-28 04-14-30.csv...
已更新系统公共变量: latest_ais_data_raw
Pushed update from: 2020-12-28 04-14-30.csv (1291 ships)
Backend detection triggers: 11 queued, 2 coalesced
Processing file: 2020-12-28 04-15-00.csv...
已更新系统公共变量: latest_ais_data_raw
Pushed update from: 2020-12-28 04-15-00.csv (1439 ships)
Backend detection triggers: 11 queued, 2 coalesced
Processing file: 2020-12-28 04-15-30.csv...
已更新系统公共变量: latest_ais_data_raw
Pushed update from: 2020-12-28 04-15-30.csv (1287 ships)
Backend detection triggers: 12 queued, 1 coalesced
Processing file: 2020-12-28 04-16-00.csv...
已更新系统公共变量: latest_ais_data_raw
Pushed update from: 2020-12-28 04-16-00.csv (1388 ships)
Backend detection triggers: 12 queued, 1 coalesced
Processing file: 2020-12-28 04-16-30.csv...
已更新系统公共变量: latest_ais_data_raw
Pushed update from: 2020-12-28 04-16-30.csv (1270 ships)
Backend detection triggers: 11 queued, 2 coalesced
Processing file: 2020-12-28 04-17-00.csv...
已更新系统公共变量: latest_ais_data_raw
Pushed update from: 2020-12-28 04-17-00.csv (1418 ships)
Backend detection triggers: 13 queued, 0 coalesced
Processing file: 2020-12-28 04-17-30.csv...
已更新系统公共变量: latest_ais_data_raw
Pushed update from: 2020-12-28 04-17-30.csv (1288 ships)
Backend detection triggers: 11 queued, 2 coalesced
Processing file: 2020-12-28 04-18-00.csv...
已更新系统公共变量: latest_ais_data_raw
Pushed update from: 2020-12-28 04-18-00.csv (1436 ships)
Backend detection triggers: 11 queued, 2 coalesced
Processing file: 2020-12-28 04-18-30.csv...
已更新系统公共变量: latest_ais_data_raw
Pushed update from: 2020-12-28 04-18-30.csv (1283 ships)
Backend detection triggers: 12 queued, 1 coalesced
Processing file: 2020-12-28 04-19-00.csv...
已更新系统公共变量: latest_ais_data_raw
Pushed update from: 2020-12-28 04-19-00.csv (1385 ships)
Backend detection triggers: 11 queued, 2 coalesced
Processing file: 2020-12-28 04-19-30.csv...
已更新系统公共变量: latest_ais_data_raw
Pushed update from: 2020-12-28 04-19-30.csv (1266 ships)
Backend detection triggers: 11 queued, 2 coalesced
Processing file: 2020-12-28 04-20-00.csv...
已更新系统公共变量: latest_ais_data_raw
Pushed update from: 2020-12-28 04-20-00.csv (1413 ships)
Backend detection triggers: 13 queued, 0 coalesced
Processing file: 2020-12-28 04-20-30.csv...
已更新系统公共变量: latest_ais_data_raw
Pushed update from: 2020-12-28 04-20-30.csv (1279 ships)
Backend detection triggers: 11 queued, 2 coalesced
Processing file: 2020-12-28 04-21-00.csv...
已更新系统公共变量: latest_ais_data_raw
Pushed update from: 2020-12-28 04-21-00.csv (1424 ships)
Backend detection triggers: 10 queued, 3 coalesced
Processing file: 2020-12-28 04-21-30.csv...
已更新系统公共变量: latest_ais_data_raw
Pushed update from: 2020-12-28 04-21-30.csv (1274 ships)
Backend detection triggers: 13 queued, 0 coalesced
Processing file: 2020-12-28 04-22-00.csv...
已更新系统公共变量: latest_ais_data_raw
Pushed update from: 2020-12-28 04-22-00.csv (1374 ships)
Backend detection triggers: 11 queued, 2 coalesced
Processing file: 2020-12-28 04-22-30.csv...
已更新系统公共变量: latest_ais_data_raw
Pushed update from: 2020-12-28 04-22-30.csv (1257 ships)
Backend detection triggers: 11 queued, 2 coalesced
Processing file: 2020-12-28 04-23-00.csv...
已更新系统公共变量: latest_ais_data_raw
Pushed update from: 2020-12-28 04-23-00.csv (1404 ships)
Backend detection triggers: 12 queued, 1 coalesced
Processing file: 2020-12-28 04-23-30.csv...
已更新系统公共变量: latest_ais_data_raw
Pushed update from: 2020-12-28 04-23-30.csv (1277 ships)
Backend detection triggers: 12 queued, 1 coalesced
Processing file: 2020-12-28 04-24-00.csv...
已更新系统公共变量: latest_ais_data_raw
Pushed update from: 2020-12-28 04-24-00.csv (1422 ships)
Backend detection triggers: 11 queued, 2 coalesced
Processing file: 2020-12-28 04-24-30.csv...
已更新系统公共变量: latest_ais_data_raw
Pushed update from: 2020-12-28 04-24-30.csv (1273 ships)
Backend detection triggers: 12 queued, 1 coalesced
Processing file: 2020-12-28 04-25-00.csv...
已更新系统公共变量: latest_ais_data_raw
Pushed update from: 2020-12-28 04-25-00.csv (1376 ships)
Backend detection triggers: 12 queued, 1 coalesced
Processing file: 2020-12-28 04-25-30.csv...
已更新系统公共变量: latest_ais_data_raw
Pushed update from: 2020-12-28 04-25-30.csv (1254 ships)
Backend detection triggers: 11 queued, 2 coalesced
Processing file: 2020-12-28 04-26-00.csv...
已更新系统公共变量: latest_ais_data_raw
Pushed update from: 2020-12-28 04-26-00.csv (1399 ships)
Backend detection triggers: 11 queued, 2 coalesced
Processing file: 2020-12-28 04-26-30.csv...
已更新系统公共变量: latest_ais_data_raw
Pushed update from: 2020-12-28 04-26-30.csv (1273 ships)
Backend detection triggers: 13 queued, 0 coalesced
Processing file: 2020-12-28 04-27-00.csv...
已更新系统公共变量: latest_ais_data_raw
Pushed update from: 2020-12-28 04-27-00.csv (1415 ships)
Backend detection triggers: 11 queued, 2 coalesced
Processing file: 2020-12-28 04-27-30.csv...
已更新系统公共变量: latest_ais_data_raw
Pushed update from: 2020-12-28 04-27-30.csv (1269 ships)
Backend detection triggers: 11 queued, 2 coalesced
Processing file: 2020-12-28 04-28-00.csv...
已更新系统公共变量: latest_ais_data_raw
Pushed update from: 2020-12-28 04-28-00.csv (1370 ships)
Backend detection triggers: 13 queued, 0 coalesced
Processing file: 2020-12-28 04-28-30.csv...
已更新系统公共变量: latest_ais_data_raw
Pushed update from: 2020-12-28 04-28-30.csv (1254 ships)
Backend detection triggers: 11 queued, 2 coalesced
Processing file: 2020-12-28 04-29-00.csv...
已更新系统公共变量: latest_ais_data_raw
Pushed update from: 2020-12-28 04-29-00.csv (1398 ships)
Backend detection triggers: 12 queued, 1 coalesced
Processing file: 2020-12-28 04-29-30.csv...
已更新系统公共变量: latest_ais_data_raw
Pushed update from: 2020-12-28 04-29-30.csv (1275 ships)
Backend detection triggers: 12 queued, 1 coalesced
Processing file: 2020-12-28 04-30-00.csv...
已更新系统公共变量: latest_ais_data_raw
Pushed update from: 2020-12-28 04-30-00.csv (1417 ships)
Backend detection triggers: 11 queued, 2 coalesced
Processing file: 2020-12-28 04-30-30.csv...
已更新系统公共变量: latest_ais_data_raw
Pushed update from: 2020-12-28 04-30-30.csv (1269 ships)
Backend detection triggers: 12 queued, 1 coalesced
Processing file: 2020-12-28 04-31-00.csv...
已更新系统公共变量: latest_ais_data_raw
Pushed update from: 2020-12-28 04-31-00.csv (1369 ships)
Backend detection triggers: 12 queued, 1 coalesced
Processing file: 2020-12-28 04-31-30.csv...
已更新系统公共变量: latest_ais_data_raw
Pushed update from: 2020-12-28 04-31-30.csv (1252 ships)
Backend detection triggers: 11 queued, 2 coalesced
Processing file: 2020-12-28 04-32-00.csv...
已更新系统公共变量: latest_ais_data_raw
Pushed update from: 2020-12-28 04-32-00.csv (1395 ships)
Backend detection triggers: 13 queued, 0 coalesced
Processing file: 2020-12-28 04-32-30.csv...
已更新系统公共变量: latest_ais_data_raw
Pushed update from: 2020-12-28 04-32-30.csv (1273 ships)
Backend detection triggers: 11 queued, 2 coalesced
Processing file: 2020-12-28 04-33-00.csv...
已更新系统公共变量: latest_ais_data_raw
Pushed update from: 2020-12-28 04-33-00.csv (1412 ships)
Backend detection triggers: 13 queued, 0 coalesced
Processing file: 2020-12-28 04-33-30.csv...
已更新系统公共变量: latest_ais_data_raw
Pushed update from: 2020-12-28 04-33-30.csv (1270 ships)
Backend detection triggers: 11 queued, 2 coalesced
Processing file: 2020-12-28 04-34-00.csv...
已更新系统公共变量: latest_ais_data_raw
Pushed update from: 2020-12-28 04-34-00.csv (1371 ships)
Backend detection triggers: 11 queued, 2 coalesced
Processing file: 2020-12-28 04-34-30.csv...
已更新系统公共变量: latest_ais_data_raw
Pushed update from: 2020-12-28 04-34-30.csv (1252 ships)
Backend detection triggers: 13 queued, 0 coalesced
Processing file: 2020-12-28 04-35-00.csv...
已更新系统公共变量: latest_ais_data_raw
Pushed update from: 2020-12-28 04-35-00.csv (1398 ships)
Backend detection triggers: 11 queued, 2 coalesced
Processing file: 2020-12-28 04-35-30.csv...
已更新系统公共变量: latest_ais_data_raw
Pushed update from: 2020-12-28 04-35-30.csv (1269 ships)
Backend detection triggers: 11 queued, 2 coalesced
Processing file: 2020-12-28 04-36-00.csv...
已更新系统公共变量: latest_ais_data_raw
Pushed update from: 2020-12-28 04-36-00.csv (1406 ships)
Backend detection triggers: 12 queued, 1 coalesced
Processing file: 2020-12-28 04-36-30.csv...
已更新系统公共变量: latest_ais_data_raw
Pushed update from: 2020-12-28 04-36-30.csv (1266 ships)
Backend detection triggers: 11 queued, 2 coalesced
Processing file: 2020-12-28 04-37-00.csv...
已更新系统公共变量: latest_ais_data_raw
Pushed update from: 2020-12-28 04-37-00.csv (1365 ships)
Backend detection triggers: 12 queued, 1 coalesced
Processing file: 2020-12-28 04-37-30.csv...
已更新系统公共变量: latest_ais_data_raw
Pushed update from: 2020-12-28 04-37-30.csv (1249 ships)
Backend detection triggers: 11 queued, 2 coalesced
Processing file: 2020-12-28 04-38-00.csv...
已更新系统公共变量: latest_ais_data_raw
Pushed update from: 2020-12-28 04-38-00.csv (1389 ships)
Backend detection triggers: 11 queued, 2 coalesced
Processing file: 2020-12-28 04-38-30.csv...
已更新系统公共变量: latest_ais_data_raw
Pushed update from: 2020-12-28 04-38-30.csv (1266 ships)
Backend detection triggers: 12 queued, 1 coalesced
Processing file: 2020-12-28 04-39-00.csv...
已更新系统公共变量: latest_ais_data_raw
Pushed update from: 2020-12-28 04-39-00.csv (1401 ships)
Backend detection triggers: 12 queued, 1 coalesced
Processing file: 2020-12-28 04-39-30.csv...
已更新系统公共变量: latest_ais_data_raw
Pushed update from: 2020-12-28 04-39-30.csv (1261 ships)
Backend detection triggers: 11 queued, 2 coalesced
Processing file: 2020-12-28 04-40-00.csv...
已更新系统公共变量: latest_ais_data_raw
Pushed update from: 2020-12-28 04-40-00.csv (1358 ships)
Backend detection triggers: 12 queued, 1 coalesced
Processing file: 2020-12-28 04-40-30.csv...
已更新系统公共变量: latest_ais_data_raw
Pushed update from: 2020-12-28 04-40-30.csv (1242 ships)
Backend detection triggers: 11 queued, 2 coalesced
Processing file: 2020-12-28 04-41-00.csv...
已更新系统公共变量: latest_ais_data_raw
Pushed update from: 2020-12-28 04-41-00.csv (1383 ships)
Backend detection triggers: 12 queued, 1 coalesced
Processing file: 2020-12-28 04-41-30.csv...
已更新系统公共变量: latest_ais_data_raw
Pushed update from: 2020-12-28 04-41-30.csv (1264 ships)
Backend detection triggers: 12 queued, 1 coalesced
Processing file: 2020-12-28 04-42-00.csv...
已更新系统公共变量: latest_ais_data_raw
Pushed update from: 2020-12-28 04-42-00.csv (1396 ships)
Backend detection triggers: 12 queued, 1 coalesced
Processing file: 2020-12-28 04-42-30.csv...
已更新系统公共变量: latest_ais_data_raw
Pushed update from: 2020-12-28 04-42-30.csv (1256 ships)
Backend detection triggers: 11 queued, 2 coalesced
Processing file: 2020-12-28 04-43-00.csv...
已更新系统公共变量: latest_ais_data_raw
Pushed update from: 2020-12-28 04-43-00.csv (1355 ships)
Backend detection triggers: 12 queued, 1 coalesced
Processing file: 2020-12-28 04-43-30.csv...
已更新系统公共变量: latest_ais_data_raw
Pushed update from: 2020-12-28 04-43-30.csv (1245 ships)
Backend detection triggers: 11 queued, 2 coalesced
Processing file: 2020-12-28 04-44-00.csv...
已更新系统公共变量: latest_ais_data_raw
Pushed update from: 2020-12-28 04-44-00.csv (1381 ships)
Backend detection triggers: 12 queued, 1 coalesced
Processing file: 2020-12-28 04-44-30.csv...
已更新系统公共变量: latest_ais_data_raw
Pushed update from: 2020-12-28 04-44-30.csv (1260 ships)
Backend detection triggers: 12 queued, 1 coalesced
Processing file: 2020-12-28 04-45-00.csv...
已更新系统公共变量: latest_ais_data_raw
Pushed update from: 2020-12-28 04-45-00.csv (1394 ships)
Backend detection triggers: 11 queued, 2 coalesced
Processing file: 2020-12-28 04-45-30.csv...
已更新系统公共变量: latest_ais_data_raw
Pushed update from: 2020-12-28 04-45-30.csv (1252 ships)
Backend detection triggers: 12 queued, 1 coalesced
Processing file: 2020-12-28 04-46-00.csv...
已更新系统公共变量: latest_ais_data_raw
Pushed update from: 2020-12-28 04-46-00.csv (1352 ships)
Backend detection triggers: 12 queued, 1 coalesced
Processing file: 2020-12-28 04-46-30.csv...
已更新系统公共变量: latest_ais_data_raw
Pushed update from: 2020-12-28 04-46-30.csv (1242 ships)
Backend detection triggers: 11 queued, 2 coalesced
Processing file: 2020-12-28 04-47-00.csv...
已更新系统公共变量: latest_ais_data_raw
Pushed update from: 2020-12-28 04-47-00.csv (1379 ships)
Backend detection triggers: 12 queued, 1 coalesced
Processing file: 2020-12-28 04-47-30.csv...
已更新系统公共变量: latest_ais_data_raw
Pushed update from: 2020-12-28 04-47-30.csv (1259 ships)
Backend detection triggers: 12 queued, 1 coalesced
Processing file: 2020-12-28 04-48-00.csv...
已更新系统公共变量: latest_ais_data_raw
Pushed update from: 2020-12-28 04-48-00.csv (1395 ships)
Backend detection triggers: 11 queued, 2 coalesced
Processing file: 2020-12-28 04-48-30.csv...
已更新系统公共变量: latest_ais_data_raw
Pushed update from: 2020-12-28 04-48-30.csv (1255 ships)
Backend detection triggers: 11 queued, 2 coalesced
Processing file: 2020-12-28 04-49-00.csv...
已更新系统公共变量: latest_ais_data_raw
Pushed update from: 2020-12-28 04-49-00.csv (1353 ships)
Backend detection triggers: 13 queued, 0 coalesced
Processing file: 2020-12-28 04-49-30.csv...
已更新系统公共变量: latest_ais_data_raw
Pushed update from: 2020-12-28 04-49-30.csv (1246 ships)
Backend detection triggers: 11 queued, 2 coalesced
Processing file: 2020-12-28 04-50-00.csv...
已更新系统公共变量: latest_ais_data_raw
Pushed update from: 2020-12-28 04-50-00.csv (1384 ships)
Backend detection triggers: 12 queued, 1 coalesced
Processing file: 2020-12-28 04-50-30.csv...
已更新系统公共变量: latest_ais_data_raw
Pushed update from: 2020-12-28 04-50-30.csv (1258 ships)
Backend detection triggers: 12 queued, 1 coalesced
Processing file: 2020-12-28 04-51-00.csv...
已更新系统公共变量: latest_ais_data_raw
Pushed update from: 2020-12-28 04-51-00.csv (1390 ships)
Backend detection triggers: 11 queued, 2 coalesced
Processing file: 2020-12-28 04-51-30.csv...
已更新系统公共变量: latest_ais_data_raw
Pushed update from: 2020-12-28 04-51-30.csv (1254 ships)
Backend detection triggers: 12 queued, 1 coalesced
Processing file: 2020-12-28 04-52-00.csv...
已更新系统公共变量: latest_ais_data_raw
Pushed update from: 2020-12-28 04-52-00.csv (1355 ships)
Backend detection triggers: 12 queued, 1 coalesced
Processing file: 2020-12-28 04-52-30.csv...
已更新系统公共变量: latest_ais_data_raw
Pushed update from: 2020-12-28 04-52-30.csv (1248 ships)
Backend detection triggers: 11 queued, 2 coalesced
Processing file: 2020-12-28 04-53-00.csv...
已更新系统公共变量: latest_ais_data_raw
Pushed update from: 2020-12-28 04-53-00.csv (1386 ships)
Backend detection triggers: 12 queued, 1 coalesced
Processing file: 2020-12-28 04-53-30.csv...
已更新系统公共变量: latest_ais_data_raw
Pushed update from: 2020-12-28 04-53-30.csv (1264 ships)
Backend detection triggers: 12 queued, 1 coalesced
Processing file: 2020-12-28 04-54-00.csv...
已更新系统公共变量: latest_ais_data_raw
Pushed update from: 2020-12-28 04-54-00.csv (1395 ships)
Backend detection triggers: 11 queued, 2 coalesced
Processing file: 2020-12-28 04-54-30.csv...
已更新系统公共变量: latest_ais_data_raw
Pushed update from: 2020-12-28 04-54-30.csv (1257 ships)
Backend detection triggers: 12 queued, 1 coalesced
Processing file: 2020-12-28 04-55-00.csv...
已更新系统公共变量: latest_ais_data_raw
Pushed update from: 2020-12-28 04-55-00.csv (1353 ships)
Backend detection triggers: 12 queued, 1 coalesced
Processing file: 2020-12-28 04-55-30.csv...
已更新系统公共变量: latest_ais_data_raw
Pushed update from: 2020-12-28 04-55-30.csv (1243 ships)
Backend detection triggers: 10 queued, 3 coalesced
Processing file: 2020-12-28 04-56-00.csv...
已更新系统公共变量: latest_ais_data_raw
Pushed update from: 2020-12-28 04-56-00.csv (1380 ships)
Backend detection triggers: 12 queued, 1 coalesced
Processing file: 2020-12-28 04-56-30.csv...
已更新系统公共变量: latest_ais_data_raw
Pushed update from: 2020-12-28 04-56-30.csv (1265 ships)
Backend detection triggers: 11 queued, 2 coalesced
Processing file: 2020-12-28 04-57-00.csv...
已更新系统公共变量: latest_ais_data_raw
Pushed update from: 2020-12-28 04-57-00.csv (1395 ships)
Backend detection triggers: 11 queued, 2 coalesced
Processing file: 2020-12-28 04-57-30.csv...
已更新系统公共变量: latest_ais_data_raw
Pushed update from: 2020-12-28 04-57-30.csv (1257 ships)
Backend detection triggers: 11 queued, 2 coalesced
Processing file: 2020-12-28 04-58-00.csv...
已更新系统公共变量: latest_ais_data_raw
Pushed update from: 2020-12-28 04-58-00.csv (1355 ships)
Backend detection triggers: 12 queued, 1 coalesced
Processing file: 2020-12-28 04-58-30.csv...
已更新系统公共变量: latest_ais_data_raw
Pushed update from: 2020-12-28 04-58-30.csv (1248 ships)
Backend detection triggers: 11 queued, 2 coalesced
Processing file: 2020-12-28 04-59-00.csv...
已更新系统公共变量: latest_ais_data_raw
Pushed update from: 2020-12-28 04-59-00.csv (1381 ships)
Backend detection triggers: 12 queued, 1 coalesced
Processing file: 2020-12-28 04-59-30.csv...
已更新系统公共变量: latest_ais_data_raw
Pushed update from: 2020-12-28 04-59-30.csv (1262 ships)
Backend detection triggers: 12 queued, 1 coalesced
Processing file: 2020-12-28 05-00-00.csv...
已更新系统公共变量: latest_ais_data_raw
Pushed update from: 2020-12-28 05-00-00.csv (1396 ships)
Backend detection triggers: 11 queued, 2 coalesced
Processing file: 2020-12-28 05-00-30.csv...
已更新系统公共变量: latest_ais_data_raw
Pushed update from: 2020-12-28 05-00-30.csv (1255 ships)
Backend detection triggers: 12 queued, 1 coalesced
Processing file: 2020-12-28 05-01-00.csv...
已更新系统公共变量: latest_ais_data_raw
Pushed update from: 2020-12-28 05-01-00.csv (1349 ships)
Backend detection triggers: 12 queued, 1 coalesced
Processing file: 2020-12-28 05-01-30.csv...
已更新系统公共变量: latest_ais_data_raw
Pushed update from: 2020-12-28 05-01-30.csv (1240 ships)
Backend detection triggers: 12 queued, 1 coalesced
Processing file: 2020-12-28 05-02-00.csv...
已更新系统公共变量: latest_ais_data_raw
Pushed update from: 2020-12-28 05-02-00.csv (1372 ships)
Backend detection triggers: 12 queued, 1 coalesced
Processing file: 2020-12-28 05-02-30.csv...
已更新系统公共变量: latest_ais_data_raw
Pushed update from: 2020-12-28 05-02-30.csv (1250 ships)
Backend detection triggers: 11 queued, 2 coalesced
Processing file: 2020-12-28 05-03-00.csv...
已更新系统公共变量: latest_ais_data_raw
Pushed update from: 2020-12-28 05-03-00.csv (1383 ships)
Backend detection triggers: 12 queued, 1 coalesced
Processing file: 2020-12-28 05-03-30.csv...
已更新系统公共变量: latest_ais_data_raw
Pushed update from: 2020-12-28 05-03-30.csv (1247 ships)
Backend detection triggers: 11 queued, 2 coalesced
Processing file: 2020-12-28 05-04-00.csv...
已更新系统公共变量: latest_ais_data_raw
Pushed update from: 2020-12-28 05-04-00.csv (1339 ships)
Backend detection triggers: 12 queued, 1 coalesced
Processing file: 2020-12-28 05-04-30.csv...
已更新系统公共变量: latest_ais_data_raw
Pushed update from: 2020-12-28 05-04-30.csv (1233 ships)
Backend detection triggers: 11 queued, 2 coalesced
Processing file: 2020-12-28 05-05-00.csv...
已更新系统公共变量: latest_ais_data_raw
Pushed update from: 2020-12-28 05-05-00.csv (1373 ships)
Backend detection triggers: 12 queued, 1 coalesced
Processing file: 2020-12-28 05-05-30.csv...
已更新系统公共变量: latest_ais_data_raw
Pushed update from: 2020-12-28 05-05-30.csv (1247 ships)
Backend detection triggers: 12 queued, 1 coalesced
Processing file: 2020-12-28 05-06-00.csv...
已更新系统公共变量: latest_ais_data_raw
Pushed update from: 2020-12-28 05-06-00.csv (1376 ships)
Backend detection triggers: 11 queued, 2 coalesced
Processing file: 2020-12-28 05-06-30.csv...
已更新系统公共变量: latest_ais_data_raw
Pushed update from: 2020-12-28 05-06-30.csv (1246 ships)
Backend detection triggers: 13 queued, 0 coalesced
Processing file: 2020-12-28 05-07-00.csv...
已更新系统公共变量: latest_ais_data_raw
Pushed update from: 2020-12-28 05-07-00.csv (1340 ships)
Backend detection triggers: 11 queued, 2 coalesced
Processing file: 2020-12-28 05-07-30.csv...
已更新系统公共变量: latest_ais_data_raw
Pushed update from: 2020-12-28 05-07-30.csv (1230 ships)
Backend detection triggers: 12 queued, 1 coalesced
Processing file: 2020-12-28 05-08-00.csv...
已更新系统公共变量: latest_ais_data_raw
Pushed update from: 2020-12-28 05-08-00.csv (1369 ships)
Backend detection triggers: 12 queued, 1 coalesced
Processing file: 2020-12-28 05-08-30.csv...
已更新系统公共变量: latest_ais_data_raw
Pushed update from: 2020-12-28 05-08-30.csv (1244 ships)
Backend detection triggers: 11 queued, 2 coalesced
Processing file: 2020-12-28 05-09-00.csv...
已更新系统公共变量: latest_ais_data_raw
Pushed update from: 2020-12-28 05-09-00.csv (1374 ships)
Backend detection triggers: 12 queued, 1 coalesced
Processing file: 2020-12-28 05-09-30.csv...
已更新系统公共变量: latest_ais_data_raw
Pushed update from: 2020-12-28 05-09-30.csv (1247 ships)
Backend detection triggers: 12 queued, 1 coalesced
Processing file: 2020-12-28 05-10-00.csv...
已更新系统公共变量: latest_ais_data_raw
Pushed update from: 2020-12-28 05-10-00.csv (1341 ships)
Backend detection triggers: 11 queued, 2 coalesced
Processing file: 2020-12-28 05-10-30.csv...
已更新系统公共变量: latest_ais_data_raw
Pushed update from: 2020-12-28 05-10-30.csv (1226 ships)
Backend detection triggers: 12 queued, 1 coalesced
Processing file: 2020-12-28 05-11-00.csv...
已更新系统公共变量: latest_ais_data_raw
Pushed update from: 2020-12-28 05-11-00.csv (1370 ships)
Backend detection triggers: 12 queued, 1 coalesced
Processing file: 2020-12-28 05-11-30.csv...
已更新系统公共变量: latest_ais_data_raw
Pushed update from: 2020-12-28 05-11-30.csv (1245 ships)
Backend detection triggers: 11 queued, 2 coalesced
Processing file: 2020-12-28 05-12-00.csv...
已更新系统公共变量: latest_ais_data_raw
Pushed update from: 2020-12-28 05-12-00.csv (1372 ships)
Backend detection triggers: 12 queued, 1 coalesced
Processing file: 2020-12-28 05-12-30.csv...
已更新系统公共变量: latest_ais_data_raw
Pushed update from: 2020-12-28 05-12-30.csv (1242 ships)
Backend detection triggers: 12 queued, 1 coalesced
Processing file: 2020-12-28 05-13-00.csv...
已更新系统公共变量: latest_ais_data_raw
Pushed update from: 2020-12-28 05-13-00.csv (1335 ships)
Backend detection triggers: 10 queued, 3 coalesced
Processing file: 2020-12-28 05-13-30.csv...
已更新系统公共变量: latest_ais_data_raw
Pushed update from: 2020-12-28 05-13-30.csv (1224 ships)
Backend detection triggers: 12 queued, 1 coalesced
Processing file: 2020-12-28 05-14-00.csv...
已更新系统公共变量: latest_ais_data_raw
Pushed update from: 2020-12-28 05-14-00.csv (1370 ships)
Backend detection triggers: 12 queued, 1 coalesced
Processing file: 2020-12-28 05-14-30.csv...
已更新系统公共变量: latest_ais_data_raw
Pushed update from: 2020-12-28 05-14-30.csv (1248 ships)
Backend detection triggers: 11 queued, 2 coalesced
Processing file: 2020-12-28 05-15-00.csv...
已更新系统公共变量: latest_ais_data_raw
Pushed update from: 2020-12-28 05-15-00.csv (1376 ships)
Backend detection triggers: 12 queued, 1 coalesced
Processing file: 2020-12-28 05-15-30.csv...
已更新系统公共变量: latest_ais_data_raw
Pushed update from: 2020-12-28 05-15-30.csv (1246 ships)
Backend detection triggers: 12 queued, 1 coalesced
Processing file: 2020-12-28 05-16-00.csv...
已更新系统公共变量: latest_ais_data_raw
Pushed update from: 2020-12-28 05-16-00.csv (1342 ships)
Backend detection triggers: 12 queued, 1 coalesced
Processing file: 2020-12-28 05-16-30.csv...
已更新系统公共变量: latest_ais_data_raw
Pushed update from: 2020-12-28 05-16-30.csv (1228 ships)
Backend detection triggers: 11 queued, 2 coalesced
Processing file: 2020-12-28 05-17-00.csv...
已更新系统公共变量: latest_ais_data_raw
Pushed update from: 2020-12-28 05-17-00.csv (1374 ships)
Backend detection triggers: 12 queued, 1 coalesced
Processing file: 2020-12-28 05-17-30.csv...
已更新系统公共变量: latest_ais_data_raw
Pushed update from: 2020-12-28 05-17-30.csv (1253 ships)
Backend detection triggers: 11 queued, 2 coalesced
Processing file: 2020-12-28 05-18-00.csv...
已更新系统公共变量: latest_ais_data_raw
Pushed update from: 2020-12-28 05-18-00.csv (1379 ships)
Backend detection triggers: 12 queued, 1 coalesced
Processing file: 2020-12-28 05-18-30.csv...
已更新系统公共变量: latest_ais_data_raw
Pushed update from: 2020-12-28 05-18-30.csv (1246 ships)
Backend detection triggers: 12 queued, 1 coalesced
Processing file: 2020-12-28 05-19-00.csv...
已更新系统公共变量: latest_ais_data_raw
Pushed update from: 2020-12-28 05-19-00.csv (1344 ships)
Backend detection triggers: 12 queued, 1 coalesced
Processing file: 2020-12-28 05-19-30.csv...
已更新系统公共变量: latest_ais_data_raw
Pushed update from: 2020-12-28 05-19-30.csv (1229 ships)
Backend detection triggers: 11 queued, 2 coalesced
Processing file: 2020-12-28 05-20-00.csv...
已更新系统公共变量: latest_ais_data_raw
Pushed update from: 2020-12-28 05-20-00.csv (1374 ships)
Backend detection triggers: 12 queued, 1 coalesced
Processing file: 2020-12-28 05-20-30.csv...
已更新系统公共变量: latest_ais_data_raw
Pushed update from: 2020-12-28 05-20-30.csv (1251 ships)
Backend detection triggers: 12 queued, 1 coalesced
Processing file: 2020-12-28 05-21-00.csv...
已更新系统公共变量: latest_ais_data_raw
Pushed update from: 2020-12-28 05-21-00.csv (1378 ships)
Backend detection triggers: 12 queued, 1 coalesced
Processing file: 2020-12-28 05-21-30.csv...
已更新系统公共变量: latest_ais_data_raw
Pushed update from: 2020-12-28 05-21-30.csv (1243 ships)
Backend detection triggers: 12 queued, 1 coalesced
Processing file: 2020-12-28 05-22-00.csv...
已更新系统公共变量: latest_ais_data_raw
Pushed update from: 2020-12-28 05-22-00.csv (1345 ships)
Backend detection triggers: 11 queued, 2 coalesced
Processing file: 2020-12-28 05-22-30.csv...
已更新系统公共变量: latest_ais_data_raw
Pushed update from: 2020-12-28 05-22-30.csv (1233 ships)
Backend detection triggers: 12 queued, 1 coalesced
Processing file: 2020-12-28 05-23-00.csv...
已更新系统公共变量: latest_ais_data_raw
Pushed update from: 2020-12-28 05-23-00.csv (1374 ships)
Backend detection triggers: 12 queued, 1 coalesced
Processing file: 2020-12-28 05-23-30.csv...
已更新系统公共变量: latest_ais_data_raw
Pushed update from: 2020-12-28 05-23-30.csv (1255 ships)
Backend detection triggers: 11 queued, 2 coalesced
Processing file: 2020-12-28 05-24-00.csv...
已更新系统公共变量: latest_ais_data_raw
Pushed update from: 2020-12-28 05-24-00.csv (1379 ships)
Backend detection triggers: 12 queued, 1 coalesced
Processing file: 2020-12-28 05-24-30.csv...
已更新系统公共变量: latest_ais_data_raw
Pushed update from: 2020-12-28 05-24-30.csv (1244 ships)
Backend detection triggers: 12 queued, 1 coalesced
Processing file: 2020-12-28 05-25-00.csv...
已更新系统公共变量: latest_ais_data_raw
Pushed update from: 2020-12-28 05-25-00.csv (1345 ships)
Backend detection triggers: 12 queued, 1 coalesced
Processing file: 2020-12-28 05-25-30.csv...
已更新系统公共变量: latest_ais_data_raw
Pushed update from: 2020-12-28 05-25-30.csv (1234 ships)
Backend detection triggers: 12 queued, 1 coalesced
Processing file: 2020-12-28 05-26-00.csv...
已更新系统公共变量: latest_ais_data_raw
Pushed update from: 2020-12-28 05-26-00.csv (1372 ships)
Backend detection triggers: 11 queued, 2 coalesced
Processing file: 2020-12-28 05-26-30.csv...
已更新系统公共变量: latest_ais_data_raw
Pushed update from: 2020-12-28 05-26-30.csv (1256 ships)
Backend detection triggers: 12 queued, 1 coalesced
Processing file: 2020-12-28 05-27-00.csv...
已更新系统公共变量: latest_ais_data_raw
Pushed update from: 2020-12-28 05-27-00.csv (1380 ships)
Backend detection triggers: 12 queued, 1 coalesced
Processing file: 2020-12-28 05-27-30.csv...
已更新系统公共变量: latest_ais_data_raw
Pushed update from: 2020-12-28 05-27-30.csv (1240 ships)
Backend detection triggers: 11 queued, 2 coalesced
Processing file: 2020-12-28 05-28-00.csv...
已更新系统公共变量: latest_ais_data_raw
Pushed update from: 2020-12-28 05-28-00.csv (1343 ships)
Backend detection triggers: 12 queued, 1 coalesced
Processing file: 2020-12-28 05-28-30.csv...
已更新系统公共变量: latest_ais_data_raw
Pushed update from: 2020-12-28 05-28-30.csv (1233 ships)
Backend detection triggers: 12 queued, 1 coalesced
Processing file: 2020-12-28 05-29-00.csv...
已更新系统公共变量: latest_ais_data_raw
Pushed update from: 2020-12-28 05-29-00.csv (1370 ships)
Backend detection triggers: 11 queued, 2 coalesced
Processing file: 2020-12-28 05-29-30.csv...
已更新系统公共变量: latest_ais_data_raw
Pushed update from: 2020-12-28 05-29-30.csv (1255 ships)
Backend detection triggers: 11 queued, 2 coalesced
Processing file: 2020-12-28 05-30-00.csv...
已更新系统公共变量: latest_ais_data_raw
Pushed update from: 2020-12-28 05-30-00.csv (1375 ships)
Backend detection triggers: 12 queued, 1 coalesced
Processing file: 2020-12-28 05-30-30.csv...
已更新系统公共变量: latest_ais_data_raw
Pushed update from: 2020-12-28 05-30-30.csv (1235 ships)
Backend detection triggers: 11 queued, 2 coalesced
Processing file: 2020-12-28 05-31-00.csv...
已更新系统公共变量: latest_ais_data_raw
Pushed update from: 2020-12-28 05-31-00.csv (1341 ships)
Backend detection triggers: 13 queued, 0 coalesced
Processing file: 2020-12-28 05-31-30.csv...
已更新系统公共变量: latest_ais_data_raw
Pushed update from: 2020-12-28 05-31-30.csv (1231 ships)
Backend detection triggers: 11 queued, 2 coalesced
Processing file: 2020-12-28 05-32-00.csv...
已更新系统公共变量: latest_ais_data_raw
Pushed update from: 2020-12-28 05-32-00.csv (1368 ships)
Backend detection triggers: 11 queued, 2 coalesced
Processing file: 2020-12-28 05-32-30.csv...
已更新系统公共变量: latest_ais_data_raw
Pushed update from: 2020-12-28 05-32-30.csv (1257 ships)
Backend detection triggers: 13 queued, 0 coalesced
Processing file: 2020-12-28 05-33-00.csv...
已更新系统公共变量: latest_ais_data_raw
Pushed update from: 2020-12-28 05-33-00.csv (1374 ships)
Backend detection triggers: 11 queued, 2 coalesced
Processing file: 2020-12-28 05-33-30.csv...
已更新系统公共变量: latest_ais_data_raw
Pushed update from: 2020-12-28 05-33-30.csv (1235 ships)
Backend detection triggers: 11 queued, 2 coalesced
Processing file: 2020-12-28 05-34-00.csv...
已更新系统公共变量: latest_ais_data_raw
Pushed update from: 2020-12-28 05-34-00.csv (1336 ships)
Backend detection triggers: 13 queued, 0 coalesced
Processing file: 2020-12-28 05-34-30.csv...
已更新系统公共变量: latest_ais_data_raw
Pushed update from: 2020-12-28 05-34-30.csv (1228 ships)
Backend detection triggers: 11 queued, 2 coalesced
Processing file: 2020-12-28 05-35-00.csv...
已更新系统公共变量: latest_ais_data_raw
Pushed update from: 2020-12-28 05-35-00.csv (1362 ships)
Backend detection triggers: 11 queued, 2 coalesced
Processing file: 2020-12-28 05-35-30.csv...
已更新系统公共变量: latest_ais_data_raw
Pushed update from: 2020-12-28 05-35-30.csv (1251 ships)
Backend detection triggers: 13 queued, 0 coalesced
Processing file: 2020-12-28 05-36-00.csv...
已更新系统公共变量: latest_ais_data_raw
Pushed update from: 2020-12-28 05-36-00.csv (1368 ships)
Backend detection triggers: 11 queued, 2 coalesced
Processing file: 2020-12-28 05-36-30.csv...
已更新系统公共变量: latest_ais_data_raw
Pushed update from: 2020-12-28 05-36-30.csv (1233 ships)
Backend detection triggers: 12 queued, 1 coalesced
Processing file: 2020-12-28 05-37-00.csv...
已更新系统公共变量: latest_ais_data_raw
Pushed update from: 2020-12-28 05-37-00.csv (1330 ships)
Backend detection triggers: 12 queued, 1 coalesced
Processing file: 2020-12-28 05-37-30.csv...
已更新系统公共变量: latest_ais_data_raw
Pushed update from: 2020-12-28 05-37-30.csv (1221 ships)
Backend detection triggers: 11 queued, 2 coalesced
Processing file: 2020-12-28 05-38-00.csv...
已更新系统公共变量: latest_ais_data_raw
Pushed update from: 2020-12-28 05-38-00.csv (1358 ships)
Backend detection triggers: 13 queued, 0 coalesced
Processing file: 2020-12-28 05-38-30.csv...
已更新系统公共变量: latest_ais_data_raw
Pushed update from: 2020-12-28 05-38-30.csv (1247 ships)
Backend detection triggers: 11 queued, 2 coalesced
Processing file: 2020-12-28 05-39-00.csv...
已更新系统公共变量: latest_ais_data_raw
Pushed update from: 2020-12-28 05-39-00.csv (1365 ships)
Backend detection triggers: 11 queued, 2 coalesced
Processing file: 2020-12-28 05-39-30.csv...
已更新系统公共变量: latest_ais_data_raw
Pushed update from: 2020-12-28 05-39-30.csv (1230 ships)
Backend detection triggers: 13 queued, 0 coalesced
Processing file: 2020-12-28 05-40-00.csv...
已更新系统公共变量: latest_ais_data_raw
Pushed update from: 2020-12-28 05-40-00.csv (1335 ships)
Backend detection triggers: 11 queued, 2 coalesced
Processing file: 2020-12-28 05-40-30.csv...
已更新系统公共变量: latest_ais_data_raw
Pushed update from: 2020-12-28 05-40-30.csv (1224 ships)
Backend detection triggers: 12 queued, 1 coalesced
Processing file: 2020-12-28 05-41-00.csv...
已更新系统公共变量: latest_ais_data_raw
Pushed update from: 2020-12-28 05-41-00.csv (1361 ships)
Backend detection triggers: 12 queued, 1 coalesced
Processing file: 2020-12-28 05-41-30.csv...
已更新系统公共变量: latest_ais_data_raw
Pushed update from: 2020-12-28 05-41-30.csv (1248 ships)
Backend detection triggers: 11 queued, 2 coalesced
Processing file: 2020-12-28 05-42-00.csv...
已更新系统公共变量: latest_ais_data_raw
Pushed update from: 2020-12-28 05-42-00.csv (1363 ships)
Backend detection triggers: 13 queued, 0 coalesced
Processing file: 2020-12-28 05-42-30.csv...
已更新系统公共变量: latest_ais_data_raw
Pushed update from: 2020-12-28 05-42-30.csv (1228 ships)
Backend detection triggers: 11 queued, 2 coalesced
Processing file: 2020-12-28 05-43-00.csv...
已更新系统公共变量: latest_ais_data_raw
Pushed update from: 2020-12-28 05-43-00.csv (1334 ships)
Backend detection triggers: 11 queued, 2 coalesced
Processing file: 2020-12-28 05-43-30.csv...
已更新系统公共变量: latest_ais_data_raw
Pushed update from: 2020-12-28 05-43-30.csv (1220 ships)
Backend detection triggers: 12 queued, 1 coalesced
Processing file: 2020-12-28 05-44-00.csv...
已更新系统公共变量: latest_ais_data_raw
Pushed update from: 2020-12-28 05-44-00.csv (1357 ships)
Backend detection triggers: 12 queued, 1 coalesced
Processing file: 2020-12-28 05-44-30.csv...
已更新系统公共变量: latest_ais_data_raw
Pushed update from: 2020-12-28 05-44-30.csv (1246 ships)
Backend detection triggers: 11 queued, 2 coalesced
Processing file: 2020-12-28 05-45-00.csv...
已更新系统公共变量: latest_ais_data_raw
Pushed update from: 2020-12-28 05-45-00.csv (1363 ships)
Backend detection triggers: 13 queued, 0 coalesced
Processing file: 2020-12-28 05-45-30.csv...
已更新系统公共变量: latest_ais_data_raw
Pushed update from: 2020-12-28 05-45-30.csv (1228 ships)
Backend detection triggers: 11 queued, 2 coalesced
Processing file: 2020-12-28 05-46-00.csv...
已更新系统公共变量: latest_ais_data_raw
Pushed update from: 2020-12-28 05-46-00.csv (1333 ships)
Backend detection triggers: 11 queued, 2 coalesced
Processing file: 2020-12-28 05-46-30.csv...
已更新系统公共变量: latest_ais_data_raw
Pushed update from: 2020-12-28 05-46-30.csv (1219 ships)
Backend detection triggers: 13 queued, 0 coalesced
Processing file: 2020-12-28 05-47-00.csv...
已更新系统公共变量: latest_ais_data_raw
Pushed update from: 2020-12-28 05-47-00.csv (1355 ships)
Backend detection triggers: 11 queued, 2 coalesced
Processing file: 2020-12-28 05-47-30.csv...
已更新系统公共变量: latest_ais_data_raw
Pushed update from: 2020-12-28 05-47-30.csv (1245 ships)
Backend detection triggers: 11 queued, 2 coalesced
Processing file: 2020-12-28 05-48-00.csv...
已更新系统公共变量: latest_ais_data_raw
Pushed update from: 2020-12-28 05-48-00.csv (1362 ships)
Backend detection triggers: 13 queued, 0 coalesced
Processing file: 2020-12-28 05-48-30.csv...
已更新系统公共变量: latest_ais_data_raw
Pushed update from: 2020-12-28 05-48-30.csv (1231 ships)
Backend detection triggers: 11 queued, 2 coalesced
Processing file: 2020-12-28 05-49-00.csv...
已更新系统公共变量: latest_ais_data_raw
Pushed update from: 2020-12-28 05-49-00.csv (1335 ships)
Backend detection triggers: 12 queued, 1 coalesced
Processing file: 2020-12-28 05-49-30.csv...
已更新系统公共变量: latest_ais_data_raw
Pushed update from: 2020-12-28 05-49-30.csv (1219 ships)
Backend detection triggers: 12 queued, 1 coalesced
Processing file: 2020-12-28 05-50-00.csv...
已更新系统公共变量: latest_ais_data_raw
Pushed update from: 2020-12-28 05-50-00.csv (1350 ships)
Backend detection triggers: 11 queued, 2 coalesced
Processing file: 2020-12-28 05-50-30.csv...
已更新系统公共变量: latest_ais_data_raw
Pushed update from: 2020-12-28 05-50-30.csv (1237 ships)
Backend detection triggers: 11 queued, 2 coalesced
Processing file: 2020-12-28 05-51-00.csv...
已更新系统公共变量: latest_ais_data_raw
Pushed update from: 2020-12-28 05-51-00.csv (1351 ships)
Backend detection triggers: 12 queued, 1 coalesced
Processing file: 2020-12-28 05-51-30.csv...
已更新系统公共变量: latest_ais_data_raw
Pushed update from: 2020-12-28 05-51-30.csv (1226 ships)
Backend detection triggers: 11 queued, 2 coalesced
Processing file: 2020-12-28 05-52-00.csv...
已更新系统公共变量: latest_ais_data_raw
Pushed update from: 2020-12-28 05-52-00.csv (1332 ships)
Backend detection triggers: 13 queued, 0 coalesced
Processing file: 2020-12-28 05-52-30.csv...
已更新系统公共变量: latest_ais_data_raw
Pushed update from: 2020-12-28 05-52-30.csv (1223 ships)
Backend detection triggers: 11 queued, 2 coalesced
Processing file: 2020-12-28 05-53-00.csv...
已更新系统公共变量: latest_ais_data_raw
Pushed update from: 2020-12-28 05-53-00.csv (1347 ships)
Backend detection triggers: 11 queued, 2 coalesced
Processing file: 2020-12-28 05-53-30.csv...
已更新系统公共变量: latest_ais_data_raw
Pushed update from: 2020-12-28 05-53-30.csv (1234 ships)
Backend detection triggers: 12 queued, 1 coalesced
Processing file: 2020-12-28 05-54-00.csv...
已更新系统公共变量: latest_ais_data_raw
Pushed update from: 2020-12-28 05-54-00.csv (1348 ships)
Backend detection triggers: 12 queued, 1 coalesced
Processing file: 2020-12-28 05-54-30.csv...
已更新系统公共变量: latest_ais_data_raw
Pushed update from: 2020-12-28 05-54-30.csv (1221 ships)
Backend detection triggers: 11 queued, 2 coalesced
Processing file: 2020-12-28 05-55-00.csv...
已更新系统公共变量: latest_ais_data_raw
Pushed update from: 2020-12-28 05-55-00.csv (1325 ships)
Backend detection triggers: 11 queued, 2 coalesced
Processing file: 2020-12-28 05-55-30.csv...
已更新系统公共变量: latest_ais_data_raw
Pushed update from: 2020-12-28 05-55-30.csv (1212 ships)
Backend detection triggers: 12 queued, 1 coalesced
Processing file: 2020-12-28 05-56-00.csv...
已更新系统公共变量: latest_ais_data_raw
Pushed update from: 2020-12-28 05-56-00.csv (1337 ships)
Backend detection triggers: 11 queued, 2 coalesced
Processing file: 2020-12-28 05-56-30.csv...
已更新系统公共变量: latest_ais_data_raw
Pushed update from: 2020-12-28 05-56-30.csv (1226 ships)
Backend detection triggers: 12 queued, 1 coalesced
Processing file: 2020-12-28 05-57-00.csv...
已更新系统公共变量: latest_ais_data_raw
Pushed update from: 2020-12-28 05-57-00.csv (1338 ships)
Backend detection triggers: 12 queued, 1 coalesced
Processing file: 2020-12-28 05-57-30.csv...
已更新系统公共变量: latest_ais_data_raw
Pushed update from: 2020-12-28 05-57-30.csv (1213 ships)
Backend detection triggers: 11 queued, 2 coalesced
Processing file: 2020-12-28 05-58-00.csv...
已更新系统公共变量: latest_ais_data_raw
Pushed update from: 2020-12-28 05-58-00.csv (1314 ships)
Backend detection triggers: 13 queued, 0 coalesced
Processing file: 2020-12-28 05-58-30.csv...
已更新系统公共变量: latest_ais_data_raw
Pushed update from: 2020-12-28 05-58-30.csv (1205 ships)
Backend detection triggers: 11 queued, 2 coalesced
Processing file: 2020-12-28 05-59-00.csv...
已更新系统公共变量: latest_ais_data_raw
Pushed update from: 2020-12-28 05-59-00.csv (1333 ships)
Backend detection triggers: 12 queued, 1 coalesced
Processing file: 2020-12-28 05-59-30.csv...
已更新系统公共变量: latest_ais_data_raw
Pushed update from: 2020-12-28 05-59-30.csv (1223 ships)
Backend detection triggers: 12 queued, 1 coalesced
Processing file: 2020-12-28 06-00-00.csv...
已更新系统公共变量: latest_ais_data_raw
Pushed update from: 2020-12-28 06-00-00.csv (1335 ships)
Backend detection triggers: 11 queued, 2 coalesced
Processing file: 2020-12-28 06-00-30.csv...
已更新系统公共变量: latest_ais_data_raw
Pushed update from: 2020-12-28 06-00-30.csv (1210 ships)
Backend detection triggers: 12 queued, 1 coalesced
Processing file: 2020-12-28 06-01-00.csv...
已更新系统公共变量: latest_ais_data_raw
Pushed update from: 2020-12-28 06-01-00.csv (1305 ships)
Backend detection triggers: 12 queued, 1 coalesced
Processing file: 2020-12-28 06-01-30.csv...
已更新系统公共变量: latest_ais_data_raw
Pushed update from: 2020-12-28 06-01-30.csv (1196 ships)
Backend detection triggers: 11 queued, 2 coalesced
Processing file: 2020-12-28 06-02-00.csv...
已更新系统公共变量: latest_ais_data_raw
Pushed update from: 2020-12-28 06-02-00.csv (1323 ships)
Backend detection triggers: 12 queued, 1 coalesced
Processing file: 2020-12-28 06-02-30.csv...
已更新系统公共变量: latest_ais_data_raw
Pushed update from: 2020-12-28 06-02-30.csv (1209 ships)
Backend detection triggers: 12 queued, 1 coalesced
Processing file: 2020-12-28 06-03-00.csv...
已更新系统公共变量: latest_ais_data_raw
Pushed update from: 2020-12-28 06-03-00.csv (1320 ships)
Backend detection triggers: 11 queued, 2 coalesced
Processing file: 2020-12-28 06-03-30.csv...
已更新系统公共变量: latest_ais_data_raw
Pushed update from: 2020-12-28 06-03-30.csv (1201 ships)
Backend detection triggers: 12 queued, 1 coalesced
Processing file: 2020-12-28 06-04-00.csv...
已更新系统公共变量: latest_ais_data_raw
Pushed update from: 2020-12-28 06-04-00.csv (1297 ships)
Backend detection triggers: 12 queued, 1 coalesced
Processing file: 2020-12-28 06-04-30.csv...
已更新系统公共变量: latest_ais_data_raw
Pushed update from: 2020-12-28 06-04-30.csv (1189 ships)
Backend detection triggers: 11 queued, 2 coalesced
Processing file: 2020-12-28 06-05-00.csv...
已更新系统公共变量: latest_ais_data_raw
Pushed update from: 2020-12-28 06-05-00.csv (1319 ships)
Backend detection triggers: 12 queued, 1 coalesced
Processing file: 2020-12-28 06-05-30.csv...
已更新系统公共变量: latest_ais_data_raw
Pushed update from: 2020-12-28 06-05-30.csv (1208 ships)
Backend detection triggers: 12 queued, 1 coalesced
Processing file: 2020-12-28 06-06-00.csv...
已更新系统公共变量: latest_ais_data_raw
Pushed update from: 2020-12-28 06-06-00.csv (1316 ships)
Backend detection triggers: 11 queued, 2 coalesced
Processing file: 2020-12-28 06-06-30.csv...
已更新系统公共变量: latest_ais_data_raw
Pushed update from: 2020-12-28 06-06-30.csv (1196 ships)
Backend detection triggers: 12 queued, 1 coalesced
Processing file: 2020-12-28 06-07-00.csv...
已更新系统公共变量: latest_ais_data_raw
Pushed update from: 2020-12-28 06-07-00.csv (1287 ships)
Backend detection triggers: 12 queued, 1 coalesced
Processing file: 2020-12-28 06-07-30.csv...
已更新系统公共变量: latest_ais_data_raw
Pushed update from: 2020-12-28 06-07-30.csv (1179 ships)
Backend detection triggers: 11 queued, 2 coalesced
Processing file: 2020-12-28 06-08-00.csv...
已更新系统公共变量: latest_ais_data_raw
Pushed update from: 2020-12-28 06-08-00.csv (1305 ships)
Backend detection triggers: 12 queued, 1 coalesced
Processing file: 2020-12-28 06-08-30.csv...
已更新系统公共变量: latest_ais_data_raw
Pushed update from: 2020-12-28 06-08-30.csv (1196 ships)
Backend detection triggers: 12 queued, 1 coalesced
Processing file: 2020-12-28 06-09-00.csv...
已更新系统公共变量: latest_ais_data_raw
Pushed update from: 2020-12-28 06-09-00.csv (1306 ships)
Backend detection triggers: 12 queued, 1 coalesced
Processing file: 2020-12-28 06-09-30.csv...
已更新系统公共变量: latest_ais_data_raw
Pushed update from: 2020-12-28 06-09-30.csv (1192 ships)
Backend detection triggers: 12 queued, 1 coalesced
Processing file: 2020-12-28 06-10-00.csv...
已更新系统公共变量: latest_ais_data_raw
Pushed update from: 2020-12-28 06-10-00.csv (1281 ships)
Backend detection triggers: 11 queued, 2 coalesced
Processing file: 2020-12-28 06-10-30.csv...
已更新系统公共变量: latest_ais_data_raw
Pushed update from: 2020-12-28 06-10-30.csv (1175 ships)
Backend detection triggers: 12 queued, 1 coalesced
Processing file: 2020-12-28 06-11-00.csv...
已更新系统公共变量: latest_ais_data_raw
Pushed update from: 2020-12-28 06-11-00.csv (1303 ships)
Backend detection triggers: 12 queued, 1 coalesced
Processing file: 2020-12-28 06-11-30.csv...
已更新系统公共变量: latest_ais_data_raw
Pushed update from: 2020-12-28 06-11-30.csv (1191 ships)
Backend detection triggers: 11 queued, 2 coalesced
Processing file: 2020-12-28 06-12-00.csv...
已更新系统公共变量: latest_ais_data_raw
Pushed update from: 2020-12-28 06-12-00.csv (1297 ships)
Backend detection triggers: 12 queued, 1 coalesced
Processing file: 2020-12-28 06-12-30.csv...
已更新系统公共变量: latest_ais_data_raw
Pushed update from: 2020-12-28 06-12-30.csv (1188 ships)
Backend detection triggers: 12 queued, 1 coalesced
Processing file: 2020-12-28 06-13-00.csv...
已更新系统公共变量: latest_ais_data_raw
Pushed update from: 2020-12-28 06-13-00.csv (1279 ships)
Backend detection triggers: 11 queued, 2 coalesced
Processing file: 2020-12-28 06-13-30.csv...
已更新系统公共变量: latest_ais_data_raw
Pushed update from: 2020-12-28 06-13-30.csv (1175 ships)
Backend detection triggers: 12 queued, 1 coalesced
Processing file: 2020-12-28 06-14-00.csv...
已更新系统公共变量: latest_ais_data_raw
Pushed update from: 2020-12-28 06-14-00.csv (1302 ships)
Backend detection triggers: 12 queued, 1 coalesced
Processing file: 2020-12-28 06-14-30.csv...
已更新系统公共变量: latest_ais_data_raw
Pushed update from: 2020-12-28 06-14-30.csv (1192 ships)
Backend detection triggers: 12 queued, 1 coalesced
Processing file: 2020-12-28 06-15-00.csv...
已更新系统公共变量: latest_ais_data_raw
Pushed update from: 2020-12-28 06-15-00.csv (1297 ships)
Backend detection triggers: 12 queued, 1 coalesced
Processing file: 2020-12-28 06-15-30.csv...
已更新系统公共变量: latest_ais_data_raw
Pushed update from: 2020-12-28 06-15-30.csv (1182 ships)
Backend detection triggers: 11 queued, 2 coalesced
Processing file: 2020-12-28 06-16-00.csv...
已更新系统公共变量: latest_ais_data_raw
Pushed update from: 2020-12-28 06-16-00.csv (1271 ships)
Backend detection triggers: 12 queued, 1 coalesced
Processing file: 2020-12-28 06-16-30.csv...
已更新系统公共变量: latest_ais_data_raw
Pushed update from: 2020-12-28 06-16-30.csv (1174 ships)
Backend detection triggers: 12 queued, 1 coalesced
Processing file: 2020-12-28 06-17-00.csv...
已更新系统公共变量: latest_ais_data_raw
Pushed update from: 2020-12-28 06-17-00.csv (1298 ships)
Backend detection triggers: 12 queued, 1 coalesced
Processing file: 2020-12-28 06-17-30.csv...
已更新系统公共变量: latest_ais_data_raw
Pushed update from: 2020-12-28 06-17-30.csv (1193 ships)
Backend detection triggers: 11 queued, 2 coalesced
Processing file: 2020-12-28 06-18-00.csv...
已更新系统公共变量: latest_ais_data_raw
Pushed update from: 2020-12-28 06-18-00.csv (1297 ships)
Backend detection triggers: 13 queued, 0 coalesced
Processing file: 2020-12-28 06-18-30.csv...
已更新系统公共变量: latest_ais_data_raw
Pushed update from: 2020-12-28 06-18-30.csv (1186 ships)
Backend detection triggers: 13 queued, 0 coalesced
Processing file: 2020-12-28 06-19-00.csv...
已更新系统公共变量: latest_ais_data_raw
Pushed update from: 2020-12-28 06-19-00.csv (1273 ships)
Backend detection triggers: 13 queued, 0 coalesced
Processing file: 2020-12-28 06-19-30.csv...
已更新系统公共变量: latest_ais_data_raw
Pushed update from: 2020-12-28 06-19-30.csv (1176 ships)
Backend detection triggers: 11 queued, 2 coalesced
Processing file: 2020-12-28 06-20-00.csv...
已更新系统公共变量: latest_ais_data_raw
Pushed update from: 2020-12-28 06-20-00.csv (1301 ships)
Backend detection triggers: 12 queued, 1 coalesced
Processing file: 2020-12-28 06-20-30.csv...
已更新系统公共变量: latest_ais_data_raw
Pushed update from: 2020-12-28 06-20-30.csv (1195 ships)
Backend detection triggers: 12 queued, 1 coalesced
Processing file: 2020-12-28 06-21-00.csv...
已更新系统公共变量: latest_ais_data_raw
Pushed update from: 2020-12-28 06-21-00.csv (1292 ships)
Backend detection triggers: 12 queued, 1 coalesced
Processing file: 2020-12-28 06-21-30.csv...
已更新系统公共变量: latest_ais_data_raw
Pushed update from: 2020-12-28 06-21-30.csv (1179 ships)
Backend detection triggers: 12 queued, 1 coalesced
Processing file: 2020-12-28 06-22-00.csv...
已更新系统公共变量: latest_ais_data_raw
Pushed update from: 2020-12-28 06-22-00.csv (1264 ships)
Backend detection triggers: 11 queued, 2 coalesced
Processing file: 2020-12-28 06-22-30.csv...
已更新系统公共变量: latest_ais_data_raw
Pushed update from: 2020-12-28 06-22-30.csv (1165 ships)
Backend detection triggers: 12 queued, 1 coalesced
Processing file: 2020-12-28 06-23-00.csv...
已更新系统公共变量: latest_ais_data_raw
Pushed update from: 2020-12-28 06-23-00.csv (1284 ships)
Backend detection triggers: 12 queued, 1 coalesced
Processing file: 2020-12-28 06-23-30.csv...
已更新系统公共变量: latest_ais_data_raw
Pushed update from: 2020-12-28 06-23-30.csv (1181 ships)
Backend detection triggers: 11 queued, 2 coalesced
Processing file: 2020-12-28 06-24-00.csv...
已更新系统公共变量: latest_ais_data_raw
Pushed update from: 2020-12-28 06-24-00.csv (1279 ships)
Backend detection triggers: 12 queued, 1 coalesced
Processing file: 2020-12-28 06-24-30.csv...
已更新系统公共变量: latest_ais_data_raw
Pushed update from: 2020-12-28 06-24-30.csv (1169 ships)
Backend detection triggers: 12 queued, 1 coalesced
Processing file: 2020-12-28 06-25-00.csv...
已更新系统公共变量: latest_ais_data_raw
Pushed update from: 2020-12-28 06-25-00.csv (1252 ships)
Backend detection triggers: 11 queued, 2 coalesced
Processing file: 2020-12-28 06-25-30.csv...
已更新系统公共变量: latest_ais_data_raw
Pushed update from: 2020-12-28 06-25-30.csv (1148 ships)
Backend detection triggers: 11 queued, 2 coalesced
Processing file: 2020-12-28 06-26-00.csv...
已更新系统公共变量: latest_ais_data_raw
Pushed update from: 2020-12-28 06-26-00.csv (1268 ships)
Backend detection triggers: 12 queued, 1 coalesced
Processing file: 2020-12-28 06-26-30.csv...
已更新系统公共变量: latest_ais_data_raw
Pushed update from: 2020-12-28 06-26-30.csv (1165 ships)
Backend detection triggers: 11 queued, 2 coalesced
Processing file: 2020-12-28 06-27-00.csv...
已更新系统公共变量: latest_ais_data_raw
Pushed update from: 2020-12-28 06-27-00.csv (1259 ships)
Backend detection triggers: 12 queued, 1 coalesced
Processing file: 2020-12-28 06-27-30.csv...
已更新系统公共变量: latest_ais_data_raw
Pushed update from: 2020-12-28 06-27-30.csv (1152 ships)
Backend detection triggers: 12 queued, 1 coalesced
Processing file: 2020-12-28 06-28-00.csv...
已更新系统公共变量: latest_ais_data_raw
Pushed update from: 2020-12-28 06-28-00.csv (1239 ships)
Backend detection triggers: 12 queued, 1 coalesced
Processing file: 2020-12-28 06-28-30.csv...
已更新系统公共变量: latest_ais_data_raw
Pushed update from: 2020-12-28 06-28-30.csv (1144 ships)
Backend detection triggers: 12 queued, 1 coalesced
Processing file: 2020-12-28 06-29-00.csv...
已更新系统公共变量: latest_ais_data_raw
Pushed update from: 2020-12-28 06-29-00.csv (1263 ships)
Backend detection triggers: 11 queued, 2 coalesced
Processing file: 2020-12-28 06-29-30.csv...
已更新系统公共变量: latest_ais_data_raw
Pushed update from: 2020-12-28 06-29-30.csv (1162 ships)
Backend detection triggers: 12 queued, 1 coalesced
Processing file: 2020-12-28 06-30-00.csv...
已更新系统公共变量: latest_ais_data_raw
Pushed update from: 2020-12-28 06-30-00.csv (1258 ships)
Backend detection triggers: 12 queued, 1 coalesced
Processing file: 2020-12-28 06-30-30.csv...
已更新系统公共变量: latest_ais_data_raw
Pushed update from: 2020-12-28 06-30-30.csv (1152 ships)
Backend detection triggers: 12 queued, 1 coalesced
Processing file: 2020-12-28 06-31-00.csv...
已更新系统公共变量: latest_ais_data_raw
Pushed update from: 2020-12-28 06-31-00.csv (1237 ships)
Backend detection triggers: 12 queued, 1 coalesced
Processing file: 2020-12-28 06-31-30.csv...
已更新系统公共变量: latest_ais_data_raw
Pushed update from: 2020-12-28 06-31-30.csv (1139 ships)
Backend detection triggers: 12 queued, 1 coalesced
Processing file: 2020-12-28 06-32-00.csv...
已更新系统公共变量: latest_ais_data_raw
Pushed update from: 2020-12-28 06-32-00.csv (1255 ships)
Backend detection triggers: 12 queued, 1 coalesced
Processing file: 2020-12-28 06-32-30.csv...
已更新系统公共变量: latest_ais_data_raw
Pushed update from: 2020-12-28 06-32-30.csv (1153 ships)
Backend detection triggers: 11 queued, 2 coalesced
Processing file: 2020-12-28 06-33-00.csv...
已更新系统公共变量: latest_ais_data_raw
Pushed update from: 2020-12-28 06-33-00.csv (1254 ships)
Backend detection triggers: 12 queued, 1 coalesced
Processing file: 2020-12-28 06-33-30.csv...
已更新系统公共变量: latest_ais_data_raw
Pushed update from: 2020-12-28 06-33-30.csv (1149 ships)
Backend detection triggers: 12 queued, 1 coalesced
Processing file: 2020-12-28 06-34-00.csv...
已更新系统公共变量: latest_ais_data_raw
Pushed update from: 2020-12-28 06-34-00.csv (1236 ships)
Backend detection triggers: 12 queued, 1 coalesced
Processing file: 2020-12-28 06-34-30.csv...
已更新系统公共变量: latest_ais_data_raw
Pushed update from: 2020-12-28 06-34-30.csv (1139 ships)
Backend detection triggers: 12 queued, 1 coalesced
Processing file: 2020-12-28 06-35-00.csv...
已更新系统公共变量: latest_ais_data_raw
Pushed update from: 2020-12-28 06-35-00.csv (1255 ships)
Backend detection triggers: 12 queued, 1 coalesced
Processing file: 2020-12-28 06-35-30.csv...
已更新系统公共变量: latest_ais_data_raw
Pushed update from: 2020-12-28 06-35-30.csv (1148 ships)
Backend detection triggers: 11 queued, 2 coalesced
Processing file: 2020-12-28 06-36-00.csv...
已更新系统公共变量: latest_ais_data_raw
Pushed update from: 2020-12-28 06-36-00.csv (1247 ships)
Backend detection triggers: 12 queued, 1 coalesced
Processing file: 2020-12-28 06-36-30.csv...
已更新系统公共变量: latest_ais_data_raw
Pushed update from: 2020-12-28 06-36-30.csv (1145 ships)
Backend detection triggers: 12 queued, 1 coalesced
Processing file: 2020-12-28 06-37-00.csv...
已更新系统公共变量: latest_ais_data_raw
Pushed update from: 2020-12-28 06-37-00.csv (1229 ships)
Backend detection triggers: 12 queued, 1 coalesced
Processing file: 2020-12-28 06-37-30.csv...
已更新系统公共变量: latest_ais_data_raw
Pushed update from: 2020-12-28 06-37-30.csv (1138 ships)
Backend detection triggers: 12 queued, 1 coalesced
Processing file: 2020-12-28 06-38-00.csv...
已更新系统公共变量: latest_ais_data_raw
Pushed update from: 2020-12-28 06-38-00.csv (1248 ships)
Backend detection triggers: 12 queued, 1 coalesced
Processing file: 2020-12-28 06-38-30.csv...
已更新系统公共变量: latest_ais_data_raw
Pushed update from: 2020-12-28 06-38-30.csv (1140 ships)
Backend detection triggers: 11 queued, 2 coalesced
Processing file: 2020-12-28 06-39-00.csv...
已更新系统公共变量: latest_ais_data_raw
Pushed update from: 2020-12-28 06-39-00.csv (1238 ships)
Backend detection triggers: 12 queued, 1 coalesced
Processing file: 2020-12-28 06-39-30.csv...
已更新系统公共变量: latest_ais_data_raw
Pushed update from: 2020-12-28 06-39-30.csv (1135 ships)
Backend detection triggers: 12 queued, 1 coalesced
Processing file: 2020-12-28 06-40-00.csv...
已更新系统公共变量: latest_ais_data_raw
Pushed update from: 2020-12-28 06-40-00.csv (1221 ships)
Backend detection triggers: 12 queued, 1 coalesced
Processing file: 2020-12-28 06-40-30.csv...
已更新系统公共变量: latest_ais_data_raw
Pushed update from: 2020-12-28 06-40-30.csv (1125 ships)
Backend detection triggers: 12 queued, 1 coalesced
Processing file: 2020-12-28 06-41-00.csv...
已更新系统公共变量: latest_ais_data_raw
Pushed update from: 2020-12-28 06-41-00.csv (1229 ships)
Backend detection triggers: 12 queued, 1 coalesced
Processing file: 2020-12-28 06-41-30.csv...
已更新系统公共变量: latest_ais_data_raw
Pushed update from: 2020-12-28 06-41-30.csv (1127 ships)
Backend detection triggers: 12 queued, 1 coalesced
Processing file: 2020-12-28 06-42-00.csv...
已更新系统公共变量: latest_ais_data_raw
Pushed update from: 2020-12-28 06-42-00.csv (1218 ships)
Backend detection triggers: 12 queued, 1 coalesced
Processing file: 2020-12-28 06-42-30.csv...
已更新系统公共变量: latest_ais_data_raw
Pushed update from: 2020-12-28 06-42-30.csv (1119 ships)
Backend detection triggers: 11 queued, 2 coalesced
Processing file: 2020-12-28 06-43-00.csv...
已更新系统公共变量: latest_ais_data_raw
Pushed update from: 2020-12-28 06-43-00.csv (1209 ships)
Backend detection triggers: 13 queued, 0 coalesced
Processing file: 2020-12-28 06-43-30.csv...
已更新系统公共变量: latest_ais_data_raw
Pushed update from: 2020-12-28 06-43-30.csv (1119 ships)
Backend detection triggers: 10 queued, 3 coalesced
