Started detect-abnormalStaying worker (PID 11844)
Started detect-abnormalWandering worker (PID 11660)
Started detect-abnormalTransfer worker (PID 23156)
Started detect-blackList worker (PID 29672)
Started detect-collision worker (PID 29536)
Started detect-deviation worker (PID 28576)
Started detect-doubleDragging worker (PID 20704)
Started detect-CrossingBoundary worker (PID 27776)
Started detect-highSpeedBoat worker (PID 7640)
Started detect-illegalStaying worker (PID 16860)
Started detect-illegalAnchored worker (PID 28888)
Started detect-illegalBerthing worker (PID 15124)
Started detect-lowSpeedBoat worker (PID 28980)
Detection supervisor is monitoring 13 independent model processes.
Independent detection worker started: detect-abnormalStaying
Independent detection worker started: detect-highSpeedBoat
Independent detection worker started: detect-illegalStaying
Independent detection worker started: detect-abnormalWandering
Independent detection worker started: detect-CrossingBoundary
Independent detection worker started: detect-lowSpeedBoat
Independent detection worker started: detect-collision
Independent detection worker started: detect-deviation
Independent detection worker started: detect-illegalBerthing
Independent detection worker started: detect-illegalAnchored
Independent detection worker started: detect-abnormalTransfer
Independent detection worker started: detect-blackList
Independent detection worker started: detect-doubleDragging
detect-collision: succeeded in 0.03s
detect-CrossingBoundary: succeeded in 0.06s
detect-blackList: succeeded in 0.08s
detect-abnormalTransfer: succeeded in 0.08s
detect-illegalBerthing: succeeded in 0.08s
detect-illegalStaying: succeeded in 0.11s
detect-illegalAnchored: succeeded in 0.11s
detect-doubleDragging: succeeded in 0.56s
detect-abnormalWandering: succeeded in 0.78s
detect-abnormalStaying: succeeded in 0.80s
detect-lowSpeedBoat: succeeded in 0.89s
detect-collision: succeeded in 0.02s
detect-blackList: succeeded in 0.03s
detect-illegalBerthing: succeeded in 0.03s
detect-abnormalTransfer: succeeded in 0.05s
detect-CrossingBoundary: succeeded in 0.03s
detect-illegalStaying: succeeded in 0.05s
detect-illegalAnchored: succeeded in 0.05s
detect-doubleDragging: succeeded in 0.09s
detect-lowSpeedBoat: succeeded in 0.14s
detect-abnormalWandering: succeeded in 0.62s
detect-abnormalStaying: succeeded in 0.64s
detect-highSpeedBoat: succeeded in 1.91s
detect-highSpeedBoat: succeeded in 0.11s
detect-abnormalTransfer: succeeded in 0.03s
detect-blackList: succeeded in 0.05s
detect-illegalBerthing: succeeded in 0.03s
detect-CrossingBoundary: succeeded in 0.05s
detect-collision: succeeded in 0.06s
detect-illegalStaying: succeeded in 0.05s
detect-illegalAnchored: succeeded in 0.06s
detect-lowSpeedBoat: succeeded in 0.06s
detect-doubleDragging: succeeded in 0.12s
detect-highSpeedBoat: succeeded in 0.12s
detect-abnormalWandering: succeeded in 0.73s
detect-abnormalStaying: succeeded in 0.75s
detect-blackList: succeeded in 0.05s
detect-abnormalTransfer: succeeded in 0.05s
detect-collision: succeeded in 0.05s
detect-CrossingBoundary: succeeded in 0.05s
detect-illegalBerthing: succeeded in 0.03s
detect-illegalStaying: succeeded in 0.06s
detect-illegalAnchored: succeeded in 0.08s
detect-lowSpeedBoat: succeeded in 0.08s
detect-doubleDragging: succeeded in 0.14s
detect-highSpeedBoat: succeeded in 0.16s
detect-deviation: succeeded in 3.70s
detect-deviation: succeeded in 0.05s
detect-abnormalWandering: succeeded in 0.70s
detect-abnormalStaying: succeeded in 0.73s
detect-collision: succeeded in 0.02s
detect-blackList: succeeded in 0.03s
detect-abnormalTransfer: succeeded in 0.05s
detect-illegalAnchored: succeeded in 0.06s
detect-illegalStaying: succeeded in 0.06s
detect-lowSpeedBoat: succeeded in 0.09s
detect-highSpeedBoat: succeeded in 0.14s
detect-CrossingBoundary: succeeded in 0.14s
detect-illegalBerthing: succeeded in 0.16s
detect-deviation: succeeded in 0.17s
detect-doubleDragging: succeeded in 0.20s
detect-abnormalStaying: succeeded in 0.94s
detect-abnormalWandering: succeeded in 0.94s
detect-collision: succeeded in 0.03s
detect-abnormalTransfer: succeeded in 0.06s
detect-illegalAnchored: succeeded in 0.06s
detect-lowSpeedBoat: succeeded in 0.09s
detect-deviation: succeeded in 0.11s
detect-CrossingBoundary: succeeded in 0.16s
detect-illegalStaying: succeeded in 0.19s
detect-illegalBerthing: succeeded in 0.22s
detect-blackList: succeeded in 0.27s
detect-doubleDragging: succeeded in 0.33s
detect-highSpeedBoat: succeeded in 0.33s
detect-abnormalWandering: succeeded in 0.84s
detect-abnormalStaying: succeeded in 0.91s
detect-collision: succeeded in 0.02s
detect-CrossingBoundary: succeeded in 0.06s
detect-blackList: succeeded in 0.09s
detect-illegalAnchored: succeeded in 0.09s
detect-abnormalTransfer: succeeded in 0.09s
detect-illegalBerthing: succeeded in 0.08s
detect-illegalStaying: succeeded in 0.11s
detect-deviation: succeeded in 0.11s
detect-lowSpeedBoat: succeeded in 0.12s
detect-highSpeedBoat: succeeded in 0.22s
detect-doubleDragging: succeeded in 0.25s
detect-collision: succeeded in 0.03s
detect-blackList: succeeded in 0.03s
detect-CrossingBoundary: succeeded in 0.06s
detect-illegalStaying: succeeded in 0.06s
detect-illegalAnchored: succeeded in 0.08s
detect-illegalBerthing: succeeded in 0.11s
detect-deviation: succeeded in 0.16s
detect-abnormalTransfer: succeeded in 0.17s
detect-doubleDragging: succeeded in 0.27s
detect-highSpeedBoat: succeeded in 0.25s
detect-lowSpeedBoat: succeeded in 0.36s
detect-abnormalWandering: succeeded in 1.97s
detect-abnormalStaying: succeeded in 2.06s
detect-blackList: succeeded in 0.03s
detect-CrossingBoundary: succeeded in 0.05s
detect-abnormalTransfer: succeeded in 0.05s
detect-illegalBerthing: succeeded in 0.06s
detect-illegalStaying: succeeded in 0.06s
detect-collision: succeeded in 0.11s
detect-deviation: succeeded in 0.16s
detect-illegalAnchored: succeeded in 0.19s
detect-highSpeedBoat: succeeded in 0.19s
detect-doubleDragging: succeeded in 0.20s
detect-lowSpeedBoat: succeeded in 0.20s
detect-abnormalStaying: succeeded in 1.27s
detect-abnormalWandering: succeeded in 1.31s
detect-blackList: succeeded in 0.02s
detect-illegalBerthing: succeeded in 0.03s
detect-abnormalTransfer: succeeded in 0.06s
detect-CrossingBoundary: succeeded in 0.06s
detect-illegalStaying: succeeded in 0.08s
detect-collision: succeeded in 0.08s
detect-deviation: succeeded in 0.11s
detect-lowSpeedBoat: succeeded in 0.11s
detect-illegalAnchored: succeeded in 0.14s
detect-doubleDragging: succeeded in 0.14s
detect-highSpeedBoat: succeeded in 0.17s
detect-abnormalWandering: succeeded in 1.00s
detect-abnormalStaying: succeeded in 1.05s
detect-blackList: succeeded in 0.03s
detect-collision: succeeded in 0.03s
detect-abnormalTransfer: succeeded in 0.05s
detect-illegalBerthing: succeeded in 0.03s
detect-illegalStaying: succeeded in 0.06s
detect-deviation: succeeded in 0.17s
detect-CrossingBoundary: succeeded in 0.19s
detect-illegalAnchored: succeeded in 0.22s
detect-highSpeedBoat: succeeded in 0.30s
detect-lowSpeedBoat: succeeded in 0.33s
detect-abnormalStaying: succeeded in 0.97s
detect-doubleDragging: succeeded in 0.36s
detect-abnormalWandering: succeeded in 1.03s
detect-collision: succeeded in 0.02s
detect-abnormalTransfer: succeeded in 0.06s
detect-blackList: succeeded in 0.11s
detect-illegalBerthing: succeeded in 0.08s
detect-CrossingBoundary: succeeded in 0.11s
detect-illegalStaying: succeeded in 0.11s
detect-deviation: succeeded in 0.12s
detect-lowSpeedBoat: succeeded in 0.16s
detect-highSpeedBoat: succeeded in 0.24s
detect-doubleDragging: succeeded in 0.27s
detect-abnormalStaying: succeeded in 1.47s
detect-illegalAnchored: succeeded in 0.17s
detect-abnormalWandering: succeeded in 1.42s
detect-collision: succeeded in 0.01s
detect-CrossingBoundary: succeeded in 0.05s
detect-illegalBerthing: succeeded in 0.08s
detect-blackList: succeeded in 0.08s
detect-abnormalTransfer: succeeded in 0.11s
detect-deviation: succeeded in 0.12s
detect-illegalStaying: succeeded in 0.16s
detect-lowSpeedBoat: succeeded in 0.14s
detect-doubleDragging: succeeded in 0.23s
detect-highSpeedBoat: succeeded in 0.23s
detect-abnormalStaying: succeeded in 1.70s
detect-illegalAnchored: succeeded in 0.11s
detect-deviation: succeeded in 0.16s
detect-abnormalWandering: succeeded in 1.33s
detect-collision: succeeded in 0.01s
detect-blackList: succeeded in 0.03s
detect-illegalBerthing: succeeded in 0.02s
detect-abnormalTransfer: succeeded in 0.06s
detect-CrossingBoundary: succeeded in 0.06s
detect-illegalStaying: succeeded in 0.06s
detect-lowSpeedBoat: succeeded in 0.12s
detect-highSpeedBoat: succeeded in 0.20s
detect-doubleDragging: succeeded in 0.25s
detect-abnormalStaying: succeeded in 1.44s
detect-illegalAnchored: succeeded in 0.14s
detect-deviation: succeeded in 0.16s
detect-abnormalWandering: succeeded in 1.53s
detect-blackList: succeeded in 0.05s
detect-abnormalTransfer: succeeded in 0.05s
detect-illegalBerthing: succeeded in 0.03s
detect-illegalStaying: succeeded in 0.05s
detect-CrossingBoundary: succeeded in 0.08s
detect-collision: succeeded in 0.08s
detect-lowSpeedBoat: succeeded in 0.14s
detect-highSpeedBoat: succeeded in 0.20s
detect-doubleDragging: succeeded in 0.23s
detect-abnormalStaying: succeeded in 1.62s
detect-illegalAnchored: succeeded in 0.14s
detect-deviation: succeeded in 0.16s
detect-abnormalWandering: succeeded in 1.45s
detect-blackList: succeeded in 0.01s
detect-abnormalTransfer: succeeded in 0.03s
detect-illegalBerthing: succeeded in 0.03s
detect-illegalStaying: succeeded in 0.06s
detect-collision: succeeded in 0.06s
detect-CrossingBoundary: succeeded in 0.06s
detect-lowSpeedBoat: succeeded in 0.14s
detect-highSpeedBoat: succeeded in 0.22s
detect-doubleDragging: succeeded in 0.23s
detect-abnormalStaying: succeeded in 1.61s
detect-illegalAnchored: succeeded in 0.16s
detect-abnormalWandering: succeeded in 1.31s
detect-deviation: succeeded in 0.20s
detect-collision: succeeded in 0.03s
detect-blackList: succeeded in 0.03s
detect-illegalBerthing: succeeded in 0.03s
detect-abnormalTransfer: succeeded in 0.05s
detect-illegalStaying: succeeded in 0.06s
detect-CrossingBoundary: succeeded in 0.12s
detect-lowSpeedBoat: succeeded in 0.14s
detect-doubleDragging: succeeded in 0.23s
detect-highSpeedBoat: succeeded in 0.34s
detect-abnormalStaying: succeeded in 1.74s
detect-illegalAnchored: succeeded in 0.14s
detect-deviation: succeeded in 0.19s
detect-abnormalWandering: succeeded in 1.42s
detect-collision: succeeded in 0.02s
detect-blackList: succeeded in 0.06s
detect-illegalBerthing: succeeded in 0.06s
detect-abnormalTransfer: succeeded in 0.06s
detect-CrossingBoundary: succeeded in 0.08s
detect-illegalStaying: succeeded in 0.09s
detect-lowSpeedBoat: succeeded in 0.16s
detect-highSpeedBoat: succeeded in 0.28s
detect-doubleDragging: succeeded in 0.30s
detect-abnormalStaying: succeeded in 1.49s
detect-illegalAnchored: succeeded in 0.14s
detect-deviation: succeeded in 0.16s
detect-abnormalWandering: succeeded in 1.52s
detect-collision: succeeded in 0.03s
detect-blackList: succeeded in 0.05s
detect-illegalBerthing: succeeded in 0.05s
detect-abnormalTransfer: succeeded in 0.08s
detect-illegalStaying: succeeded in 0.06s
detect-CrossingBoundary: succeeded in 0.08s
detect-lowSpeedBoat: succeeded in 0.17s
detect-highSpeedBoat: succeeded in 0.24s
detect-doubleDragging: succeeded in 0.28s
detect-abnormalStaying: succeeded in 1.84s
detect-illegalAnchored: succeeded in 0.14s
detect-deviation: succeeded in 0.19s
detect-abnormalWandering: succeeded in 1.42s
detect-collision: succeeded in 0.03s
detect-blackList: succeeded in 0.03s
detect-abnormalTransfer: succeeded in 0.06s
detect-illegalBerthing: succeeded in 0.06s
detect-illegalStaying: succeeded in 0.09s
detect-CrossingBoundary: succeeded in 0.09s
detect-lowSpeedBoat: succeeded in 0.16s
detect-highSpeedBoat: succeeded in 0.25s
detect-doubleDragging: succeeded in 0.28s
detect-abnormalStaying: succeeded in 1.66s
detect-illegalAnchored: succeeded in 0.22s
detect-deviation: succeeded in 0.27s
detect-abnormalWandering: succeeded in 1.86s
detect-blackList: succeeded in 0.05s
detect-abnormalTransfer: succeeded in 0.06s
detect-illegalBerthing: succeeded in 0.03s
detect-illegalStaying: succeeded in 0.08s
detect-collision: succeeded in 0.08s
detect-CrossingBoundary: succeeded in 0.09s
detect-lowSpeedBoat: succeeded in 0.17s
detect-highSpeedBoat: succeeded in 0.34s
detect-doubleDragging: succeeded in 0.39s
detect-abnormalStaying: succeeded in 2.06s
detect-illegalAnchored: succeeded in 0.27s
detect-deviation: succeeded in 0.30s
detect-abnormalWandering: succeeded in 1.95s
detect-abnormalTransfer: succeeded in 0.03s
detect-illegalBerthing: succeeded in 0.03s
detect-collision: succeeded in 0.12s
detect-blackList: succeeded in 0.20s
detect-illegalStaying: succeeded in 0.28s
detect-CrossingBoundary: succeeded in 0.30s
detect-lowSpeedBoat: succeeded in 0.39s
detect-highSpeedBoat: succeeded in 0.48s
detect-doubleDragging: succeeded in 0.73s
detect-abnormalStaying: succeeded in 2.92s
detect-illegalAnchored: succeeded in 0.52s
detect-deviation: succeeded in 0.55s
detect-abnormalWandering: succeeded in 3.51s
detect-collision: succeeded in 0.06s
detect-blackList: succeeded in 0.17s
detect-illegalBerthing: succeeded in 0.16s
detect-abnormalTransfer: succeeded in 0.22s
detect-CrossingBoundary: succeeded in 0.20s
detect-illegalStaying: succeeded in 0.19s
detect-lowSpeedBoat: succeeded in 0.27s
detect-highSpeedBoat: succeeded in 0.44s
detect-doubleDragging: succeeded in 0.50s
detect-abnormalStaying: succeeded in 3.00s
detect-illegalAnchored: succeeded in 0.17s
detect-deviation: succeeded in 0.22s
detect-abnormalWandering: succeeded in 2.28s
detect-collision: succeeded in 0.03s
detect-blackList: succeeded in 0.03s
detect-illegalStaying: succeeded in 0.08s
detect-CrossingBoundary: succeeded in 0.09s
detect-abnormalTransfer: succeeded in 0.17s
detect-illegalBerthing: succeeded in 0.22s
detect-lowSpeedBoat: succeeded in 0.31s
detect-highSpeedBoat: succeeded in 0.49s
detect-doubleDragging: succeeded in 0.56s
detect-abnormalStaying: succeeded in 2.25s
detect-abnormalWandering: succeeded in 2.14s
detect-deviation: succeeded in 0.28s
detect-illegalAnchored: succeeded in 0.30s
detect-collision: succeeded in 0.03s
detect-blackList: succeeded in 0.05s
detect-abnormalTransfer: succeeded in 0.06s
detect-illegalBerthing: succeeded in 0.05s
detect-CrossingBoundary: succeeded in 0.12s
detect-illegalStaying: succeeded in 0.11s
detect-lowSpeedBoat: succeeded in 0.28s
detect-highSpeedBoat: succeeded in 0.38s
detect-doubleDragging: succeeded in 0.44s
detect-abnormalStaying: succeeded in 2.73s
detect-abnormalWandering: succeeded in 2.75s
detect-illegalAnchored: succeeded in 0.24s
detect-deviation: succeeded in 0.38s
detect-blackList: succeeded in 0.01s
detect-collision: succeeded in 0.01s
detect-abnormalTransfer: succeeded in 0.08s
detect-illegalBerthing: succeeded in 0.05s
detect-CrossingBoundary: succeeded in 0.20s
detect-lowSpeedBoat: succeeded in 0.38s
detect-illegalStaying: succeeded in 0.45s
detect-highSpeedBoat: succeeded in 0.72s
detect-doubleDragging: succeeded in 0.84s
detect-abnormalStaying: succeeded in 2.45s
detect-abnormalWandering: succeeded in 2.58s
detect-illegalAnchored: succeeded in 0.22s
detect-deviation: succeeded in 0.41s
detect-blackList: succeeded in 0.03s
detect-abnormalTransfer: succeeded in 0.05s
detect-illegalBerthing: succeeded in 0.05s
detect-illegalStaying: succeeded in 0.09s
detect-collision: succeeded in 0.14s
detect-CrossingBoundary: succeeded in 0.19s
detect-lowSpeedBoat: succeeded in 0.22s
detect-highSpeedBoat: succeeded in 0.36s
detect-doubleDragging: succeeded in 0.53s
detect-abnormalWandering: succeeded in 2.00s
detect-abnormalStaying: succeeded in 2.08s
detect-illegalAnchored: succeeded in 0.31s
detect-deviation: succeeded in 0.42s
detect-abnormalTransfer: succeeded in 0.03s
detect-illegalBerthing: succeeded in 0.03s
detect-collision: succeeded in 0.12s
detect-blackList: succeeded in 0.16s
detect-illegalStaying: succeeded in 0.20s
detect-CrossingBoundary: succeeded in 0.22s
detect-lowSpeedBoat: succeeded in 0.22s
detect-highSpeedBoat: succeeded in 0.52s
detect-doubleDragging: succeeded in 0.62s
detect-abnormalWandering: succeeded in 2.52s
detect-abnormalStaying: succeeded in 2.78s
detect-illegalAnchored: succeeded in 0.30s
detect-deviation: succeeded in 0.31s
detect-collision: succeeded in 0.03s
detect-blackList: succeeded in 0.14s
detect-abnormalTransfer: succeeded in 0.16s
detect-illegalBerthing: succeeded in 0.14s
detect-CrossingBoundary: succeeded in 0.20s
detect-illegalStaying: succeeded in 0.22s
detect-lowSpeedBoat: succeeded in 0.22s
detect-highSpeedBoat: succeeded in 0.38s
detect-doubleDragging: succeeded in 0.62s
detect-abnormalWandering: succeeded in 2.33s
detect-abnormalStaying: succeeded in 2.41s
detect-illegalAnchored: succeeded in 0.27s
detect-deviation: succeeded in 0.41s
detect-blackList: succeeded in 0.03s
detect-collision: succeeded in 0.03s
detect-abnormalTransfer: succeeded in 0.11s
detect-CrossingBoundary: succeeded in 0.09s
detect-illegalStaying: succeeded in 0.11s
detect-illegalBerthing: succeeded in 0.16s
detect-lowSpeedBoat: succeeded in 0.30s
detect-highSpeedBoat: succeeded in 0.50s
detect-doubleDragging: succeeded in 0.56s
detect-abnormalWandering: succeeded in 2.11s
detect-abnormalStaying: succeeded in 2.27s
detect-illegalAnchored: succeeded in 0.25s
detect-deviation: succeeded in 0.33s
detect-collision: succeeded in 0.03s
detect-blackList: succeeded in 0.05s
detect-illegalBerthing: succeeded in 0.05s
detect-abnormalTransfer: succeeded in 0.09s
detect-illegalStaying: succeeded in 0.12s
detect-CrossingBoundary: succeeded in 0.16s
detect-lowSpeedBoat: succeeded in 0.25s
detect-highSpeedBoat: succeeded in 0.45s
detect-doubleDragging: succeeded in 0.47s
detect-abnormalWandering: succeeded in 2.33s
detect-abnormalStaying: succeeded in 2.39s
detect-illegalAnchored: succeeded in 0.23s
detect-deviation: succeeded in 0.47s
detect-blackList: succeeded in 0.03s
detect-collision: succeeded in 0.03s
detect-illegalBerthing: succeeded in 0.06s
detect-abnormalTransfer: succeeded in 0.09s
detect-CrossingBoundary: succeeded in 0.08s
detect-illegalStaying: succeeded in 0.09s
detect-lowSpeedBoat: succeeded in 0.20s
detect-highSpeedBoat: succeeded in 0.34s
detect-doubleDragging: succeeded in 0.55s
detect-abnormalStaying: succeeded in 2.30s
detect-abnormalWandering: succeeded in 2.42s
detect-illegalAnchored: succeeded in 0.22s
detect-deviation: succeeded in 0.33s
detect-blackList: succeeded in 0.03s
detect-abnormalTransfer: succeeded in 0.06s
detect-illegalBerthing: succeeded in 0.05s
detect-illegalStaying: succeeded in 0.09s
detect-CrossingBoundary: succeeded in 0.09s
detect-collision: succeeded in 0.12s
detect-lowSpeedBoat: succeeded in 0.22s
detect-highSpeedBoat: succeeded in 0.38s
detect-abnormalWandering: succeeded in 2.08s
detect-doubleDragging: succeeded in 0.56s
detect-abnormalStaying: succeeded in 2.16s
detect-illegalAnchored: succeeded in 0.27s
detect-deviation: succeeded in 0.34s
detect-illegalBerthing: succeeded in 0.06s
detect-collision: succeeded in 0.09s
detect-abnormalTransfer: succeeded in 0.11s
detect-blackList: succeeded in 0.11s
detect-illegalStaying: succeeded in 0.14s
detect-CrossingBoundary: succeeded in 0.14s
detect-lowSpeedBoat: succeeded in 0.24s
detect-highSpeedBoat: succeeded in 0.38s
detect-doubleDragging: succeeded in 0.67s
detect-abnormalWandering: succeeded in 2.38s
detect-abnormalStaying: succeeded in 2.44s
detect-illegalAnchored: succeeded in 0.28s
detect-deviation: succeeded in 0.42s
detect-collision: succeeded in 0.05s
detect-illegalBerthing: succeeded in 0.11s
detect-blackList: succeeded in 0.12s
detect-abnormalTransfer: succeeded in 0.14s
detect-illegalStaying: succeeded in 0.12s
detect-CrossingBoundary: succeeded in 0.14s
detect-lowSpeedBoat: succeeded in 0.25s
detect-highSpeedBoat: succeeded in 0.34s
detect-abnormalStaying: succeeded in 2.20s
detect-abnormalWandering: succeeded in 2.20s
detect-doubleDragging: succeeded in 0.72s
detect-illegalAnchored: succeeded in 0.26s
detect-deviation: succeeded in 0.38s
detect-collision: succeeded in 0.05s
detect-blackList: succeeded in 0.05s
detect-illegalBerthing: succeeded in 0.06s
detect-abnormalTransfer: succeeded in 0.11s
detect-CrossingBoundary: succeeded in 0.09s
detect-illegalStaying: succeeded in 0.17s
detect-lowSpeedBoat: succeeded in 0.26s
detect-highSpeedBoat: succeeded in 0.45s
detect-abnormalStaying: succeeded in 2.23s
detect-abnormalWandering: succeeded in 2.25s
detect-doubleDragging: succeeded in 0.72s
detect-illegalAnchored: succeeded in 0.27s
detect-deviation: succeeded in 0.36s
detect-collision: succeeded in 0.03s
detect-blackList: succeeded in 0.05s
detect-illegalBerthing: succeeded in 0.05s
detect-abnormalTransfer: succeeded in 0.08s
detect-illegalStaying: succeeded in 0.09s
detect-CrossingBoundary: succeeded in 0.11s
detect-lowSpeedBoat: succeeded in 0.22s
detect-highSpeedBoat: succeeded in 0.36s
detect-doubleDragging: succeeded in 0.75s
detect-abnormalStaying: succeeded in 2.39s
detect-abnormalWandering: succeeded in 2.42s
detect-illegalAnchored: succeeded in 0.39s
detect-deviation: succeeded in 0.49s
detect-collision: succeeded in 0.03s
detect-blackList: succeeded in 0.05s
detect-illegalStaying: succeeded in 0.08s
detect-illegalBerthing: succeeded in 0.08s
detect-CrossingBoundary: succeeded in 0.09s
detect-abnormalTransfer: succeeded in 0.12s
detect-lowSpeedBoat: succeeded in 0.22s
detect-highSpeedBoat: succeeded in 0.33s
detect-abnormalWandering: succeeded in 2.25s
detect-abnormalStaying: succeeded in 2.27s
detect-doubleDragging: succeeded in 0.78s
detect-illegalAnchored: succeeded in 0.24s
detect-deviation: succeeded in 0.34s
detect-blackList: succeeded in 0.03s
detect-abnormalTransfer: succeeded in 0.08s
detect-collision: succeeded in 0.09s
detect-illegalBerthing: succeeded in 0.09s
detect-CrossingBoundary: succeeded in 0.11s
detect-illegalStaying: succeeded in 0.09s
detect-lowSpeedBoat: succeeded in 0.22s
detect-highSpeedBoat: succeeded in 0.39s
detect-abnormalWandering: succeeded in 2.19s
detect-doubleDragging: succeeded in 0.72s
detect-abnormalStaying: succeeded in 2.30s
detect-illegalAnchored: succeeded in 0.25s
detect-deviation: succeeded in 0.33s
detect-illegalBerthing: succeeded in 0.05s
detect-abnormalTransfer: succeeded in 0.08s
detect-blackList: succeeded in 0.09s
detect-collision: succeeded in 0.09s
detect-illegalStaying: succeeded in 0.09s
detect-CrossingBoundary: succeeded in 0.12s
detect-lowSpeedBoat: succeeded in 0.22s
detect-highSpeedBoat: succeeded in 0.36s
detect-doubleDragging: succeeded in 0.80s
detect-abnormalWandering: succeeded in 2.53s
detect-abnormalStaying: succeeded in 2.67s
detect-illegalAnchored: succeeded in 0.39s
detect-deviation: succeeded in 0.52s
detect-collision: succeeded in 0.02s
detect-abnormalTransfer: succeeded in 0.08s
detect-illegalBerthing: succeeded in 0.08s
detect-blackList: succeeded in 0.12s
detect-CrossingBoundary: succeeded in 0.14s
detect-illegalStaying: succeeded in 0.12s
detect-lowSpeedBoat: succeeded in 0.28s
detect-highSpeedBoat: succeeded in 0.44s
detect-abnormalStaying: succeeded in 2.33s
detect-doubleDragging: succeeded in 0.80s
detect-abnormalWandering: succeeded in 2.53s
detect-illegalAnchored: succeeded in 0.20s
detect-deviation: succeeded in 0.39s
detect-collision: succeeded in 0.03s
detect-blackList: succeeded in 0.03s
detect-abnormalTransfer: succeeded in 0.06s
detect-illegalBerthing: succeeded in 0.05s
detect-CrossingBoundary: succeeded in 0.11s
detect-illegalStaying: succeeded in 0.11s
detect-lowSpeedBoat: succeeded in 0.24s
detect-highSpeedBoat: succeeded in 0.39s
detect-abnormalWandering: succeeded in 2.38s
detect-doubleDragging: succeeded in 0.81s
detect-abnormalStaying: succeeded in 2.44s
detect-illegalAnchored: succeeded in 0.28s
detect-deviation: succeeded in 0.41s
detect-collision: succeeded in 0.03s
detect-blackList: succeeded in 0.05s
detect-abnormalTransfer: succeeded in 0.06s
detect-illegalBerthing: succeeded in 0.05s
detect-illegalStaying: succeeded in 0.09s
detect-CrossingBoundary: succeeded in 0.09s
detect-lowSpeedBoat: succeeded in 0.25s
detect-highSpeedBoat: succeeded in 0.34s
detect-doubleDragging: succeeded in 0.73s
detect-abnormalWandering: succeeded in 2.48s
detect-abnormalStaying: succeeded in 2.52s
detect-illegalAnchored: succeeded in 0.31s
detect-deviation: succeeded in 0.47s
detect-blackList: succeeded in 0.03s
detect-collision: succeeded in 0.03s
detect-abnormalTransfer: succeeded in 0.08s
detect-CrossingBoundary: succeeded in 0.09s
detect-illegalStaying: succeeded in 0.12s
detect-illegalBerthing: succeeded in 0.12s
detect-lowSpeedBoat: succeeded in 0.33s
detect-highSpeedBoat: succeeded in 0.42s
detect-abnormalWandering: succeeded in 2.31s
detect-abnormalStaying: succeeded in 2.42s
detect-doubleDragging: succeeded in 0.84s
detect-illegalAnchored: succeeded in 0.28s
detect-deviation: succeeded in 0.39s
detect-blackList: succeeded in 0.03s
detect-collision: succeeded in 0.05s
detect-illegalBerthing: succeeded in 0.05s
detect-abnormalTransfer: succeeded in 0.08s
detect-illegalStaying: succeeded in 0.11s
detect-CrossingBoundary: succeeded in 0.11s
detect-lowSpeedBoat: succeeded in 0.22s
detect-highSpeedBoat: succeeded in 0.38s
detect-abnormalStaying: succeeded in 2.34s
detect-abnormalWandering: succeeded in 2.44s
detect-doubleDragging: succeeded in 0.86s
detect-illegalAnchored: succeeded in 0.24s
detect-deviation: succeeded in 0.34s
detect-illegalBerthing: succeeded in 0.05s
detect-abnormalTransfer: succeeded in 0.08s
detect-blackList: succeeded in 0.08s
detect-collision: succeeded in 0.11s
detect-CrossingBoundary: succeeded in 0.09s
detect-illegalStaying: succeeded in 0.11s
detect-lowSpeedBoat: succeeded in 0.30s
detect-highSpeedBoat: succeeded in 0.38s
detect-doubleDragging: succeeded in 0.78s
detect-abnormalWandering: succeeded in 2.56s
detect-abnormalStaying: succeeded in 2.78s
detect-illegalAnchored: succeeded in 0.26s
detect-deviation: succeeded in 0.42s
detect-collision: succeeded in 0.02s
detect-blackList: succeeded in 0.06s
detect-abnormalTransfer: succeeded in 0.09s
detect-illegalBerthing: succeeded in 0.08s
detect-illegalStaying: succeeded in 0.09s
detect-CrossingBoundary: succeeded in 0.09s
detect-lowSpeedBoat: succeeded in 0.25s
detect-highSpeedBoat: succeeded in 0.41s
detect-abnormalStaying: succeeded in 2.44s
detect-abnormalWandering: succeeded in 2.50s
detect-doubleDragging: succeeded in 0.89s
detect-illegalAnchored: succeeded in 0.23s
detect-deviation: succeeded in 0.52s
detect-collision: succeeded in 0.03s
detect-blackList: succeeded in 0.05s
detect-abnormalTransfer: succeeded in 0.08s
detect-illegalBerthing: succeeded in 0.14s
detect-illegalStaying: succeeded in 0.16s
detect-CrossingBoundary: succeeded in 0.16s
detect-lowSpeedBoat: succeeded in 0.28s
detect-highSpeedBoat: succeeded in 0.44s
detect-doubleDragging: succeeded in 0.95s
detect-abnormalWandering: succeeded in 2.75s
detect-abnormalStaying: succeeded in 2.88s
detect-illegalAnchored: succeeded in 0.28s
detect-deviation: succeeded in 0.47s
detect-collision: succeeded in 0.03s
detect-blackList: succeeded in 0.03s
detect-illegalBerthing: succeeded in 0.05s
detect-abnormalTransfer: succeeded in 0.06s
detect-illegalStaying: succeeded in 0.11s
detect-CrossingBoundary: succeeded in 0.16s
detect-lowSpeedBoat: succeeded in 0.39s
detect-highSpeedBoat: succeeded in 0.53s
detect-doubleDragging: succeeded in 0.97s
detect-abnormalWandering: succeeded in 2.83s
detect-abnormalStaying: succeeded in 2.94s
detect-illegalAnchored: succeeded in 0.30s
detect-deviation: succeeded in 0.38s
detect-blackList: succeeded in 0.03s
detect-collision: succeeded in 0.03s
detect-abnormalTransfer: succeeded in 0.05s
detect-illegalBerthing: succeeded in 0.05s
detect-illegalStaying: succeeded in 0.09s
detect-CrossingBoundary: succeeded in 0.16s
detect-lowSpeedBoat: succeeded in 0.25s
detect-highSpeedBoat: succeeded in 0.44s
detect-doubleDragging: succeeded in 0.98s
detect-abnormalWandering: succeeded in 2.61s
detect-abnormalStaying: succeeded in 2.61s
detect-illegalAnchored: succeeded in 0.22s
detect-deviation: succeeded in 0.41s
detect-blackList: succeeded in 0.01s
detect-illegalBerthing: succeeded in 0.05s
detect-abnormalTransfer: succeeded in 0.08s
detect-illegalStaying: succeeded in 0.09s
detect-collision: succeeded in 0.11s
detect-CrossingBoundary: succeeded in 0.12s
detect-lowSpeedBoat: succeeded in 0.28s
detect-abnormalWandering: succeeded in 2.47s
detect-highSpeedBoat: succeeded in 0.42s
detect-doubleDragging: succeeded in 1.00s
detect-abnormalStaying: succeeded in 2.62s
detect-illegalAnchored: succeeded in 0.33s
detect-deviation: succeeded in 0.47s
detect-abnormalWandering: succeeded in 2.30s
detect-illegalBerthing: succeeded in 0.05s
detect-abnormalTransfer: succeeded in 0.06s
detect-collision: succeeded in 0.09s
detect-blackList: succeeded in 0.11s
detect-illegalStaying: succeeded in 0.11s
detect-CrossingBoundary: succeeded in 0.12s
detect-lowSpeedBoat: succeeded in 0.25s
detect-abnormalStaying: succeeded in 2.50s
detect-highSpeedBoat: succeeded in 0.41s
detect-doubleDragging: succeeded in 0.95s
detect-illegalAnchored: succeeded in 0.27s
detect-deviation: succeeded in 0.36s
detect-abnormalWandering: succeeded in 2.39s
detect-abnormalStaying: succeeded in 2.38s
detect-collision: succeeded in 0.01s
detect-illegalStaying: succeeded in 0.11s
detect-illegalBerthing: succeeded in 0.09s
detect-abnormalTransfer: succeeded in 0.12s
detect-blackList: succeeded in 0.12s
detect-CrossingBoundary: succeeded in 0.12s
detect-lowSpeedBoat: succeeded in 0.27s
detect-highSpeedBoat: succeeded in 0.47s
detect-doubleDragging: succeeded in 0.95s
detect-illegalAnchored: succeeded in 0.30s
detect-abnormalWandering: succeeded in 2.75s
detect-deviation: succeeded in 0.41s
detect-abnormalStaying: succeeded in 2.47s
detect-blackList: succeeded in 0.05s
detect-collision: succeeded in 0.05s
detect-illegalStaying: succeeded in 0.06s
detect-CrossingBoundary: succeeded in 0.09s
detect-illegalBerthing: succeeded in 0.09s
detect-abnormalTransfer: succeeded in 0.16s
detect-lowSpeedBoat: succeeded in 0.31s
detect-highSpeedBoat: succeeded in 0.42s
detect-doubleDragging: succeeded in 1.03s
detect-abnormalWandering: succeeded in 2.39s
detect-abnormalStaying: succeeded in 4.30s
detect-illegalAnchored: succeeded in 0.81s
detect-deviation: succeeded in 1.01s
detect-blackList: succeeded in 0.03s
detect-abnormalTransfer: succeeded in 0.06s
detect-highSpeedBoat: succeeded in 0.59s
detect-doubleDragging: succeeded in 2.00s
detect-collision: succeeded in 0.06s
detect-illegalBerthing: succeeded in 0.12s
detect-CrossingBoundary: succeeded in 0.22s
detect-illegalStaying: succeeded in 0.28s
detect-abnormalWandering: succeeded in 4.55s
detect-lowSpeedBoat: succeeded in 0.36s
detect-illegalAnchored: succeeded in 0.42s
detect-abnormalStaying: succeeded in 4.59s
detect-deviation: succeeded in 0.56s
detect-blackList: succeeded in 0.03s
detect-abnormalTransfer: succeeded in 0.30s
detect-highSpeedBoat: succeeded in 0.89s
detect-doubleDragging: succeeded in 1.52s
detect-collision: succeeded in 0.03s
detect-CrossingBoundary: succeeded in 0.22s
detect-illegalBerthing: succeeded in 0.19s
detect-illegalStaying: succeeded in 0.27s
detect-illegalAnchored: succeeded in 0.47s
detect-lowSpeedBoat: succeeded in 0.48s
detect-deviation: succeeded in 0.76s
detect-abnormalStaying: succeeded in 4.00s
detect-abnormalWandering: succeeded in 4.58s
detect-blackList: succeeded in 0.03s
detect-abnormalTransfer: succeeded in 0.17s
detect-highSpeedBoat: succeeded in 0.70s
detect-doubleDragging: succeeded in 1.56s
detect-illegalBerthing: succeeded in 0.11s
detect-CrossingBoundary: succeeded in 0.14s
detect-collision: succeeded in 0.16s
detect-illegalStaying: succeeded in 0.17s
detect-illegalAnchored: succeeded in 0.30s
detect-lowSpeedBoat: succeeded in 0.47s
detect-deviation: succeeded in 0.53s
detect-abnormalStaying: succeeded in 3.12s
detect-abnormalWandering: succeeded in 3.26s
detect-abnormalTransfer: succeeded in 0.22s
detect-blackList: succeeded in 0.28s
detect-highSpeedBoat: succeeded in 0.91s
detect-doubleDragging: succeeded in 1.22s
detect-illegalBerthing: succeeded in 0.06s
detect-collision: succeeded in 0.26s
detect-CrossingBoundary: succeeded in 0.30s
detect-illegalStaying: succeeded in 0.45s
detect-lowSpeedBoat: succeeded in 0.55s
detect-deviation: succeeded in 0.59s
detect-illegalAnchored: succeeded in 0.99s
detect-abnormalStaying: succeeded in 5.95s
detect-abnormalWandering: succeeded in 5.81s
detect-collision: succeeded in 0.03s
detect-CrossingBoundary: succeeded in 1.12s
detect-illegalStaying: succeeded in 1.23s
detect-deviation: succeeded in 1.59s
detect-illegalAnchored: succeeded in 1.66s
detect-abnormalTransfer: succeeded in 0.42s
detect-lowSpeedBoat: succeeded in 2.73s
detect-blackList: succeeded in 0.83s
detect-illegalBerthing: succeeded in 0.83s
detect-highSpeedBoat: succeeded in 2.31s
detect-doubleDragging: succeeded in 4.76s
detect-collision: succeeded in 0.05s
detect-illegalStaying: succeeded in 0.25s
detect-CrossingBoundary: succeeded in 0.25s
detect-abnormalWandering: succeeded in 6.86s
detect-illegalAnchored: succeeded in 0.44s
detect-abnormalStaying: succeeded in 5.86s
detect-lowSpeedBoat: succeeded in 0.69s
detect-deviation: succeeded in 1.02s
detect-collision: succeeded in 0.06s
detect-blackList: succeeded in 0.14s
detect-illegalBerthing: succeeded in 1.91s
detect-highSpeedBoat: succeeded in 2.98s
detect-abnormalStaying: succeeded in 6.23s
detect-doubleDragging: succeeded in 6.94s
detect-illegalBerthing: succeeded in 0.22s
detect-lowSpeedBoat: succeeded in 1.14s
detect-highSpeedBoat: succeeded in 1.41s
detect-abnormalWandering: succeeded in 10.38s
detect-blackList: succeeded in 0.05s
detect-collision: succeeded in 0.03s
detect-doubleDragging: succeeded in 3.47s
detect-illegalBerthing: succeeded in 0.33s
detect-abnormalTransfer: succeeded in 0.66s
detect-lowSpeedBoat: succeeded in 0.97s
detect-highSpeedBoat: succeeded in 1.00s
detect-blackList: succeeded in 0.03s
detect-CrossingBoundary: succeeded in 0.16s
detect-illegalStaying: succeeded in 0.17s
detect-illegalAnchored: succeeded in 0.36s
detect-deviation: succeeded in 0.75s
detect-abnormalStaying: succeeded in 7.34s
detect-doubleDragging: succeeded in 1.61s
detect-illegalBerthing: succeeded in 0.09s
detect-abnormalTransfer: succeeded in 0.16s
detect-abnormalWandering: succeeded in 6.42s
detect-collision: succeeded in 0.33s
detect-lowSpeedBoat: succeeded in 0.47s
detect-highSpeedBoat: succeeded in 0.66s
detect-blackList: succeeded in 0.05s
detect-illegalStaying: succeeded in 0.11s
detect-CrossingBoundary: succeeded in 0.14s
detect-illegalAnchored: succeeded in 0.36s
detect-deviation: succeeded in 1.62s
detect-abnormalStaying: succeeded in 4.94s
detect-illegalBerthing: succeeded in 0.20s
detect-collision: succeeded in 0.67s
detect-abnormalTransfer: succeeded in 0.70s
detect-abnormalWandering: succeeded in 5.50s
detect-lowSpeedBoat: succeeded in 3.23s
detect-collision: succeeded in 0.03s
detect-abnormalTransfer: succeeded in 0.24s
detect-doubleDragging: succeeded in 6.80s
detect-illegalStaying: succeeded in 0.51s
detect-illegalBerthing: succeeded in 0.44s
detect-deviation: succeeded in 1.23s
detect-highSpeedBoat: succeeded in 4.59s
detect-CrossingBoundary: succeeded in 0.42s
detect-blackList: succeeded in 1.01s
detect-abnormalWandering: succeeded in 6.61s
detect-illegalAnchored: succeeded in 2.12s
detect-doubleDragging: succeeded in 4.50s
detect-lowSpeedBoat: succeeded in 3.14s
detect-abnormalStaying: succeeded in 8.45s
detect-abnormalTransfer: succeeded in 0.08s
detect-deviation: succeeded in 2.53s
detect-collision: succeeded in 0.05s
detect-illegalStaying: succeeded in 0.95s
detect-abnormalTransfer: succeeded in 1.00s
detect-illegalBerthing: succeeded in 1.61s
detect-highSpeedBoat: succeeded in 4.73s
detect-doubleDragging: succeeded in 5.23s
detect-illegalAnchored: succeeded in 2.34s
detect-abnormalWandering: succeeded in 7.16s
detect-collision: succeeded in 0.11s
detect-lowSpeedBoat: succeeded in 3.61s
detect-blackList: succeeded in 0.45s
detect-CrossingBoundary: succeeded in 0.45s
detect-illegalStaying: succeeded in 0.94s
detect-abnormalStaying: succeeded in 7.80s
detect-deviation: succeeded in 1.09s
detect-highSpeedBoat: succeeded in 1.22s
detect-blackList: succeeded in 0.05s
detect-illegalBerthing: succeeded in 0.11s
detect-abnormalTransfer: succeeded in 0.45s
detect-illegalAnchored: succeeded in 0.42s
detect-doubleDragging: succeeded in 4.51s
detect-lowSpeedBoat: succeeded in 0.91s
detect-collision: succeeded in 0.14s
detect-illegalStaying: succeeded in 0.23s
detect-CrossingBoundary: succeeded in 0.39s
detect-abnormalStaying: succeeded in 4.12s
detect-deviation: succeeded in 0.91s
detect-abnormalWandering: succeeded in 5.89s
detect-highSpeedBoat: succeeded in 1.69s
detect-blackList: succeeded in 0.06s
detect-abnormalTransfer: succeeded in 0.19s
detect-illegalBerthing: succeeded in 0.17s
detect-doubleDragging: succeeded in 3.61s
detect-illegalAnchored: succeeded in 0.33s
detect-lowSpeedBoat: succeeded in 0.81s
detect-collision: succeeded in 0.20s
detect-illegalStaying: succeeded in 0.16s
detect-CrossingBoundary: succeeded in 0.34s
detect-highSpeedBoat: succeeded in 0.61s
detect-deviation: succeeded in 0.76s
detect-abnormalWandering: succeeded in 4.34s
detect-abnormalStaying: succeeded in 4.72s
detect-blackList: succeeded in 0.05s
detect-abnormalTransfer: succeeded in 0.20s
detect-doubleDragging: succeeded in 4.12s
detect-illegalAnchored: succeeded in 0.34s
detect-illegalBerthing: succeeded in 0.41s
detect-lowSpeedBoat: succeeded in 0.52s
detect-collision: succeeded in 0.03s
detect-illegalStaying: succeeded in 0.34s
detect-CrossingBoundary: succeeded in 0.48s
detect-doubleDragging: succeeded in 2.42s
detect-deviation: succeeded in 0.84s
detect-abnormalStaying: succeeded in 4.98s
detect-highSpeedBoat: succeeded in 2.25s
detect-blackList: succeeded in 0.03s
detect-illegalBerthing: succeeded in 0.14s
detect-abnormalTransfer: succeeded in 0.19s
detect-illegalAnchored: succeeded in 0.34s
detect-lowSpeedBoat: succeeded in 0.66s
detect-collision: succeeded in 0.03s
detect-abnormalWandering: succeeded in 7.59s
detect-illegalStaying: succeeded in 0.17s
detect-CrossingBoundary: succeeded in 0.19s
detect-doubleDragging: succeeded in 3.09s
detect-deviation: succeeded in 1.36s
detect-highSpeedBoat: succeeded in 2.14s
detect-blackList: succeeded in 0.38s
detect-abnormalTransfer: succeeded in 0.39s
detect-illegalBerthing: succeeded in 0.34s
detect-illegalAnchored: succeeded in 0.56s
detect-lowSpeedBoat: succeeded in 0.91s
detect-abnormalWandering: succeeded in 5.91s
detect-blackList: succeeded in 0.58s
detect-abnormalTransfer: succeeded in 0.66s
detect-illegalAnchored: succeeded in 0.70s
detect-illegalBerthing: succeeded in 0.44s
detect-deviation: succeeded in 2.14s
detect-collision: succeeded in 0.05s
detect-lowSpeedBoat: succeeded in 2.67s
detect-CrossingBoundary: succeeded in 0.19s
detect-doubleDragging: succeeded in 6.97s
detect-highSpeedBoat: succeeded in 5.14s
detect-illegalStaying: succeeded in 2.61s
detect-collision: succeeded in 0.03s
detect-illegalAnchored: succeeded in 0.39s
detect-illegalStaying: succeeded in 0.53s
detect-lowSpeedBoat: succeeded in 0.59s
detect-CrossingBoundary: succeeded in 0.69s
detect-abnormalWandering: succeeded in 7.24s
detect-deviation: succeeded in 0.86s
detect-abnormalStaying: succeeded in 16.28s
detect-doubleDragging: succeeded in 5.69s
detect-blackList: succeeded in 0.05s
detect-illegalBerthing: succeeded in 0.31s
detect-highSpeedBoat: succeeded in 3.05s
detect-abnormalTransfer: succeeded in 0.51s
detect-collision: succeeded in 0.26s
detect-abnormalWandering: succeeded in 4.72s
detect-illegalAnchored: succeeded in 0.31s
detect-illegalStaying: succeeded in 0.38s
detect-abnormalStaying: succeeded in 4.52s
detect-deviation: succeeded in 0.74s
detect-CrossingBoundary: succeeded in 0.84s
detect-lowSpeedBoat: succeeded in 0.86s
detect-highSpeedBoat: succeeded in 1.14s
detect-doubleDragging: succeeded in 4.39s
detect-blackList: succeeded in 0.01s
detect-abnormalTransfer: succeeded in 0.11s
detect-illegalBerthing: succeeded in 0.11s
detect-CrossingBoundary: succeeded in 0.16s
detect-collision: succeeded in 0.17s
detect-illegalStaying: succeeded in 0.19s
detect-illegalAnchored: succeeded in 0.26s
detect-abnormalWandering: succeeded in 3.97s
detect-lowSpeedBoat: succeeded in 0.42s
detect-doubleDragging: succeeded in 2.59s
detect-deviation: succeeded in 0.69s
detect-highSpeedBoat: succeeded in 0.91s
detect-abnormalStaying: succeeded in 5.02s
detect-blackList: succeeded in 0.02s
detect-illegalBerthing: succeeded in 0.50s
detect-abnormalTransfer: succeeded in 0.70s
detect-collision: succeeded in 0.03s
detect-CrossingBoundary: succeeded in 0.31s
detect-illegalStaying: succeeded in 0.27s
detect-illegalAnchored: succeeded in 0.45s
detect-lowSpeedBoat: succeeded in 0.56s
detect-deviation: succeeded in 0.81s
detect-highSpeedBoat: succeeded in 1.31s
detect-abnormalWandering: succeeded in 5.11s
detect-doubleDragging: succeeded in 3.98s
detect-blackList: succeeded in 0.03s
detect-illegalBerthing: succeeded in 0.14s
detect-abnormalTransfer: succeeded in 0.23s
detect-abnormalStaying: succeeded in 4.64s
detect-collision: succeeded in 0.05s
detect-illegalStaying: succeeded in 0.12s
detect-CrossingBoundary: succeeded in 0.16s
detect-illegalAnchored: succeeded in 0.34s
detect-lowSpeedBoat: succeeded in 0.39s
detect-deviation: succeeded in 0.69s
detect-doubleDragging: succeeded in 2.70s
detect-highSpeedBoat: succeeded in 1.17s
detect-abnormalWandering: succeeded in 4.39s
detect-abnormalTransfer: succeeded in 0.08s
detect-blackList: succeeded in 0.44s
detect-illegalBerthing: succeeded in 0.69s
detect-collision: succeeded in 0.02s
detect-CrossingBoundary: succeeded in 0.22s
detect-illegalStaying: succeeded in 0.38s
detect-abnormalStaying: succeeded in 6.23s
detect-illegalAnchored: succeeded in 0.99s
detect-doubleDragging: succeeded in 3.50s
detect-lowSpeedBoat: succeeded in 1.14s
detect-deviation: succeeded in 1.19s
detect-highSpeedBoat: succeeded in 2.52s
detect-blackList: succeeded in 0.36s
detect-abnormalTransfer: succeeded in 0.42s
detect-abnormalWandering: succeeded in 5.88s
detect-illegalBerthing: succeeded in 0.59s
detect-collision: succeeded in 0.05s
detect-illegalStaying: succeeded in 0.33s
detect-CrossingBoundary: succeeded in 0.83s
detect-illegalAnchored: succeeded in 0.72s
detect-deviation: succeeded in 1.31s
detect-lowSpeedBoat: succeeded in 1.22s
detect-abnormalStaying: succeeded in 6.95s
detect-blackList: succeeded in 0.05s
detect-doubleDragging: succeeded in 4.70s
detect-illegalBerthing: succeeded in 0.08s
detect-abnormalTransfer: succeeded in 0.36s
detect-highSpeedBoat: succeeded in 3.75s
detect-abnormalWandering: succeeded in 5.78s
detect-illegalAnchored: succeeded in 0.36s
detect-CrossingBoundary: succeeded in 0.53s
detect-collision: succeeded in 0.59s
detect-illegalStaying: succeeded in 0.61s
detect-deviation: succeeded in 1.00s
detect-lowSpeedBoat: succeeded in 0.97s
detect-blackList: succeeded in 0.05s
detect-abnormalTransfer: succeeded in 0.12s
detect-illegalBerthing: succeeded in 0.11s
detect-highSpeedBoat: succeeded in 3.52s
detect-abnormalStaying: succeeded in 6.44s
detect-doubleDragging: succeeded in 6.45s
detect-collision: succeeded in 0.19s
detect-CrossingBoundary: succeeded in 0.23s
detect-illegalStaying: succeeded in 0.31s
detect-illegalAnchored: succeeded in 0.33s
detect-abnormalWandering: succeeded in 4.95s
detect-lowSpeedBoat: succeeded in 0.64s
detect-deviation: succeeded in 1.25s
detect-blackList: succeeded in 0.14s
detect-illegalBerthing: succeeded in 0.17s
detect-abnormalTransfer: succeeded in 0.34s
detect-highSpeedBoat: succeeded in 3.12s
detect-doubleDragging: succeeded in 3.70s
detect-collision: succeeded in 0.03s
detect-illegalStaying: succeeded in 0.24s
detect-CrossingBoundary: succeeded in 0.28s
detect-abnormalStaying: succeeded in 5.09s
detect-illegalAnchored: succeeded in 0.66s
detect-lowSpeedBoat: succeeded in 1.06s
detect-deviation: succeeded in 1.26s
detect-abnormalWandering: succeeded in 5.47s
detect-highSpeedBoat: succeeded in 2.24s
detect-blackList: succeeded in 0.03s
detect-abnormalTransfer: succeeded in 0.28s
detect-illegalBerthing: succeeded in 0.28s
detect-doubleDragging: succeeded in 4.34s
detect-collision: succeeded in 0.03s
detect-abnormalStaying: succeeded in 4.42s
detect-illegalStaying: succeeded in 0.25s
detect-CrossingBoundary: succeeded in 0.34s
detect-illegalAnchored: succeeded in 0.56s
detect-deviation: succeeded in 0.80s
detect-lowSpeedBoat: succeeded in 0.88s
detect-blackList: succeeded in 0.14s
detect-illegalBerthing: succeeded in 0.27s
detect-abnormalTransfer: succeeded in 0.34s
detect-abnormalWandering: succeeded in 6.11s
detect-doubleDragging: succeeded in 3.22s
detect-highSpeedBoat: succeeded in 3.48s
detect-collision: succeeded in 0.06s
detect-CrossingBoundary: succeeded in 0.52s
detect-illegalStaying: succeeded in 0.50s
detect-abnormalStaying: succeeded in 5.05s
detect-lowSpeedBoat: succeeded in 0.70s
detect-illegalAnchored: succeeded in 0.73s
detect-deviation: succeeded in 1.14s
detect-highSpeedBoat: succeeded in 2.06s
detect-blackList: succeeded in 0.41s
detect-abnormalTransfer: succeeded in 0.44s
detect-illegalBerthing: succeeded in 0.48s
detect-abnormalWandering: succeeded in 5.03s
detect-doubleDragging: succeeded in 4.06s
detect-collision: succeeded in 0.03s
detect-illegalAnchored: succeeded in 0.34s
detect-illegalStaying: succeeded in 0.39s
detect-CrossingBoundary: succeeded in 0.42s
detect-lowSpeedBoat: succeeded in 0.62s
detect-abnormalStaying: succeeded in 4.67s
detect-deviation: succeeded in 0.89s
detect-highSpeedBoat: succeeded in 1.12s
detect-blackList: succeeded in 0.03s
detect-illegalBerthing: succeeded in 0.09s
detect-doubleDragging: succeeded in 2.56s
detect-abnormalTransfer: succeeded in 0.81s
detect-collision: succeeded in 0.31s
detect-CrossingBoundary: succeeded in 0.38s
detect-illegalAnchored: succeeded in 0.39s
detect-illegalStaying: succeeded in 0.47s
detect-lowSpeedBoat: succeeded in 1.11s
detect-deviation: succeeded in 1.56s
detect-abnormalStaying: succeeded in 5.38s
detect-blackList: succeeded in 0.05s
detect-abnormalTransfer: succeeded in 0.20s
detect-illegalBerthing: succeeded in 0.39s
detect-abnormalWandering: succeeded in 7.20s
detect-highSpeedBoat: succeeded in 3.08s
detect-doubleDragging: succeeded in 5.03s
detect-illegalStaying: succeeded in 0.11s
detect-CrossingBoundary: succeeded in 0.27s
detect-collision: succeeded in 0.33s
detect-illegalAnchored: succeeded in 0.39s
detect-lowSpeedBoat: succeeded in 0.67s
detect-deviation: succeeded in 0.74s
detect-highSpeedBoat: succeeded in 1.17s
detect-abnormalStaying: succeeded in 4.47s
detect-blackList: succeeded in 0.03s
detect-abnormalTransfer: succeeded in 0.12s
detect-illegalBerthing: succeeded in 0.17s
detect-doubleDragging: succeeded in 3.67s
detect-abnormalWandering: succeeded in 5.33s
detect-collision: succeeded in 0.03s
detect-CrossingBoundary: succeeded in 0.23s
detect-illegalAnchored: succeeded in 0.36s
detect-illegalStaying: succeeded in 0.47s
detect-lowSpeedBoat: succeeded in 0.58s
detect-deviation: succeeded in 0.72s
detect-highSpeedBoat: succeeded in 1.01s
detect-doubleDragging: succeeded in 2.69s
detect-blackList: succeeded in 0.03s
detect-illegalBerthing: succeeded in 0.19s
detect-abnormalTransfer: succeeded in 0.30s
detect-abnormalStaying: succeeded in 4.67s
detect-collision: succeeded in 0.03s
detect-CrossingBoundary: succeeded in 0.31s
detect-illegalStaying: succeeded in 0.36s
detect-illegalAnchored: succeeded in 0.61s
detect-lowSpeedBoat: succeeded in 0.70s
detect-deviation: succeeded in 0.94s
detect-abnormalWandering: succeeded in 5.69s
detect-highSpeedBoat: succeeded in 1.94s
detect-abnormalTransfer: succeeded in 0.11s
detect-blackList: succeeded in 0.30s
detect-illegalBerthing: succeeded in 0.34s
detect-doubleDragging: succeeded in 5.73s
detect-collision: succeeded in 0.05s
detect-CrossingBoundary: succeeded in 0.30s
detect-illegalStaying: succeeded in 0.44s
detect-lowSpeedBoat: succeeded in 0.56s
detect-illegalAnchored: succeeded in 0.62s
detect-deviation: succeeded in 0.77s
detect-abnormalStaying: succeeded in 6.89s
detect-abnormalWandering: succeeded in 4.52s
detect-highSpeedBoat: succeeded in 1.86s
detect-blackList: succeeded in 0.27s
detect-abnormalTransfer: succeeded in 0.27s
detect-illegalBerthing: succeeded in 0.33s
detect-doubleDragging: succeeded in 4.58s
detect-collision: succeeded in 0.05s
detect-illegalStaying: succeeded in 0.19s
detect-CrossingBoundary: succeeded in 0.25s
detect-illegalAnchored: succeeded in 0.48s
detect-lowSpeedBoat: succeeded in 0.51s
detect-deviation: succeeded in 0.92s
detect-highSpeedBoat: succeeded in 1.28s
detect-blackList: succeeded in 0.06s
detect-doubleDragging: succeeded in 2.81s
detect-abnormalTransfer: succeeded in 0.48s
detect-illegalBerthing: succeeded in 0.47s
detect-abnormalWandering: succeeded in 5.86s
detect-illegalStaying: succeeded in 0.24s
detect-collision: succeeded in 0.26s
detect-CrossingBoundary: succeeded in 0.31s
detect-illegalAnchored: succeeded in 0.31s
detect-lowSpeedBoat: succeeded in 0.41s
detect-abnormalStaying: succeeded in 6.36s
detect-deviation: succeeded in 0.94s
detect-highSpeedBoat: succeeded in 1.41s
detect-doubleDragging: succeeded in 3.24s
detect-blackList: succeeded in 0.05s
detect-illegalBerthing: succeeded in 0.28s
detect-abnormalTransfer: succeeded in 0.41s
detect-abnormalWandering: succeeded in 3.67s
detect-CrossingBoundary: succeeded in 0.20s
detect-illegalStaying: succeeded in 0.25s
detect-collision: succeeded in 0.41s
detect-illegalAnchored: succeeded in 0.42s
detect-doubleDragging: succeeded in 2.75s
detect-deviation: succeeded in 0.88s
detect-lowSpeedBoat: succeeded in 0.95s
detect-highSpeedBoat: succeeded in 1.53s
detect-abnormalStaying: succeeded in 5.02s
detect-blackList: succeeded in 0.05s
detect-illegalBerthing: succeeded in 0.19s
detect-abnormalTransfer: succeeded in 0.45s
detect-abnormalWandering: succeeded in 4.41s
detect-collision: succeeded in 0.03s
detect-CrossingBoundary: succeeded in 0.24s
detect-illegalStaying: succeeded in 0.23s
detect-illegalAnchored: succeeded in 0.31s
detect-lowSpeedBoat: succeeded in 0.53s
detect-deviation: succeeded in 0.75s
detect-doubleDragging: succeeded in 3.42s
detect-highSpeedBoat: succeeded in 0.95s
detect-abnormalStaying: succeeded in 3.99s
detect-blackList: succeeded in 0.08s
detect-abnormalTransfer: succeeded in 0.31s
detect-illegalBerthing: succeeded in 0.38s
detect-collision: succeeded in 0.03s
detect-CrossingBoundary: succeeded in 0.24s
detect-illegalStaying: succeeded in 0.30s
detect-lowSpeedBoat: succeeded in 0.67s
detect-illegalAnchored: succeeded in 0.78s
detect-doubleDragging: succeeded in 2.88s
detect-highSpeedBoat: succeeded in 0.84s
detect-deviation: succeeded in 0.99s
detect-abnormalWandering: succeeded in 5.23s
detect-abnormalTransfer: succeeded in 0.11s
detect-blackList: succeeded in 0.34s
detect-illegalBerthing: succeeded in 0.41s
detect-abnormalStaying: succeeded in 4.81s
detect-collision: succeeded in 0.05s
detect-CrossingBoundary: succeeded in 0.22s
detect-illegalStaying: succeeded in 0.23s
detect-illegalAnchored: succeeded in 0.58s
detect-lowSpeedBoat: succeeded in 0.59s
detect-doubleDragging: succeeded in 2.97s
detect-deviation: succeeded in 1.02s
detect-abnormalWandering: succeeded in 4.55s
detect-highSpeedBoat: succeeded in 1.45s
detect-blackList: succeeded in 0.38s
detect-abnormalTransfer: succeeded in 0.41s
detect-illegalBerthing: succeeded in 0.44s
detect-abnormalStaying: succeeded in 4.80s
detect-collision: succeeded in 0.03s
detect-illegalAnchored: succeeded in 0.42s
detect-doubleDragging: succeeded in 2.50s
detect-CrossingBoundary: succeeded in 0.50s
detect-illegalStaying: succeeded in 0.55s
detect-lowSpeedBoat: succeeded in 0.55s
detect-highSpeedBoat: succeeded in 0.75s
detect-deviation: succeeded in 0.80s
detect-blackList: succeeded in 0.03s
detect-illegalBerthing: succeeded in 0.09s
detect-abnormalTransfer: succeeded in 0.31s
detect-abnormalWandering: succeeded in 5.25s
detect-abnormalStaying: succeeded in 4.59s
detect-collision: succeeded in 0.70s
detect-illegalStaying: succeeded in 0.73s
detect-CrossingBoundary: succeeded in 0.86s
detect-illegalAnchored: succeeded in 0.92s
detect-lowSpeedBoat: succeeded in 1.09s
detect-doubleDragging: succeeded in 3.36s
detect-deviation: succeeded in 1.33s
detect-highSpeedBoat: succeeded in 1.39s
detect-blackList: succeeded in 0.03s
detect-abnormalTransfer: succeeded in 0.17s
detect-illegalBerthing: succeeded in 0.19s
detect-abnormalWandering: succeeded in 5.03s
detect-collision: succeeded in 0.19s
detect-illegalStaying: succeeded in 0.19s
detect-CrossingBoundary: succeeded in 0.24s
detect-abnormalStaying: succeeded in 4.52s
detect-illegalAnchored: succeeded in 0.39s
detect-lowSpeedBoat: succeeded in 0.64s
detect-deviation: succeeded in 0.77s
detect-doubleDragging: succeeded in 2.98s
detect-highSpeedBoat: succeeded in 0.94s
detect-blackList: succeeded in 0.03s
detect-illegalBerthing: succeeded in 0.12s
detect-abnormalTransfer: succeeded in 0.16s
detect-abnormalWandering: succeeded in 3.66s
detect-abnormalStaying: succeeded in 3.81s
detect-collision: succeeded in 0.05s
detect-illegalStaying: succeeded in 0.34s
detect-illegalAnchored: succeeded in 0.51s
detect-CrossingBoundary: succeeded in 0.55s
detect-doubleDragging: succeeded in 2.88s
detect-lowSpeedBoat: succeeded in 0.81s
detect-deviation: succeeded in 1.08s
detect-highSpeedBoat: succeeded in 1.97s
detect-blackList: succeeded in 0.05s
detect-abnormalTransfer: succeeded in 0.16s
detect-illegalBerthing: succeeded in 0.17s
detect-abnormalWandering: succeeded in 4.67s
detect-collision: succeeded in 0.03s
detect-CrossingBoundary: succeeded in 0.22s
detect-illegalStaying: succeeded in 0.34s
detect-illegalAnchored: succeeded in 0.44s
detect-doubleDragging: succeeded in 2.83s
detect-lowSpeedBoat: succeeded in 0.66s
detect-deviation: succeeded in 0.72s
detect-highSpeedBoat: succeeded in 1.36s
detect-abnormalStaying: succeeded in 5.97s
detect-abnormalTransfer: succeeded in 0.30s
detect-illegalBerthing: succeeded in 0.39s
detect-blackList: succeeded in 0.62s
detect-collision: succeeded in 0.05s
detect-CrossingBoundary: succeeded in 0.14s
detect-doubleDragging: succeeded in 2.24s
detect-illegalStaying: succeeded in 0.26s
detect-illegalAnchored: succeeded in 0.95s
detect-deviation: succeeded in 1.05s
detect-lowSpeedBoat: succeeded in 1.01s
detect-abnormalWandering: succeeded in 5.28s
detect-abnormalStaying: succeeded in 4.28s
detect-highSpeedBoat: succeeded in 2.28s
detect-abnormalTransfer: succeeded in 0.44s
detect-illegalBerthing: succeeded in 0.39s
detect-blackList: succeeded in 0.52s
detect-collision: succeeded in 0.03s
detect-CrossingBoundary: succeeded in 0.61s
detect-illegalStaying: succeeded in 0.73s
detect-illegalAnchored: succeeded in 0.72s
detect-lowSpeedBoat: succeeded in 0.83s
detect-deviation: succeeded in 0.98s
detect-highSpeedBoat: succeeded in 1.41s
detect-doubleDragging: succeeded in 3.77s
detect-blackList: succeeded in 0.08s
detect-illegalBerthing: succeeded in 0.39s
detect-abnormalTransfer: succeeded in 0.55s
detect-abnormalWandering: succeeded in 5.08s
detect-abnormalStaying: succeeded in 4.66s
detect-collision: succeeded in 0.38s
detect-illegalAnchored: succeeded in 0.39s
detect-illegalStaying: succeeded in 0.47s
detect-CrossingBoundary: succeeded in 0.49s
detect-doubleDragging: succeeded in 3.00s
detect-lowSpeedBoat: succeeded in 0.92s
detect-deviation: succeeded in 0.97s
detect-highSpeedBoat: succeeded in 2.06s
detect-blackList: succeeded in 0.06s
detect-illegalBerthing: succeeded in 0.11s
detect-abnormalTransfer: succeeded in 0.45s
detect-abnormalWandering: succeeded in 4.67s
detect-illegalStaying: succeeded in 0.19s
detect-CrossingBoundary: succeeded in 0.24s
detect-illegalAnchored: succeeded in 0.44s
detect-collision: succeeded in 0.47s
detect-lowSpeedBoat: succeeded in 0.83s
detect-deviation: succeeded in 1.27s
detect-abnormalStaying: succeeded in 5.76s
detect-blackList: succeeded in 0.03s
detect-abnormalTransfer: succeeded in 0.34s
detect-illegalBerthing: succeeded in 0.48s
detect-doubleDragging: succeeded in 4.77s
detect-highSpeedBoat: succeeded in 3.08s
detect-abnormalWandering: succeeded in 4.78s
detect-collision: succeeded in 0.03s
detect-illegalStaying: succeeded in 0.19s
detect-CrossingBoundary: succeeded in 0.30s
detect-illegalAnchored: succeeded in 0.58s
detect-deviation: succeeded in 0.76s
detect-lowSpeedBoat: succeeded in 0.81s
detect-highSpeedBoat: succeeded in 1.05s
detect-doubleDragging: succeeded in 3.19s
detect-blackList: succeeded in 0.05s
detect-abnormalTransfer: succeeded in 0.16s
detect-illegalBerthing: succeeded in 0.19s
detect-collision: succeeded in 0.05s
detect-CrossingBoundary: succeeded in 0.28s
detect-illegalStaying: succeeded in 0.34s
detect-illegalAnchored: succeeded in 0.34s
detect-abnormalStaying: succeeded in 6.53s
detect-abnormalWandering: succeeded in 4.80s
detect-deviation: succeeded in 1.16s
detect-lowSpeedBoat: succeeded in 1.12s
detect-highSpeedBoat: succeeded in 1.89s
detect-doubleDragging: succeeded in 3.83s
detect-abnormalTransfer: succeeded in 0.08s
detect-blackList: succeeded in 0.41s
detect-illegalBerthing: succeeded in 0.41s
detect-collision: succeeded in 0.06s
detect-CrossingBoundary: succeeded in 0.33s
detect-abnormalStaying: succeeded in 4.88s
detect-illegalStaying: succeeded in 0.51s
detect-abnormalWandering: succeeded in 4.75s
detect-lowSpeedBoat: succeeded in 0.88s
detect-deviation: succeeded in 1.05s
detect-illegalAnchored: succeeded in 1.20s
detect-blackList: succeeded in 0.38s
detect-doubleDragging: succeeded in 5.88s
detect-illegalBerthing: succeeded in 0.50s
detect-highSpeedBoat: succeeded in 3.47s
detect-abnormalTransfer: succeeded in 0.66s
detect-highSpeedBoat: succeeded in 1.44s
detect-collision: succeeded in 0.03s
detect-illegalAnchored: succeeded in 0.34s
detect-illegalStaying: succeeded in 0.78s
detect-CrossingBoundary: succeeded in 0.81s
detect-deviation: succeeded in 1.33s
detect-lowSpeedBoat: succeeded in 1.31s
detect-doubleDragging: succeeded in 3.05s
detect-abnormalWandering: succeeded in 6.11s
detect-abnormalStaying: succeeded in 6.56s
detect-blackList: succeeded in 0.06s
detect-illegalBerthing: succeeded in 0.36s
detect-abnormalTransfer: succeeded in 0.41s
detect-highSpeedBoat: succeeded in 1.48s
detect-illegalStaying: succeeded in 0.23s
detect-collision: succeeded in 0.30s
detect-CrossingBoundary: succeeded in 0.39s
detect-illegalAnchored: succeeded in 0.53s
detect-lowSpeedBoat: succeeded in 0.61s
detect-deviation: succeeded in 0.99s
detect-abnormalWandering: succeeded in 4.41s
detect-blackList: succeeded in 0.05s
detect-illegalBerthing: succeeded in 0.14s
detect-abnormalTransfer: succeeded in 0.25s
detect-abnormalStaying: succeeded in 4.84s
detect-doubleDragging: succeeded in 5.01s
detect-highSpeedBoat: succeeded in 1.34s
detect-collision: succeeded in 0.22s
detect-CrossingBoundary: succeeded in 0.41s
detect-illegalAnchored: succeeded in 0.41s
detect-illegalStaying: succeeded in 0.33s
detect-lowSpeedBoat: succeeded in 0.95s
detect-deviation: succeeded in 1.17s
detect-doubleDragging: succeeded in 3.41s
detect-blackList: succeeded in 0.08s
detect-abnormalTransfer: succeeded in 0.49s
detect-illegalBerthing: succeeded in 0.45s
detect-abnormalStaying: succeeded in 5.11s
detect-highSpeedBoat: succeeded in 1.25s
detect-collision: succeeded in 0.03s
detect-illegalStaying: succeeded in 0.12s
detect-CrossingBoundary: succeeded in 0.24s
detect-illegalAnchored: succeeded in 0.52s
detect-lowSpeedBoat: succeeded in 0.73s
detect-deviation: succeeded in 0.98s
detect-abnormalWandering: succeeded in 7.92s
detect-doubleDragging: succeeded in 3.91s
detect-blackList: succeeded in 0.06s
detect-abnormalTransfer: succeeded in 0.25s
detect-illegalBerthing: succeeded in 0.22s
detect-highSpeedBoat: succeeded in 0.92s
detect-abnormalStaying: succeeded in 5.25s
detect-collision: succeeded in 0.05s
detect-CrossingBoundary: succeeded in 0.26s
detect-illegalStaying: succeeded in 0.47s
detect-lowSpeedBoat: succeeded in 0.98s
detect-illegalAnchored: succeeded in 1.00s
detect-doubleDragging: succeeded in 3.41s
detect-deviation: succeeded in 1.20s
detect-blackList: succeeded in 0.17s
detect-abnormalTransfer: succeeded in 0.25s
detect-illegalBerthing: succeeded in 0.25s
detect-abnormalWandering: succeeded in 6.47s
detect-highSpeedBoat: succeeded in 1.59s
detect-collision: succeeded in 0.03s
detect-CrossingBoundary: succeeded in 0.28s
detect-illegalStaying: succeeded in 0.49s
detect-lowSpeedBoat: succeeded in 0.66s
detect-illegalAnchored: succeeded in 0.80s
detect-deviation: succeeded in 1.03s
detect-doubleDragging: succeeded in 3.48s
detect-blackList: succeeded in 0.28s
detect-illegalBerthing: succeeded in 0.50s
detect-abnormalTransfer: succeeded in 0.77s
detect-abnormalStaying: succeeded in 7.23s
detect-abnormalWandering: succeeded in 4.38s
detect-highSpeedBoat: succeeded in 1.94s
detect-collision: succeeded in 0.05s
detect-CrossingBoundary: succeeded in 0.45s
detect-illegalStaying: succeeded in 0.44s
detect-illegalAnchored: succeeded in 0.61s
detect-deviation: succeeded in 1.03s
detect-lowSpeedBoat: succeeded in 1.00s
detect-doubleDragging: succeeded in 3.98s
detect-blackList: succeeded in 0.05s
detect-illegalBerthing: succeeded in 0.20s
detect-abnormalTransfer: succeeded in 0.69s
detect-abnormalStaying: succeeded in 5.09s
detect-highSpeedBoat: succeeded in 2.51s
detect-collision: succeeded in 0.19s
detect-CrossingBoundary: succeeded in 0.30s
detect-illegalAnchored: succeeded in 0.36s
detect-illegalStaying: succeeded in 0.41s
detect-lowSpeedBoat: succeeded in 0.86s
detect-deviation: succeeded in 0.89s
detect-blackList: succeeded in 0.06s
detect-abnormalTransfer: succeeded in 0.19s
detect-abnormalWandering: succeeded in 7.92s
detect-illegalBerthing: succeeded in 0.19s
detect-doubleDragging: succeeded in 5.44s
detect-abnormalStaying: succeeded in 4.81s
detect-illegalStaying: succeeded in 0.11s
detect-CrossingBoundary: succeeded in 0.16s
detect-collision: succeeded in 0.19s
detect-illegalAnchored: succeeded in 0.39s
detect-highSpeedBoat: succeeded in 2.70s
detect-lowSpeedBoat: succeeded in 0.91s
detect-deviation: succeeded in 0.95s
detect-blackList: succeeded in 0.05s
detect-abnormalTransfer: succeeded in 0.17s
detect-illegalBerthing: succeeded in 0.26s
detect-abnormalWandering: succeeded in 4.64s
detect-doubleDragging: succeeded in 3.91s
detect-collision: succeeded in 0.03s
detect-illegalStaying: succeeded in 0.24s
detect-CrossingBoundary: succeeded in 0.24s
detect-illegalAnchored: succeeded in 0.42s
detect-highSpeedBoat: succeeded in 2.62s
detect-abnormalStaying: succeeded in 4.92s
detect-lowSpeedBoat: succeeded in 0.98s
detect-deviation: succeeded in 1.22s
detect-blackList: succeeded in 0.03s
detect-illegalBerthing: succeeded in 0.20s
detect-abnormalTransfer: succeeded in 0.31s
detect-collision: succeeded in 0.05s
detect-CrossingBoundary: succeeded in 0.22s
detect-illegalStaying: succeeded in 0.30s
detect-abnormalWandering: succeeded in 4.61s
detect-deviation: succeeded in 0.91s
detect-illegalAnchored: succeeded in 0.97s
detect-lowSpeedBoat: succeeded in 1.03s
detect-highSpeedBoat: succeeded in 3.59s
detect-doubleDragging: succeeded in 6.67s
detect-blackList: succeeded in 0.42s
detect-abnormalTransfer: succeeded in 0.41s
detect-illegalBerthing: succeeded in 0.53s
detect-abnormalStaying: succeeded in 6.48s
detect-highSpeedBoat: succeeded in 2.17s
detect-collision: succeeded in 0.08s
detect-CrossingBoundary: succeeded in 0.47s
detect-illegalAnchored: succeeded in 0.42s
detect-illegalStaying: succeeded in 0.51s
detect-doubleDragging: succeeded in 3.52s
detect-lowSpeedBoat: succeeded in 0.62s
detect-deviation: succeeded in 0.75s
detect-abnormalWandering: succeeded in 4.48s
detect-blackList: succeeded in 0.14s
detect-abnormalTransfer: succeeded in 0.59s
detect-illegalBerthing: succeeded in 0.58s
detect-doubleDragging: succeeded in 2.67s
detect-abnormalStaying: succeeded in 4.78s
detect-highSpeedBoat: succeeded in 1.58s
detect-collision: succeeded in 0.05s
detect-illegalAnchored: succeeded in 0.47s
detect-abnormalWandering: succeeded in 4.59s
detect-CrossingBoundary: succeeded in 0.69s
detect-illegalStaying: succeeded in 0.69s
detect-lowSpeedBoat: succeeded in 0.91s
detect-deviation: succeeded in 0.95s
detect-blackList: succeeded in 0.22s
detect-illegalBerthing: succeeded in 0.59s
detect-abnormalTransfer: succeeded in 0.84s
detect-doubleDragging: succeeded in 3.67s
detect-highSpeedBoat: succeeded in 2.72s
detect-collision: succeeded in 0.47s
detect-illegalStaying: succeeded in 0.48s
detect-abnormalWandering: succeeded in 4.31s
detect-illegalAnchored: succeeded in 0.59s
detect-lowSpeedBoat: succeeded in 0.67s
detect-CrossingBoundary: succeeded in 0.72s
detect-deviation: succeeded in 1.17s
detect-blackList: succeeded in 0.05s
detect-abnormalStaying: succeeded in 8.00s
detect-illegalBerthing: succeeded in 0.56s
detect-abnormalTransfer: succeeded in 0.84s
detect-doubleDragging: succeeded in 4.22s
detect-illegalStaying: succeeded in 0.12s
detect-illegalAnchored: succeeded in 0.27s
detect-CrossingBoundary: succeeded in 0.33s
detect-collision: succeeded in 0.39s
detect-abnormalWandering: succeeded in 4.28s
detect-lowSpeedBoat: succeeded in 0.83s
detect-highSpeedBoat: succeeded in 3.16s
detect-deviation: succeeded in 1.22s
detect-blackList: succeeded in 0.01s
detect-abnormalTransfer: succeeded in 0.12s
detect-illegalBerthing: succeeded in 0.30s
detect-abnormalStaying: succeeded in 4.50s
detect-abnormalWandering: succeeded in 3.94s
detect-collision: succeeded in 0.06s
detect-illegalStaying: succeeded in 0.11s
detect-highSpeedBoat: succeeded in 2.76s
detect-CrossingBoundary: succeeded in 0.34s
detect-illegalAnchored: succeeded in 0.56s
detect-lowSpeedBoat: succeeded in 1.19s
detect-deviation: succeeded in 1.59s
detect-doubleDragging: succeeded in 6.31s
detect-blackList: succeeded in 0.05s
detect-abnormalTransfer: succeeded in 0.33s
detect-illegalBerthing: succeeded in 0.45s
detect-abnormalStaying: succeeded in 5.14s
detect-highSpeedBoat: succeeded in 1.53s
detect-doubleDragging: succeeded in 2.33s
detect-collision: succeeded in 0.05s
detect-CrossingBoundary: succeeded in 0.31s
detect-abnormalWandering: succeeded in 5.25s
detect-illegalStaying: succeeded in 0.34s
detect-illegalAnchored: succeeded in 0.56s
detect-lowSpeedBoat: succeeded in 0.86s
detect-deviation: succeeded in 1.08s
detect-abnormalTransfer: succeeded in 0.11s
detect-doubleDragging: succeeded in 2.38s
detect-illegalBerthing: succeeded in 0.28s
detect-blackList: succeeded in 0.33s
detect-abnormalStaying: succeeded in 5.06s
detect-collision: succeeded in 0.03s
detect-CrossingBoundary: succeeded in 0.20s
detect-highSpeedBoat: succeeded in 2.34s
detect-illegalStaying: succeeded in 0.56s
detect-illegalAnchored: succeeded in 0.81s
detect-lowSpeedBoat: succeeded in 0.98s
detect-deviation: succeeded in 1.11s
detect-abnormalWandering: succeeded in 5.98s
detect-blackList: succeeded in 0.55s
detect-abnormalTransfer: succeeded in 0.64s
detect-illegalBerthing: succeeded in 0.67s
detect-abnormalStaying: succeeded in 4.88s
detect-doubleDragging: succeeded in 4.61s
detect-collision: succeeded in 0.05s
detect-highSpeedBoat: succeeded in 2.66s
detect-CrossingBoundary: succeeded in 0.34s
detect-illegalStaying: succeeded in 0.33s
detect-illegalAnchored: succeeded in 0.47s
detect-lowSpeedBoat: succeeded in 0.84s
detect-deviation: succeeded in 1.14s
detect-blackList: succeeded in 0.05s
detect-abnormalWandering: succeeded in 4.69s
detect-abnormalTransfer: succeeded in 0.53s
detect-illegalBerthing: succeeded in 0.64s
detect-doubleDragging: succeeded in 3.42s
detect-highSpeedBoat: succeeded in 2.08s
detect-collision: succeeded in 0.22s
detect-illegalStaying: succeeded in 0.28s
detect-CrossingBoundary: succeeded in 0.41s
detect-illegalAnchored: succeeded in 0.44s
detect-lowSpeedBoat: succeeded in 1.30s
detect-deviation: succeeded in 1.66s
detect-abnormalStaying: succeeded in 6.26s
detect-blackList: succeeded in 0.03s
detect-abnormalTransfer: succeeded in 0.17s
detect-illegalBerthing: succeeded in 0.19s
detect-abnormalWandering: succeeded in 4.86s
detect-doubleDragging: succeeded in 3.48s
detect-highSpeedBoat: succeeded in 2.69s
detect-collision: succeeded in 0.38s
detect-illegalStaying: succeeded in 0.39s
detect-CrossingBoundary: succeeded in 0.44s
detect-illegalAnchored: succeeded in 0.44s
detect-lowSpeedBoat: succeeded in 0.91s
detect-deviation: succeeded in 1.58s
detect-blackList: succeeded in 0.03s
detect-illegalBerthing: succeeded in 0.12s
detect-abnormalTransfer: succeeded in 0.31s
detect-abnormalStaying: succeeded in 5.36s
detect-doubleDragging: succeeded in 2.95s
detect-abnormalWandering: succeeded in 5.28s
detect-highSpeedBoat: succeeded in 1.05s
detect-collision: succeeded in 0.05s
detect-illegalStaying: succeeded in 0.31s
detect-CrossingBoundary: succeeded in 0.42s
detect-illegalAnchored: succeeded in 0.42s
detect-deviation: succeeded in 0.88s
detect-lowSpeedBoat: succeeded in 0.73s
detect-blackList: succeeded in 0.06s
detect-abnormalTransfer: succeeded in 0.12s
detect-illegalBerthing: succeeded in 0.22s
detect-doubleDragging: succeeded in 3.09s
detect-highSpeedBoat: succeeded in 1.45s
detect-abnormalStaying: succeeded in 5.30s
detect-abnormalWandering: succeeded in 4.94s
detect-collision: succeeded in 0.03s
detect-CrossingBoundary: succeeded in 0.14s
detect-illegalStaying: succeeded in 0.26s
detect-lowSpeedBoat: succeeded in 0.48s
detect-illegalAnchored: succeeded in 0.50s
detect-deviation: succeeded in 0.84s
detect-blackList: succeeded in 0.26s
detect-illegalBerthing: succeeded in 0.28s
detect-abnormalTransfer: succeeded in 0.31s
detect-doubleDragging: succeeded in 2.88s
detect-collision: succeeded in 0.05s
detect-CrossingBoundary: succeeded in 0.23s
detect-illegalStaying: succeeded in 0.28s
detect-abnormalStaying: succeeded in 4.09s
detect-illegalAnchored: succeeded in 0.42s
detect-lowSpeedBoat: succeeded in 0.52s
detect-abnormalWandering: succeeded in 4.61s
detect-deviation: succeeded in 0.72s
detect-highSpeedBoat: succeeded in 2.86s
detect-blackList: succeeded in 0.41s
detect-abnormalTransfer: succeeded in 0.45s
detect-doubleDragging: succeeded in 3.09s
detect-illegalBerthing: succeeded in 0.77s
detect-abnormalStaying: succeeded in 4.01s
detect-abnormalWandering: succeeded in 4.24s
detect-collision: succeeded in 0.05s
detect-illegalAnchored: succeeded in 0.42s
detect-CrossingBoundary: succeeded in 0.51s
detect-illegalStaying: succeeded in 0.58s
detect-lowSpeedBoat: succeeded in 1.02s
detect-highSpeedBoat: succeeded in 3.67s
detect-deviation: succeeded in 1.44s
detect-blackList: succeeded in 0.05s
detect-illegalBerthing: succeeded in 0.25s
detect-abnormalTransfer: succeeded in 0.41s
detect-doubleDragging: succeeded in 2.89s
detect-highSpeedBoat: succeeded in 1.25s
detect-abnormalStaying: succeeded in 4.91s
detect-CrossingBoundary: succeeded in 0.28s
detect-illegalAnchored: succeeded in 0.34s
detect-collision: succeeded in 0.41s
detect-illegalStaying: succeeded in 0.39s
detect-lowSpeedBoat: succeeded in 0.61s
detect-abnormalWandering: succeeded in 5.53s
detect-deviation: succeeded in 0.98s
detect-blackList: succeeded in 0.03s
detect-abnormalTransfer: succeeded in 0.16s
detect-illegalBerthing: succeeded in 0.19s
detect-doubleDragging: succeeded in 3.28s
detect-collision: succeeded in 0.30s
detect-CrossingBoundary: succeeded in 0.31s
detect-illegalStaying: succeeded in 0.34s
detect-abnormalStaying: succeeded in 5.23s
detect-illegalAnchored: succeeded in 0.58s
detect-highSpeedBoat: succeeded in 2.91s
detect-lowSpeedBoat: succeeded in 1.06s
detect-deviation: succeeded in 1.14s
detect-abnormalWandering: succeeded in 4.47s
detect-blackList: succeeded in 0.05s
detect-illegalBerthing: succeeded in 0.27s
detect-abnormalTransfer: succeeded in 0.42s
detect-doubleDragging: succeeded in 2.98s
detect-highSpeedBoat: succeeded in 1.81s
detect-collision: succeeded in 0.05s
detect-CrossingBoundary: succeeded in 0.31s
detect-illegalStaying: succeeded in 0.42s
detect-illegalAnchored: succeeded in 0.45s
detect-lowSpeedBoat: succeeded in 0.64s
detect-abnormalWandering: succeeded in 4.38s
detect-deviation: succeeded in 1.09s
detect-abnormalStaying: succeeded in 6.42s
detect-blackList: succeeded in 0.03s
detect-abnormalTransfer: succeeded in 0.23s
detect-illegalBerthing: succeeded in 0.33s
detect-doubleDragging: succeeded in 3.16s
detect-highSpeedBoat: succeeded in 1.69s
detect-collision: succeeded in 0.05s
detect-illegalStaying: succeeded in 0.26s
detect-CrossingBoundary: succeeded in 0.33s
detect-illegalAnchored: succeeded in 0.49s
detect-deviation: succeeded in 1.16s
detect-lowSpeedBoat: succeeded in 1.11s
detect-doubleDragging: succeeded in 3.39s
detect-abnormalTransfer: succeeded in 0.16s
detect-illegalBerthing: succeeded in 0.14s
detect-blackList: succeeded in 0.17s
detect-abnormalWandering: succeeded in 5.03s
detect-highSpeedBoat: succeeded in 1.99s
detect-collision: succeeded in 0.05s
detect-CrossingBoundary: succeeded in 0.52s
detect-illegalAnchored: succeeded in 0.89s
detect-illegalStaying: succeeded in 0.92s
detect-deviation: succeeded in 1.41s
detect-abnormalStaying: succeeded in 8.31s
detect-doubleDragging: succeeded in 3.72s
detect-lowSpeedBoat: succeeded in 1.50s
detect-blackList: succeeded in 0.14s
detect-illegalBerthing: succeeded in 0.19s
detect-abnormalTransfer: succeeded in 0.27s
detect-highSpeedBoat: succeeded in 1.51s
detect-abnormalWandering: succeeded in 6.36s
detect-collision: succeeded in 0.03s
detect-illegalStaying: succeeded in 0.39s
detect-abnormalStaying: succeeded in 3.92s
detect-CrossingBoundary: succeeded in 0.56s
detect-illegalAnchored: succeeded in 0.58s
detect-lowSpeedBoat: succeeded in 0.70s
detect-doubleDragging: succeeded in 2.89s
detect-deviation: succeeded in 0.91s
detect-blackList: succeeded in 0.03s
detect-illegalBerthing: succeeded in 0.33s
detect-abnormalTransfer: succeeded in 0.36s
detect-highSpeedBoat: succeeded in 1.84s
detect-collision: succeeded in 0.12s
detect-CrossingBoundary: succeeded in 0.33s
detect-illegalStaying: succeeded in 0.44s
detect-illegalAnchored: succeeded in 0.58s
detect-lowSpeedBoat: succeeded in 0.75s
detect-abnormalWandering: succeeded in 5.05s
detect-abnormalStaying: succeeded in 4.58s
detect-deviation: succeeded in 1.01s
detect-doubleDragging: succeeded in 3.11s
detect-blackList: succeeded in 0.08s
detect-abnormalTransfer: succeeded in 0.30s
detect-illegalBerthing: succeeded in 0.42s
detect-illegalStaying: succeeded in 0.16s
detect-CrossingBoundary: succeeded in 0.23s
detect-collision: succeeded in 0.27s
detect-illegalAnchored: succeeded in 0.66s
detect-lowSpeedBoat: succeeded in 0.67s
detect-doubleDragging: succeeded in 2.64s
detect-deviation: succeeded in 0.80s
detect-highSpeedBoat: succeeded in 2.92s
detect-blackList: succeeded in 0.05s
detect-abnormalTransfer: succeeded in 0.27s
detect-illegalBerthing: succeeded in 0.30s
detect-abnormalStaying: succeeded in 6.09s
detect-abnormalWandering: succeeded in 5.14s
detect-highSpeedBoat: succeeded in 1.91s
detect-collision: succeeded in 0.06s
detect-CrossingBoundary: succeeded in 0.33s
detect-illegalStaying: succeeded in 0.45s
detect-illegalAnchored: succeeded in 0.70s
detect-doubleDragging: succeeded in 3.06s
detect-lowSpeedBoat: succeeded in 1.26s
detect-deviation: succeeded in 1.45s
detect-blackList: succeeded in 0.05s
detect-abnormalTransfer: succeeded in 0.16s
detect-illegalBerthing: succeeded in 0.51s
detect-abnormalWandering: succeeded in 5.33s
detect-highSpeedBoat: succeeded in 1.91s
detect-collision: succeeded in 0.08s
detect-illegalStaying: succeeded in 0.28s
detect-CrossingBoundary: succeeded in 0.70s
detect-illegalAnchored: succeeded in 1.00s
detect-deviation: succeeded in 1.11s
detect-abnormalStaying: succeeded in 9.08s
detect-blackList: succeeded in 0.26s
detect-illegalBerthing: succeeded in 0.50s
detect-abnormalTransfer: succeeded in 0.75s
detect-lowSpeedBoat: succeeded in 3.45s
detect-collision: succeeded in 0.05s
detect-CrossingBoundary: succeeded in 0.48s
detect-doubleDragging: succeeded in 7.97s
detect-illegalAnchored: succeeded in 1.22s
detect-illegalStaying: succeeded in 1.39s
detect-deviation: succeeded in 2.59s
detect-highSpeedBoat: succeeded in 5.78s
detect-collision: succeeded in 0.06s
detect-abnormalTransfer: succeeded in 0.81s
detect-abnormalStaying: succeeded in 6.80s
detect-lowSpeedBoat: succeeded in 1.56s
detect-abnormalWandering: succeeded in 11.19s
detect-highSpeedBoat: succeeded in 2.59s
detect-blackList: succeeded in 0.39s
detect-abnormalTransfer: succeeded in 0.45s
detect-illegalStaying: succeeded in 0.33s
detect-illegalBerthing: succeeded in 0.38s
detect-deviation: succeeded in 1.58s
detect-doubleDragging: succeeded in 7.84s
detect-blackList: succeeded in 0.08s
detect-CrossingBoundary: succeeded in 0.52s
detect-illegalAnchored: succeeded in 0.52s
detect-illegalStaying: succeeded in 0.61s
detect-lowSpeedBoat: succeeded in 1.25s
detect-abnormalStaying: succeeded in 6.42s
detect-abnormalWandering: succeeded in 6.09s
detect-abnormalTransfer: succeeded in 0.22s
detect-illegalBerthing: succeeded in 0.27s
detect-collision: succeeded in 0.34s
detect-doubleDragging: succeeded in 3.05s
detect-highSpeedBoat: succeeded in 2.95s
detect-deviation: succeeded in 1.20s
detect-blackList: succeeded in 0.11s
detect-illegalStaying: succeeded in 0.33s
detect-illegalAnchored: succeeded in 0.61s
detect-CrossingBoundary: succeeded in 0.66s
detect-lowSpeedBoat: succeeded in 0.66s
detect-doubleDragging: succeeded in 3.12s
detect-collision: succeeded in 0.11s
detect-illegalBerthing: succeeded in 0.26s
detect-abnormalTransfer: succeeded in 0.31s
detect-highSpeedBoat: succeeded in 2.83s
detect-deviation: succeeded in 1.31s
detect-blackList: succeeded in 0.03s
detect-doubleDragging: succeeded in 3.05s
detect-CrossingBoundary: succeeded in 0.64s
detect-illegalStaying: succeeded in 0.64s
detect-illegalAnchored: succeeded in 0.73s
detect-lowSpeedBoat: succeeded in 0.97s
detect-abnormalWandering: succeeded in 8.55s
detect-abnormalStaying: succeeded in 9.00s
detect-highSpeedBoat: succeeded in 2.72s
detect-abnormalTransfer: succeeded in 0.22s
detect-illegalBerthing: succeeded in 0.16s
detect-deviation: succeeded in 0.95s
detect-collision: succeeded in 0.03s
detect-blackList: succeeded in 0.06s
detect-CrossingBoundary: succeeded in 0.25s
detect-doubleDragging: succeeded in 2.73s
detect-illegalStaying: succeeded in 0.44s
detect-lowSpeedBoat: succeeded in 0.56s
detect-illegalAnchored: succeeded in 0.78s
detect-highSpeedBoat: succeeded in 2.03s
detect-abnormalStaying: succeeded in 5.03s
detect-illegalBerthing: succeeded in 0.17s
detect-abnormalTransfer: succeeded in 0.22s
detect-abnormalWandering: succeeded in 5.41s
detect-deviation: succeeded in 1.31s
detect-collision: succeeded in 0.03s
detect-blackList: succeeded in 0.25s
detect-CrossingBoundary: succeeded in 0.42s
detect-illegalStaying: succeeded in 0.52s
detect-lowSpeedBoat: succeeded in 0.74s
detect-illegalAnchored: succeeded in 0.75s
detect-highSpeedBoat: succeeded in 2.25s
detect-illegalBerthing: succeeded in 0.92s
detect-abnormalTransfer: succeeded in 1.25s
detect-doubleDragging: succeeded in 6.14s
detect-deviation: succeeded in 1.83s
detect-abnormalStaying: succeeded in 6.91s
detect-collision: succeeded in 0.05s
detect-blackList: succeeded in 0.17s
detect-CrossingBoundary: succeeded in 0.41s
detect-illegalStaying: succeeded in 0.45s
detect-illegalAnchored: succeeded in 0.83s
detect-lowSpeedBoat: succeeded in 0.84s
detect-abnormalWandering: succeeded in 9.08s
detect-illegalBerthing: succeeded in 0.27s
detect-abnormalTransfer: succeeded in 0.66s
detect-highSpeedBoat: succeeded in 2.92s
detect-deviation: succeeded in 1.69s
detect-blackList: succeeded in 0.05s
detect-collision: succeeded in 0.05s
detect-doubleDragging: succeeded in 6.20s
detect-illegalAnchored: succeeded in 0.64s
detect-illegalStaying: succeeded in 0.75s
detect-CrossingBoundary: succeeded in 1.00s
detect-abnormalStaying: succeeded in 5.91s
detect-lowSpeedBoat: succeeded in 1.05s
detect-blackList: succeeded in 0.03s
detect-illegalBerthing: succeeded in 0.11s
detect-abnormalTransfer: succeeded in 0.25s
detect-abnormalWandering: succeeded in 5.61s
detect-highSpeedBoat: succeeded in 3.03s
detect-deviation: succeeded in 1.53s
detect-illegalStaying: succeeded in 0.25s
detect-illegalAnchored: succeeded in 0.39s
detect-collision: succeeded in 0.48s
detect-CrossingBoundary: succeeded in 0.86s
detect-lowSpeedBoat: succeeded in 1.42s
detect-blackList: succeeded in 0.03s
detect-illegalBerthing: succeeded in 0.27s
detect-abnormalTransfer: succeeded in 0.41s
detect-abnormalStaying: succeeded in 6.67s
detect-abnormalWandering: succeeded in 5.31s
detect-highSpeedBoat: succeeded in 3.92s
detect-deviation: succeeded in 1.64s
detect-illegalStaying: succeeded in 0.14s
detect-collision: succeeded in 0.39s
detect-illegalAnchored: succeeded in 0.44s
detect-CrossingBoundary: succeeded in 0.58s
detect-doubleDragging: succeeded in 10.12s
detect-lowSpeedBoat: succeeded in 0.83s
detect-highSpeedBoat: succeeded in 2.19s
detect-blackList: succeeded in 0.03s
detect-illegalBerthing: succeeded in 0.31s
detect-abnormalTransfer: succeeded in 0.39s
detect-abnormalStaying: succeeded in 4.80s
detect-abnormalWandering: succeeded in 4.91s
detect-deviation: succeeded in 1.20s
detect-collision: succeeded in 0.05s
detect-illegalStaying: succeeded in 0.17s
detect-CrossingBoundary: succeeded in 0.56s
detect-illegalAnchored: succeeded in 0.59s
detect-lowSpeedBoat: succeeded in 2.08s
detect-doubleDragging: succeeded in 5.74s
detect-highSpeedBoat: succeeded in 2.22s
detect-abnormalTransfer: succeeded in 0.36s
detect-blackList: succeeded in 0.45s
detect-illegalBerthing: succeeded in 0.59s
detect-abnormalStaying: succeeded in 4.59s
detect-deviation: succeeded in 0.94s
detect-abnormalWandering: succeeded in 4.74s
detect-collision: succeeded in 0.08s
detect-CrossingBoundary: succeeded in 0.23s
detect-illegalStaying: succeeded in 0.52s
detect-illegalAnchored: succeeded in 0.62s
detect-lowSpeedBoat: succeeded in 0.70s
detect-highSpeedBoat: succeeded in 1.77s
detect-blackList: succeeded in 0.36s
detect-illegalBerthing: succeeded in 0.33s
detect-abnormalTransfer: succeeded in 0.61s
detect-deviation: succeeded in 1.09s
detect-doubleDragging: succeeded in 5.98s
detect-abnormalStaying: succeeded in 5.44s
detect-collision: succeeded in 0.03s
detect-CrossingBoundary: succeeded in 0.28s
detect-illegalStaying: succeeded in 0.94s
detect-illegalAnchored: succeeded in 1.88s
detect-abnormalWandering: succeeded in 6.45s
detect-lowSpeedBoat: succeeded in 1.91s
detect-highSpeedBoat: succeeded in 1.94s
detect-blackList: succeeded in 0.05s
detect-abnormalTransfer: succeeded in 1.11s
detect-illegalBerthing: succeeded in 1.20s
detect-deviation: succeeded in 1.91s
detect-doubleDragging: succeeded in 6.39s
detect-blackList: succeeded in 0.06s
detect-abnormalTransfer: succeeded in 0.38s
detect-illegalStaying: succeeded in 0.72s
detect-illegalAnchored: succeeded in 0.73s
detect-abnormalStaying: succeeded in 7.95s
detect-lowSpeedBoat: succeeded in 1.78s
detect-highSpeedBoat: succeeded in 2.47s
detect-collision: succeeded in 0.03s
detect-abnormalWandering: succeeded in 7.11s
detect-illegalBerthing: succeeded in 0.62s
detect-CrossingBoundary: succeeded in 0.95s
detect-doubleDragging: succeeded in 4.53s
detect-deviation: succeeded in 1.91s
detect-abnormalTransfer: succeeded in 0.34s
detect-illegalAnchored: succeeded in 0.84s
detect-illegalStaying: succeeded in 0.98s
detect-lowSpeedBoat: succeeded in 1.38s
detect-blackList: succeeded in 0.03s
detect-illegalBerthing: succeeded in 0.11s
detect-abnormalWandering: succeeded in 5.56s
detect-CrossingBoundary: succeeded in 0.53s
detect-abnormalStaying: succeeded in 7.48s
detect-deviation: succeeded in 1.24s
detect-doubleDragging: succeeded in 5.51s
detect-highSpeedBoat: succeeded in 4.44s
detect-blackList: succeeded in 0.05s
detect-collision: succeeded in 0.22s
detect-illegalBerthing: succeeded in 0.36s
detect-illegalAnchored: succeeded in 1.26s
detect-lowSpeedBoat: succeeded in 1.26s
detect-CrossingBoundary: succeeded in 0.20s
detect-abnormalTransfer: succeeded in 0.34s
detect-illegalStaying: succeeded in 0.38s
detect-highSpeedBoat: succeeded in 3.42s
detect-deviation: succeeded in 1.31s
detect-doubleDragging: succeeded in 6.14s
detect-abnormalWandering: succeeded in 7.27s
detect-illegalBerthing: succeeded in 0.28s
detect-blackList: succeeded in 0.42s
detect-collision: succeeded in 0.42s
detect-abnormalStaying: succeeded in 7.84s
detect-illegalAnchored: succeeded in 0.76s
detect-lowSpeedBoat: succeeded in 1.03s
detect-abnormalTransfer: succeeded in 0.33s
detect-illegalStaying: succeeded in 0.41s
detect-doubleDragging: succeeded in 3.23s
detect-highSpeedBoat: succeeded in 3.34s
detect-CrossingBoundary: succeeded in 1.17s
detect-deviation: succeeded in 1.47s
detect-collision: succeeded in 0.03s
detect-blackList: succeeded in 0.41s
detect-illegalBerthing: succeeded in 0.56s
detect-illegalAnchored: succeeded in 0.88s
detect-abnormalWandering: succeeded in 6.12s
detect-lowSpeedBoat: succeeded in 1.59s
detect-highSpeedBoat: succeeded in 1.70s
detect-CrossingBoundary: succeeded in 0.27s
detect-abnormalTransfer: succeeded in 0.31s
detect-illegalStaying: succeeded in 0.28s
detect-abnormalStaying: succeeded in 6.73s
detect-deviation: succeeded in 0.94s
detect-collision: succeeded in 0.05s
detect-blackList: succeeded in 0.06s
detect-doubleDragging: succeeded in 6.30s
detect-illegalBerthing: succeeded in 0.44s
detect-illegalAnchored: succeeded in 1.47s
detect-lowSpeedBoat: succeeded in 1.50s
detect-abnormalWandering: succeeded in 5.09s
detect-highSpeedBoat: succeeded in 2.24s
detect-CrossingBoundary: succeeded in 0.28s
detect-abnormalTransfer: succeeded in 0.45s
detect-illegalStaying: succeeded in 0.50s
detect-abnormalStaying: succeeded in 5.00s
detect-deviation: succeeded in 1.31s
detect-doubleDragging: succeeded in 3.91s
detect-collision: succeeded in 0.05s
detect-blackList: succeeded in 0.05s
detect-illegalBerthing: succeeded in 0.30s
detect-illegalAnchored: succeeded in 0.59s
detect-lowSpeedBoat: succeeded in 0.97s
detect-highSpeedBoat: succeeded in 2.22s
detect-abnormalTransfer: succeeded in 0.19s
detect-illegalStaying: succeeded in 0.55s
detect-CrossingBoundary: succeeded in 0.73s
detect-deviation: succeeded in 1.24s
detect-abnormalStaying: succeeded in 5.64s
detect-collision: succeeded in 0.05s
detect-blackList: succeeded in 0.05s
detect-illegalBerthing: succeeded in 0.12s
detect-illegalAnchored: succeeded in 0.62s
detect-lowSpeedBoat: succeeded in 0.88s
detect-doubleDragging: succeeded in 7.34s
detect-abnormalTransfer: succeeded in 0.28s
detect-illegalStaying: succeeded in 0.42s
detect-CrossingBoundary: succeeded in 0.80s
detect-deviation: succeeded in 1.34s
detect-abnormalWandering: succeeded in 10.75s
detect-blackList: succeeded in 0.03s
detect-illegalBerthing: succeeded in 0.14s
detect-collision: succeeded in 0.17s
detect-highSpeedBoat: succeeded in 5.06s
detect-illegalAnchored: succeeded in 0.42s
detect-abnormalStaying: succeeded in 5.81s
detect-lowSpeedBoat: succeeded in 1.52s
detect-abnormalTransfer: succeeded in 0.19s
detect-CrossingBoundary: succeeded in 0.36s
detect-illegalStaying: succeeded in 0.45s
detect-highSpeedBoat: succeeded in 2.25s
detect-deviation: succeeded in 1.41s
detect-collision: succeeded in 0.31s
detect-illegalBerthing: succeeded in 0.41s
detect-blackList: succeeded in 0.50s
detect-illegalAnchored: succeeded in 0.55s
detect-highSpeedBoat: succeeded in 2.86s
detect-lowSpeedBoat: succeeded in 1.33s
detect-abnormalStaying: succeeded in 5.31s
detect-abnormalWandering: succeeded in 7.06s
detect-CrossingBoundary: succeeded in 0.20s
detect-abnormalTransfer: succeeded in 0.24s
detect-illegalStaying: succeeded in 0.33s
detect-deviation: succeeded in 1.26s
detect-doubleDragging: succeeded in 10.91s
detect-highSpeedBoat: succeeded in 2.42s
detect-collision: succeeded in 0.05s
detect-blackList: succeeded in 0.45s
detect-illegalBerthing: succeeded in 0.86s
detect-illegalAnchored: succeeded in 1.14s
detect-lowSpeedBoat: succeeded in 1.75s
detect-abnormalStaying: succeeded in 6.14s
detect-blackList: succeeded in 0.03s
detect-collision: succeeded in 0.05s
detect-doubleDragging: succeeded in 4.31s
detect-illegalStaying: succeeded in 0.58s
detect-deviation: succeeded in 0.97s
detect-highSpeedBoat: succeeded in 1.52s
detect-CrossingBoundary: succeeded in 0.19s
detect-abnormalTransfer: succeeded in 0.20s
detect-illegalBerthing: succeeded in 0.20s
detect-abnormalWandering: succeeded in 9.06s
detect-illegalAnchored: succeeded in 0.41s
detect-lowSpeedBoat: succeeded in 1.47s
detect-blackList: succeeded in 0.05s
detect-collision: succeeded in 0.06s
detect-doubleDragging: succeeded in 4.42s
detect-illegalStaying: succeeded in 0.33s
detect-deviation: succeeded in 1.25s
detect-highSpeedBoat: succeeded in 1.78s
detect-abnormalStaying: succeeded in 6.67s
detect-illegalBerthing: succeeded in 0.22s
detect-CrossingBoundary: succeeded in 0.28s
detect-abnormalTransfer: succeeded in 0.41s
detect-illegalAnchored: succeeded in 0.61s
detect-lowSpeedBoat: succeeded in 0.78s
detect-abnormalWandering: succeeded in 5.55s
detect-collision: succeeded in 0.03s
detect-blackList: succeeded in 0.05s
detect-illegalStaying: succeeded in 0.36s
detect-doubleDragging: succeeded in 5.22s
detect-highSpeedBoat: succeeded in 1.33s
detect-deviation: succeeded in 1.56s
detect-abnormalStaying: succeeded in 5.26s
detect-illegalBerthing: succeeded in 0.28s
detect-abnormalTransfer: succeeded in 0.31s
detect-illegalAnchored: succeeded in 0.45s
detect-CrossingBoundary: succeeded in 0.75s
detect-lowSpeedBoat: succeeded in 0.89s
detect-blackList: succeeded in 0.03s
detect-collision: succeeded in 0.33s
detect-illegalStaying: succeeded in 0.39s
detect-doubleDragging: succeeded in 5.16s
detect-deviation: succeeded in 1.19s
detect-highSpeedBoat: succeeded in 1.36s
detect-abnormalStaying: succeeded in 4.69s
detect-illegalBerthing: succeeded in 0.30s
detect-abnormalTransfer: succeeded in 0.48s
detect-CrossingBoundary: succeeded in 0.53s
detect-illegalAnchored: succeeded in 0.51s
detect-lowSpeedBoat: succeeded in 0.91s
detect-abnormalWandering: succeeded in 8.94s
detect-collision: succeeded in 0.27s
detect-illegalStaying: succeeded in 0.51s
detect-blackList: succeeded in 0.61s
detect-doubleDragging: succeeded in 3.95s
detect-deviation: succeeded in 1.19s
detect-CrossingBoundary: succeeded in 0.30s
detect-illegalBerthing: succeeded in 0.33s
detect-abnormalTransfer: succeeded in 0.36s
detect-illegalAnchored: succeeded in 0.41s
detect-highSpeedBoat: succeeded in 3.22s
detect-abnormalStaying: succeeded in 5.05s
detect-lowSpeedBoat: succeeded in 1.19s
detect-abnormalWandering: succeeded in 4.88s
detect-collision: succeeded in 0.05s
detect-blackList: succeeded in 0.12s
detect-illegalStaying: succeeded in 0.25s
detect-deviation: succeeded in 1.02s
detect-highSpeedBoat: succeeded in 1.41s
detect-doubleDragging: succeeded in 4.88s
detect-abnormalTransfer: succeeded in 0.17s
detect-CrossingBoundary: succeeded in 0.50s
detect-illegalBerthing: succeeded in 0.41s
detect-illegalAnchored: succeeded in 0.52s
detect-lowSpeedBoat: succeeded in 0.67s
detect-abnormalWandering: succeeded in 4.01s
detect-blackList: succeeded in 0.05s
detect-collision: succeeded in 0.06s
detect-doubleDragging: succeeded in 3.28s
detect-illegalStaying: succeeded in 0.42s
detect-deviation: succeeded in 1.34s
detect-abnormalStaying: succeeded in 7.55s
detect-highSpeedBoat: succeeded in 1.95s
detect-CrossingBoundary: succeeded in 0.56s
detect-illegalBerthing: succeeded in 0.61s
detect-abnormalTransfer: succeeded in 1.14s
detect-lowSpeedBoat: succeeded in 1.55s
detect-illegalAnchored: succeeded in 1.80s
detect-blackList: succeeded in 0.05s
detect-collision: succeeded in 0.03s
detect-doubleDragging: succeeded in 4.95s
detect-illegalStaying: succeeded in 0.89s
detect-abnormalWandering: succeeded in 6.81s
detect-deviation: succeeded in 1.92s
detect-highSpeedBoat: succeeded in 2.12s
detect-CrossingBoundary: succeeded in 0.30s
detect-illegalBerthing: succeeded in 0.44s
detect-illegalAnchored: succeeded in 0.66s
detect-lowSpeedBoat: succeeded in 1.73s
detect-abnormalTransfer: succeeded in 1.83s
detect-abnormalStaying: succeeded in 6.98s
detect-illegalStaying: succeeded in 0.20s
detect-illegalBerthing: succeeded in 0.25s
detect-abnormalTransfer: succeeded in 0.36s
detect-CrossingBoundary: succeeded in 0.50s
detect-deviation: succeeded in 1.36s
detect-highSpeedBoat: succeeded in 1.59s
detect-doubleDragging: succeeded in 7.03s
detect-blackList: succeeded in 0.03s
detect-collision: succeeded in 0.05s
detect-abnormalWandering: succeeded in 7.02s
detect-lowSpeedBoat: succeeded in 1.03s
detect-abnormalStaying: succeeded in 5.20s
detect-abnormalTransfer: succeeded in 0.41s
detect-illegalBerthing: succeeded in 0.38s
detect-illegalAnchored: succeeded in 0.41s
detect-CrossingBoundary: succeeded in 0.49s
detect-illegalStaying: succeeded in 0.52s
detect-deviation: succeeded in 1.38s
detect-doubleDragging: succeeded in 4.23s
detect-highSpeedBoat: succeeded in 1.97s
detect-blackList: succeeded in 0.05s
detect-collision: succeeded in 0.30s
detect-lowSpeedBoat: succeeded in 0.89s
detect-abnormalWandering: succeeded in 5.39s
detect-illegalBerthing: succeeded in 0.06s
detect-illegalStaying: succeeded in 0.19s
detect-abnormalStaying: succeeded in 5.12s
detect-abnormalTransfer: succeeded in 0.66s
detect-illegalAnchored: succeeded in 0.53s
detect-CrossingBoundary: succeeded in 0.73s
detect-doubleDragging: succeeded in 5.08s
detect-deviation: succeeded in 1.48s
detect-collision: succeeded in 0.12s
detect-blackList: succeeded in 0.14s
detect-highSpeedBoat: succeeded in 2.92s
detect-lowSpeedBoat: succeeded in 1.03s
detect-abnormalWandering: succeeded in 5.24s
detect-abnormalTransfer: succeeded in 0.25s
detect-abnormalStaying: succeeded in 4.49s
detect-illegalStaying: succeeded in 0.42s
detect-illegalAnchored: succeeded in 0.45s
detect-illegalBerthing: succeeded in 0.50s
detect-CrossingBoundary: succeeded in 0.56s
detect-doubleDragging: succeeded in 3.69s
detect-deviation: succeeded in 1.38s
detect-collision: succeeded in 0.05s
detect-blackList: succeeded in 0.36s
detect-highSpeedBoat: succeeded in 3.08s
detect-lowSpeedBoat: succeeded in 1.86s
detect-illegalStaying: succeeded in 0.22s
detect-abnormalWandering: succeeded in 5.64s
detect-CrossingBoundary: succeeded in 0.34s
detect-abnormalTransfer: succeeded in 0.39s
detect-illegalAnchored: succeeded in 0.53s
detect-illegalBerthing: succeeded in 0.61s
detect-abnormalStaying: succeeded in 5.33s
detect-deviation: succeeded in 1.14s
detect-blackList: succeeded in 0.05s
detect-collision: succeeded in 0.05s
detect-doubleDragging: succeeded in 5.56s
detect-highSpeedBoat: succeeded in 3.44s
detect-lowSpeedBoat: succeeded in 1.28s
detect-illegalBerthing: succeeded in 0.20s
detect-CrossingBoundary: succeeded in 0.34s
detect-illegalStaying: succeeded in 0.36s
detect-abnormalTransfer: succeeded in 0.44s
detect-illegalAnchored: succeeded in 0.44s
detect-deviation: succeeded in 1.45s
detect-abnormalWandering: succeeded in 6.38s
detect-highSpeedBoat: succeeded in 1.94s
detect-collision: succeeded in 0.03s
detect-blackList: succeeded in 0.08s
detect-abnormalStaying: succeeded in 6.53s
detect-doubleDragging: succeeded in 4.62s
detect-lowSpeedBoat: succeeded in 1.14s
detect-illegalBerthing: succeeded in 0.14s
detect-abnormalTransfer: succeeded in 0.25s
detect-illegalAnchored: succeeded in 0.39s
detect-illegalStaying: succeeded in 0.41s
detect-CrossingBoundary: succeeded in 0.59s
detect-highSpeedBoat: succeeded in 1.14s
detect-deviation: succeeded in 1.28s
detect-doubleDragging: succeeded in 2.92s
detect-blackList: succeeded in 0.03s
detect-collision: succeeded in 0.03s
detect-abnormalWandering: succeeded in 4.64s
detect-lowSpeedBoat: succeeded in 0.56s
detect-abnormalTransfer: succeeded in 0.11s
detect-illegalBerthing: succeeded in 0.11s
detect-illegalStaying: succeeded in 0.19s
detect-illegalAnchored: succeeded in 0.36s
detect-abnormalStaying: succeeded in 5.52s
detect-CrossingBoundary: succeeded in 0.42s
detect-doubleDragging: succeeded in 2.19s
detect-highSpeedBoat: succeeded in 0.98s
detect-deviation: succeeded in 1.01s
detect-blackList: succeeded in 0.05s
detect-collision: succeeded in 0.36s
detect-abnormalWandering: succeeded in 4.05s
detect-lowSpeedBoat: succeeded in 0.80s
detect-abnormalTransfer: succeeded in 0.09s
detect-illegalBerthing: succeeded in 0.08s
detect-illegalStaying: succeeded in 0.20s
detect-CrossingBoundary: succeeded in 0.24s
detect-abnormalStaying: succeeded in 3.92s
detect-illegalAnchored: succeeded in 0.44s
detect-doubleDragging: succeeded in 2.36s
detect-deviation: succeeded in 0.97s
detect-highSpeedBoat: succeeded in 1.70s
detect-collision: succeeded in 0.16s
detect-blackList: succeeded in 0.17s
detect-lowSpeedBoat: succeeded in 0.77s
detect-abnormalWandering: succeeded in 4.20s
detect-abnormalTransfer: succeeded in 0.16s
detect-CrossingBoundary: succeeded in 0.20s
detect-illegalBerthing: succeeded in 0.28s
detect-illegalStaying: succeeded in 0.33s
detect-doubleDragging: succeeded in 2.53s
detect-illegalAnchored: succeeded in 0.55s
detect-abnormalStaying: succeeded in 4.24s
detect-highSpeedBoat: succeeded in 1.08s
detect-deviation: succeeded in 1.27s
detect-collision: succeeded in 0.05s
detect-blackList: succeeded in 0.39s
detect-lowSpeedBoat: succeeded in 0.86s
detect-abnormalWandering: succeeded in 4.14s
detect-CrossingBoundary: succeeded in 0.23s
detect-illegalStaying: succeeded in 0.26s
detect-doubleDragging: succeeded in 2.00s
detect-abnormalTransfer: succeeded in 0.30s
detect-illegalBerthing: succeeded in 0.30s
detect-illegalAnchored: succeeded in 0.44s
detect-abnormalStaying: succeeded in 3.80s
detect-deviation: succeeded in 0.91s
detect-highSpeedBoat: succeeded in 1.33s
detect-blackList: succeeded in 0.06s
detect-collision: succeeded in 0.08s
detect-lowSpeedBoat: succeeded in 0.88s
detect-illegalBerthing: succeeded in 0.22s
detect-abnormalTransfer: succeeded in 0.45s
detect-CrossingBoundary: succeeded in 0.45s
detect-illegalStaying: succeeded in 0.59s
detect-illegalAnchored: succeeded in 0.59s
detect-abnormalWandering: succeeded in 4.47s
detect-doubleDragging: succeeded in 3.45s
detect-abnormalStaying: succeeded in 4.48s
detect-deviation: succeeded in 1.33s
detect-highSpeedBoat: succeeded in 1.76s
detect-collision: succeeded in 0.03s
detect-blackList: succeeded in 0.03s
detect-lowSpeedBoat: succeeded in 0.72s
detect-illegalBerthing: succeeded in 0.11s
detect-abnormalTransfer: succeeded in 0.20s
detect-illegalStaying: succeeded in 0.22s
detect-CrossingBoundary: succeeded in 0.28s
detect-illegalAnchored: succeeded in 0.39s
detect-deviation: succeeded in 1.05s
detect-highSpeedBoat: succeeded in 1.44s
detect-doubleDragging: succeeded in 3.59s
detect-blackList: succeeded in 0.05s
detect-collision: succeeded in 0.03s
detect-abnormalStaying: succeeded in 5.31s
detect-abnormalWandering: succeeded in 4.80s
detect-lowSpeedBoat: succeeded in 0.94s
detect-doubleDragging: succeeded in 2.25s
detect-illegalStaying: succeeded in 0.12s
detect-abnormalTransfer: succeeded in 0.14s
detect-illegalBerthing: succeeded in 0.14s
detect-CrossingBoundary: succeeded in 0.23s
detect-illegalAnchored: succeeded in 0.44s
detect-deviation: succeeded in 1.34s
detect-highSpeedBoat: succeeded in 1.95s
detect-blackList: succeeded in 0.03s
detect-collision: succeeded in 0.20s
detect-abnormalStaying: succeeded in 4.66s
detect-lowSpeedBoat: succeeded in 0.88s
detect-abnormalWandering: succeeded in 4.69s
detect-illegalBerthing: succeeded in 0.11s
detect-CrossingBoundary: succeeded in 0.20s
detect-abnormalTransfer: succeeded in 0.28s
detect-illegalStaying: succeeded in 0.47s
detect-illegalAnchored: succeeded in 0.53s
detect-doubleDragging: succeeded in 2.76s
detect-deviation: succeeded in 1.22s
detect-highSpeedBoat: succeeded in 2.24s
detect-collision: succeeded in 0.16s
detect-blackList: succeeded in 0.22s
detect-lowSpeedBoat: succeeded in 0.64s
detect-abnormalStaying: succeeded in 4.66s
detect-abnormalTransfer: succeeded in 0.25s
detect-illegalBerthing: succeeded in 0.27s
detect-abnormalWandering: succeeded in 4.42s
detect-CrossingBoundary: succeeded in 0.33s
detect-illegalStaying: succeeded in 0.34s
detect-illegalAnchored: succeeded in 0.67s
detect-deviation: succeeded in 1.01s
detect-doubleDragging: succeeded in 3.12s
detect-highSpeedBoat: succeeded in 1.55s
detect-collision: succeeded in 0.09s
detect-blackList: succeeded in 0.27s
detect-lowSpeedBoat: succeeded in 0.80s
detect-abnormalStaying: succeeded in 4.56s
detect-abnormalWandering: succeeded in 3.75s
detect-illegalBerthing: succeeded in 0.81s
detect-illegalStaying: succeeded in 0.89s
detect-abnormalTransfer: succeeded in 0.99s
detect-CrossingBoundary: succeeded in 1.00s
detect-doubleDragging: succeeded in 3.81s
detect-illegalAnchored: succeeded in 1.72s
detect-deviation: succeeded in 2.53s
detect-blackList: succeeded in 0.06s
detect-collision: succeeded in 0.08s
detect-lowSpeedBoat: succeeded in 1.59s
detect-collision: succeeded in 0.05s
detect-highSpeedBoat: succeeded in 6.19s
detect-CrossingBoundary: succeeded in 0.59s
detect-illegalAnchored: succeeded in 1.47s
detect-abnormalWandering: succeeded in 7.72s
detect-deviation: succeeded in 1.80s
detect-abnormalStaying: succeeded in 8.66s
detect-doubleDragging: succeeded in 5.81s
detect-highSpeedBoat: succeeded in 2.61s
detect-abnormalTransfer: succeeded in 0.26s
detect-illegalBerthing: succeeded in 0.23s
detect-illegalStaying: succeeded in 0.56s
detect-CrossingBoundary: succeeded in 0.74s
detect-illegalAnchored: succeeded in 0.81s
detect-lowSpeedBoat: succeeded in 1.67s
detect-collision: succeeded in 0.03s
detect-blackList: succeeded in 0.03s
detect-illegalBerthing: succeeded in 0.16s
detect-highSpeedBoat: succeeded in 4.28s
detect-deviation: succeeded in 2.22s
detect-doubleDragging: succeeded in 5.00s
detect-abnormalTransfer: succeeded in 0.17s
detect-illegalStaying: succeeded in 0.28s
detect-illegalAnchored: succeeded in 0.45s
detect-CrossingBoundary: succeeded in 0.64s
detect-lowSpeedBoat: succeeded in 0.80s
detect-abnormalWandering: succeeded in 7.94s
detect-abnormalStaying: succeeded in 7.45s
detect-blackList: succeeded in 0.03s
detect-illegalBerthing: succeeded in 0.14s
detect-collision: succeeded in 0.30s
detect-highSpeedBoat: succeeded in 3.56s
detect-deviation: succeeded in 1.22s
detect-doubleDragging: succeeded in 4.17s
detect-abnormalTransfer: succeeded in 0.16s
detect-illegalStaying: succeeded in 0.36s
detect-CrossingBoundary: succeeded in 0.39s
detect-illegalAnchored: succeeded in 0.48s
detect-lowSpeedBoat: succeeded in 0.69s
detect-abnormalWandering: succeeded in 6.02s
detect-highSpeedBoat: succeeded in 2.22s
detect-doubleDragging: succeeded in 3.08s
detect-blackList: succeeded in 0.03s
detect-collision: succeeded in 0.12s
detect-illegalBerthing: succeeded in 0.11s
detect-abnormalStaying: succeeded in 6.14s
detect-deviation: succeeded in 0.83s
detect-doubleDragging: succeeded in 2.22s
detect-CrossingBoundary: succeeded in 0.24s
detect-illegalStaying: succeeded in 0.24s
detect-abnormalTransfer: succeeded in 0.28s
detect-illegalAnchored: succeeded in 0.38s
detect-lowSpeedBoat: succeeded in 0.62s
detect-collision: succeeded in 0.03s
detect-abnormalWandering: succeeded in 4.06s
detect-blackList: succeeded in 0.41s
detect-illegalBerthing: succeeded in 0.41s
detect-abnormalStaying: succeeded in 4.24s
detect-highSpeedBoat: succeeded in 2.97s
detect-deviation: succeeded in 1.38s
detect-illegalStaying: succeeded in 0.28s
detect-abnormalTransfer: succeeded in 0.36s
detect-CrossingBoundary: succeeded in 0.34s
detect-illegalAnchored: succeeded in 0.61s
detect-doubleDragging: succeeded in 3.56s
detect-lowSpeedBoat: succeeded in 1.42s
detect-abnormalWandering: succeeded in 4.01s
detect-collision: succeeded in 0.03s
detect-abnormalStaying: succeeded in 4.02s
detect-blackList: succeeded in 0.34s
detect-illegalBerthing: succeeded in 0.42s
detect-highSpeedBoat: succeeded in 2.89s
detect-deviation: succeeded in 1.09s
detect-CrossingBoundary: succeeded in 0.52s
detect-abnormalTransfer: succeeded in 0.61s
detect-illegalStaying: succeeded in 0.64s
detect-illegalAnchored: succeeded in 0.84s
detect-lowSpeedBoat: succeeded in 0.77s
detect-doubleDragging: succeeded in 3.34s
detect-abnormalWandering: succeeded in 3.88s
detect-abnormalStaying: succeeded in 3.50s
detect-highSpeedBoat: succeeded in 1.62s
detect-collision: succeeded in 0.05s
detect-blackList: succeeded in 0.08s
detect-illegalBerthing: succeeded in 0.14s
detect-deviation: succeeded in 1.00s
detect-abnormalTransfer: succeeded in 1.01s
detect-illegalAnchored: succeeded in 0.77s
detect-illegalStaying: succeeded in 1.03s
detect-CrossingBoundary: succeeded in 1.19s
detect-lowSpeedBoat: succeeded in 1.12s
detect-doubleDragging: succeeded in 3.55s
detect-blackList: succeeded in 0.05s
detect-collision: succeeded in 0.05s
detect-abnormalWandering: succeeded in 5.53s
detect-illegalBerthing: succeeded in 0.23s
detect-abnormalStaying: succeeded in 5.88s
detect-highSpeedBoat: succeeded in 3.53s
detect-deviation: succeeded in 2.08s
detect-doubleDragging: succeeded in 2.78s
detect-abnormalTransfer: succeeded in 0.22s
detect-illegalStaying: succeeded in 0.25s
detect-CrossingBoundary: succeeded in 0.31s
detect-illegalAnchored: succeeded in 0.47s
detect-lowSpeedBoat: succeeded in 0.70s
detect-blackList: succeeded in 0.03s
detect-illegalBerthing: succeeded in 0.16s
detect-collision: succeeded in 0.23s
detect-highSpeedBoat: succeeded in 2.50s
detect-abnormalWandering: succeeded in 5.50s
detect-deviation: succeeded in 1.02s
detect-abnormalStaying: succeeded in 5.47s
detect-abnormalTransfer: succeeded in 0.09s
detect-CrossingBoundary: succeeded in 0.19s
detect-doubleDragging: succeeded in 2.00s
detect-illegalStaying: succeeded in 0.23s
detect-illegalAnchored: succeeded in 0.42s
detect-lowSpeedBoat: succeeded in 0.51s
detect-highSpeedBoat: succeeded in 1.69s
detect-blackList: succeeded in 0.05s
detect-illegalBerthing: succeeded in 0.16s
detect-collision: succeeded in 0.39s
detect-abnormalWandering: succeeded in 3.84s
detect-abnormalStaying: succeeded in 3.84s
detect-deviation: succeeded in 1.24s
detect-doubleDragging: succeeded in 1.78s
detect-abnormalTransfer: succeeded in 0.11s
detect-CrossingBoundary: succeeded in 0.20s
detect-illegalStaying: succeeded in 0.30s
detect-illegalAnchored: succeeded in 0.44s
detect-lowSpeedBoat: succeeded in 0.74s
detect-highSpeedBoat: succeeded in 1.17s
detect-collision: succeeded in 0.05s
detect-blackList: succeeded in 0.27s
detect-illegalBerthing: succeeded in 0.31s
detect-abnormalStaying: succeeded in 3.67s
detect-deviation: succeeded in 1.19s
detect-abnormalWandering: succeeded in 3.92s
detect-illegalStaying: succeeded in 0.12s
detect-abnormalTransfer: succeeded in 0.19s
detect-CrossingBoundary: succeeded in 0.25s
detect-illegalAnchored: succeeded in 0.41s
detect-lowSpeedBoat: succeeded in 0.58s
detect-doubleDragging: succeeded in 3.17s
detect-highSpeedBoat: succeeded in 1.41s
detect-collision: succeeded in 0.06s
detect-blackList: succeeded in 0.14s
detect-illegalBerthing: succeeded in 0.26s
detect-deviation: succeeded in 1.14s
detect-doubleDragging: succeeded in 1.95s
detect-CrossingBoundary: succeeded in 0.16s
detect-abnormalTransfer: succeeded in 0.27s
detect-illegalStaying: succeeded in 0.25s
detect-abnormalWandering: succeeded in 4.00s
detect-illegalAnchored: succeeded in 0.39s
detect-abnormalStaying: succeeded in 4.16s
detect-lowSpeedBoat: succeeded in 0.83s
detect-highSpeedBoat: succeeded in 1.28s
detect-blackList: succeeded in 0.08s
detect-collision: succeeded in 0.06s
detect-illegalBerthing: succeeded in 0.16s
detect-deviation: succeeded in 1.50s
detect-abnormalWandering: succeeded in 4.84s
detect-abnormalTransfer: succeeded in 0.44s
detect-abnormalStaying: succeeded in 4.78s
detect-CrossingBoundary: succeeded in 0.83s
detect-illegalAnchored: succeeded in 0.83s
detect-illegalStaying: succeeded in 0.86s
detect-lowSpeedBoat: succeeded in 1.17s
detect-highSpeedBoat: succeeded in 2.00s
detect-doubleDragging: succeeded in 4.97s
detect-blackList: succeeded in 0.06s
detect-collision: succeeded in 0.09s
detect-illegalBerthing: succeeded in 0.12s
detect-deviation: succeeded in 1.59s
detect-illegalStaying: succeeded in 0.16s
detect-abnormalTransfer: succeeded in 0.23s
detect-CrossingBoundary: succeeded in 0.30s
detect-illegalAnchored: succeeded in 0.36s
detect-lowSpeedBoat: succeeded in 1.41s
detect-highSpeedBoat: succeeded in 1.81s
detect-abnormalStaying: succeeded in 6.64s
detect-blackList: succeeded in 0.05s
detect-collision: succeeded in 0.14s
detect-abnormalWandering: succeeded in 5.25s
detect-illegalBerthing: succeeded in 0.17s
detect-doubleDragging: succeeded in 5.24s
detect-deviation: succeeded in 1.42s
detect-illegalStaying: succeeded in 0.14s
detect-abnormalTransfer: succeeded in 0.20s
detect-CrossingBoundary: succeeded in 0.20s
detect-illegalAnchored: succeeded in 0.39s
detect-lowSpeedBoat: succeeded in 0.64s
detect-blackList: succeeded in 0.05s
detect-collision: succeeded in 0.12s
detect-illegalBerthing: succeeded in 0.09s
detect-highSpeedBoat: succeeded in 2.41s
detect-abnormalWandering: succeeded in 4.80s
detect-abnormalStaying: succeeded in 5.53s
detect-deviation: succeeded in 1.09s
detect-CrossingBoundary: succeeded in 0.17s
detect-abnormalTransfer: succeeded in 0.30s
detect-illegalStaying: succeeded in 0.44s
detect-doubleDragging: succeeded in 5.38s
detect-illegalAnchored: succeeded in 0.69s
detect-lowSpeedBoat: succeeded in 0.76s
detect-highSpeedBoat: succeeded in 1.48s
detect-collision: succeeded in 0.05s
detect-illegalBerthing: succeeded in 0.33s
detect-blackList: succeeded in 0.38s
detect-abnormalWandering: succeeded in 4.41s
detect-abnormalStaying: succeeded in 4.28s
detect-deviation: succeeded in 1.12s
detect-doubleDragging: succeeded in 3.69s
detect-illegalStaying: succeeded in 0.24s
detect-abnormalTransfer: succeeded in 0.30s
detect-CrossingBoundary: succeeded in 0.33s
detect-illegalAnchored: succeeded in 0.81s
detect-lowSpeedBoat: succeeded in 0.95s
detect-highSpeedBoat: succeeded in 2.47s
detect-collision: succeeded in 0.05s
detect-abnormalWandering: succeeded in 4.48s
detect-blackList: succeeded in 0.25s
detect-illegalBerthing: succeeded in 0.28s
detect-doubleDragging: succeeded in 3.05s
detect-abnormalStaying: succeeded in 5.03s
detect-deviation: succeeded in 1.12s
detect-abnormalTransfer: succeeded in 0.34s
detect-CrossingBoundary: succeeded in 0.30s
detect-illegalStaying: succeeded in 0.34s
detect-illegalAnchored: succeeded in 0.47s
detect-lowSpeedBoat: succeeded in 1.17s
detect-highSpeedBoat: succeeded in 1.66s
detect-blackList: succeeded in 0.03s
detect-collision: succeeded in 0.03s
detect-illegalBerthing: succeeded in 0.11s
detect-abnormalWandering: succeeded in 4.98s
detect-doubleDragging: succeeded in 3.64s
detect-deviation: succeeded in 1.00s
detect-illegalAnchored: succeeded in 0.44s
detect-illegalStaying: succeeded in 0.50s
detect-CrossingBoundary: succeeded in 0.55s
detect-abnormalTransfer: succeeded in 0.56s
detect-abnormalStaying: succeeded in 5.74s
detect-lowSpeedBoat: succeeded in 1.25s
detect-collision: succeeded in 0.03s
detect-blackList: succeeded in 0.05s
detect-illegalBerthing: succeeded in 0.08s
detect-deviation: succeeded in 2.36s
detect-illegalStaying: succeeded in 0.26s
detect-abnormalTransfer: succeeded in 0.28s
detect-doubleDragging: succeeded in 5.39s
detect-illegalAnchored: succeeded in 0.77s
detect-highSpeedBoat: succeeded in 5.80s
detect-CrossingBoundary: succeeded in 0.98s
detect-lowSpeedBoat: succeeded in 1.36s
detect-abnormalWandering: succeeded in 6.39s
detect-blackList: succeeded in 0.03s
detect-highSpeedBoat: succeeded in 1.86s
detect-collision: succeeded in 0.39s
detect-illegalBerthing: succeeded in 0.38s
detect-abnormalStaying: succeeded in 6.95s
detect-deviation: succeeded in 1.16s
detect-doubleDragging: succeeded in 3.16s
detect-abnormalTransfer: succeeded in 0.09s
detect-CrossingBoundary: succeeded in 0.25s
detect-illegalStaying: succeeded in 0.31s
detect-illegalAnchored: succeeded in 0.52s
detect-lowSpeedBoat: succeeded in 1.11s
detect-abnormalWandering: succeeded in 4.91s
detect-blackList: succeeded in 0.05s
detect-illegalBerthing: succeeded in 0.06s
detect-collision: succeeded in 0.19s
detect-abnormalStaying: succeeded in 4.91s
detect-deviation: succeeded in 1.03s
detect-highSpeedBoat: succeeded in 4.06s
detect-CrossingBoundary: succeeded in 0.23s
detect-illegalStaying: succeeded in 0.27s
detect-abnormalTransfer: succeeded in 0.34s
detect-illegalAnchored: succeeded in 0.44s
detect-lowSpeedBoat: succeeded in 0.77s
detect-doubleDragging: succeeded in 5.31s
detect-collision: succeeded in 0.05s
detect-highSpeedBoat: succeeded in 2.25s
detect-blackList: succeeded in 0.24s
detect-illegalBerthing: succeeded in 0.41s
detect-abnormalWandering: succeeded in 5.27s
detect-deviation: succeeded in 0.98s
detect-doubleDragging: succeeded in 2.51s
detect-abnormalStaying: succeeded in 5.11s
detect-CrossingBoundary: succeeded in 0.22s
detect-abnormalTransfer: succeeded in 0.50s
detect-illegalStaying: succeeded in 0.59s
detect-illegalAnchored: succeeded in 0.69s
detect-lowSpeedBoat: succeeded in 1.42s
detect-highSpeedBoat: succeeded in 2.11s
detect-collision: succeeded in 0.03s
detect-illegalBerthing: succeeded in 0.22s
detect-blackList: succeeded in 0.25s
detect-abnormalWandering: succeeded in 4.30s
detect-doubleDragging: succeeded in 3.33s
detect-deviation: succeeded in 0.88s
detect-abnormalTransfer: succeeded in 0.36s
detect-CrossingBoundary: succeeded in 0.41s
detect-illegalStaying: succeeded in 0.39s
detect-illegalAnchored: succeeded in 0.44s
detect-abnormalStaying: succeeded in 5.16s
detect-lowSpeedBoat: succeeded in 0.76s
detect-highSpeedBoat: succeeded in 1.56s
detect-blackList: succeeded in 0.03s
detect-collision: succeeded in 0.03s
detect-illegalBerthing: succeeded in 0.16s
detect-doubleDragging: succeeded in 2.42s
detect-abnormalWandering: succeeded in 4.02s
detect-deviation: succeeded in 1.52s
detect-abnormalTransfer: succeeded in 0.59s
detect-illegalAnchored: succeeded in 0.75s
detect-CrossingBoundary: succeeded in 0.86s
detect-illegalStaying: succeeded in 1.00s
detect-lowSpeedBoat: succeeded in 1.01s
detect-abnormalStaying: succeeded in 5.08s
detect-blackList: succeeded in 0.03s
detect-collision: succeeded in 0.03s
detect-illegalBerthing: succeeded in 0.20s
detect-highSpeedBoat: succeeded in 2.48s
detect-abnormalWandering: succeeded in 4.53s
detect-deviation: succeeded in 1.12s
detect-doubleDragging: succeeded in 3.45s
detect-abnormalTransfer: succeeded in 0.19s
detect-CrossingBoundary: succeeded in 0.24s
detect-illegalStaying: succeeded in 0.27s
detect-illegalAnchored: succeeded in 0.49s
detect-lowSpeedBoat: succeeded in 0.56s
detect-highSpeedBoat: succeeded in 1.20s
detect-blackList: succeeded in 0.03s
detect-collision: succeeded in 0.14s
detect-illegalBerthing: succeeded in 0.11s
detect-doubleDragging: succeeded in 2.52s
detect-abnormalStaying: succeeded in 4.56s
detect-deviation: succeeded in 1.00s
detect-abnormalTransfer: succeeded in 0.31s
detect-CrossingBoundary: succeeded in 0.28s
detect-illegalStaying: succeeded in 0.36s
detect-illegalAnchored: succeeded in 0.50s
detect-abnormalWandering: succeeded in 4.78s
detect-lowSpeedBoat: succeeded in 0.77s
detect-blackList: succeeded in 0.03s
detect-illegalBerthing: succeeded in 0.12s
detect-collision: succeeded in 0.47s
detect-abnormalStaying: succeeded in 4.27s
detect-deviation: succeeded in 1.00s
detect-doubleDragging: succeeded in 3.14s
detect-highSpeedBoat: succeeded in 3.16s
detect-abnormalTransfer: succeeded in 0.28s
detect-illegalStaying: succeeded in 0.30s
detect-CrossingBoundary: succeeded in 0.33s
detect-illegalAnchored: succeeded in 0.58s
detect-lowSpeedBoat: succeeded in 0.70s
detect-highSpeedBoat: succeeded in 1.14s
detect-doubleDragging: succeeded in 1.84s
detect-collision: succeeded in 0.03s
detect-blackList: succeeded in 0.19s
detect-illegalBerthing: succeeded in 0.28s
detect-abnormalWandering: succeeded in 4.16s
detect-deviation: succeeded in 0.98s
detect-abnormalStaying: succeeded in 4.45s
detect-CrossingBoundary: succeeded in 0.23s
detect-abnormalTransfer: succeeded in 0.31s
detect-illegalStaying: succeeded in 0.34s
detect-illegalAnchored: succeeded in 0.75s
detect-lowSpeedBoat: succeeded in 0.77s
detect-highSpeedBoat: succeeded in 1.33s
detect-collision: succeeded in 0.05s
detect-illegalBerthing: succeeded in 0.22s
detect-blackList: succeeded in 0.23s
detect-abnormalWandering: succeeded in 4.61s
detect-deviation: succeeded in 1.19s
detect-doubleDragging: succeeded in 3.30s
detect-abnormalTransfer: succeeded in 0.22s
detect-illegalStaying: succeeded in 0.26s
detect-CrossingBoundary: succeeded in 0.28s
detect-illegalAnchored: succeeded in 0.61s
detect-lowSpeedBoat: succeeded in 0.72s
detect-highSpeedBoat: succeeded in 1.17s
detect-abnormalStaying: succeeded in 5.47s
detect-blackList: succeeded in 0.05s
detect-collision: succeeded in 0.06s
detect-illegalBerthing: succeeded in 0.16s
detect-doubleDragging: succeeded in 2.33s
detect-deviation: succeeded in 1.27s
detect-abnormalTransfer: succeeded in 0.30s
detect-illegalStaying: succeeded in 0.36s
detect-CrossingBoundary: succeeded in 0.47s
detect-abnormalWandering: succeeded in 4.78s
detect-illegalAnchored: succeeded in 0.50s
detect-lowSpeedBoat: succeeded in 0.88s
detect-highSpeedBoat: succeeded in 2.20s
detect-abnormalStaying: succeeded in 4.67s
detect-collision: succeeded in 0.05s
detect-blackList: succeeded in 0.05s
detect-illegalBerthing: succeeded in 0.23s
detect-deviation: succeeded in 1.83s
detect-doubleDragging: succeeded in 4.33s
detect-illegalStaying: succeeded in 0.16s
detect-abnormalTransfer: succeeded in 0.39s
detect-CrossingBoundary: succeeded in 0.47s
detect-illegalAnchored: succeeded in 0.50s
detect-abnormalWandering: succeeded in 4.73s
detect-lowSpeedBoat: succeeded in 0.86s
detect-highSpeedBoat: succeeded in 1.61s
detect-blackList: succeeded in 0.03s
detect-collision: succeeded in 0.14s
detect-illegalBerthing: succeeded in 0.17s
detect-abnormalStaying: succeeded in 5.12s
detect-deviation: succeeded in 1.09s
detect-doubleDragging: succeeded in 3.62s
detect-illegalStaying: succeeded in 0.16s
detect-abnormalTransfer: succeeded in 0.22s
detect-CrossingBoundary: succeeded in 0.48s
detect-illegalAnchored: succeeded in 0.50s
detect-lowSpeedBoat: succeeded in 0.81s
detect-highSpeedBoat: succeeded in 1.11s
detect-abnormalWandering: succeeded in 4.97s
detect-blackList: succeeded in 0.05s
detect-illegalBerthing: succeeded in 0.12s
detect-collision: succeeded in 0.25s
detect-doubleDragging: succeeded in 2.41s
detect-abnormalStaying: succeeded in 4.26s
detect-deviation: succeeded in 1.12s
detect-abnormalTransfer: succeeded in 0.09s
detect-CrossingBoundary: succeeded in 0.28s
detect-illegalStaying: succeeded in 0.36s
detect-illegalAnchored: succeeded in 0.59s
detect-lowSpeedBoat: succeeded in 0.74s
detect-highSpeedBoat: succeeded in 1.56s
detect-collision: succeeded in 0.05s
detect-blackList: succeeded in 0.19s
detect-illegalBerthing: succeeded in 0.28s
detect-abnormalWandering: succeeded in 4.31s
detect-deviation: succeeded in 1.06s
detect-doubleDragging: succeeded in 3.22s
detect-abnormalTransfer: succeeded in 0.17s
detect-illegalStaying: succeeded in 0.19s
detect-CrossingBoundary: succeeded in 0.23s
detect-illegalAnchored: succeeded in 0.67s
detect-lowSpeedBoat: succeeded in 0.88s
detect-highSpeedBoat: succeeded in 1.47s
detect-collision: succeeded in 0.03s
detect-blackList: succeeded in 0.16s
detect-illegalBerthing: succeeded in 0.20s
detect-abnormalStaying: succeeded in 6.61s
detect-abnormalWandering: succeeded in 4.27s
detect-deviation: succeeded in 0.92s
detect-doubleDragging: succeeded in 3.38s
detect-CrossingBoundary: succeeded in 0.22s
detect-abnormalTransfer: succeeded in 0.41s
detect-illegalStaying: succeeded in 0.45s
detect-illegalAnchored: succeeded in 0.61s
detect-lowSpeedBoat: succeeded in 0.84s
detect-highSpeedBoat: succeeded in 1.83s
detect-blackList: succeeded in 0.03s
detect-collision: succeeded in 0.05s
detect-illegalBerthing: succeeded in 0.09s
detect-abnormalStaying: succeeded in 3.92s
detect-abnormalWandering: succeeded in 4.02s
detect-deviation: succeeded in 1.03s
detect-doubleDragging: succeeded in 3.16s
detect-abnormalTransfer: succeeded in 0.38s
detect-CrossingBoundary: succeeded in 0.33s
detect-illegalStaying: succeeded in 0.31s
detect-illegalAnchored: succeeded in 0.39s
detect-lowSpeedBoat: succeeded in 0.70s
detect-highSpeedBoat: succeeded in 1.17s
detect-blackList: succeeded in 0.03s
detect-collision: succeeded in 0.03s
detect-abnormalWandering: succeeded in 4.16s
detect-abnormalStaying: succeeded in 4.38s
detect-illegalBerthing: succeeded in 0.33s
detect-deviation: succeeded in 1.09s
detect-doubleDragging: succeeded in 3.97s
detect-abnormalTransfer: succeeded in 0.20s
detect-illegalStaying: succeeded in 0.34s
detect-CrossingBoundary: succeeded in 0.45s
detect-illegalAnchored: succeeded in 0.45s
detect-lowSpeedBoat: succeeded in 0.97s
detect-highSpeedBoat: succeeded in 2.00s
detect-blackList: succeeded in 0.03s
detect-illegalBerthing: succeeded in 0.19s
detect-collision: succeeded in 0.24s
detect-abnormalWandering: succeeded in 4.51s
detect-abnormalStaying: succeeded in 4.50s
detect-deviation: succeeded in 0.88s
detect-doubleDragging: succeeded in 3.19s
detect-illegalStaying: succeeded in 0.16s
detect-abnormalTransfer: succeeded in 0.20s
detect-CrossingBoundary: succeeded in 0.22s
detect-illegalAnchored: succeeded in 0.42s
detect-lowSpeedBoat: succeeded in 0.61s
detect-highSpeedBoat: succeeded in 1.75s
detect-blackList: succeeded in 0.03s
detect-illegalBerthing: succeeded in 0.09s
detect-abnormalWandering: succeeded in 3.28s
detect-collision: succeeded in 0.24s
detect-abnormalStaying: succeeded in 3.94s
detect-deviation: succeeded in 1.00s
detect-doubleDragging: succeeded in 3.01s
detect-CrossingBoundary: succeeded in 0.26s
detect-abnormalTransfer: succeeded in 0.28s
detect-illegalStaying: succeeded in 0.31s
detect-illegalAnchored: succeeded in 0.45s
detect-lowSpeedBoat: succeeded in 0.75s
detect-highSpeedBoat: succeeded in 1.51s
detect-collision: succeeded in 0.03s
detect-abnormalWandering: succeeded in 3.73s
detect-illegalBerthing: succeeded in 0.16s
detect-blackList: succeeded in 0.19s
detect-abnormalStaying: succeeded in 3.95s
detect-deviation: succeeded in 1.14s
detect-abnormalTransfer: succeeded in 0.34s
detect-illegalStaying: succeeded in 0.38s
detect-doubleDragging: succeeded in 4.12s
detect-CrossingBoundary: succeeded in 0.39s
detect-illegalAnchored: succeeded in 0.49s
detect-lowSpeedBoat: succeeded in 0.66s
detect-highSpeedBoat: succeeded in 1.33s
detect-collision: succeeded in 0.03s
detect-blackList: succeeded in 0.06s
detect-abnormalWandering: succeeded in 4.25s
detect-illegalBerthing: succeeded in 0.12s
detect-deviation: succeeded in 1.01s
detect-abnormalStaying: succeeded in 4.97s
detect-doubleDragging: succeeded in 3.94s
detect-abnormalTransfer: succeeded in 0.34s
detect-CrossingBoundary: succeeded in 0.34s
detect-illegalStaying: succeeded in 0.42s
detect-illegalAnchored: succeeded in 0.64s
detect-lowSpeedBoat: succeeded in 0.69s
detect-highSpeedBoat: succeeded in 1.45s
detect-abnormalWandering: succeeded in 3.77s
detect-blackList: succeeded in 0.03s
detect-collision: succeeded in 0.03s
detect-illegalBerthing: succeeded in 0.20s
detect-deviation: succeeded in 1.01s
detect-doubleDragging: succeeded in 3.12s
detect-abnormalTransfer: succeeded in 0.22s
detect-CrossingBoundary: succeeded in 0.26s
detect-illegalStaying: succeeded in 0.28s
detect-illegalAnchored: succeeded in 0.49s
detect-lowSpeedBoat: succeeded in 0.69s
detect-abnormalStaying: succeeded in 4.41s
detect-highSpeedBoat: succeeded in 1.51s
detect-collision: succeeded in 0.03s
detect-abnormalWandering: succeeded in 4.06s
detect-blackList: succeeded in 0.03s
detect-illegalBerthing: succeeded in 0.06s
detect-deviation: succeeded in 0.88s
detect-doubleDragging: succeeded in 3.17s
detect-abnormalTransfer: succeeded in 0.20s
detect-CrossingBoundary: succeeded in 0.23s
detect-abnormalStaying: succeeded in 3.89s
detect-illegalStaying: succeeded in 0.27s
detect-illegalAnchored: succeeded in 0.42s
detect-lowSpeedBoat: succeeded in 0.72s
detect-highSpeedBoat: succeeded in 1.81s
detect-blackList: succeeded in 0.03s
detect-illegalBerthing: succeeded in 0.16s
detect-collision: succeeded in 0.51s
detect-abnormalWandering: succeeded in 4.92s
detect-deviation: succeeded in 1.67s
detect-abnormalTransfer: succeeded in 0.39s
detect-doubleDragging: succeeded in 4.91s
detect-illegalStaying: succeeded in 0.49s
detect-CrossingBoundary: succeeded in 0.47s
detect-illegalAnchored: succeeded in 0.61s
detect-lowSpeedBoat: succeeded in 0.83s
detect-abnormalStaying: succeeded in 5.91s
detect-blackList: succeeded in 0.05s
detect-illegalBerthing: succeeded in 0.08s
detect-collision: succeeded in 0.39s
detect-highSpeedBoat: succeeded in 2.58s
detect-abnormalWandering: succeeded in 4.89s
detect-deviation: succeeded in 1.33s
detect-doubleDragging: succeeded in 3.55s
detect-abnormalTransfer: succeeded in 0.28s
detect-CrossingBoundary: succeeded in 0.30s
detect-illegalStaying: succeeded in 0.39s
detect-illegalAnchored: succeeded in 0.58s
detect-lowSpeedBoat: succeeded in 0.81s
detect-highSpeedBoat: succeeded in 1.48s
detect-collision: succeeded in 0.05s
detect-abnormalStaying: succeeded in 4.31s
detect-blackList: succeeded in 0.19s
detect-illegalBerthing: succeeded in 0.36s
detect-deviation: succeeded in 1.01s
detect-doubleDragging: succeeded in 2.84s
detect-abnormalWandering: succeeded in 4.06s
detect-CrossingBoundary: succeeded in 0.31s
detect-illegalStaying: succeeded in 0.39s
detect-abnormalTransfer: succeeded in 0.44s
detect-illegalAnchored: succeeded in 0.62s
detect-lowSpeedBoat: succeeded in 0.74s
detect-highSpeedBoat: succeeded in 1.47s
detect-abnormalStaying: succeeded in 3.75s
detect-collision: succeeded in 0.03s
detect-blackList: succeeded in 0.16s
detect-illegalBerthing: succeeded in 0.41s
detect-deviation: succeeded in 1.00s
detect-doubleDragging: succeeded in 3.30s
detect-abnormalWandering: succeeded in 4.08s
detect-CrossingBoundary: succeeded in 0.27s
detect-abnormalTransfer: succeeded in 0.38s
detect-illegalStaying: succeeded in 0.44s
detect-illegalAnchored: succeeded in 0.55s
detect-lowSpeedBoat: succeeded in 0.83s
detect-highSpeedBoat: succeeded in 1.19s
detect-abnormalStaying: succeeded in 3.91s
detect-blackList: succeeded in 0.03s
detect-collision: succeeded in 0.05s
detect-illegalBerthing: succeeded in 0.09s
detect-doubleDragging: succeeded in 2.61s
detect-deviation: succeeded in 0.97s
detect-abnormalTransfer: succeeded in 0.28s
detect-CrossingBoundary: succeeded in 0.34s
detect-illegalAnchored: succeeded in 0.45s
detect-illegalStaying: succeeded in 0.48s
detect-abnormalWandering: succeeded in 5.00s
detect-lowSpeedBoat: succeeded in 1.03s
detect-highSpeedBoat: succeeded in 2.03s
detect-abnormalStaying: succeeded in 3.94s
detect-blackList: succeeded in 0.03s
detect-collision: succeeded in 0.03s
detect-illegalBerthing: succeeded in 0.22s
detect-deviation: succeeded in 1.12s
detect-abnormalTransfer: succeeded in 0.20s
detect-CrossingBoundary: succeeded in 0.28s
detect-illegalStaying: succeeded in 0.28s
detect-illegalAnchored: succeeded in 0.47s
detect-lowSpeedBoat: succeeded in 0.64s
detect-doubleDragging: succeeded in 4.89s
detect-abnormalWandering: succeeded in 3.92s
detect-highSpeedBoat: succeeded in 1.59s
detect-abnormalStaying: succeeded in 3.49s
detect-blackList: succeeded in 0.05s
detect-illegalBerthing: succeeded in 0.12s
detect-collision: succeeded in 0.19s
detect-deviation: succeeded in 1.20s
detect-abnormalTransfer: succeeded in 0.25s
detect-CrossingBoundary: succeeded in 0.41s
detect-illegalAnchored: succeeded in 0.50s
detect-illegalStaying: succeeded in 0.56s
detect-lowSpeedBoat: succeeded in 0.78s
detect-doubleDragging: succeeded in 3.19s
detect-highSpeedBoat: succeeded in 1.50s
detect-abnormalWandering: succeeded in 3.67s
detect-blackList: succeeded in 0.03s
detect-collision: succeeded in 0.28s
detect-illegalBerthing: succeeded in 0.27s
detect-abnormalStaying: succeeded in 4.74s
detect-deviation: succeeded in 0.86s
detect-abnormalTransfer: succeeded in 0.28s
detect-CrossingBoundary: succeeded in 0.27s
detect-illegalStaying: succeeded in 0.28s
detect-illegalAnchored: succeeded in 0.45s
detect-lowSpeedBoat: succeeded in 0.78s
detect-doubleDragging: succeeded in 3.22s
detect-highSpeedBoat: succeeded in 1.77s
detect-abnormalWandering: succeeded in 3.84s
detect-collision: succeeded in 0.03s
detect-blackList: succeeded in 0.12s
detect-illegalBerthing: succeeded in 0.12s
detect-abnormalStaying: succeeded in 3.95s
detect-deviation: succeeded in 1.00s
detect-abnormalTransfer: succeeded in 0.11s
detect-illegalStaying: succeeded in 0.22s
detect-CrossingBoundary: succeeded in 0.26s
detect-illegalAnchored: succeeded in 0.45s
detect-doubleDragging: succeeded in 2.66s
detect-lowSpeedBoat: succeeded in 0.53s
detect-highSpeedBoat: succeeded in 1.51s
detect-abnormalWandering: succeeded in 3.91s
detect-collision: succeeded in 0.05s
detect-blackList: succeeded in 0.20s
detect-abnormalStaying: succeeded in 3.91s
detect-illegalBerthing: succeeded in 0.53s
detect-deviation: succeeded in 0.94s
detect-CrossingBoundary: succeeded in 0.26s
detect-abnormalTransfer: succeeded in 0.30s
detect-doubleDragging: succeeded in 2.45s
detect-illegalStaying: succeeded in 0.42s
detect-illegalAnchored: succeeded in 0.45s
detect-lowSpeedBoat: succeeded in 0.75s
detect-highSpeedBoat: succeeded in 1.66s
detect-collision: succeeded in 0.06s
detect-blackList: succeeded in 0.06s
detect-abnormalWandering: succeeded in 4.48s
detect-illegalBerthing: succeeded in 0.17s
detect-abnormalStaying: succeeded in 4.61s
detect-deviation: succeeded in 1.20s
detect-abnormalTransfer: succeeded in 0.45s
detect-CrossingBoundary: succeeded in 0.73s
detect-illegalStaying: succeeded in 0.72s
detect-illegalAnchored: succeeded in 0.80s
detect-lowSpeedBoat: succeeded in 1.53s
detect-doubleDragging: succeeded in 4.28s
detect-blackList: succeeded in 0.06s
detect-collision: succeeded in 0.05s
detect-illegalBerthing: succeeded in 0.20s
detect-highSpeedBoat: succeeded in 3.02s
detect-deviation: succeeded in 1.42s
detect-abnormalWandering: succeeded in 6.28s
detect-abnormalTransfer: succeeded in 0.14s
detect-CrossingBoundary: succeeded in 0.24s
detect-illegalStaying: succeeded in 0.30s
detect-illegalAnchored: succeeded in 0.44s
detect-lowSpeedBoat: succeeded in 0.64s
detect-abnormalStaying: succeeded in 5.55s
detect-doubleDragging: succeeded in 3.50s
detect-highSpeedBoat: succeeded in 1.72s
detect-blackList: succeeded in 0.02s
detect-illegalBerthing: succeeded in 0.09s
detect-collision: succeeded in 0.16s
detect-deviation: succeeded in 1.03s
detect-abnormalTransfer: succeeded in 0.22s
detect-illegalStaying: succeeded in 0.24s
detect-CrossingBoundary: succeeded in 0.39s
detect-illegalAnchored: succeeded in 0.84s
detect-lowSpeedBoat: succeeded in 0.81s
detect-doubleDragging: succeeded in 3.73s
detect-abnormalWandering: succeeded in 6.73s
detect-blackList: succeeded in 0.05s
detect-illegalBerthing: succeeded in 0.16s
detect-collision: succeeded in 0.42s
detect-abnormalStaying: succeeded in 6.36s
detect-highSpeedBoat: succeeded in 3.16s
detect-deviation: succeeded in 1.45s
detect-abnormalTransfer: succeeded in 0.12s
detect-CrossingBoundary: succeeded in 0.28s
detect-illegalStaying: succeeded in 0.34s
detect-illegalAnchored: succeeded in 0.50s
detect-lowSpeedBoat: succeeded in 0.75s
detect-doubleDragging: succeeded in 4.03s
detect-highSpeedBoat: succeeded in 1.83s
detect-abnormalWandering: succeeded in 5.16s
detect-collision: succeeded in 0.05s
detect-blackList: succeeded in 0.36s
detect-illegalBerthing: succeeded in 0.31s
detect-abnormalStaying: succeeded in 4.66s
detect-deviation: succeeded in 1.38s
detect-abnormalTransfer: succeeded in 0.12s
detect-CrossingBoundary: succeeded in 0.34s
detect-doubleDragging: succeeded in 2.86s
detect-illegalStaying: succeeded in 0.62s
detect-illegalAnchored: succeeded in 0.67s
detect-lowSpeedBoat: succeeded in 1.22s
detect-abnormalWandering: succeeded in 4.44s
detect-collision: succeeded in 0.03s
detect-blackList: succeeded in 0.22s
detect-illegalBerthing: succeeded in 0.30s
detect-highSpeedBoat: succeeded in 2.56s
detect-abnormalStaying: succeeded in 4.42s
detect-deviation: succeeded in 1.03s
detect-CrossingBoundary: succeeded in 0.30s
detect-abnormalTransfer: succeeded in 0.34s
detect-illegalStaying: succeeded in 0.31s
detect-illegalAnchored: succeeded in 0.51s
detect-lowSpeedBoat: succeeded in 0.69s
detect-doubleDragging: succeeded in 2.83s
detect-highSpeedBoat: succeeded in 1.47s
detect-abnormalWandering: succeeded in 3.45s
detect-blackList: succeeded in 0.05s
detect-collision: succeeded in 0.03s
detect-illegalBerthing: succeeded in 0.14s
detect-abnormalStaying: succeeded in 3.53s
detect-deviation: succeeded in 1.55s
detect-illegalAnchored: succeeded in 0.44s
detect-abnormalTransfer: succeeded in 0.50s
detect-CrossingBoundary: succeeded in 0.55s
detect-illegalStaying: succeeded in 0.56s
detect-lowSpeedBoat: succeeded in 0.75s
detect-blackList: succeeded in 0.03s
detect-collision: succeeded in 0.03s
detect-doubleDragging: succeeded in 3.84s
detect-illegalBerthing: succeeded in 0.08s
detect-highSpeedBoat: succeeded in 2.34s
detect-deviation: succeeded in 0.97s
detect-abnormalWandering: succeeded in 6.19s
detect-abnormalTransfer: succeeded in 0.17s
detect-illegalStaying: succeeded in 0.25s
detect-abnormalStaying: succeeded in 6.23s
detect-CrossingBoundary: succeeded in 0.31s
detect-illegalAnchored: succeeded in 0.48s
detect-lowSpeedBoat: succeeded in 0.80s
detect-doubleDragging: succeeded in 3.34s
detect-blackList: succeeded in 0.05s
detect-illegalBerthing: succeeded in 0.51s
detect-collision: succeeded in 0.80s
detect-highSpeedBoat: succeeded in 3.47s
detect-deviation: succeeded in 1.64s
detect-abnormalTransfer: succeeded in 0.20s
detect-illegalStaying: succeeded in 0.19s
detect-CrossingBoundary: succeeded in 0.23s
detect-illegalAnchored: succeeded in 0.55s
detect-abnormalWandering: succeeded in 5.39s
detect-lowSpeedBoat: succeeded in 0.81s
detect-abnormalStaying: succeeded in 5.59s
detect-highSpeedBoat: succeeded in 1.26s
detect-doubleDragging: succeeded in 3.66s
detect-blackList: succeeded in 0.03s
detect-illegalBerthing: succeeded in 0.11s
detect-collision: succeeded in 0.17s
detect-deviation: succeeded in 0.89s
detect-illegalStaying: succeeded in 0.17s
detect-abnormalTransfer: succeeded in 0.30s
detect-CrossingBoundary: succeeded in 0.50s
detect-illegalAnchored: succeeded in 0.83s
detect-doubleDragging: succeeded in 3.80s
detect-lowSpeedBoat: succeeded in 1.25s
detect-collision: succeeded in 0.03s
detect-abnormalStaying: succeeded in 5.36s
detect-blackList: succeeded in 0.20s
detect-illegalBerthing: succeeded in 0.33s
detect-highSpeedBoat: succeeded in 2.39s
detect-abnormalWandering: succeeded in 5.11s
detect-deviation: succeeded in 1.06s
detect-abnormalTransfer: succeeded in 0.27s
detect-illegalStaying: succeeded in 0.33s
detect-CrossingBoundary: succeeded in 0.33s
detect-illegalAnchored: succeeded in 0.59s
detect-lowSpeedBoat: succeeded in 0.70s
detect-doubleDragging: succeeded in 3.97s
detect-collision: succeeded in 0.05s
detect-blackList: succeeded in 0.09s
detect-illegalBerthing: succeeded in 0.41s
detect-highSpeedBoat: succeeded in 2.94s
detect-abnormalStaying: succeeded in 5.36s
detect-deviation: succeeded in 1.14s
detect-abnormalTransfer: succeeded in 0.31s
detect-CrossingBoundary: succeeded in 0.33s
detect-illegalStaying: succeeded in 0.39s
detect-illegalAnchored: succeeded in 0.48s
detect-lowSpeedBoat: succeeded in 0.99s
detect-doubleDragging: succeeded in 3.72s
detect-abnormalWandering: succeeded in 8.01s
detect-blackList: succeeded in 0.05s
detect-collision: succeeded in 0.06s
detect-illegalBerthing: succeeded in 0.09s
detect-highSpeedBoat: succeeded in 2.84s
detect-deviation: succeeded in 1.39s
detect-illegalAnchored: succeeded in 0.70s
detect-illegalStaying: succeeded in 0.72s
detect-abnormalTransfer: succeeded in 0.98s
detect-abnormalStaying: succeeded in 6.59s
detect-CrossingBoundary: succeeded in 1.00s
detect-doubleDragging: succeeded in 3.66s
detect-lowSpeedBoat: succeeded in 1.67s
detect-highSpeedBoat: succeeded in 3.28s
detect-collision: succeeded in 0.03s
detect-blackList: succeeded in 0.05s
detect-illegalBerthing: succeeded in 0.12s
detect-abnormalWandering: succeeded in 6.67s
detect-deviation: succeeded in 1.69s
detect-abnormalTransfer: succeeded in 0.11s
detect-illegalBerthing: succeeded in 0.19s
detect-CrossingBoundary: succeeded in 0.31s
detect-illegalStaying: succeeded in 0.45s
detect-collision: succeeded in 0.48s
detect-illegalAnchored: succeeded in 0.55s
detect-lowSpeedBoat: succeeded in 0.97s
detect-highSpeedBoat: succeeded in 1.59s
detect-abnormalStaying: succeeded in 6.91s
detect-blackList: succeeded in 0.05s
detect-doubleDragging: succeeded in 4.76s
detect-abnormalWandering: succeeded in 4.62s
detect-deviation: succeeded in 1.12s
detect-collision: succeeded in 0.17s
detect-abnormalTransfer: succeeded in 0.19s
detect-illegalBerthing: succeeded in 0.16s
detect-CrossingBoundary: succeeded in 0.20s
detect-illegalStaying: succeeded in 0.25s
detect-illegalAnchored: succeeded in 0.49s
detect-lowSpeedBoat: succeeded in 0.88s
detect-doubleDragging: succeeded in 2.55s
detect-highSpeedBoat: succeeded in 1.92s
detect-blackList: succeeded in 0.05s
detect-abnormalStaying: succeeded in 4.73s
detect-deviation: succeeded in 1.45s
detect-collision: succeeded in 0.06s
detect-abnormalTransfer: succeeded in 0.19s
detect-illegalStaying: succeeded in 0.24s
detect-illegalBerthing: succeeded in 0.25s
detect-CrossingBoundary: succeeded in 0.33s
detect-illegalAnchored: succeeded in 0.48s
detect-lowSpeedBoat: succeeded in 0.67s
detect-abnormalWandering: succeeded in 6.33s
detect-doubleDragging: succeeded in 4.62s
detect-highSpeedBoat: succeeded in 2.11s
detect-blackList: succeeded in 0.25s
detect-deviation: succeeded in 0.97s
detect-abnormalStaying: succeeded in 5.00s
detect-collision: succeeded in 0.05s
detect-abnormalTransfer: succeeded in 0.27s
detect-illegalBerthing: succeeded in 0.25s
detect-CrossingBoundary: succeeded in 0.30s
detect-illegalStaying: succeeded in 0.31s
detect-illegalAnchored: succeeded in 0.53s
detect-lowSpeedBoat: succeeded in 0.75s
detect-highSpeedBoat: succeeded in 1.55s
detect-blackList: succeeded in 0.11s
detect-doubleDragging: succeeded in 4.22s
detect-abnormalWandering: succeeded in 4.88s
detect-deviation: succeeded in 1.03s
detect-abnormalStaying: succeeded in 4.31s
detect-collision: succeeded in 0.03s
detect-illegalBerthing: succeeded in 0.09s
detect-CrossingBoundary: succeeded in 0.41s
detect-abnormalTransfer: succeeded in 0.44s
detect-illegalStaying: succeeded in 0.30s
detect-illegalAnchored: succeeded in 0.48s
detect-lowSpeedBoat: succeeded in 0.75s
detect-doubleDragging: succeeded in 2.83s
detect-blackList: succeeded in 0.03s
detect-abnormalWandering: succeeded in 4.23s
detect-highSpeedBoat: succeeded in 3.12s
detect-deviation: succeeded in 1.44s
detect-collision: succeeded in 0.09s
detect-illegalBerthing: succeeded in 0.30s
detect-illegalStaying: succeeded in 0.62s
detect-abnormalTransfer: succeeded in 0.67s
detect-illegalAnchored: succeeded in 0.64s
detect-CrossingBoundary: succeeded in 0.70s
detect-lowSpeedBoat: succeeded in 1.03s
detect-abnormalStaying: succeeded in 5.67s
detect-doubleDragging: succeeded in 3.97s
detect-blackList: succeeded in 0.17s
detect-highSpeedBoat: succeeded in 4.09s
detect-deviation: succeeded in 1.92s
detect-abnormalWandering: succeeded in 5.77s
detect-collision: succeeded in 0.12s
detect-illegalBerthing: succeeded in 0.14s
detect-illegalStaying: succeeded in 0.14s
detect-abnormalTransfer: succeeded in 0.16s
detect-CrossingBoundary: succeeded in 0.31s
detect-illegalAnchored: succeeded in 0.45s
detect-doubleDragging: succeeded in 2.83s
detect-lowSpeedBoat: succeeded in 0.75s
detect-blackList: succeeded in 0.03s
detect-highSpeedBoat: succeeded in 0.95s
detect-deviation: succeeded in 1.00s
detect-abnormalStaying: succeeded in 5.03s
detect-abnormalWandering: succeeded in 4.22s
detect-illegalStaying: succeeded in 0.22s
detect-collision: succeeded in 0.26s
detect-abnormalTransfer: succeeded in 0.31s
detect-illegalBerthing: succeeded in 0.27s
detect-CrossingBoundary: succeeded in 0.48s
detect-doubleDragging: succeeded in 3.08s
detect-illegalAnchored: succeeded in 0.80s
detect-lowSpeedBoat: succeeded in 0.91s
detect-blackList: succeeded in 0.06s
detect-deviation: succeeded in 1.31s
detect-abnormalStaying: succeeded in 5.22s
detect-collision: succeeded in 0.05s
detect-illegalStaying: succeeded in 0.34s
detect-abnormalTransfer: succeeded in 0.44s
detect-CrossingBoundary: succeeded in 0.44s
detect-highSpeedBoat: succeeded in 2.69s
detect-illegalBerthing: succeeded in 0.55s
detect-illegalAnchored: succeeded in 0.56s
detect-lowSpeedBoat: succeeded in 1.03s
detect-abnormalWandering: succeeded in 5.62s
detect-blackList: succeeded in 0.34s
detect-deviation: succeeded in 1.36s
detect-doubleDragging: succeeded in 5.81s
detect-collision: succeeded in 0.03s
detect-abnormalTransfer: succeeded in 0.19s
detect-CrossingBoundary: succeeded in 0.20s
detect-illegalStaying: succeeded in 0.22s
detect-illegalBerthing: succeeded in 0.23s
detect-illegalAnchored: succeeded in 0.42s
detect-abnormalStaying: succeeded in 5.20s
detect-highSpeedBoat: succeeded in 2.69s
detect-lowSpeedBoat: succeeded in 0.75s
detect-abnormalWandering: succeeded in 5.02s
detect-blackList: succeeded in 0.14s
detect-doubleDragging: succeeded in 4.03s
detect-deviation: succeeded in 1.30s
detect-highSpeedBoat: succeeded in 1.66s
detect-collision: succeeded in 0.03s
detect-illegalBerthing: succeeded in 0.25s
detect-CrossingBoundary: succeeded in 0.24s
detect-abnormalTransfer: succeeded in 0.36s
detect-illegalStaying: succeeded in 0.36s
detect-illegalAnchored: succeeded in 0.52s
detect-lowSpeedBoat: succeeded in 1.11s
detect-abnormalStaying: succeeded in 5.19s
detect-blackList: succeeded in 0.03s
detect-abnormalWandering: succeeded in 4.53s
detect-doubleDragging: succeeded in 3.88s
detect-deviation: succeeded in 1.19s
detect-highSpeedBoat: succeeded in 1.36s
detect-collision: succeeded in 0.03s
detect-illegalBerthing: succeeded in 0.11s
detect-abnormalTransfer: succeeded in 0.20s
detect-CrossingBoundary: succeeded in 0.30s
detect-illegalStaying: succeeded in 0.49s
detect-illegalAnchored: succeeded in 0.47s
detect-lowSpeedBoat: succeeded in 0.84s
detect-doubleDragging: succeeded in 2.98s
detect-abnormalStaying: succeeded in 4.67s
detect-blackList: succeeded in 0.03s
detect-deviation: succeeded in 1.11s
detect-highSpeedBoat: succeeded in 1.42s
detect-illegalBerthing: succeeded in 0.14s
detect-illegalStaying: succeeded in 0.16s
detect-collision: succeeded in 0.20s
detect-abnormalTransfer: succeeded in 0.23s
detect-abnormalWandering: succeeded in 4.66s
detect-CrossingBoundary: succeeded in 0.33s
detect-illegalAnchored: succeeded in 0.48s
detect-lowSpeedBoat: succeeded in 0.75s
detect-doubleDragging: succeeded in 2.83s
detect-blackList: succeeded in 0.03s
detect-abnormalStaying: succeeded in 4.67s
detect-deviation: succeeded in 0.86s
detect-highSpeedBoat: succeeded in 1.62s
detect-abnormalTransfer: succeeded in 0.22s
detect-illegalBerthing: succeeded in 0.25s
detect-CrossingBoundary: succeeded in 0.28s
detect-collision: succeeded in 0.42s
detect-illegalStaying: succeeded in 0.52s
detect-illegalAnchored: succeeded in 0.64s
detect-doubleDragging: succeeded in 2.78s
detect-lowSpeedBoat: succeeded in 0.91s
detect-abnormalWandering: succeeded in 5.69s
detect-blackList: succeeded in 0.06s
detect-deviation: succeeded in 1.00s
detect-abnormalStaying: succeeded in 4.45s
detect-highSpeedBoat: succeeded in 1.77s
detect-collision: succeeded in 0.05s
detect-illegalStaying: succeeded in 0.17s
detect-CrossingBoundary: succeeded in 0.23s
detect-abnormalTransfer: succeeded in 0.25s
detect-illegalBerthing: succeeded in 0.23s
detect-illegalAnchored: succeeded in 0.58s
detect-lowSpeedBoat: succeeded in 0.76s
detect-doubleDragging: succeeded in 3.38s
detect-blackList: succeeded in 0.14s
detect-abnormalWandering: succeeded in 4.36s
detect-deviation: succeeded in 1.20s
detect-abnormalStaying: succeeded in 4.53s
detect-collision: succeeded in 0.06s
detect-highSpeedBoat: succeeded in 2.52s
detect-abnormalTransfer: succeeded in 0.31s
detect-illegalBerthing: succeeded in 0.38s
detect-illegalStaying: succeeded in 0.41s
detect-CrossingBoundary: succeeded in 0.50s
detect-illegalAnchored: succeeded in 0.50s
detect-lowSpeedBoat: succeeded in 0.89s
detect-blackList: succeeded in 0.20s
detect-doubleDragging: succeeded in 4.84s
detect-deviation: succeeded in 1.05s
detect-abnormalStaying: succeeded in 4.97s
detect-collision: succeeded in 0.03s
detect-abnormalWandering: succeeded in 6.42s
detect-illegalBerthing: succeeded in 0.11s
detect-CrossingBoundary: succeeded in 0.45s
detect-illegalStaying: succeeded in 0.51s
detect-abnormalTransfer: succeeded in 0.62s
detect-illegalAnchored: succeeded in 0.91s
detect-highSpeedBoat: succeeded in 3.09s
detect-lowSpeedBoat: succeeded in 1.41s
detect-doubleDragging: succeeded in 3.41s
detect-blackList: succeeded in 0.03s
detect-deviation: succeeded in 1.31s
detect-highSpeedBoat: succeeded in 1.66s
detect-collision: succeeded in 0.05s
detect-illegalBerthing: succeeded in 0.20s
detect-CrossingBoundary: succeeded in 0.33s
detect-abnormalTransfer: succeeded in 0.34s
detect-illegalStaying: succeeded in 0.28s
detect-illegalAnchored: succeeded in 0.47s
detect-doubleDragging: succeeded in 2.86s
detect-abnormalStaying: succeeded in 4.88s
detect-lowSpeedBoat: succeeded in 0.89s
detect-abnormalWandering: succeeded in 4.95s
detect-blackList: succeeded in 0.05s
detect-deviation: succeeded in 1.03s
detect-illegalBerthing: succeeded in 0.11s
detect-abnormalTransfer: succeeded in 0.22s
detect-collision: succeeded in 0.23s
detect-illegalStaying: succeeded in 0.22s
detect-highSpeedBoat: succeeded in 2.86s
detect-illegalAnchored: succeeded in 0.47s
detect-CrossingBoundary: succeeded in 0.64s
detect-lowSpeedBoat: succeeded in 0.86s
detect-abnormalWandering: succeeded in 5.00s
detect-blackList: succeeded in 0.06s
detect-doubleDragging: succeeded in 5.25s
detect-abnormalStaying: succeeded in 5.58s
detect-deviation: succeeded in 1.14s
detect-highSpeedBoat: succeeded in 1.47s
detect-illegalBerthing: succeeded in 0.16s
detect-collision: succeeded in 0.19s
detect-abnormalTransfer: succeeded in 0.22s
detect-CrossingBoundary: succeeded in 0.24s
detect-illegalStaying: succeeded in 0.22s
detect-illegalAnchored: succeeded in 0.55s
detect-lowSpeedBoat: succeeded in 0.74s
detect-doubleDragging: succeeded in 2.77s
detect-abnormalWandering: succeeded in 4.08s
detect-blackList: succeeded in 0.06s
detect-highSpeedBoat: succeeded in 1.02s
detect-deviation: succeeded in 1.41s
detect-abnormalStaying: succeeded in 4.55s
detect-collision: succeeded in 0.05s
detect-abnormalTransfer: succeeded in 0.30s
detect-CrossingBoundary: succeeded in 0.42s
detect-illegalAnchored: succeeded in 0.59s
detect-illegalStaying: succeeded in 0.66s
detect-illegalBerthing: succeeded in 0.69s
detect-lowSpeedBoat: succeeded in 1.01s
detect-doubleDragging: succeeded in 3.49s
detect-blackList: succeeded in 0.50s
detect-deviation: succeeded in 1.06s
detect-abnormalWandering: succeeded in 5.38s
detect-highSpeedBoat: succeeded in 1.94s
detect-collision: succeeded in 0.03s
detect-abnormalTransfer: succeeded in 0.22s
detect-CrossingBoundary: succeeded in 0.27s
detect-illegalStaying: succeeded in 0.26s
detect-illegalBerthing: succeeded in 0.36s
detect-illegalAnchored: succeeded in 0.47s
detect-lowSpeedBoat: succeeded in 0.81s
detect-abnormalStaying: succeeded in 5.75s
detect-blackList: succeeded in 0.12s
detect-doubleDragging: succeeded in 4.51s
detect-abnormalWandering: succeeded in 3.99s
detect-deviation: succeeded in 1.03s
detect-highSpeedBoat: succeeded in 1.27s
detect-collision: succeeded in 0.05s
detect-illegalBerthing: succeeded in 0.12s
detect-CrossingBoundary: succeeded in 0.16s
detect-abnormalTransfer: succeeded in 0.17s
detect-illegalStaying: succeeded in 0.20s
detect-illegalAnchored: succeeded in 0.56s
detect-lowSpeedBoat: succeeded in 0.80s
detect-blackList: succeeded in 0.05s
detect-abnormalStaying: succeeded in 3.94s
detect-abnormalWandering: succeeded in 3.94s
detect-deviation: succeeded in 1.59s
detect-highSpeedBoat: succeeded in 1.89s
detect-collision: succeeded in 0.03s
detect-illegalBerthing: succeeded in 0.16s
detect-CrossingBoundary: succeeded in 0.30s
detect-abnormalTransfer: succeeded in 0.36s
detect-illegalStaying: succeeded in 0.44s
detect-doubleDragging: succeeded in 4.77s
detect-illegalAnchored: succeeded in 0.53s
detect-lowSpeedBoat: succeeded in 0.92s
detect-abnormalStaying: succeeded in 4.11s
detect-blackList: succeeded in 0.05s
detect-abnormalWandering: succeeded in 3.97s
detect-deviation: succeeded in 1.23s
detect-highSpeedBoat: succeeded in 1.39s
detect-doubleDragging: succeeded in 3.41s
detect-abnormalTransfer: succeeded in 0.12s
detect-illegalBerthing: succeeded in 0.14s
detect-illegalStaying: succeeded in 0.17s
detect-collision: succeeded in 0.31s
detect-CrossingBoundary: succeeded in 0.36s
detect-illegalAnchored: succeeded in 0.41s
detect-lowSpeedBoat: succeeded in 0.72s
detect-blackList: succeeded in 0.05s
detect-abnormalStaying: succeeded in 4.62s
detect-deviation: succeeded in 0.89s
detect-doubleDragging: succeeded in 2.98s
detect-collision: succeeded in 0.09s
detect-illegalBerthing: succeeded in 0.09s
detect-abnormalTransfer: succeeded in 0.14s
detect-illegalStaying: succeeded in 0.14s
detect-CrossingBoundary: succeeded in 0.22s
detect-illegalAnchored: succeeded in 0.36s
detect-abnormalWandering: succeeded in 4.75s
detect-lowSpeedBoat: succeeded in 1.33s
detect-blackList: succeeded in 0.19s
detect-highSpeedBoat: succeeded in 4.44s
detect-deviation: succeeded in 1.69s
detect-collision: succeeded in 0.05s
detect-abnormalTransfer: succeeded in 0.11s
detect-CrossingBoundary: succeeded in 0.33s
detect-illegalBerthing: succeeded in 0.27s
detect-illegalStaying: succeeded in 0.36s
detect-illegalAnchored: succeeded in 0.70s
detect-lowSpeedBoat: succeeded in 1.14s
detect-abnormalStaying: succeeded in 6.36s
detect-blackList: succeeded in 0.20s
detect-highSpeedBoat: succeeded in 4.28s
detect-doubleDragging: succeeded in 7.20s
detect-abnormalWandering: succeeded in 6.22s
detect-deviation: succeeded in 1.03s
detect-collision: succeeded in 0.05s
detect-abnormalTransfer: succeeded in 0.09s
detect-illegalBerthing: succeeded in 0.12s
detect-illegalStaying: succeeded in 0.14s
detect-CrossingBoundary: succeeded in 0.16s
detect-highSpeedBoat: succeeded in 2.05s
detect-illegalAnchored: succeeded in 0.47s
detect-lowSpeedBoat: succeeded in 0.74s
detect-blackList: succeeded in 0.27s
detect-abnormalStaying: succeeded in 4.23s
detect-doubleDragging: succeeded in 3.53s
detect-deviation: succeeded in 1.05s
detect-abnormalWandering: succeeded in 4.22s
detect-collision: succeeded in 0.05s
detect-abnormalTransfer: succeeded in 0.17s
detect-highSpeedBoat: succeeded in 2.39s
detect-CrossingBoundary: succeeded in 0.26s
detect-illegalBerthing: succeeded in 0.25s
detect-illegalStaying: succeeded in 0.31s
detect-illegalAnchored: succeeded in 0.47s
detect-lowSpeedBoat: succeeded in 0.86s
detect-doubleDragging: succeeded in 3.33s
detect-blackList: succeeded in 0.06s
detect-abnormalStaying: succeeded in 3.92s
detect-deviation: succeeded in 1.17s
detect-highSpeedBoat: succeeded in 1.84s
detect-collision: succeeded in 0.12s
detect-abnormalTransfer: succeeded in 0.33s
detect-illegalBerthing: succeeded in 0.27s
detect-CrossingBoundary: succeeded in 0.33s
detect-illegalAnchored: succeeded in 0.52s
detect-illegalStaying: succeeded in 0.69s
detect-abnormalWandering: succeeded in 4.80s
detect-lowSpeedBoat: succeeded in 1.19s
detect-doubleDragging: succeeded in 3.45s
detect-blackList: succeeded in 0.03s
detect-deviation: succeeded in 0.89s
detect-highSpeedBoat: succeeded in 0.97s
detect-abnormalStaying: succeeded in 4.75s
detect-illegalBerthing: succeeded in 0.09s
detect-collision: succeeded in 0.16s
detect-abnormalTransfer: succeeded in 0.16s
detect-illegalStaying: succeeded in 0.38s
detect-doubleDragging: succeeded in 2.34s
detect-CrossingBoundary: succeeded in 0.50s
detect-illegalAnchored: succeeded in 0.62s
detect-lowSpeedBoat: succeeded in 0.84s
detect-abnormalWandering: succeeded in 4.45s
detect-blackList: succeeded in 0.09s
detect-deviation: succeeded in 0.98s
detect-highSpeedBoat: succeeded in 1.12s
detect-abnormalStaying: succeeded in 3.73s
detect-doubleDragging: succeeded in 2.64s
detect-abnormalTransfer: succeeded in 0.20s
detect-illegalBerthing: succeeded in 0.17s
detect-collision: succeeded in 0.25s
detect-CrossingBoundary: succeeded in 0.27s
detect-illegalStaying: succeeded in 0.27s
detect-illegalAnchored: succeeded in 0.42s
detect-lowSpeedBoat: succeeded in 0.84s
detect-blackList: succeeded in 0.05s
detect-abnormalWandering: succeeded in 4.62s
detect-deviation: succeeded in 0.97s
detect-highSpeedBoat: succeeded in 1.30s
detect-doubleDragging: succeeded in 3.22s
detect-collision: succeeded in 0.05s
detect-abnormalTransfer: succeeded in 0.19s
detect-CrossingBoundary: succeeded in 0.25s
detect-illegalBerthing: succeeded in 0.27s
detect-illegalStaying: succeeded in 0.33s
detect-illegalAnchored: succeeded in 0.51s
detect-abnormalStaying: succeeded in 4.38s
detect-lowSpeedBoat: succeeded in 1.09s
detect-abnormalWandering: succeeded in 3.69s
detect-blackList: succeeded in 0.20s
detect-deviation: succeeded in 0.97s
detect-doubleDragging: succeeded in 3.95s
detect-highSpeedBoat: succeeded in 1.88s
detect-collision: succeeded in 0.03s
detect-abnormalTransfer: succeeded in 0.11s
detect-illegalBerthing: succeeded in 0.19s
detect-CrossingBoundary: succeeded in 0.22s
detect-illegalStaying: succeeded in 0.28s
detect-illegalAnchored: succeeded in 0.49s
detect-lowSpeedBoat: succeeded in 0.76s
detect-abnormalStaying: succeeded in 4.47s
detect-abnormalWandering: succeeded in 3.50s
detect-blackList: succeeded in 0.12s
detect-collision: succeeded in 0.05s
detect-abnormalTransfer: succeeded in 0.09s
detect-illegalBerthing: succeeded in 0.08s
detect-illegalStaying: succeeded in 0.14s
detect-CrossingBoundary: succeeded in 0.20s
detect-illegalAnchored: succeeded in 0.34s
detect-lowSpeedBoat: succeeded in 1.86s
detect-blackList: succeeded in 0.03s
detect-deviation: succeeded in 4.03s
detect-highSpeedBoat: succeeded in 4.70s
detect-deviation: succeeded in 1.06s
detect-doubleDragging: succeeded in 7.27s
detect-collision: succeeded in 0.03s
detect-illegalBerthing: succeeded in 0.23s
detect-illegalStaying: succeeded in 0.25s
detect-CrossingBoundary: succeeded in 0.31s
detect-abnormalTransfer: succeeded in 0.39s
detect-illegalAnchored: succeeded in 0.47s
detect-highSpeedBoat: succeeded in 1.75s
detect-lowSpeedBoat: succeeded in 0.88s
detect-abnormalWandering: succeeded in 4.89s
detect-abnormalStaying: succeeded in 8.56s
detect-blackList: succeeded in 0.03s
detect-doubleDragging: succeeded in 3.78s
detect-highSpeedBoat: succeeded in 1.11s
detect-deviation: succeeded in 1.28s
detect-collision: succeeded in 0.16s
detect-illegalBerthing: succeeded in 0.16s
detect-illegalStaying: succeeded in 0.23s
detect-abnormalTransfer: succeeded in 0.25s
detect-CrossingBoundary: succeeded in 0.27s
detect-illegalAnchored: succeeded in 0.50s
detect-lowSpeedBoat: succeeded in 0.64s
detect-abnormalWandering: succeeded in 4.30s
detect-highSpeedBoat: succeeded in 1.59s
detect-blackList: succeeded in 0.05s
detect-doubleDragging: succeeded in 3.26s
detect-abnormalStaying: succeeded in 4.97s
detect-deviation: succeeded in 0.92s
detect-illegalBerthing: succeeded in 0.09s
detect-collision: succeeded in 0.16s
detect-abnormalTransfer: succeeded in 0.16s
detect-illegalStaying: succeeded in 0.22s
detect-CrossingBoundary: succeeded in 0.25s
detect-illegalAnchored: succeeded in 0.38s
detect-doubleDragging: succeeded in 2.52s
detect-lowSpeedBoat: succeeded in 0.69s
detect-abnormalWandering: succeeded in 4.08s
detect-highSpeedBoat: succeeded in 1.72s
detect-blackList: succeeded in 0.05s
detect-abnormalStaying: succeeded in 3.91s
detect-deviation: succeeded in 1.14s
detect-collision: succeeded in 0.05s
detect-abnormalTransfer: succeeded in 0.24s
detect-illegalStaying: succeeded in 0.23s
detect-illegalBerthing: succeeded in 0.25s
detect-CrossingBoundary: succeeded in 0.30s
detect-doubleDragging: succeeded in 2.84s
detect-illegalAnchored: succeeded in 0.73s
detect-lowSpeedBoat: succeeded in 1.47s
detect-highSpeedBoat: succeeded in 1.61s
detect-abnormalWandering: succeeded in 4.97s
detect-blackList: succeeded in 0.30s
detect-deviation: succeeded in 1.42s
detect-collision: succeeded in 0.05s
detect-abnormalTransfer: succeeded in 0.22s
detect-illegalStaying: succeeded in 0.27s
detect-illegalBerthing: succeeded in 0.33s
detect-CrossingBoundary: succeeded in 0.36s
detect-illegalAnchored: succeeded in 0.64s
detect-abnormalStaying: succeeded in 5.44s
detect-doubleDragging: succeeded in 3.17s
detect-lowSpeedBoat: succeeded in 0.83s
detect-highSpeedBoat: succeeded in 1.92s
detect-blackList: succeeded in 0.28s
detect-deviation: succeeded in 1.20s
detect-collision: succeeded in 0.06s
detect-illegalBerthing: succeeded in 0.33s
detect-CrossingBoundary: succeeded in 0.42s
detect-doubleDragging: succeeded in 2.45s
detect-illegalStaying: succeeded in 0.75s
detect-abnormalTransfer: succeeded in 0.88s
detect-illegalAnchored: succeeded in 0.92s
detect-abnormalWandering: succeeded in 8.45s
detect-lowSpeedBoat: succeeded in 1.56s
detect-abnormalStaying: succeeded in 5.70s
detect-blackList: succeeded in 0.05s
detect-highSpeedBoat: succeeded in 2.38s
detect-deviation: succeeded in 1.34s
detect-collision: succeeded in 0.05s
detect-abnormalTransfer: succeeded in 0.25s
detect-illegalBerthing: succeeded in 0.23s
detect-illegalStaying: succeeded in 0.36s
detect-CrossingBoundary: succeeded in 0.44s
detect-illegalAnchored: succeeded in 0.56s
detect-doubleDragging: succeeded in 2.84s
detect-lowSpeedBoat: succeeded in 0.81s
detect-blackList: succeeded in 0.03s
detect-highSpeedBoat: succeeded in 2.48s
detect-deviation: succeeded in 1.36s
detect-illegalStaying: succeeded in 0.17s
detect-illegalBerthing: succeeded in 0.20s
detect-collision: succeeded in 0.25s
detect-abnormalTransfer: succeeded in 0.36s
detect-CrossingBoundary: succeeded in 0.38s
detect-abnormalWandering: succeeded in 7.83s
detect-illegalAnchored: succeeded in 0.47s
detect-doubleDragging: succeeded in 2.74s
detect-abnormalStaying: succeeded in 7.11s
detect-lowSpeedBoat: succeeded in 0.88s
detect-highSpeedBoat: succeeded in 1.52s
detect-blackList: succeeded in 0.06s
detect-deviation: succeeded in 1.30s
detect-illegalStaying: succeeded in 0.12s
detect-collision: succeeded in 0.17s
detect-illegalBerthing: succeeded in 0.14s
detect-CrossingBoundary: succeeded in 0.22s
detect-abnormalTransfer: succeeded in 0.24s
detect-illegalAnchored: succeeded in 0.44s
detect-lowSpeedBoat: succeeded in 0.72s
detect-abnormalWandering: succeeded in 5.09s
detect-highSpeedBoat: succeeded in 1.45s
detect-doubleDragging: succeeded in 3.62s
detect-abnormalStaying: succeeded in 5.34s
detect-blackList: succeeded in 0.06s
detect-deviation: succeeded in 1.02s
detect-collision: succeeded in 0.03s
detect-abnormalTransfer: succeeded in 0.09s
detect-CrossingBoundary: succeeded in 0.22s
detect-illegalBerthing: succeeded in 0.23s
detect-illegalAnchored: succeeded in 0.47s
detect-illegalStaying: succeeded in 0.55s
detect-doubleDragging: succeeded in 2.59s
detect-lowSpeedBoat: succeeded in 0.78s
detect-highSpeedBoat: succeeded in 1.66s
detect-blackList: succeeded in 0.16s
detect-abnormalWandering: succeeded in 6.05s
detect-deviation: succeeded in 1.55s
detect-abnormalStaying: succeeded in 6.20s
detect-collision: succeeded in 0.08s
detect-abnormalTransfer: succeeded in 0.27s
detect-illegalStaying: succeeded in 0.28s
detect-CrossingBoundary: succeeded in 0.44s
detect-illegalBerthing: succeeded in 0.42s
detect-illegalAnchored: succeeded in 0.67s
detect-lowSpeedBoat: succeeded in 1.14s
detect-highSpeedBoat: succeeded in 1.67s
detect-doubleDragging: succeeded in 4.19s
detect-blackList: succeeded in 0.33s
detect-deviation: succeeded in 1.30s
detect-abnormalWandering: succeeded in 4.84s
detect-abnormalStaying: succeeded in 4.97s
detect-collision: succeeded in 0.05s
detect-abnormalTransfer: succeeded in 0.47s
detect-CrossingBoundary: succeeded in 0.66s
detect-illegalStaying: succeeded in 0.67s
detect-illegalBerthing: succeeded in 0.70s
detect-illegalAnchored: succeeded in 1.05s
detect-highSpeedBoat: succeeded in 1.39s
detect-lowSpeedBoat: succeeded in 1.26s
detect-doubleDragging: succeeded in 3.84s
detect-blackList: succeeded in 0.08s
detect-deviation: succeeded in 1.24s
detect-abnormalWandering: succeeded in 4.86s
detect-collision: succeeded in 0.06s
detect-doubleDragging: succeeded in 3.36s
detect-abnormalTransfer: succeeded in 0.38s
detect-illegalStaying: succeeded in 0.34s
detect-CrossingBoundary: succeeded in 0.38s
detect-illegalBerthing: succeeded in 0.38s
detect-abnormalStaying: succeeded in 5.12s
detect-illegalAnchored: succeeded in 0.59s
detect-lowSpeedBoat: succeeded in 0.98s
detect-highSpeedBoat: succeeded in 1.92s
detect-blackList: succeeded in 0.08s
detect-deviation: succeeded in 1.01s
detect-doubleDragging: succeeded in 3.25s
detect-collision: succeeded in 0.12s
detect-illegalStaying: succeeded in 0.14s
detect-illegalBerthing: succeeded in 0.12s
detect-abnormalTransfer: succeeded in 0.19s
detect-CrossingBoundary: succeeded in 0.28s
detect-abnormalWandering: succeeded in 5.27s
detect-illegalAnchored: succeeded in 0.66s
detect-lowSpeedBoat: succeeded in 1.11s
detect-blackList: succeeded in 0.03s
detect-abnormalStaying: succeeded in 6.16s
detect-highSpeedBoat: succeeded in 2.52s
detect-deviation: succeeded in 1.02s
detect-illegalBerthing: succeeded in 0.11s
detect-abnormalTransfer: succeeded in 0.24s
detect-collision: succeeded in 0.22s
detect-CrossingBoundary: succeeded in 0.27s
detect-doubleDragging: succeeded in 4.39s
detect-illegalStaying: succeeded in 0.34s
detect-illegalAnchored: succeeded in 0.55s
detect-lowSpeedBoat: succeeded in 0.95s
detect-abnormalWandering: succeeded in 4.91s
detect-highSpeedBoat: succeeded in 1.50s
detect-blackList: succeeded in 0.03s
detect-abnormalStaying: succeeded in 4.64s
detect-deviation: succeeded in 1.69s
detect-doubleDragging: succeeded in 4.16s
detect-collision: succeeded in 0.03s
detect-abnormalTransfer: succeeded in 0.17s
detect-illegalStaying: succeeded in 0.23s
detect-illegalBerthing: succeeded in 0.26s
detect-CrossingBoundary: succeeded in 0.41s
detect-illegalAnchored: succeeded in 0.42s
detect-lowSpeedBoat: succeeded in 0.86s
detect-abnormalWandering: succeeded in 4.95s
detect-highSpeedBoat: succeeded in 1.50s
detect-blackList: succeeded in 0.28s
detect-abnormalStaying: succeeded in 5.03s
detect-doubleDragging: succeeded in 3.28s
detect-deviation: succeeded in 1.14s
detect-collision: succeeded in 0.05s
detect-abnormalTransfer: succeeded in 0.16s
detect-illegalStaying: succeeded in 0.31s
detect-CrossingBoundary: succeeded in 0.31s
detect-illegalBerthing: succeeded in 0.34s
detect-illegalAnchored: succeeded in 0.70s
detect-lowSpeedBoat: succeeded in 1.06s
detect-blackList: succeeded in 0.45s
detect-abnormalWandering: succeeded in 4.64s
detect-deviation: succeeded in 1.19s
detect-highSpeedBoat: succeeded in 3.42s
detect-abnormalStaying: succeeded in 4.89s
detect-collision: succeeded in 0.03s
detect-illegalBerthing: succeeded in 0.12s
detect-CrossingBoundary: succeeded in 0.38s
detect-abnormalTransfer: succeeded in 0.41s
detect-doubleDragging: succeeded in 4.86s
detect-illegalStaying: succeeded in 0.47s
detect-illegalAnchored: succeeded in 0.62s
detect-lowSpeedBoat: succeeded in 1.05s
detect-highSpeedBoat: succeeded in 1.89s
detect-blackList: succeeded in 0.05s
detect-deviation: succeeded in 1.12s
detect-abnormalWandering: succeeded in 5.08s
detect-doubleDragging: succeeded in 3.00s
detect-collision: succeeded in 0.03s
detect-abnormalTransfer: succeeded in 0.25s
detect-illegalBerthing: succeeded in 0.25s
detect-illegalStaying: succeeded in 0.30s
detect-CrossingBoundary: succeeded in 0.33s
detect-illegalAnchored: succeeded in 0.42s
detect-lowSpeedBoat: succeeded in 0.81s
detect-abnormalStaying: succeeded in 5.20s
detect-highSpeedBoat: succeeded in 1.77s
detect-blackList: succeeded in 0.03s
detect-doubleDragging: succeeded in 2.80s
detect-deviation: succeeded in 1.09s
detect-abnormalWandering: succeeded in 4.34s
detect-abnormalTransfer: succeeded in 0.30s
detect-collision: succeeded in 0.31s
detect-illegalBerthing: succeeded in 0.25s
detect-illegalStaying: succeeded in 0.36s
detect-CrossingBoundary: succeeded in 0.41s
detect-illegalAnchored: succeeded in 0.64s
detect-lowSpeedBoat: succeeded in 0.94s
detect-highSpeedBoat: succeeded in 1.41s
detect-blackList: succeeded in 0.05s
detect-abnormalStaying: succeeded in 4.53s
detect-doubleDragging: succeeded in 2.81s
detect-deviation: succeeded in 1.03s
detect-illegalBerthing: succeeded in 0.08s
detect-abnormalTransfer: succeeded in 0.22s
detect-collision: succeeded in 0.28s
detect-CrossingBoundary: succeeded in 0.34s
detect-illegalStaying: succeeded in 0.38s
detect-illegalAnchored: succeeded in 0.58s
detect-abnormalWandering: succeeded in 5.02s
detect-lowSpeedBoat: succeeded in 1.25s
detect-highSpeedBoat: succeeded in 1.92s
detect-blackList: succeeded in 0.05s
detect-deviation: succeeded in 1.22s
detect-abnormalStaying: succeeded in 5.42s
detect-collision: succeeded in 0.05s
detect-doubleDragging: succeeded in 4.39s
detect-abnormalTransfer: succeeded in 0.28s
detect-illegalBerthing: succeeded in 0.36s
detect-CrossingBoundary: succeeded in 0.34s
detect-illegalStaying: succeeded in 0.47s
detect-illegalAnchored: succeeded in 0.51s
detect-lowSpeedBoat: succeeded in 0.91s
detect-highSpeedBoat: succeeded in 1.28s
detect-abnormalWandering: succeeded in 4.88s
detect-blackList: succeeded in 0.22s
detect-doubleDragging: succeeded in 2.52s
detect-deviation: succeeded in 1.05s
detect-collision: succeeded in 0.03s
detect-abnormalTransfer: succeeded in 0.11s
detect-illegalStaying: succeeded in 0.16s
detect-abnormalStaying: succeeded in 4.67s
detect-illegalBerthing: succeeded in 0.19s
detect-CrossingBoundary: succeeded in 0.20s
detect-illegalAnchored: succeeded in 0.45s
detect-lowSpeedBoat: succeeded in 0.61s
detect-highSpeedBoat: succeeded in 1.64s
detect-blackList: succeeded in 0.20s
detect-abnormalWandering: succeeded in 4.73s
detect-doubleDragging: succeeded in 2.92s
detect-deviation: succeeded in 1.19s
detect-collision: succeeded in 0.05s
detect-illegalBerthing: succeeded in 0.09s
detect-abnormalTransfer: succeeded in 0.20s
detect-illegalStaying: succeeded in 0.20s
detect-CrossingBoundary: succeeded in 0.28s
detect-illegalAnchored: succeeded in 0.47s
detect-lowSpeedBoat: succeeded in 0.83s
detect-abnormalStaying: succeeded in 4.69s
detect-blackList: succeeded in 0.05s
detect-highSpeedBoat: succeeded in 2.48s
detect-abnormalWandering: succeeded in 4.16s
detect-doubleDragging: succeeded in 3.09s
detect-deviation: succeeded in 1.16s
detect-collision: succeeded in 0.05s
detect-illegalBerthing: succeeded in 0.19s
detect-abnormalTransfer: succeeded in 0.49s
detect-CrossingBoundary: succeeded in 0.47s
detect-illegalAnchored: succeeded in 0.64s
detect-illegalStaying: succeeded in 0.83s
detect-lowSpeedBoat: succeeded in 1.81s
detect-blackList: succeeded in 0.05s
detect-abnormalStaying: succeeded in 6.17s
detect-deviation: succeeded in 1.23s
detect-abnormalWandering: succeeded in 4.89s
detect-highSpeedBoat: succeeded in 3.89s
detect-illegalStaying: succeeded in 0.14s
detect-collision: succeeded in 0.28s
detect-abnormalTransfer: succeeded in 0.34s
detect-illegalBerthing: succeeded in 0.33s
detect-CrossingBoundary: succeeded in 0.39s
detect-doubleDragging: succeeded in 4.77s
detect-illegalAnchored: succeeded in 0.53s
detect-lowSpeedBoat: succeeded in 0.83s
detect-blackList: succeeded in 0.05s
detect-abnormalWandering: succeeded in 4.48s
detect-collision: succeeded in 0.06s
detect-illegalBerthing: succeeded in 0.11s
detect-abnormalTransfer: succeeded in 0.14s
detect-illegalStaying: succeeded in 0.16s
detect-CrossingBoundary: succeeded in 0.17s
detect-illegalAnchored: succeeded in 0.38s
detect-lowSpeedBoat: succeeded in 3.89s
detect-abnormalStaying: succeeded in 9.91s
detect-deviation: succeeded in 6.59s
detect-CrossingBoundary: succeeded in 0.38s
detect-abnormalTransfer: succeeded in 0.39s
detect-illegalStaying: succeeded in 0.42s
detect-highSpeedBoat: succeeded in 6.86s
detect-illegalAnchored: succeeded in 0.56s
detect-deviation: succeeded in 0.95s
detect-doubleDragging: succeeded in 9.64s
detect-blackList: succeeded in 0.03s
detect-collision: succeeded in 0.05s
detect-illegalBerthing: succeeded in 0.34s
detect-highSpeedBoat: succeeded in 2.45s
detect-abnormalWandering: succeeded in 8.00s
detect-lowSpeedBoat: succeeded in 0.80s
detect-abnormalTransfer: succeeded in 0.20s
detect-CrossingBoundary: succeeded in 0.25s
detect-illegalStaying: succeeded in 0.27s
detect-abnormalStaying: succeeded in 4.70s
detect-illegalAnchored: succeeded in 0.55s
detect-deviation: succeeded in 1.14s
detect-doubleDragging: succeeded in 4.03s
detect-highSpeedBoat: succeeded in 1.70s
detect-collision: succeeded in 0.05s
detect-blackList: succeeded in 0.30s
detect-illegalBerthing: succeeded in 0.47s
detect-lowSpeedBoat: succeeded in 1.22s
detect-abnormalWandering: succeeded in 5.20s
detect-abnormalTransfer: succeeded in 0.34s
detect-CrossingBoundary: succeeded in 0.33s
detect-illegalStaying: succeeded in 0.36s
detect-illegalAnchored: succeeded in 0.53s
detect-abnormalStaying: succeeded in 4.59s
detect-deviation: succeeded in 1.25s
detect-highSpeedBoat: succeeded in 1.72s
detect-doubleDragging: succeeded in 4.92s
detect-collision: succeeded in 0.03s
detect-blackList: succeeded in 0.14s
detect-illegalBerthing: succeeded in 0.17s
detect-lowSpeedBoat: succeeded in 0.83s
detect-abnormalWandering: succeeded in 4.41s
detect-illegalStaying: succeeded in 0.19s
detect-CrossingBoundary: succeeded in 0.25s
detect-abnormalTransfer: succeeded in 0.28s
detect-illegalAnchored: succeeded in 0.38s
detect-deviation: succeeded in 1.06s
detect-highSpeedBoat: succeeded in 1.53s
detect-doubleDragging: succeeded in 3.70s
detect-abnormalStaying: succeeded in 5.20s
detect-blackList: succeeded in 0.03s
detect-collision: succeeded in 0.03s
detect-illegalBerthing: succeeded in 0.23s
detect-lowSpeedBoat: succeeded in 0.95s
detect-abnormalTransfer: succeeded in 0.17s
detect-illegalStaying: succeeded in 0.31s
detect-illegalAnchored: succeeded in 0.42s
detect-abnormalWandering: succeeded in 4.62s
detect-CrossingBoundary: succeeded in 0.67s
detect-doubleDragging: succeeded in 4.12s
detect-deviation: succeeded in 1.66s
detect-blackList: succeeded in 0.09s
detect-collision: succeeded in 0.17s
detect-illegalBerthing: succeeded in 0.30s
detect-highSpeedBoat: succeeded in 2.61s
detect-lowSpeedBoat: succeeded in 1.58s
detect-abnormalStaying: succeeded in 6.00s
detect-abnormalTransfer: succeeded in 0.19s
detect-CrossingBoundary: succeeded in 0.23s
detect-illegalStaying: succeeded in 0.23s
detect-illegalAnchored: succeeded in 0.58s
detect-abnormalWandering: succeeded in 4.94s
detect-highSpeedBoat: succeeded in 1.47s
detect-deviation: succeeded in 1.74s
detect-doubleDragging: succeeded in 5.11s
detect-blackList: succeeded in 0.05s
detect-illegalBerthing: succeeded in 0.09s
detect-collision: succeeded in 0.19s
detect-lowSpeedBoat: succeeded in 0.83s
detect-highSpeedBoat: succeeded in 1.33s
detect-abnormalTransfer: succeeded in 0.27s
detect-doubleDragging: succeeded in 2.99s
detect-CrossingBoundary: succeeded in 0.39s
detect-illegalStaying: succeeded in 0.49s
detect-illegalAnchored: succeeded in 0.58s
detect-deviation: succeeded in 1.17s
detect-abnormalWandering: succeeded in 4.72s
detect-abnormalStaying: succeeded in 6.03s
detect-blackList: succeeded in 0.06s
detect-collision: succeeded in 0.06s
detect-illegalBerthing: succeeded in 0.38s
detect-lowSpeedBoat: succeeded in 0.75s
detect-doubleDragging: succeeded in 2.88s
detect-highSpeedBoat: succeeded in 1.61s
detect-illegalStaying: succeeded in 0.30s
detect-CrossingBoundary: succeeded in 0.33s
detect-abnormalTransfer: succeeded in 0.41s
detect-illegalAnchored: succeeded in 0.53s
detect-deviation: succeeded in 1.03s
detect-abnormalWandering: succeeded in 4.03s
detect-doubleDragging: succeeded in 2.44s
detect-collision: succeeded in 0.03s
detect-blackList: succeeded in 0.14s
detect-illegalBerthing: succeeded in 0.27s
detect-lowSpeedBoat: succeeded in 0.83s
detect-abnormalStaying: succeeded in 4.69s
detect-highSpeedBoat: succeeded in 1.50s
detect-CrossingBoundary: succeeded in 0.34s
detect-abnormalTransfer: succeeded in 0.38s
detect-illegalAnchored: succeeded in 0.52s
detect-illegalStaying: succeeded in 0.56s
detect-doubleDragging: succeeded in 3.05s
detect-deviation: succeeded in 1.17s
detect-collision: succeeded in 0.12s
detect-illegalBerthing: succeeded in 0.22s
detect-abnormalWandering: succeeded in 5.30s
detect-blackList: succeeded in 0.48s
detect-lowSpeedBoat: succeeded in 1.20s
detect-highSpeedBoat: succeeded in 2.28s
detect-abnormalTransfer: succeeded in 0.31s
detect-CrossingBoundary: succeeded in 0.30s
detect-abnormalStaying: succeeded in 4.80s
detect-illegalStaying: succeeded in 0.42s
detect-illegalAnchored: succeeded in 0.42s
detect-doubleDragging: succeeded in 3.03s
detect-deviation: succeeded in 1.28s
detect-blackList: succeeded in 0.03s
detect-collision: succeeded in 0.03s
detect-illegalBerthing: succeeded in 0.16s
detect-abnormalWandering: succeeded in 4.75s
detect-lowSpeedBoat: succeeded in 0.91s
detect-illegalStaying: succeeded in 0.26s
detect-illegalAnchored: succeeded in 0.47s
detect-abnormalTransfer: succeeded in 0.48s
detect-doubleDragging: succeeded in 2.50s
detect-CrossingBoundary: succeeded in 0.62s
detect-highSpeedBoat: succeeded in 2.81s
detect-deviation: succeeded in 1.14s
detect-abnormalStaying: succeeded in 5.48s
detect-blackList: succeeded in 0.05s
detect-collision: succeeded in 0.27s
detect-illegalBerthing: succeeded in 0.30s
detect-lowSpeedBoat: succeeded in 0.74s
detect-abnormalTransfer: succeeded in 0.17s
detect-illegalStaying: succeeded in 0.17s
detect-CrossingBoundary: succeeded in 0.22s
detect-illegalAnchored: succeeded in 0.33s
detect-abnormalWandering: succeeded in 5.50s
detect-doubleDragging: succeeded in 2.64s
detect-highSpeedBoat: succeeded in 2.69s
detect-deviation: succeeded in 0.95s
detect-blackList: succeeded in 0.05s
detect-collision: succeeded in 0.16s
detect-illegalBerthing: succeeded in 0.14s
detect-abnormalStaying: succeeded in 4.42s
detect-lowSpeedBoat: succeeded in 0.73s
detect-highSpeedBoat: succeeded in 1.25s
detect-abnormalWandering: succeeded in 3.95s
detect-abnormalTransfer: succeeded in 0.17s
detect-illegalStaying: succeeded in 0.28s
detect-CrossingBoundary: succeeded in 0.34s
detect-illegalAnchored: succeeded in 0.45s
detect-doubleDragging: succeeded in 2.88s
detect-deviation: succeeded in 1.25s
detect-blackList: succeeded in 0.02s
detect-collision: succeeded in 0.03s
detect-illegalBerthing: succeeded in 0.41s
detect-abnormalStaying: succeeded in 4.81s
detect-lowSpeedBoat: succeeded in 0.97s
detect-highSpeedBoat: succeeded in 1.94s
detect-CrossingBoundary: succeeded in 0.25s
detect-abnormalTransfer: succeeded in 0.38s
detect-illegalStaying: succeeded in 0.38s
detect-abnormalWandering: succeeded in 4.66s
detect-doubleDragging: succeeded in 2.86s
detect-illegalAnchored: succeeded in 0.67s
detect-deviation: succeeded in 1.01s
detect-collision: succeeded in 0.03s
detect-illegalBerthing: succeeded in 0.14s
detect-blackList: succeeded in 0.33s
detect-lowSpeedBoat: succeeded in 0.77s
detect-abnormalStaying: succeeded in 5.58s
detect-CrossingBoundary: succeeded in 0.25s
detect-illegalStaying: succeeded in 0.49s
detect-highSpeedBoat: succeeded in 2.59s
detect-abnormalTransfer: succeeded in 0.55s
detect-illegalAnchored: succeeded in 0.52s
detect-doubleDragging: succeeded in 3.08s
detect-abnormalWandering: succeeded in 4.80s
detect-deviation: succeeded in 1.28s
detect-blackList: succeeded in 0.03s
detect-collision: succeeded in 0.03s
detect-illegalBerthing: succeeded in 0.28s
detect-lowSpeedBoat: succeeded in 0.89s
detect-highSpeedBoat: succeeded in 1.61s
detect-abnormalTransfer: succeeded in 0.17s
detect-illegalStaying: succeeded in 0.24s
detect-CrossingBoundary: succeeded in 0.38s
detect-illegalAnchored: succeeded in 0.49s
detect-deviation: succeeded in 1.17s
detect-doubleDragging: succeeded in 3.09s
detect-abnormalStaying: succeeded in 5.45s
detect-blackList: succeeded in 0.11s
detect-illegalBerthing: succeeded in 0.11s
detect-collision: succeeded in 0.14s
detect-abnormalWandering: succeeded in 5.36s
detect-lowSpeedBoat: succeeded in 0.77s
detect-highSpeedBoat: succeeded in 1.64s
detect-illegalStaying: succeeded in 0.25s
detect-abnormalTransfer: succeeded in 0.28s
detect-CrossingBoundary: succeeded in 0.39s
detect-illegalAnchored: succeeded in 0.38s
detect-deviation: succeeded in 1.42s
detect-doubleDragging: succeeded in 3.88s
detect-blackList: succeeded in 0.05s
detect-illegalBerthing: succeeded in 0.19s
detect-collision: succeeded in 0.26s
detect-lowSpeedBoat: succeeded in 0.98s
detect-abnormalStaying: succeeded in 5.84s
detect-highSpeedBoat: succeeded in 1.69s
detect-abnormalWandering: succeeded in 5.83s
detect-abnormalTransfer: succeeded in 0.12s
detect-illegalStaying: succeeded in 0.19s
detect-CrossingBoundary: succeeded in 0.45s
detect-illegalAnchored: succeeded in 0.72s
detect-deviation: succeeded in 0.83s
detect-doubleDragging: succeeded in 4.41s
detect-collision: succeeded in 0.05s
detect-blackList: succeeded in 0.16s
detect-illegalBerthing: succeeded in 0.61s
detect-lowSpeedBoat: succeeded in 1.16s
detect-abnormalTransfer: succeeded in 0.26s
detect-CrossingBoundary: succeeded in 0.27s
detect-illegalStaying: succeeded in 0.34s
detect-illegalAnchored: succeeded in 0.58s
detect-abnormalStaying: succeeded in 6.25s
detect-abnormalWandering: succeeded in 6.36s
detect-deviation: succeeded in 1.30s
detect-highSpeedBoat: succeeded in 3.66s
detect-collision: succeeded in 0.05s
detect-blackList: succeeded in 0.39s
detect-illegalBerthing: succeeded in 0.52s
detect-lowSpeedBoat: succeeded in 1.27s
detect-doubleDragging: succeeded in 6.11s
detect-CrossingBoundary: succeeded in 0.19s
detect-highSpeedBoat: succeeded in 2.75s
detect-illegalStaying: succeeded in 0.56s
detect-abnormalTransfer: succeeded in 0.69s
detect-illegalAnchored: succeeded in 0.70s
detect-deviation: succeeded in 1.34s
detect-abnormalStaying: succeeded in 5.84s
detect-abnormalWandering: succeeded in 5.59s
detect-collision: succeeded in 0.03s
detect-blackList: succeeded in 0.27s
detect-illegalBerthing: succeeded in 0.12s
detect-doubleDragging: succeeded in 4.58s
detect-lowSpeedBoat: succeeded in 1.59s
detect-highSpeedBoat: succeeded in 1.83s
detect-illegalStaying: succeeded in 0.34s
detect-abnormalTransfer: succeeded in 0.39s
detect-CrossingBoundary: succeeded in 0.53s
detect-illegalAnchored: succeeded in 0.64s
detect-deviation: succeeded in 1.38s
detect-doubleDragging: succeeded in 3.20s
detect-collision: succeeded in 0.08s
detect-blackList: succeeded in 0.22s
detect-abnormalWandering: succeeded in 6.22s
detect-abnormalStaying: succeeded in 6.91s
detect-lowSpeedBoat: succeeded in 1.17s
detect-highSpeedBoat: succeeded in 1.42s
detect-abnormalTransfer: succeeded in 0.14s
detect-illegalStaying: succeeded in 0.22s
detect-illegalBerthing: succeeded in 0.25s
detect-CrossingBoundary: succeeded in 0.34s
detect-illegalAnchored: succeeded in 0.39s
detect-deviation: succeeded in 1.09s
detect-doubleDragging: succeeded in 4.66s
detect-blackList: succeeded in 0.06s
detect-collision: succeeded in 0.17s
detect-lowSpeedBoat: succeeded in 0.97s
detect-abnormalWandering: succeeded in 6.50s
detect-highSpeedBoat: succeeded in 2.27s
detect-abnormalStaying: succeeded in 6.83s
detect-illegalBerthing: succeeded in 0.24s
detect-abnormalTransfer: succeeded in 0.36s
detect-CrossingBoundary: succeeded in 0.34s
detect-illegalStaying: succeeded in 0.34s
detect-illegalAnchored: succeeded in 0.56s
detect-deviation: succeeded in 1.16s
detect-doubleDragging: succeeded in 4.97s
detect-blackList: succeeded in 0.03s
detect-collision: succeeded in 0.33s
detect-lowSpeedBoat: succeeded in 0.75s
detect-highSpeedBoat: succeeded in 1.81s
detect-abnormalTransfer: succeeded in 0.25s
detect-illegalBerthing: succeeded in 0.24s
detect-illegalStaying: succeeded in 0.30s
detect-CrossingBoundary: succeeded in 0.33s
detect-abnormalStaying: succeeded in 5.09s
detect-illegalAnchored: succeeded in 0.48s
detect-deviation: succeeded in 1.05s
detect-abnormalWandering: succeeded in 6.22s
detect-doubleDragging: succeeded in 4.03s
detect-blackList: succeeded in 0.03s
detect-collision: succeeded in 0.05s
detect-lowSpeedBoat: succeeded in 0.81s
detect-highSpeedBoat: succeeded in 1.94s
detect-abnormalTransfer: succeeded in 0.19s
detect-illegalStaying: succeeded in 0.14s
detect-illegalBerthing: succeeded in 0.20s
detect-CrossingBoundary: succeeded in 0.27s
detect-illegalAnchored: succeeded in 0.44s
detect-deviation: succeeded in 1.61s
detect-doubleDragging: succeeded in 3.97s
detect-collision: succeeded in 0.05s
detect-abnormalWandering: succeeded in 5.50s
detect-blackList: succeeded in 0.28s
detect-abnormalStaying: succeeded in 5.06s
detect-lowSpeedBoat: succeeded in 0.84s
detect-highSpeedBoat: succeeded in 1.45s
detect-abnormalTransfer: succeeded in 0.19s
detect-illegalStaying: succeeded in 0.23s
detect-illegalBerthing: succeeded in 0.25s
detect-CrossingBoundary: succeeded in 0.28s
detect-illegalAnchored: succeeded in 0.44s
detect-deviation: succeeded in 0.99s
detect-doubleDragging: succeeded in 3.05s
detect-collision: succeeded in 0.03s
detect-blackList: succeeded in 0.22s
detect-abnormalWandering: succeeded in 4.83s
detect-lowSpeedBoat: succeeded in 1.16s
detect-abnormalStaying: succeeded in 6.34s
detect-illegalBerthing: succeeded in 0.53s
detect-illegalAnchored: succeeded in 0.64s
detect-abnormalTransfer: succeeded in 0.86s
detect-CrossingBoundary: succeeded in 0.89s
detect-illegalStaying: succeeded in 1.00s
detect-doubleDragging: succeeded in 3.69s
detect-deviation: succeeded in 1.86s
detect-highSpeedBoat: succeeded in 4.19s
detect-collision: succeeded in 0.05s
detect-blackList: succeeded in 0.06s
detect-lowSpeedBoat: succeeded in 0.83s
detect-abnormalWandering: succeeded in 6.20s
detect-illegalBerthing: succeeded in 0.12s
detect-abnormalTransfer: succeeded in 0.19s
detect-illegalStaying: succeeded in 0.25s
detect-CrossingBoundary: succeeded in 0.33s
detect-highSpeedBoat: succeeded in 2.53s
detect-illegalAnchored: succeeded in 0.45s
detect-doubleDragging: succeeded in 3.11s
detect-deviation: succeeded in 1.25s
detect-abnormalStaying: succeeded in 6.36s
detect-blackList: succeeded in 0.05s
detect-collision: succeeded in 0.16s
detect-lowSpeedBoat: succeeded in 0.70s
detect-abnormalWandering: succeeded in 4.28s
detect-illegalBerthing: succeeded in 0.11s
detect-abnormalTransfer: succeeded in 0.16s
detect-CrossingBoundary: succeeded in 0.38s
detect-illegalStaying: succeeded in 0.38s
detect-illegalAnchored: succeeded in 0.48s
detect-highSpeedBoat: succeeded in 2.52s
detect-deviation: succeeded in 1.11s
detect-doubleDragging: succeeded in 3.45s
detect-blackList: succeeded in 0.03s
detect-collision: succeeded in 0.19s
detect-lowSpeedBoat: succeeded in 0.78s
detect-abnormalStaying: succeeded in 5.49s
detect-highSpeedBoat: succeeded in 1.76s
detect-abnormalWandering: succeeded in 3.95s
detect-abnormalTransfer: succeeded in 0.16s
detect-illegalStaying: succeeded in 0.20s
detect-CrossingBoundary: succeeded in 0.22s
detect-illegalBerthing: succeeded in 0.20s
detect-illegalAnchored: succeeded in 0.53s
detect-deviation: succeeded in 0.97s
detect-doubleDragging: succeeded in 3.53s
detect-blackList: succeeded in 0.03s
detect-collision: succeeded in 0.03s
detect-lowSpeedBoat: succeeded in 1.01s
detect-highSpeedBoat: succeeded in 1.41s
detect-abnormalTransfer: succeeded in 0.25s
detect-illegalBerthing: succeeded in 0.23s
detect-illegalStaying: succeeded in 0.33s
detect-CrossingBoundary: succeeded in 0.39s
detect-abnormalWandering: succeeded in 5.16s
detect-illegalAnchored: succeeded in 0.50s
detect-abnormalStaying: succeeded in 4.83s
detect-doubleDragging: succeeded in 3.38s
detect-deviation: succeeded in 1.23s
detect-collision: succeeded in 0.08s
detect-blackList: succeeded in 0.22s
detect-lowSpeedBoat: succeeded in 1.09s
detect-highSpeedBoat: succeeded in 1.50s
detect-CrossingBoundary: succeeded in 0.33s
detect-illegalBerthing: succeeded in 0.30s
detect-abnormalTransfer: succeeded in 0.41s
detect-illegalStaying: succeeded in 0.48s
detect-illegalAnchored: succeeded in 0.70s
detect-doubleDragging: succeeded in 3.00s
detect-deviation: succeeded in 1.27s
detect-abnormalWandering: succeeded in 5.59s
detect-abnormalStaying: succeeded in 6.08s
detect-collision: succeeded in 0.05s
detect-blackList: succeeded in 0.24s
detect-lowSpeedBoat: succeeded in 0.95s
detect-highSpeedBoat: succeeded in 2.00s
detect-illegalBerthing: succeeded in 0.20s
detect-CrossingBoundary: succeeded in 0.41s
detect-abnormalTransfer: succeeded in 0.45s
detect-illegalStaying: succeeded in 0.48s
detect-illegalAnchored: succeeded in 0.91s
detect-deviation: succeeded in 1.28s
detect-doubleDragging: succeeded in 3.97s
detect-collision: succeeded in 0.11s
detect-blackList: succeeded in 0.11s
detect-lowSpeedBoat: succeeded in 0.81s
detect-highSpeedBoat: succeeded in 1.88s
detect-abnormalWandering: succeeded in 6.77s
detect-illegalBerthing: succeeded in 0.16s
detect-abnormalTransfer: succeeded in 0.20s
detect-illegalStaying: succeeded in 0.30s
detect-CrossingBoundary: succeeded in 0.38s
detect-illegalAnchored: succeeded in 0.45s
detect-deviation: succeeded in 1.28s
detect-abnormalStaying: succeeded in 7.88s
detect-doubleDragging: succeeded in 3.62s
detect-blackList: succeeded in 0.24s
detect-collision: succeeded in 0.61s
detect-lowSpeedBoat: succeeded in 1.70s
detect-abnormalTransfer: succeeded in 0.19s
detect-CrossingBoundary: succeeded in 0.31s
detect-illegalBerthing: succeeded in 0.33s
detect-illegalAnchored: succeeded in 0.47s
detect-illegalStaying: succeeded in 0.51s
detect-deviation: succeeded in 2.03s
detect-blackList: succeeded in 0.05s
detect-collision: succeeded in 0.80s
detect-lowSpeedBoat: succeeded in 1.22s
detect-doubleDragging: succeeded in 5.95s
detect-illegalBerthing: succeeded in 0.28s
detect-CrossingBoundary: succeeded in 0.39s
detect-abnormalTransfer: succeeded in 0.59s
detect-illegalAnchored: succeeded in 0.59s
detect-illegalStaying: succeeded in 0.64s
detect-highSpeedBoat: succeeded in 7.42s
detect-deviation: succeeded in 1.84s
detect-collision: succeeded in 0.03s
detect-blackList: succeeded in 0.06s
detect-abnormalStaying: succeeded in 10.31s
detect-lowSpeedBoat: succeeded in 0.98s
detect-highSpeedBoat: succeeded in 3.38s
detect-abnormalTransfer: succeeded in 0.23s
detect-illegalBerthing: succeeded in 0.22s
detect-CrossingBoundary: succeeded in 0.23s
detect-illegalStaying: succeeded in 0.25s
detect-illegalAnchored: succeeded in 0.52s
detect-deviation: succeeded in 1.08s
detect-abnormalWandering: succeeded in 15.22s
detect-highSpeedBoat: succeeded in 1.45s
detect-collision: succeeded in 0.05s
detect-blackList: succeeded in 0.19s
detect-doubleDragging: succeeded in 8.19s
detect-lowSpeedBoat: succeeded in 0.78s
detect-abnormalTransfer: succeeded in 0.19s
detect-illegalBerthing: succeeded in 0.31s
detect-CrossingBoundary: succeeded in 0.36s
detect-illegalStaying: succeeded in 0.39s
detect-illegalAnchored: succeeded in 0.58s
detect-deviation: succeeded in 1.12s
detect-abnormalStaying: succeeded in 8.45s
detect-collision: succeeded in 0.05s
detect-blackList: succeeded in 0.31s
detect-lowSpeedBoat: succeeded in 1.25s
detect-doubleDragging: succeeded in 5.23s
detect-highSpeedBoat: succeeded in 3.95s
detect-abnormalWandering: succeeded in 8.05s
detect-abnormalTransfer: succeeded in 0.22s
detect-illegalBerthing: succeeded in 0.24s
detect-illegalStaying: succeeded in 0.25s
detect-CrossingBoundary: succeeded in 0.28s
detect-illegalAnchored: succeeded in 0.52s
detect-deviation: succeeded in 1.23s
detect-doubleDragging: succeeded in 2.69s
detect-highSpeedBoat: succeeded in 1.91s
detect-blackList: succeeded in 0.09s
detect-collision: succeeded in 0.09s
detect-abnormalStaying: succeeded in 5.58s
detect-lowSpeedBoat: succeeded in 1.09s
detect-abnormalTransfer: succeeded in 0.17s
detect-illegalBerthing: succeeded in 0.20s
detect-CrossingBoundary: succeeded in 0.34s
detect-illegalStaying: succeeded in 0.36s
detect-illegalAnchored: succeeded in 0.53s
detect-abnormalWandering: succeeded in 4.98s
detect-deviation: succeeded in 1.28s
detect-highSpeedBoat: succeeded in 1.53s
detect-blackList: succeeded in 0.08s
detect-collision: succeeded in 0.16s
detect-doubleDragging: succeeded in 4.59s
detect-lowSpeedBoat: succeeded in 0.88s
detect-illegalBerthing: succeeded in 0.12s
detect-CrossingBoundary: succeeded in 0.19s
detect-abnormalTransfer: succeeded in 0.20s
detect-illegalStaying: succeeded in 0.33s
detect-abnormalStaying: succeeded in 6.69s
detect-illegalAnchored: succeeded in 0.58s
detect-deviation: succeeded in 1.30s
detect-doubleDragging: succeeded in 3.94s
detect-blackList: succeeded in 0.05s
detect-abnormalWandering: succeeded in 6.67s
detect-highSpeedBoat: succeeded in 2.77s
detect-collision: succeeded in 0.23s
detect-lowSpeedBoat: succeeded in 0.73s
detect-abnormalTransfer: succeeded in 0.16s
detect-illegalStaying: succeeded in 0.19s
detect-illegalBerthing: succeeded in 0.22s
detect-CrossingBoundary: succeeded in 0.31s
detect-illegalAnchored: succeeded in 0.50s
detect-abnormalStaying: succeeded in 5.51s
detect-deviation: succeeded in 1.28s
detect-highSpeedBoat: succeeded in 1.70s
detect-collision: succeeded in 0.03s
detect-blackList: succeeded in 0.05s
detect-doubleDragging: succeeded in 4.45s
detect-abnormalWandering: succeeded in 5.17s
detect-lowSpeedBoat: succeeded in 1.33s
detect-abnormalTransfer: succeeded in 0.12s
detect-illegalBerthing: succeeded in 0.25s
detect-CrossingBoundary: succeeded in 0.36s
detect-illegalStaying: succeeded in 0.41s
detect-illegalAnchored: succeeded in 0.53s
detect-deviation: succeeded in 1.34s
detect-doubleDragging: succeeded in 3.75s
detect-highSpeedBoat: succeeded in 2.30s
detect-collision: succeeded in 0.05s
detect-blackList: succeeded in 0.25s
detect-abnormalStaying: succeeded in 6.20s
detect-lowSpeedBoat: succeeded in 0.92s
detect-abnormalTransfer: succeeded in 0.22s
detect-CrossingBoundary: succeeded in 0.20s
detect-illegalBerthing: succeeded in 0.22s
detect-illegalStaying: succeeded in 0.25s
detect-illegalAnchored: succeeded in 0.38s
detect-abnormalWandering: succeeded in 6.34s
detect-deviation: succeeded in 1.01s
detect-highSpeedBoat: succeeded in 1.51s
detect-collision: succeeded in 0.05s
detect-blackList: succeeded in 0.22s
detect-doubleDragging: succeeded in 4.47s
detect-lowSpeedBoat: succeeded in 1.50s
detect-illegalBerthing: succeeded in 0.22s
detect-abnormalStaying: succeeded in 6.00s
detect-CrossingBoundary: succeeded in 0.38s
detect-abnormalTransfer: succeeded in 0.41s
detect-illegalStaying: succeeded in 0.45s
detect-illegalAnchored: succeeded in 0.47s
detect-deviation: succeeded in 1.12s
detect-abnormalWandering: succeeded in 4.94s
detect-highSpeedBoat: succeeded in 1.53s
detect-doubleDragging: succeeded in 3.26s
detect-blackList: succeeded in 0.03s
detect-collision: succeeded in 0.05s
detect-lowSpeedBoat: succeeded in 1.03s
detect-abnormalTransfer: succeeded in 0.16s
detect-illegalBerthing: succeeded in 0.11s
detect-CrossingBoundary: succeeded in 0.23s
detect-illegalStaying: succeeded in 0.22s
detect-illegalAnchored: succeeded in 0.41s
detect-doubleDragging: succeeded in 2.92s
detect-abnormalStaying: succeeded in 4.84s
detect-deviation: succeeded in 1.14s
detect-highSpeedBoat: succeeded in 1.45s
detect-blackList: succeeded in 0.05s
detect-collision: succeeded in 0.17s
detect-abnormalWandering: succeeded in 5.52s
detect-lowSpeedBoat: succeeded in 1.19s
detect-illegalBerthing: succeeded in 0.11s
detect-abnormalTransfer: succeeded in 0.16s
detect-illegalStaying: succeeded in 0.23s
detect-CrossingBoundary: succeeded in 0.25s
detect-illegalAnchored: succeeded in 0.69s
detect-doubleDragging: succeeded in 3.48s
detect-deviation: succeeded in 1.28s
detect-highSpeedBoat: succeeded in 2.06s
detect-blackList: succeeded in 0.03s
detect-collision: succeeded in 0.30s
detect-lowSpeedBoat: succeeded in 0.70s
detect-abnormalStaying: succeeded in 6.36s
detect-abnormalWandering: succeeded in 6.11s
detect-abnormalTransfer: succeeded in 0.17s
detect-illegalBerthing: succeeded in 0.19s
detect-illegalStaying: succeeded in 0.27s
detect-CrossingBoundary: succeeded in 0.38s
detect-illegalAnchored: succeeded in 0.48s
detect-highSpeedBoat: succeeded in 1.00s
detect-doubleDragging: succeeded in 3.24s
detect-deviation: succeeded in 1.14s
detect-blackList: succeeded in 0.05s
detect-collision: succeeded in 0.08s
detect-lowSpeedBoat: succeeded in 0.86s
detect-abnormalTransfer: succeeded in 0.25s
detect-CrossingBoundary: succeeded in 0.24s
detect-illegalStaying: succeeded in 0.70s
detect-illegalBerthing: succeeded in 0.67s
detect-illegalAnchored: succeeded in 0.67s
detect-abnormalWandering: succeeded in 4.84s
detect-deviation: succeeded in 1.55s
detect-doubleDragging: succeeded in 4.02s
detect-highSpeedBoat: succeeded in 2.03s
detect-collision: succeeded in 0.05s
detect-abnormalStaying: succeeded in 6.69s
detect-blackList: succeeded in 0.25s
detect-lowSpeedBoat: succeeded in 1.30s
detect-illegalBerthing: succeeded in 0.20s
detect-abnormalTransfer: succeeded in 0.27s
detect-illegalStaying: succeeded in 0.25s
detect-CrossingBoundary: succeeded in 0.36s
detect-illegalAnchored: succeeded in 0.55s
detect-deviation: succeeded in 1.02s
detect-abnormalWandering: succeeded in 4.91s
detect-doubleDragging: succeeded in 3.45s
detect-highSpeedBoat: succeeded in 2.06s
detect-collision: succeeded in 0.11s
detect-blackList: succeeded in 0.22s
detect-lowSpeedBoat: succeeded in 1.03s
detect-abnormalStaying: succeeded in 5.50s
detect-illegalBerthing: succeeded in 0.20s
detect-abnormalTransfer: succeeded in 0.23s
detect-illegalStaying: succeeded in 0.50s
detect-CrossingBoundary: succeeded in 0.62s
detect-illegalAnchored: succeeded in 0.64s
detect-deviation: succeeded in 1.53s
detect-doubleDragging: succeeded in 4.62s
detect-collision: succeeded in 0.03s
detect-blackList: succeeded in 0.05s
detect-lowSpeedBoat: succeeded in 0.72s
detect-abnormalWandering: succeeded in 6.70s
detect-highSpeedBoat: succeeded in 3.38s
detect-illegalBerthing: succeeded in 0.16s
detect-abnormalTransfer: succeeded in 0.24s
detect-CrossingBoundary: succeeded in 0.30s
detect-illegalAnchored: succeeded in 0.42s
detect-illegalStaying: succeeded in 0.45s
detect-abnormalStaying: succeeded in 5.45s
detect-deviation: succeeded in 1.08s
detect-highSpeedBoat: succeeded in 2.00s
detect-blackList: succeeded in 0.08s
detect-collision: succeeded in 0.31s
detect-doubleDragging: succeeded in 4.77s
detect-lowSpeedBoat: succeeded in 1.14s
detect-abnormalWandering: succeeded in 4.84s
detect-abnormalTransfer: succeeded in 0.11s
detect-illegalBerthing: succeeded in 0.11s
detect-CrossingBoundary: succeeded in 0.17s
detect-illegalStaying: succeeded in 0.34s
detect-illegalAnchored: succeeded in 0.55s
detect-deviation: succeeded in 1.02s
detect-doubleDragging: succeeded in 2.67s
detect-abnormalStaying: succeeded in 4.47s
detect-blackList: succeeded in 0.09s
detect-highSpeedBoat: succeeded in 2.00s
detect-collision: succeeded in 0.22s
detect-lowSpeedBoat: succeeded in 0.72s
detect-doubleDragging: succeeded in 2.50s
detect-abnormalTransfer: succeeded in 0.14s
detect-illegalBerthing: succeeded in 0.14s
detect-CrossingBoundary: succeeded in 0.22s
detect-illegalStaying: succeeded in 0.26s
detect-abnormalWandering: succeeded in 4.19s
detect-illegalAnchored: succeeded in 0.55s
detect-deviation: succeeded in 1.03s
detect-highSpeedBoat: succeeded in 1.03s
detect-blackList: succeeded in 0.05s
detect-collision: succeeded in 0.05s
detect-abnormalStaying: succeeded in 4.97s
detect-lowSpeedBoat: succeeded in 1.08s
detect-doubleDragging: succeeded in 4.03s
detect-illegalStaying: succeeded in 0.25s
detect-abnormalTransfer: succeeded in 0.31s
detect-CrossingBoundary: succeeded in 0.42s
detect-illegalBerthing: succeeded in 0.64s
detect-illegalAnchored: succeeded in 0.80s
detect-deviation: succeeded in 1.26s
detect-highSpeedBoat: succeeded in 1.28s
detect-collision: succeeded in 0.05s
detect-blackList: succeeded in 0.31s
detect-doubleDragging: succeeded in 2.42s
detect-lowSpeedBoat: succeeded in 0.78s
detect-abnormalWandering: succeeded in 4.99s
detect-abnormalStaying: succeeded in 4.84s
detect-abnormalTransfer: succeeded in 0.20s
detect-illegalBerthing: succeeded in 0.24s
detect-illegalStaying: succeeded in 0.28s
detect-CrossingBoundary: succeeded in 0.33s
detect-illegalAnchored: succeeded in 0.41s
detect-deviation: succeeded in 0.88s
detect-highSpeedBoat: succeeded in 1.61s
detect-collision: succeeded in 0.05s
detect-blackList: succeeded in 0.39s
detect-lowSpeedBoat: succeeded in 1.14s
detect-doubleDragging: succeeded in 3.36s
detect-abnormalWandering: succeeded in 4.88s
detect-illegalBerthing: succeeded in 0.28s
detect-abnormalTransfer: succeeded in 0.38s
detect-CrossingBoundary: succeeded in 0.41s
detect-illegalStaying: succeeded in 0.47s
detect-illegalAnchored: succeeded in 0.50s
detect-abnormalStaying: succeeded in 5.70s
detect-deviation: succeeded in 1.08s
detect-highSpeedBoat: succeeded in 1.48s
detect-collision: succeeded in 0.05s
detect-blackList: succeeded in 0.05s
detect-lowSpeedBoat: succeeded in 0.84s
detect-abnormalWandering: succeeded in 4.03s
detect-doubleDragging: succeeded in 4.16s
detect-illegalBerthing: succeeded in 0.12s
detect-abnormalTransfer: succeeded in 0.19s
detect-illegalStaying: succeeded in 0.22s
detect-CrossingBoundary: succeeded in 0.38s
detect-illegalAnchored: succeeded in 0.50s
detect-deviation: succeeded in 1.61s
detect-highSpeedBoat: succeeded in 1.89s
detect-blackList: succeeded in 0.05s
detect-collision: succeeded in 0.20s
detect-abnormalStaying: succeeded in 4.92s
detect-lowSpeedBoat: succeeded in 1.34s
detect-doubleDragging: succeeded in 4.48s
detect-CrossingBoundary: succeeded in 0.27s
detect-illegalBerthing: succeeded in 0.31s
detect-abnormalTransfer: succeeded in 0.36s
detect-illegalStaying: succeeded in 0.45s
detect-illegalAnchored: succeeded in 0.53s
detect-deviation: succeeded in 1.28s
detect-blackList: succeeded in 0.05s
detect-collision: succeeded in 0.30s
detect-lowSpeedBoat: succeeded in 2.16s
detect-illegalBerthing: succeeded in 0.19s
detect-CrossingBoundary: succeeded in 0.25s
detect-abnormalTransfer: succeeded in 0.41s
detect-illegalAnchored: succeeded in 0.44s
detect-illegalStaying: succeeded in 0.74s
detect-doubleDragging: succeeded in 5.05s
detect-abnormalWandering: succeeded in 10.03s
detect-highSpeedBoat: succeeded in 5.56s
detect-deviation: succeeded in 1.58s
detect-collision: succeeded in 0.11s
detect-blackList: succeeded in 0.20s
detect-abnormalStaying: succeeded in 8.06s
detect-lowSpeedBoat: succeeded in 1.34s
detect-abnormalTransfer: succeeded in 0.20s
detect-CrossingBoundary: succeeded in 0.23s
detect-illegalBerthing: succeeded in 0.30s
detect-illegalStaying: succeeded in 0.36s
detect-illegalAnchored: succeeded in 0.61s
detect-deviation: succeeded in 1.19s
detect-collision: succeeded in 0.14s
detect-blackList: succeeded in 0.42s
detect-doubleDragging: succeeded in 5.47s
detect-highSpeedBoat: succeeded in 5.47s
detect-lowSpeedBoat: succeeded in 1.08s
detect-illegalStaying: succeeded in 0.61s
detect-illegalBerthing: succeeded in 0.61s
detect-CrossingBoundary: succeeded in 0.70s
detect-abnormalTransfer: succeeded in 0.83s
detect-illegalAnchored: succeeded in 0.81s
detect-abnormalStaying: succeeded in 6.67s
detect-abnormalWandering: succeeded in 7.28s
detect-deviation: succeeded in 1.27s
detect-collision: succeeded in 0.06s
detect-blackList: succeeded in 0.23s
detect-highSpeedBoat: succeeded in 3.34s
detect-doubleDragging: succeeded in 4.66s
detect-lowSpeedBoat: succeeded in 1.31s
detect-illegalBerthing: succeeded in 0.16s
detect-illegalStaying: succeeded in 0.38s
detect-abnormalTransfer: succeeded in 0.42s
detect-CrossingBoundary: succeeded in 0.41s
detect-highSpeedBoat: succeeded in 2.33s
detect-illegalAnchored: succeeded in 0.67s
detect-deviation: succeeded in 1.22s
detect-collision: succeeded in 0.12s
detect-blackList: succeeded in 0.14s
detect-lowSpeedBoat: succeeded in 1.03s
detect-doubleDragging: succeeded in 3.88s
detect-abnormalTransfer: succeeded in 0.19s
detect-illegalBerthing: succeeded in 0.30s
detect-illegalStaying: succeeded in 0.34s
detect-CrossingBoundary: succeeded in 0.36s
detect-abnormalStaying: succeeded in 6.39s
detect-highSpeedBoat: succeeded in 2.47s
detect-illegalAnchored: succeeded in 0.50s
detect-deviation: succeeded in 1.38s
detect-abnormalWandering: succeeded in 8.48s
detect-blackList: succeeded in 0.08s
detect-collision: succeeded in 0.26s
detect-lowSpeedBoat: succeeded in 0.89s
detect-highSpeedBoat: succeeded in 1.78s
detect-abnormalTransfer: succeeded in 0.14s
detect-illegalBerthing: succeeded in 0.30s
detect-CrossingBoundary: succeeded in 0.34s
detect-illegalStaying: succeeded in 0.47s
detect-doubleDragging: succeeded in 4.28s
detect-illegalAnchored: succeeded in 0.70s
detect-deviation: succeeded in 1.44s
detect-abnormalStaying: succeeded in 5.12s
detect-blackList: succeeded in 0.03s
detect-collision: succeeded in 0.17s
detect-lowSpeedBoat: succeeded in 0.72s
detect-abnormalWandering: succeeded in 4.88s
detect-illegalBerthing: succeeded in 0.25s
detect-illegalStaying: succeeded in 0.31s
detect-doubleDragging: succeeded in 3.56s
detect-illegalAnchored: succeeded in 0.42s
detect-CrossingBoundary: succeeded in 0.38s
detect-abnormalTransfer: succeeded in 0.45s
detect-highSpeedBoat: succeeded in 2.95s
detect-collision: succeeded in 0.06s
detect-blackList: succeeded in 0.09s
detect-deviation: succeeded in 2.19s
detect-lowSpeedBoat: succeeded in 1.34s
detect-doubleDragging: succeeded in 4.03s
detect-illegalStaying: succeeded in 0.20s
detect-abnormalTransfer: succeeded in 0.33s
detect-illegalBerthing: succeeded in 0.44s
detect-CrossingBoundary: succeeded in 0.47s
detect-illegalAnchored: succeeded in 0.55s
detect-highSpeedBoat: succeeded in 2.84s
detect-abnormalWandering: succeeded in 6.25s
detect-deviation: succeeded in 1.25s
detect-collision: succeeded in 0.06s
detect-abnormalStaying: succeeded in 8.51s
detect-blackList: succeeded in 0.26s
detect-lowSpeedBoat: succeeded in 0.94s
detect-doubleDragging: succeeded in 3.01s
detect-highSpeedBoat: succeeded in 1.44s
detect-abnormalTransfer: succeeded in 0.25s
detect-illegalBerthing: succeeded in 0.16s
detect-CrossingBoundary: succeeded in 0.28s
detect-illegalStaying: succeeded in 0.44s
detect-illegalAnchored: succeeded in 0.44s
detect-abnormalWandering: succeeded in 4.34s
detect-deviation: succeeded in 1.67s
detect-collision: succeeded in 0.05s
detect-blackList: succeeded in 0.24s
detect-lowSpeedBoat: succeeded in 0.98s
detect-abnormalStaying: succeeded in 5.61s
detect-doubleDragging: succeeded in 3.75s
detect-highSpeedBoat: succeeded in 1.59s
detect-illegalBerthing: succeeded in 0.11s
detect-abnormalTransfer: succeeded in 0.25s
detect-illegalStaying: succeeded in 0.27s
detect-CrossingBoundary: succeeded in 0.28s
detect-illegalAnchored: succeeded in 0.44s
detect-deviation: succeeded in 1.03s
detect-abnormalWandering: succeeded in 4.97s
detect-blackList: succeeded in 0.03s
detect-collision: succeeded in 0.03s
detect-lowSpeedBoat: succeeded in 0.70s
detect-doubleDragging: succeeded in 3.69s
detect-illegalBerthing: succeeded in 0.14s
detect-abnormalTransfer: succeeded in 0.19s
detect-abnormalStaying: succeeded in 5.55s
detect-CrossingBoundary: succeeded in 0.25s
detect-illegalStaying: succeeded in 0.27s
detect-illegalAnchored: succeeded in 0.52s
detect-deviation: succeeded in 0.98s
detect-highSpeedBoat: succeeded in 3.49s
detect-abnormalWandering: succeeded in 4.38s
detect-blackList: succeeded in 0.08s
detect-collision: succeeded in 0.16s
detect-doubleDragging: succeeded in 3.12s
detect-lowSpeedBoat: succeeded in 1.06s
detect-highSpeedBoat: succeeded in 2.62s
detect-illegalBerthing: succeeded in 0.19s
detect-abnormalTransfer: succeeded in 0.25s
detect-CrossingBoundary: succeeded in 0.34s
detect-illegalStaying: succeeded in 0.44s
detect-illegalAnchored: succeeded in 0.62s
detect-abnormalStaying: succeeded in 5.45s
detect-deviation: succeeded in 1.72s
detect-collision: succeeded in 0.62s
detect-lowSpeedBoat: succeeded in 1.02s
detect-abnormalWandering: succeeded in 6.50s
detect-highSpeedBoat: succeeded in 2.12s
detect-blackList: succeeded in 0.05s
detect-abnormalTransfer: succeeded in 0.25s
detect-doubleDragging: succeeded in 5.09s
detect-CrossingBoundary: succeeded in 0.26s
detect-illegalBerthing: succeeded in 0.22s
detect-illegalStaying: succeeded in 0.34s
detect-illegalAnchored: succeeded in 0.75s
detect-deviation: succeeded in 1.61s
detect-collision: succeeded in 0.08s
detect-lowSpeedBoat: succeeded in 0.86s
detect-abnormalStaying: succeeded in 6.70s
detect-highSpeedBoat: succeeded in 1.42s
detect-blackList: succeeded in 0.11s
detect-CrossingBoundary: succeeded in 0.20s
detect-abnormalTransfer: succeeded in 0.25s
detect-illegalBerthing: succeeded in 0.28s
detect-illegalStaying: succeeded in 0.30s
detect-illegalAnchored: succeeded in 0.67s
detect-deviation: succeeded in 1.08s
detect-doubleDragging: succeeded in 4.30s
detect-collision: succeeded in 0.05s
detect-abnormalWandering: succeeded in 6.24s
detect-lowSpeedBoat: succeeded in 0.86s
detect-highSpeedBoat: succeeded in 1.56s
detect-blackList: succeeded in 0.27s
detect-illegalBerthing: succeeded in 0.25s
detect-CrossingBoundary: succeeded in 0.28s
detect-abnormalTransfer: succeeded in 0.33s
detect-illegalStaying: succeeded in 0.38s
detect-illegalAnchored: succeeded in 0.58s
detect-deviation: succeeded in 1.24s
detect-collision: succeeded in 0.06s
detect-abnormalStaying: succeeded in 5.95s
detect-lowSpeedBoat: succeeded in 1.56s
detect-doubleDragging: succeeded in 5.24s
detect-highSpeedBoat: succeeded in 2.12s
detect-blackList: succeeded in 0.22s
detect-abnormalTransfer: succeeded in 0.28s
detect-illegalBerthing: succeeded in 0.26s
detect-CrossingBoundary: succeeded in 0.36s
detect-illegalStaying: succeeded in 0.34s
detect-illegalAnchored: succeeded in 0.47s
detect-deviation: succeeded in 1.31s
detect-collision: succeeded in 0.03s
detect-abnormalWandering: succeeded in 8.33s
detect-lowSpeedBoat: succeeded in 1.39s
detect-doubleDragging: succeeded in 4.28s
detect-blackList: succeeded in 0.05s
detect-highSpeedBoat: succeeded in 2.25s
detect-abnormalTransfer: succeeded in 0.30s
detect-illegalStaying: succeeded in 0.31s
detect-illegalBerthing: succeeded in 0.27s
detect-abnormalStaying: succeeded in 6.45s
detect-CrossingBoundary: succeeded in 0.55s
detect-illegalAnchored: succeeded in 0.58s
detect-deviation: succeeded in 1.41s
detect-collision: succeeded in 0.20s
detect-lowSpeedBoat: succeeded in 0.91s
detect-doubleDragging: succeeded in 3.92s
detect-highSpeedBoat: succeeded in 1.58s
detect-abnormalWandering: succeeded in 5.23s
detect-blackList: succeeded in 0.03s
detect-abnormalTransfer: succeeded in 0.17s
detect-illegalBerthing: succeeded in 0.12s
detect-illegalStaying: succeeded in 0.20s
detect-CrossingBoundary: succeeded in 0.36s
detect-illegalAnchored: succeeded in 0.61s
detect-deviation: succeeded in 1.11s
detect-abnormalStaying: succeeded in 5.67s
detect-collision: succeeded in 0.17s
detect-doubleDragging: succeeded in 3.38s
detect-lowSpeedBoat: succeeded in 0.95s
detect-highSpeedBoat: succeeded in 1.75s
detect-blackList: succeeded in 0.03s
detect-illegalStaying: succeeded in 0.12s
detect-illegalBerthing: succeeded in 0.16s
detect-abnormalTransfer: succeeded in 0.20s
detect-CrossingBoundary: succeeded in 0.27s
detect-illegalAnchored: succeeded in 0.50s
detect-abnormalWandering: succeeded in 5.27s
detect-deviation: succeeded in 1.02s
detect-doubleDragging: succeeded in 3.58s
detect-collision: succeeded in 0.05s
detect-abnormalStaying: succeeded in 5.30s
detect-lowSpeedBoat: succeeded in 0.89s
detect-highSpeedBoat: succeeded in 1.91s
detect-blackList: succeeded in 0.05s
detect-doubleDragging: succeeded in 2.22s
detect-CrossingBoundary: succeeded in 0.22s
detect-abnormalTransfer: succeeded in 0.33s
detect-illegalBerthing: succeeded in 0.36s
detect-illegalStaying: succeeded in 0.45s
detect-illegalAnchored: succeeded in 0.73s
detect-abnormalWandering: succeeded in 4.48s
detect-deviation: succeeded in 1.39s
detect-collision: succeeded in 0.05s
detect-lowSpeedBoat: succeeded in 1.30s
detect-abnormalStaying: succeeded in 5.31s
detect-blackList: succeeded in 0.22s
detect-illegalBerthing: succeeded in 0.25s
detect-CrossingBoundary: succeeded in 0.27s
detect-abnormalTransfer: succeeded in 0.30s
detect-illegalStaying: succeeded in 0.41s
detect-illegalAnchored: succeeded in 0.50s
detect-highSpeedBoat: succeeded in 3.30s
detect-abnormalWandering: succeeded in 5.14s
detect-doubleDragging: succeeded in 3.73s
detect-deviation: succeeded in 1.48s
detect-collision: succeeded in 0.05s
detect-lowSpeedBoat: succeeded in 0.95s
detect-highSpeedBoat: succeeded in 1.42s
detect-illegalBerthing: succeeded in 0.20s
detect-blackList: succeeded in 0.41s
detect-abnormalTransfer: succeeded in 0.41s
detect-illegalAnchored: succeeded in 0.41s
detect-illegalStaying: succeeded in 0.44s
detect-CrossingBoundary: succeeded in 0.56s
detect-doubleDragging: succeeded in 2.91s
detect-deviation: succeeded in 1.72s
detect-abnormalStaying: succeeded in 7.12s
detect-collision: succeeded in 0.05s
detect-lowSpeedBoat: succeeded in 0.97s
detect-abnormalWandering: succeeded in 5.81s
detect-highSpeedBoat: succeeded in 1.51s
detect-blackList: succeeded in 0.05s
detect-abnormalTransfer: succeeded in 0.17s
detect-illegalBerthing: succeeded in 0.42s
detect-illegalAnchored: succeeded in 0.50s
detect-CrossingBoundary: succeeded in 0.59s
detect-illegalStaying: succeeded in 0.64s
detect-deviation: succeeded in 1.44s
detect-abnormalStaying: succeeded in 5.23s
detect-doubleDragging: succeeded in 4.94s
detect-collision: succeeded in 0.25s
detect-lowSpeedBoat: succeeded in 0.91s
detect-highSpeedBoat: succeeded in 1.38s
detect-abnormalWandering: succeeded in 5.19s
detect-blackList: succeeded in 0.05s
detect-illegalBerthing: succeeded in 0.11s
detect-abnormalTransfer: succeeded in 0.19s
detect-CrossingBoundary: succeeded in 0.28s
detect-illegalStaying: succeeded in 0.44s
detect-illegalAnchored: succeeded in 0.45s
detect-deviation: succeeded in 1.17s
detect-doubleDragging: succeeded in 3.31s
detect-collision: succeeded in 0.16s
detect-abnormalStaying: succeeded in 5.02s
detect-lowSpeedBoat: succeeded in 0.80s
detect-highSpeedBoat: succeeded in 1.67s
detect-abnormalWandering: succeeded in 4.23s
detect-blackList: succeeded in 0.05s
detect-abnormalTransfer: succeeded in 0.17s
detect-illegalBerthing: succeeded in 0.20s
detect-CrossingBoundary: succeeded in 0.27s
detect-illegalStaying: succeeded in 0.27s
detect-illegalAnchored: succeeded in 0.44s
detect-deviation: succeeded in 1.11s
detect-doubleDragging: succeeded in 3.77s
detect-collision: succeeded in 0.05s
detect-lowSpeedBoat: succeeded in 1.01s
detect-highSpeedBoat: succeeded in 1.73s
detect-blackList: succeeded in 0.05s
detect-abnormalTransfer: succeeded in 0.20s
detect-CrossingBoundary: succeeded in 0.25s
detect-abnormalWandering: succeeded in 4.58s
detect-doubleDragging: succeeded in 2.47s
detect-illegalBerthing: succeeded in 0.36s
detect-illegalAnchored: succeeded in 0.44s
detect-illegalStaying: succeeded in 0.50s
detect-abnormalStaying: succeeded in 6.95s
detect-deviation: succeeded in 1.45s
detect-collision: succeeded in 0.05s
detect-lowSpeedBoat: succeeded in 1.00s
detect-highSpeedBoat: succeeded in 1.23s
detect-CrossingBoundary: succeeded in 0.16s
detect-blackList: succeeded in 0.26s
detect-illegalBerthing: succeeded in 0.20s
detect-abnormalTransfer: succeeded in 0.36s
detect-illegalAnchored: succeeded in 0.56s
detect-illegalStaying: succeeded in 0.64s
detect-deviation: succeeded in 1.25s
detect-abnormalWandering: succeeded in 5.55s
detect-collision: succeeded in 0.05s
detect-doubleDragging: succeeded in 4.36s
detect-abnormalStaying: succeeded in 5.61s
detect-lowSpeedBoat: succeeded in 0.97s
detect-highSpeedBoat: succeeded in 1.64s
detect-illegalBerthing: succeeded in 0.20s
detect-blackList: succeeded in 0.25s
detect-abnormalTransfer: succeeded in 0.25s
detect-illegalStaying: succeeded in 0.25s
detect-CrossingBoundary: succeeded in 0.28s
detect-illegalAnchored: succeeded in 0.45s
detect-deviation: succeeded in 1.12s
detect-doubleDragging: succeeded in 3.27s
detect-collision: succeeded in 0.23s
detect-abnormalWandering: succeeded in 4.98s
detect-lowSpeedBoat: succeeded in 0.99s
detect-highSpeedBoat: succeeded in 1.69s
detect-abnormalStaying: succeeded in 5.14s
detect-blackList: succeeded in 0.05s
detect-illegalBerthing: succeeded in 0.14s
detect-abnormalTransfer: succeeded in 0.23s
detect-illegalStaying: succeeded in 0.36s
detect-illegalAnchored: succeeded in 0.50s
detect-CrossingBoundary: succeeded in 0.52s
detect-deviation: succeeded in 1.12s
detect-doubleDragging: succeeded in 4.28s
detect-collision: succeeded in 0.24s
detect-lowSpeedBoat: succeeded in 0.88s
detect-highSpeedBoat: succeeded in 2.23s
detect-blackList: succeeded in 0.05s
detect-illegalBerthing: succeeded in 0.17s
detect-illegalStaying: succeeded in 0.17s
detect-abnormalTransfer: succeeded in 0.30s
detect-CrossingBoundary: succeeded in 0.31s
detect-abnormalWandering: succeeded in 5.14s
detect-illegalAnchored: succeeded in 0.50s
detect-abnormalStaying: succeeded in 5.61s
detect-deviation: succeeded in 1.52s
detect-collision: succeeded in 0.41s
detect-lowSpeedBoat: succeeded in 1.53s
detect-blackList: succeeded in 0.33s
detect-abnormalTransfer: succeeded in 0.34s
detect-illegalStaying: succeeded in 0.31s
detect-CrossingBoundary: succeeded in 0.33s
detect-illegalBerthing: succeeded in 0.20s
detect-illegalAnchored: succeeded in 0.76s
detect-doubleDragging: succeeded in 7.61s
detect-deviation: succeeded in 1.39s
detect-highSpeedBoat: succeeded in 3.61s
detect-collision: succeeded in 0.03s
detect-lowSpeedBoat: succeeded in 1.11s
detect-abnormalWandering: succeeded in 7.11s
detect-abnormalStaying: succeeded in 6.45s
detect-blackList: succeeded in 0.06s
detect-CrossingBoundary: succeeded in 0.34s
detect-abnormalTransfer: succeeded in 0.47s
detect-illegalStaying: succeeded in 0.55s
detect-illegalBerthing: succeeded in 0.59s
detect-illegalAnchored: succeeded in 0.81s
detect-highSpeedBoat: succeeded in 2.88s
detect-doubleDragging: succeeded in 4.05s
detect-deviation: succeeded in 1.31s
detect-collision: succeeded in 0.05s
detect-lowSpeedBoat: succeeded in 0.89s
detect-highSpeedBoat: succeeded in 1.72s
detect-illegalBerthing: succeeded in 0.25s
detect-CrossingBoundary: succeeded in 0.28s
detect-blackList: succeeded in 0.28s
detect-abnormalTransfer: succeeded in 0.31s
detect-illegalStaying: succeeded in 0.30s
detect-illegalAnchored: succeeded in 0.45s
detect-doubleDragging: succeeded in 3.22s
detect-abnormalWandering: succeeded in 5.39s
detect-deviation: succeeded in 0.94s
detect-abnormalStaying: succeeded in 5.94s
detect-collision: succeeded in 0.22s
detect-lowSpeedBoat: succeeded in 0.91s
detect-doubleDragging: succeeded in 2.81s
detect-highSpeedBoat: succeeded in 1.69s
detect-illegalBerthing: succeeded in 0.27s
detect-blackList: succeeded in 0.38s
detect-CrossingBoundary: succeeded in 0.47s
detect-illegalStaying: succeeded in 0.55s
detect-abnormalTransfer: succeeded in 0.61s
detect-illegalAnchored: succeeded in 0.59s
detect-deviation: succeeded in 1.33s
detect-collision: succeeded in 0.06s
detect-lowSpeedBoat: succeeded in 1.12s
detect-highSpeedBoat: succeeded in 1.58s
detect-doubleDragging: succeeded in 3.72s
detect-blackList: succeeded in 0.06s
detect-illegalBerthing: succeeded in 0.22s
detect-abnormalTransfer: succeeded in 0.39s
detect-CrossingBoundary: succeeded in 0.44s
detect-illegalAnchored: succeeded in 0.45s
detect-illegalStaying: succeeded in 0.66s
detect-abnormalWandering: succeeded in 7.64s
detect-abnormalStaying: succeeded in 6.92s
detect-deviation: succeeded in 1.64s
detect-collision: succeeded in 0.33s
detect-lowSpeedBoat: succeeded in 0.80s
detect-doubleDragging: succeeded in 3.70s
detect-blackList: succeeded in 0.05s
detect-abnormalTransfer: succeeded in 0.11s
detect-CrossingBoundary: succeeded in 0.19s
detect-illegalBerthing: succeeded in 0.08s
detect-illegalStaying: succeeded in 0.23s
detect-illegalAnchored: succeeded in 0.45s
detect-highSpeedBoat: succeeded in 2.42s
detect-deviation: succeeded in 1.33s
detect-collision: succeeded in 0.20s
detect-lowSpeedBoat: succeeded in 0.81s
detect-doubleDragging: succeeded in 3.03s
detect-highSpeedBoat: succeeded in 1.58s
detect-abnormalWandering: succeeded in 5.72s
detect-abnormalStaying: succeeded in 6.70s
detect-blackList: succeeded in 0.05s
detect-abnormalTransfer: succeeded in 0.12s
detect-illegalStaying: succeeded in 0.17s
detect-illegalBerthing: succeeded in 0.16s
detect-CrossingBoundary: succeeded in 0.27s
detect-illegalAnchored: succeeded in 0.66s
detect-deviation: succeeded in 1.09s
detect-collision: succeeded in 0.03s
detect-lowSpeedBoat: succeeded in 1.03s
detect-doubleDragging: succeeded in 3.31s
detect-blackList: succeeded in 0.03s
detect-abnormalTransfer: succeeded in 0.14s
detect-CrossingBoundary: succeeded in 0.25s
detect-illegalStaying: succeeded in 0.28s
detect-illegalBerthing: succeeded in 0.33s
detect-illegalAnchored: succeeded in 0.59s
detect-abnormalWandering: succeeded in 5.17s
detect-deviation: succeeded in 1.20s
detect-abnormalStaying: succeeded in 5.64s
detect-highSpeedBoat: succeeded in 3.67s
detect-collision: succeeded in 0.05s
detect-doubleDragging: succeeded in 3.00s
detect-lowSpeedBoat: succeeded in 0.95s
detect-highSpeedBoat: succeeded in 1.76s
detect-CrossingBoundary: succeeded in 0.25s
detect-blackList: succeeded in 0.30s
detect-illegalBerthing: succeeded in 0.28s
detect-abnormalTransfer: succeeded in 0.34s
detect-illegalAnchored: succeeded in 0.61s
detect-illegalStaying: succeeded in 0.64s
detect-deviation: succeeded in 1.38s
detect-collision: succeeded in 0.03s
detect-lowSpeedBoat: succeeded in 0.97s
detect-abnormalWandering: succeeded in 5.75s
detect-highSpeedBoat: succeeded in 1.47s
detect-abnormalStaying: succeeded in 5.72s
detect-doubleDragging: succeeded in 3.53s
detect-illegalBerthing: succeeded in 0.16s
detect-blackList: succeeded in 0.20s
detect-CrossingBoundary: succeeded in 0.30s
detect-abnormalTransfer: succeeded in 0.30s
detect-illegalStaying: succeeded in 0.31s
detect-illegalAnchored: succeeded in 0.53s
detect-deviation: succeeded in 1.16s
detect-collision: succeeded in 0.05s
detect-lowSpeedBoat: succeeded in 0.94s
detect-highSpeedBoat: succeeded in 1.75s
detect-blackList: succeeded in 0.05s
detect-doubleDragging: succeeded in 4.01s
detect-abnormalTransfer: succeeded in 0.12s
detect-illegalBerthing: succeeded in 0.16s
detect-illegalStaying: succeeded in 0.19s
detect-illegalAnchored: succeeded in 0.42s
detect-CrossingBoundary: succeeded in 0.55s
detect-abnormalWandering: succeeded in 5.58s
detect-deviation: succeeded in 1.42s
detect-abnormalStaying: succeeded in 5.33s
detect-collision: succeeded in 0.30s
detect-lowSpeedBoat: succeeded in 1.20s
detect-doubleDragging: succeeded in 3.31s
detect-highSpeedBoat: succeeded in 1.49s
detect-blackList: succeeded in 0.03s
detect-illegalBerthing: succeeded in 0.08s
detect-illegalStaying: succeeded in 0.22s
detect-abnormalTransfer: succeeded in 0.24s
detect-CrossingBoundary: succeeded in 0.25s
detect-illegalAnchored: succeeded in 0.52s
detect-deviation: succeeded in 1.00s
detect-abnormalWandering: succeeded in 4.76s
detect-collision: succeeded in 0.14s
detect-lowSpeedBoat: succeeded in 0.98s
detect-doubleDragging: succeeded in 3.33s
detect-blackList: succeeded in 0.08s
detect-illegalStaying: succeeded in 0.27s
detect-illegalBerthing: succeeded in 0.33s
detect-abnormalTransfer: succeeded in 0.38s
detect-CrossingBoundary: succeeded in 0.41s
detect-illegalAnchored: succeeded in 0.50s
detect-highSpeedBoat: succeeded in 2.80s
detect-deviation: succeeded in 1.23s
detect-abnormalStaying: succeeded in 7.48s
detect-collision: succeeded in 0.06s
detect-lowSpeedBoat: succeeded in 0.86s
detect-abnormalWandering: succeeded in 5.45s
detect-blackList: succeeded in 0.05s
detect-illegalBerthing: succeeded in 0.24s
detect-CrossingBoundary: succeeded in 0.42s
detect-abnormalTransfer: succeeded in 0.45s
detect-doubleDragging: succeeded in 4.44s
detect-illegalStaying: succeeded in 0.64s
detect-illegalAnchored: succeeded in 0.67s
detect-highSpeedBoat: succeeded in 3.39s
detect-deviation: succeeded in 1.73s
detect-collision: succeeded in 0.05s
detect-lowSpeedBoat: succeeded in 1.16s
detect-blackList: succeeded in 0.20s
detect-CrossingBoundary: succeeded in 0.22s
detect-illegalStaying: succeeded in 0.25s
detect-illegalBerthing: succeeded in 0.25s
detect-abnormalTransfer: succeeded in 0.30s
detect-abnormalStaying: succeeded in 6.42s
detect-highSpeedBoat: succeeded in 2.34s
detect-illegalAnchored: succeeded in 0.56s
detect-doubleDragging: succeeded in 4.59s
detect-deviation: succeeded in 1.16s
detect-collision: succeeded in 0.05s
detect-lowSpeedBoat: succeeded in 0.94s
detect-abnormalTransfer: succeeded in 0.36s
detect-CrossingBoundary: succeeded in 0.39s
detect-highSpeedBoat: succeeded in 2.34s
detect-blackList: succeeded in 0.41s
detect-illegalBerthing: succeeded in 0.44s
detect-illegalStaying: succeeded in 0.47s
detect-illegalAnchored: succeeded in 0.48s
detect-abnormalWandering: succeeded in 8.69s
detect-abnormalStaying: succeeded in 4.75s
detect-deviation: succeeded in 1.36s
detect-doubleDragging: succeeded in 4.59s
detect-collision: succeeded in 0.05s
detect-lowSpeedBoat: succeeded in 0.83s
detect-highSpeedBoat: succeeded in 2.11s
detect-blackList: succeeded in 0.05s
detect-illegalBerthing: succeeded in 0.19s
detect-illegalStaying: succeeded in 0.20s
detect-abnormalTransfer: succeeded in 0.28s
detect-CrossingBoundary: succeeded in 0.34s
detect-illegalAnchored: succeeded in 0.41s
detect-deviation: succeeded in 1.12s
detect-abnormalWandering: succeeded in 4.80s
detect-doubleDragging: succeeded in 3.78s
detect-collision: succeeded in 0.25s
detect-lowSpeedBoat: succeeded in 0.78s
detect-abnormalStaying: succeeded in 5.11s
detect-blackList: succeeded in 0.08s
detect-illegalBerthing: succeeded in 0.16s
detect-CrossingBoundary: succeeded in 0.25s
detect-abnormalTransfer: succeeded in 0.33s
detect-illegalStaying: succeeded in 0.41s
detect-illegalAnchored: succeeded in 0.49s
detect-highSpeedBoat: succeeded in 2.56s
detect-deviation: succeeded in 1.11s
detect-doubleDragging: succeeded in 3.36s
detect-collision: succeeded in 0.26s
detect-lowSpeedBoat: succeeded in 1.00s
detect-highSpeedBoat: succeeded in 1.62s
detect-blackList: succeeded in 0.05s
detect-illegalBerthing: succeeded in 0.22s
detect-illegalStaying: succeeded in 0.39s
detect-abnormalTransfer: succeeded in 0.42s
detect-CrossingBoundary: succeeded in 0.55s
detect-illegalAnchored: succeeded in 0.64s
detect-abnormalWandering: succeeded in 7.20s
detect-deviation: succeeded in 1.14s
detect-abnormalStaying: succeeded in 6.28s
detect-collision: succeeded in 0.05s
detect-doubleDragging: succeeded in 4.39s
detect-lowSpeedBoat: succeeded in 0.95s
detect-highSpeedBoat: succeeded in 1.61s
detect-blackList: succeeded in 0.03s
detect-abnormalTransfer: succeeded in 0.11s
detect-illegalStaying: succeeded in 0.20s
detect-CrossingBoundary: succeeded in 0.23s
detect-illegalBerthing: succeeded in 0.28s
detect-illegalAnchored: succeeded in 0.56s
detect-deviation: succeeded in 1.95s
detect-collision: succeeded in 0.05s
detect-doubleDragging: succeeded in 3.78s
detect-abnormalStaying: succeeded in 5.00s
detect-lowSpeedBoat: succeeded in 1.17s
detect-highSpeedBoat: succeeded in 1.52s
detect-blackList: succeeded in 0.19s
detect-illegalBerthing: succeeded in 0.19s
detect-abnormalTransfer: succeeded in 0.23s
detect-CrossingBoundary: succeeded in 0.25s
detect-illegalStaying: succeeded in 0.30s
detect-illegalAnchored: succeeded in 0.61s
detect-deviation: succeeded in 1.02s
detect-abnormalWandering: succeeded in 7.58s
detect-collision: succeeded in 0.03s
detect-doubleDragging: succeeded in 3.89s
detect-lowSpeedBoat: succeeded in 1.14s
detect-highSpeedBoat: succeeded in 1.27s
detect-illegalBerthing: succeeded in 0.22s
detect-blackList: succeeded in 0.34s
detect-abnormalTransfer: succeeded in 0.41s
detect-illegalStaying: succeeded in 0.41s
detect-CrossingBoundary: succeeded in 0.42s
detect-illegalAnchored: succeeded in 0.55s
detect-abnormalStaying: succeeded in 6.00s
detect-deviation: succeeded in 1.17s
detect-collision: succeeded in 0.05s
detect-lowSpeedBoat: succeeded in 1.30s
detect-doubleDragging: succeeded in 4.94s
detect-blackList: succeeded in 0.08s
detect-illegalBerthing: succeeded in 0.24s
detect-illegalStaying: succeeded in 0.36s
detect-abnormalTransfer: succeeded in 0.44s
detect-abnormalWandering: succeeded in 6.25s
detect-illegalAnchored: succeeded in 0.70s
detect-CrossingBoundary: succeeded in 0.74s
detect-highSpeedBoat: succeeded in 3.50s
detect-deviation: succeeded in 1.73s
detect-collision: succeeded in 0.17s
detect-lowSpeedBoat: succeeded in 1.06s
detect-abnormalStaying: succeeded in 6.05s
detect-highSpeedBoat: succeeded in 1.92s
detect-abnormalTransfer: succeeded in 0.16s
detect-blackList: succeeded in 0.23s
detect-illegalBerthing: succeeded in 0.22s
detect-CrossingBoundary: succeeded in 0.30s
detect-illegalStaying: succeeded in 0.38s
detect-illegalAnchored: succeeded in 0.47s
detect-deviation: succeeded in 1.19s
detect-doubleDragging: succeeded in 5.92s
detect-collision: succeeded in 0.33s
detect-abnormalWandering: succeeded in 5.45s
detect-lowSpeedBoat: succeeded in 0.92s
detect-blackList: succeeded in 0.06s
detect-illegalBerthing: succeeded in 0.19s
detect-abnormalTransfer: succeeded in 0.31s
detect-CrossingBoundary: succeeded in 0.33s
detect-illegalAnchored: succeeded in 0.39s
detect-illegalStaying: succeeded in 0.41s
detect-highSpeedBoat: succeeded in 2.42s
detect-deviation: succeeded in 1.20s
detect-doubleDragging: succeeded in 3.16s
detect-collision: succeeded in 0.05s
detect-lowSpeedBoat: succeeded in 0.91s
detect-highSpeedBoat: succeeded in 2.00s
detect-blackList: succeeded in 0.05s
detect-abnormalTransfer: succeeded in 0.11s
detect-illegalStaying: succeeded in 0.19s
detect-CrossingBoundary: succeeded in 0.31s
detect-illegalBerthing: succeeded in 0.38s
detect-abnormalWandering: succeeded in 5.66s
detect-illegalAnchored: succeeded in 0.45s
detect-abnormalStaying: succeeded in 8.61s
detect-deviation: succeeded in 1.08s
detect-doubleDragging: succeeded in 3.17s
detect-collision: succeeded in 0.08s
detect-lowSpeedBoat: succeeded in 0.86s
detect-highSpeedBoat: succeeded in 1.30s
detect-blackList: succeeded in 0.24s
detect-abnormalTransfer: succeeded in 0.25s
detect-illegalBerthing: succeeded in 0.12s
detect-CrossingBoundary: succeeded in 0.34s
detect-illegalStaying: succeeded in 0.42s
detect-illegalAnchored: succeeded in 0.62s
detect-deviation: succeeded in 1.05s
detect-abnormalStaying: succeeded in 5.03s
detect-collision: succeeded in 0.05s
detect-doubleDragging: succeeded in 4.62s
detect-lowSpeedBoat: succeeded in 1.26s
detect-abnormalWandering: succeeded in 7.08s
detect-illegalBerthing: succeeded in 0.28s
detect-blackList: succeeded in 0.50s
detect-abnormalTransfer: succeeded in 0.52s
detect-illegalStaying: succeeded in 0.52s
detect-highSpeedBoat: succeeded in 2.44s
detect-CrossingBoundary: succeeded in 0.64s
detect-illegalAnchored: succeeded in 0.67s
detect-deviation: succeeded in 1.39s
detect-collision: succeeded in 0.06s
detect-doubleDragging: succeeded in 4.20s
detect-lowSpeedBoat: succeeded in 0.83s
detect-abnormalStaying: succeeded in 5.78s
detect-highSpeedBoat: succeeded in 1.51s
detect-blackList: succeeded in 0.06s
detect-illegalBerthing: succeeded in 0.12s
detect-abnormalTransfer: succeeded in 0.52s
detect-CrossingBoundary: succeeded in 0.55s
detect-illegalAnchored: succeeded in 0.55s
detect-illegalStaying: succeeded in 0.56s
detect-abnormalWandering: succeeded in 5.78s
detect-deviation: succeeded in 1.91s
detect-collision: succeeded in 0.20s
detect-lowSpeedBoat: succeeded in 1.41s
detect-doubleDragging: succeeded in 5.03s
detect-blackList: succeeded in 0.08s
detect-abnormalTransfer: succeeded in 0.17s
detect-illegalBerthing: succeeded in 0.16s
detect-CrossingBoundary: succeeded in 0.33s
detect-illegalStaying: succeeded in 0.39s
detect-illegalAnchored: succeeded in 0.56s
detect-highSpeedBoat: succeeded in 3.30s
detect-abnormalStaying: succeeded in 6.38s
detect-deviation: succeeded in 2.06s
detect-collision: succeeded in 0.38s
detect-lowSpeedBoat: succeeded in 0.83s
detect-abnormalWandering: succeeded in 5.81s
detect-blackList: succeeded in 0.12s
detect-illegalStaying: succeeded in 0.30s
detect-CrossingBoundary: succeeded in 0.31s
detect-abnormalTransfer: succeeded in 0.45s
detect-illegalAnchored: succeeded in 0.42s
detect-illegalBerthing: succeeded in 0.42s
detect-highSpeedBoat: succeeded in 2.47s
detect-doubleDragging: succeeded in 4.86s
detect-deviation: succeeded in 1.22s
detect-collision: succeeded in 0.05s
detect-lowSpeedBoat: succeeded in 0.72s
detect-highSpeedBoat: succeeded in 1.72s
detect-blackList: succeeded in 0.03s
detect-abnormalTransfer: succeeded in 0.41s
detect-illegalStaying: succeeded in 0.41s
detect-illegalBerthing: succeeded in 0.56s
detect-CrossingBoundary: succeeded in 0.59s
detect-illegalAnchored: succeeded in 0.61s
detect-deviation: succeeded in 1.25s
detect-abnormalWandering: succeeded in 5.41s
detect-abnormalStaying: succeeded in 7.62s
detect-doubleDragging: succeeded in 5.69s
detect-collision: succeeded in 0.05s
detect-lowSpeedBoat: succeeded in 1.89s
detect-blackList: succeeded in 0.41s
detect-CrossingBoundary: succeeded in 0.42s
detect-abnormalTransfer: succeeded in 0.45s
detect-illegalBerthing: succeeded in 0.88s
detect-illegalAnchored: succeeded in 1.23s
detect-illegalStaying: succeeded in 1.69s
detect-highSpeedBoat: succeeded in 3.95s
detect-deviation: succeeded in 2.25s
detect-collision: succeeded in 0.06s
detect-lowSpeedBoat: succeeded in 1.39s
detect-illegalBerthing: succeeded in 0.36s
detect-illegalStaying: succeeded in 0.58s
detect-blackList: succeeded in 0.61s
detect-CrossingBoundary: succeeded in 0.94s
detect-illegalAnchored: succeeded in 1.05s
detect-abnormalTransfer: succeeded in 1.17s
detect-abnormalWandering: succeeded in 9.03s
detect-abnormalStaying: succeeded in 9.41s
detect-deviation: succeeded in 1.76s
detect-collision: succeeded in 0.05s
detect-doubleDragging: succeeded in 9.11s
detect-lowSpeedBoat: succeeded in 1.00s
detect-highSpeedBoat: succeeded in 5.05s
detect-blackList: succeeded in 0.05s
detect-abnormalTransfer: succeeded in 0.17s
detect-illegalStaying: succeeded in 0.19s
detect-illegalBerthing: succeeded in 0.20s
detect-CrossingBoundary: succeeded in 0.31s
detect-illegalAnchored: succeeded in 0.44s
detect-deviation: succeeded in 1.89s
detect-collision: succeeded in 0.16s
detect-highSpeedBoat: succeeded in 3.47s
detect-lowSpeedBoat: succeeded in 1.58s
detect-abnormalStaying: succeeded in 6.72s
detect-blackList: succeeded in 0.05s
detect-abnormalWandering: succeeded in 6.77s
detect-illegalBerthing: succeeded in 0.42s
detect-abnormalTransfer: succeeded in 0.47s
detect-illegalStaying: succeeded in 0.53s
detect-CrossingBoundary: succeeded in 0.59s
detect-illegalAnchored: succeeded in 0.78s
detect-highSpeedBoat: succeeded in 2.91s
detect-doubleDragging: succeeded in 7.44s
detect-deviation: succeeded in 1.69s
detect-collision: succeeded in 0.34s
detect-lowSpeedBoat: succeeded in 0.84s
detect-blackList: succeeded in 0.08s
detect-CrossingBoundary: succeeded in 0.17s
detect-illegalBerthing: succeeded in 0.31s
detect-illegalStaying: succeeded in 0.42s
detect-abnormalTransfer: succeeded in 0.42s
detect-illegalAnchored: succeeded in 0.53s
detect-deviation: succeeded in 1.00s
detect-collision: succeeded in 0.03s
detect-abnormalStaying: succeeded in 6.42s
detect-lowSpeedBoat: succeeded in 1.28s
detect-highSpeedBoat: succeeded in 4.92s
detect-CrossingBoundary: succeeded in 0.34s
detect-blackList: succeeded in 0.44s
detect-illegalBerthing: succeeded in 0.53s
detect-abnormalTransfer: succeeded in 0.59s
detect-illegalAnchored: succeeded in 0.59s
detect-illegalStaying: succeeded in 0.64s
detect-doubleDragging: succeeded in 6.33s
detect-deviation: succeeded in 1.20s
detect-abnormalWandering: succeeded in 8.09s
detect-collision: succeeded in 0.05s
detect-lowSpeedBoat: succeeded in 1.19s
detect-highSpeedBoat: succeeded in 3.64s
detect-blackList: succeeded in 0.33s
detect-illegalBerthing: succeeded in 0.47s
detect-illegalAnchored: succeeded in 0.61s
detect-abnormalTransfer: succeeded in 0.66s
detect-illegalStaying: succeeded in 0.66s
detect-CrossingBoundary: succeeded in 0.69s
detect-highSpeedBoat: succeeded in 1.00s
detect-deviation: succeeded in 1.25s
detect-doubleDragging: succeeded in 4.48s
detect-collision: succeeded in 0.05s
detect-abnormalStaying: succeeded in 6.58s
detect-lowSpeedBoat: succeeded in 1.06s
detect-blackList: succeeded in 0.05s
detect-illegalBerthing: succeeded in 0.11s
detect-abnormalTransfer: succeeded in 0.17s
detect-illegalStaying: succeeded in 0.20s
detect-CrossingBoundary: succeeded in 0.30s
detect-illegalAnchored: succeeded in 0.61s
detect-deviation: succeeded in 1.20s
detect-abnormalWandering: succeeded in 6.66s
detect-highSpeedBoat: succeeded in 1.59s
detect-collision: succeeded in 0.25s
detect-lowSpeedBoat: succeeded in 0.92s
detect-doubleDragging: succeeded in 5.67s
detect-blackList: succeeded in 0.05s
detect-illegalBerthing: succeeded in 0.09s
detect-abnormalTransfer: succeeded in 0.14s
detect-CrossingBoundary: succeeded in 0.20s
detect-illegalStaying: succeeded in 0.27s
detect-illegalAnchored: succeeded in 0.38s
detect-deviation: succeeded in 1.06s
detect-highSpeedBoat: succeeded in 1.47s
detect-collision: succeeded in 0.19s
detect-lowSpeedBoat: succeeded in 0.91s
detect-abnormalWandering: succeeded in 5.20s
detect-doubleDragging: succeeded in 3.59s
detect-abnormalStaying: succeeded in 8.61s
detect-blackList: succeeded in 0.06s
detect-illegalBerthing: succeeded in 0.12s
detect-abnormalTransfer: succeeded in 0.22s
detect-illegalStaying: succeeded in 0.49s
detect-illegalAnchored: succeeded in 0.52s
detect-CrossingBoundary: succeeded in 0.55s
detect-deviation: succeeded in 1.08s
detect-collision: succeeded in 0.09s
detect-highSpeedBoat: succeeded in 2.28s
detect-lowSpeedBoat: succeeded in 0.72s
detect-blackList: succeeded in 0.05s
detect-doubleDragging: succeeded in 4.34s
detect-abnormalTransfer: succeeded in 0.22s
detect-CrossingBoundary: succeeded in 0.30s
detect-illegalBerthing: succeeded in 0.31s
detect-illegalStaying: succeeded in 0.36s
detect-illegalAnchored: succeeded in 0.42s
detect-abnormalWandering: succeeded in 5.99s
detect-deviation: succeeded in 1.36s
detect-collision: succeeded in 0.06s
detect-highSpeedBoat: succeeded in 1.88s
detect-lowSpeedBoat: succeeded in 0.98s
detect-abnormalStaying: succeeded in 7.55s
detect-blackList: succeeded in 0.16s
detect-abnormalTransfer: succeeded in 0.16s
detect-illegalBerthing: succeeded in 0.16s
detect-CrossingBoundary: succeeded in 0.25s
detect-illegalStaying: succeeded in 0.30s
detect-illegalAnchored: succeeded in 0.36s
detect-deviation: succeeded in 1.05s
detect-highSpeedBoat: succeeded in 1.50s
detect-doubleDragging: succeeded in 3.51s
detect-collision: succeeded in 0.05s
detect-abnormalWandering: succeeded in 4.99s
detect-lowSpeedBoat: succeeded in 1.08s
detect-blackList: succeeded in 0.12s
detect-illegalBerthing: succeeded in 0.14s
detect-CrossingBoundary: succeeded in 0.36s
detect-abnormalTransfer: succeeded in 0.38s
detect-illegalAnchored: succeeded in 0.53s
detect-illegalStaying: succeeded in 0.56s
detect-abnormalStaying: succeeded in 5.16s
detect-doubleDragging: succeeded in 3.45s
detect-collision: succeeded in 0.05s
detect-deviation: succeeded in 2.02s
detect-lowSpeedBoat: succeeded in 0.72s
detect-highSpeedBoat: succeeded in 2.91s
detect-blackList: succeeded in 0.06s
detect-illegalStaying: succeeded in 0.14s
detect-illegalBerthing: succeeded in 0.19s
detect-abnormalTransfer: succeeded in 0.25s
detect-CrossingBoundary: succeeded in 0.28s
detect-illegalAnchored: succeeded in 0.38s
detect-deviation: succeeded in 0.97s
detect-collision: succeeded in 0.31s
detect-doubleDragging: succeeded in 3.92s
detect-lowSpeedBoat: succeeded in 1.00s
detect-abnormalWandering: succeeded in 7.28s
detect-highSpeedBoat: succeeded in 3.09s
detect-blackList: succeeded in 0.05s
detect-abnormalTransfer: succeeded in 0.19s
detect-illegalBerthing: succeeded in 0.22s
detect-CrossingBoundary: succeeded in 0.41s
detect-illegalAnchored: succeeded in 0.39s
detect-abnormalStaying: succeeded in 5.81s
detect-illegalStaying: succeeded in 0.50s
detect-deviation: succeeded in 0.89s
detect-doubleDragging: succeeded in 3.61s
detect-highSpeedBoat: succeeded in 2.39s
detect-collision: succeeded in 0.47s
detect-lowSpeedBoat: succeeded in 1.05s
detect-blackList: succeeded in 0.08s
detect-illegalBerthing: succeeded in 0.42s
detect-CrossingBoundary: succeeded in 0.80s
detect-illegalStaying: succeeded in 0.83s
detect-abnormalTransfer: succeeded in 0.91s
detect-illegalAnchored: succeeded in 0.92s
detect-collision: succeeded in 0.05s
detect-abnormalWandering: succeeded in 7.00s
detect-deviation: succeeded in 2.66s
detect-lowSpeedBoat: succeeded in 0.61s
detect-highSpeedBoat: succeeded in 3.84s
detect-blackList: succeeded in 0.06s
detect-abnormalTransfer: succeeded in 0.19s
detect-illegalStaying: succeeded in 0.45s
detect-illegalBerthing: succeeded in 0.50s
detect-CrossingBoundary: succeeded in 0.62s
detect-illegalAnchored: succeeded in 0.64s
detect-deviation: succeeded in 1.24s
detect-doubleDragging: succeeded in 5.55s
detect-collision: succeeded in 0.05s
detect-lowSpeedBoat: succeeded in 0.77s
detect-highSpeedBoat: succeeded in 2.78s
detect-blackList: succeeded in 0.17s
detect-CrossingBoundary: succeeded in 0.25s
detect-abnormalTransfer: succeeded in 0.27s
detect-illegalBerthing: succeeded in 0.25s
detect-illegalStaying: succeeded in 0.31s
detect-illegalAnchored: succeeded in 0.38s
detect-abnormalWandering: succeeded in 5.81s
detect-doubleDragging: succeeded in 2.92s
detect-deviation: succeeded in 1.12s
detect-abnormalStaying: succeeded in 10.38s
detect-highSpeedBoat: succeeded in 1.56s
detect-collision: succeeded in 0.05s
detect-lowSpeedBoat: succeeded in 0.69s
detect-blackList: succeeded in 0.14s
detect-illegalBerthing: succeeded in 0.17s
detect-illegalAnchored: succeeded in 0.45s
detect-abnormalTransfer: succeeded in 0.49s
detect-illegalStaying: succeeded in 0.50s
detect-CrossingBoundary: succeeded in 0.52s
detect-doubleDragging: succeeded in 2.89s
detect-deviation: succeeded in 1.48s
detect-collision: succeeded in 0.06s
detect-lowSpeedBoat: succeeded in 0.80s
detect-abnormalStaying: succeeded in 5.31s
detect-highSpeedBoat: succeeded in 3.19s
detect-blackList: succeeded in 0.05s
detect-illegalBerthing: succeeded in 0.11s
detect-illegalStaying: succeeded in 0.41s
detect-abnormalTransfer: succeeded in 0.51s
detect-illegalAnchored: succeeded in 0.52s
detect-abnormalWandering: succeeded in 6.31s
detect-CrossingBoundary: succeeded in 0.70s
detect-deviation: succeeded in 1.36s
detect-doubleDragging: succeeded in 3.44s
detect-collision: succeeded in 0.33s
detect-highSpeedBoat: succeeded in 1.06s
detect-lowSpeedBoat: succeeded in 1.06s
detect-blackList: succeeded in 0.05s
detect-illegalBerthing: succeeded in 0.12s
detect-abnormalTransfer: succeeded in 0.30s
detect-CrossingBoundary: succeeded in 0.33s
detect-illegalAnchored: succeeded in 0.44s
detect-illegalStaying: succeeded in 0.67s
detect-deviation: succeeded in 0.94s
detect-collision: succeeded in 0.26s
detect-lowSpeedBoat: succeeded in 0.75s
detect-doubleDragging: succeeded in 4.69s
detect-highSpeedBoat: succeeded in 1.28s
detect-blackList: succeeded in 0.06s
detect-illegalBerthing: succeeded in 0.11s
detect-abnormalTransfer: succeeded in 0.22s
detect-CrossingBoundary: succeeded in 0.28s
detect-illegalStaying: succeeded in 0.30s
detect-illegalAnchored: succeeded in 0.33s
detect-deviation: succeeded in 0.80s
detect-abnormalWandering: succeeded in 7.56s
detect-abnormalStaying: succeeded in 9.34s
detect-collision: succeeded in 0.06s
detect-lowSpeedBoat: succeeded in 0.98s
detect-doubleDragging: succeeded in 2.94s
detect-blackList: succeeded in 0.05s
detect-CrossingBoundary: succeeded in 0.17s
detect-abnormalTransfer: succeeded in 0.28s
detect-illegalStaying: succeeded in 0.33s
detect-highSpeedBoat: succeeded in 2.08s
detect-illegalAnchored: succeeded in 0.41s
detect-illegalBerthing: succeeded in 0.44s
detect-deviation: succeeded in 0.94s
detect-collision: succeeded in 0.06s
detect-abnormalWandering: succeeded in 4.86s
detect-lowSpeedBoat: succeeded in 0.75s
detect-doubleDragging: succeeded in 2.75s
detect-abnormalStaying: succeeded in 5.12s
detect-highSpeedBoat: succeeded in 1.86s
detect-blackList: succeeded in 0.19s
detect-CrossingBoundary: succeeded in 0.24s
detect-illegalBerthing: succeeded in 0.22s
detect-abnormalTransfer: succeeded in 0.25s
detect-illegalStaying: succeeded in 0.31s
detect-illegalAnchored: succeeded in 0.56s
detect-deviation: succeeded in 0.95s
detect-collision: succeeded in 0.08s
detect-lowSpeedBoat: succeeded in 0.75s
detect-doubleDragging: succeeded in 3.20s
detect-highSpeedBoat: succeeded in 2.06s
detect-illegalBerthing: succeeded in 0.16s
detect-abnormalTransfer: succeeded in 0.25s
detect-blackList: succeeded in 0.27s
detect-illegalStaying: succeeded in 0.31s
detect-CrossingBoundary: succeeded in 0.39s
detect-illegalAnchored: succeeded in 0.47s
detect-abnormalWandering: succeeded in 5.83s
detect-abnormalStaying: succeeded in 5.66s
detect-deviation: succeeded in 1.38s
detect-collision: succeeded in 0.06s
detect-lowSpeedBoat: succeeded in 0.77s
detect-doubleDragging: succeeded in 2.62s
detect-blackList: succeeded in 0.08s
detect-abnormalTransfer: succeeded in 0.14s
detect-illegalBerthing: succeeded in 0.31s
detect-CrossingBoundary: succeeded in 0.48s
detect-illegalStaying: succeeded in 0.53s
detect-illegalAnchored: succeeded in 0.58s
detect-highSpeedBoat: succeeded in 2.28s
detect-deviation: succeeded in 1.47s
detect-collision: succeeded in 0.17s
detect-lowSpeedBoat: succeeded in 0.70s
detect-abnormalWandering: succeeded in 5.74s
detect-highSpeedBoat: succeeded in 1.80s
detect-blackList: succeeded in 0.05s
detect-abnormalTransfer: succeeded in 0.31s
detect-illegalBerthing: succeeded in 0.33s
detect-CrossingBoundary: succeeded in 0.42s
detect-illegalAnchored: succeeded in 0.41s
detect-abnormalStaying: succeeded in 6.17s
detect-illegalStaying: succeeded in 0.64s
detect-doubleDragging: succeeded in 4.52s
detect-deviation: succeeded in 1.00s
detect-collision: succeeded in 0.28s
detect-lowSpeedBoat: succeeded in 0.80s
detect-doubleDragging: succeeded in 2.42s
detect-blackList: succeeded in 0.03s
detect-illegalBerthing: succeeded in 0.12s
detect-abnormalTransfer: succeeded in 0.19s
detect-CrossingBoundary: succeeded in 0.24s
detect-illegalAnchored: succeeded in 0.31s
detect-illegalStaying: succeeded in 0.31s
detect-highSpeedBoat: succeeded in 2.02s
detect-abnormalWandering: succeeded in 5.09s
detect-deviation: succeeded in 1.09s
detect-collision: succeeded in 0.05s
detect-lowSpeedBoat: succeeded in 0.64s
detect-doubleDragging: succeeded in 2.67s
detect-abnormalStaying: succeeded in 6.31s
detect-blackList: succeeded in 0.06s
detect-illegalStaying: succeeded in 0.16s
detect-highSpeedBoat: succeeded in 1.92s
detect-abnormalTransfer: succeeded in 0.19s
detect-illegalBerthing: succeeded in 0.24s
detect-CrossingBoundary: succeeded in 0.26s
detect-illegalAnchored: succeeded in 0.56s
detect-deviation: succeeded in 1.17s
detect-collision: succeeded in 0.16s
detect-lowSpeedBoat: succeeded in 1.44s
detect-blackList: succeeded in 0.22s
detect-abnormalWandering: succeeded in 6.36s
detect-abnormalTransfer: succeeded in 0.41s
detect-illegalBerthing: succeeded in 0.33s
detect-CrossingBoundary: succeeded in 0.55s
detect-illegalStaying: succeeded in 0.48s
detect-illegalAnchored: succeeded in 0.58s
detect-doubleDragging: succeeded in 5.58s
detect-highSpeedBoat: succeeded in 3.91s
detect-deviation: succeeded in 1.81s
detect-abnormalStaying: succeeded in 6.17s
detect-collision: succeeded in 0.06s
detect-lowSpeedBoat: succeeded in 1.53s
detect-blackList: succeeded in 0.19s
detect-doubleDragging: succeeded in 2.84s
detect-illegalBerthing: succeeded in 0.19s
detect-CrossingBoundary: succeeded in 0.31s
detect-abnormalTransfer: succeeded in 0.33s
detect-illegalStaying: succeeded in 0.33s
detect-illegalAnchored: succeeded in 0.52s
detect-deviation: succeeded in 1.14s
detect-highSpeedBoat: succeeded in 3.53s
detect-collision: succeeded in 0.03s
detect-abnormalWandering: succeeded in 6.03s
detect-lowSpeedBoat: succeeded in 0.64s
detect-highSpeedBoat: succeeded in 1.69s
detect-blackList: succeeded in 0.06s
detect-illegalBerthing: succeeded in 0.12s
detect-abnormalTransfer: succeeded in 0.16s
detect-CrossingBoundary: succeeded in 0.25s
detect-illegalStaying: succeeded in 0.25s
detect-illegalAnchored: succeeded in 0.45s
detect-abnormalStaying: succeeded in 6.08s
detect-deviation: succeeded in 1.11s
detect-collision: succeeded in 0.33s
detect-doubleDragging: succeeded in 5.91s
detect-lowSpeedBoat: succeeded in 0.95s
detect-blackList: succeeded in 0.11s
detect-illegalStaying: succeeded in 0.25s
detect-abnormalTransfer: succeeded in 0.31s
detect-abnormalWandering: succeeded in 5.58s
detect-illegalBerthing: succeeded in 0.26s
detect-highSpeedBoat: succeeded in 2.59s
detect-illegalAnchored: succeeded in 0.41s
detect-CrossingBoundary: succeeded in 0.44s
detect-deviation: succeeded in 0.99s
detect-abnormalStaying: succeeded in 5.20s
detect-collision: succeeded in 0.23s
detect-lowSpeedBoat: succeeded in 0.89s
detect-doubleDragging: succeeded in 5.00s
detect-blackList: succeeded in 0.06s
detect-illegalBerthing: succeeded in 0.17s
detect-abnormalTransfer: succeeded in 0.25s
detect-illegalStaying: succeeded in 0.30s
detect-CrossingBoundary: succeeded in 0.33s
detect-illegalAnchored: succeeded in 0.31s
detect-highSpeedBoat: succeeded in 2.50s
detect-deviation: succeeded in 1.45s
detect-collision: succeeded in 0.05s
detect-lowSpeedBoat: succeeded in 0.70s
detect-doubleDragging: succeeded in 3.83s
detect-blackList: succeeded in 0.05s
detect-abnormalTransfer: succeeded in 0.17s
detect-illegalBerthing: succeeded in 0.33s
detect-CrossingBoundary: succeeded in 0.38s
detect-illegalStaying: succeeded in 0.38s
detect-abnormalWandering: succeeded in 7.88s
detect-illegalAnchored: succeeded in 0.67s
detect-abnormalStaying: succeeded in 6.67s
detect-deviation: succeeded in 1.17s
detect-collision: succeeded in 0.03s
detect-highSpeedBoat: succeeded in 4.38s
detect-doubleDragging: succeeded in 3.08s
detect-lowSpeedBoat: succeeded in 1.20s
detect-blackList: succeeded in 0.09s
detect-abnormalTransfer: succeeded in 0.16s
detect-illegalBerthing: succeeded in 0.16s
detect-CrossingBoundary: succeeded in 0.17s
detect-illegalStaying: succeeded in 0.33s
detect-illegalAnchored: succeeded in 0.45s
detect-highSpeedBoat: succeeded in 1.91s
detect-deviation: succeeded in 0.89s
detect-collision: succeeded in 0.05s
detect-lowSpeedBoat: succeeded in 0.75s
detect-abnormalStaying: succeeded in 5.97s
detect-doubleDragging: succeeded in 3.22s
detect-blackList: succeeded in 0.23s
detect-illegalBerthing: succeeded in 0.22s
detect-abnormalTransfer: succeeded in 0.34s
detect-illegalAnchored: succeeded in 0.56s
detect-abnormalWandering: succeeded in 6.03s
detect-highSpeedBoat: succeeded in 2.31s
detect-CrossingBoundary: succeeded in 0.72s
detect-illegalStaying: succeeded in 0.55s
detect-deviation: succeeded in 1.42s
detect-collision: succeeded in 0.05s
detect-lowSpeedBoat: succeeded in 0.59s
detect-doubleDragging: succeeded in 2.92s
detect-highSpeedBoat: succeeded in 1.64s
detect-blackList: succeeded in 0.05s
detect-abnormalTransfer: succeeded in 0.12s
detect-illegalBerthing: succeeded in 0.12s
detect-illegalStaying: succeeded in 0.14s
detect-CrossingBoundary: succeeded in 0.23s
detect-illegalAnchored: succeeded in 0.36s
detect-deviation: succeeded in 1.11s
detect-abnormalStaying: succeeded in 5.84s
detect-collision: succeeded in 0.36s
detect-abnormalWandering: succeeded in 5.53s
detect-lowSpeedBoat: succeeded in 0.62s
detect-doubleDragging: succeeded in 3.45s
detect-blackList: succeeded in 0.11s
detect-illegalBerthing: succeeded in 0.34s
detect-abnormalTransfer: succeeded in 0.42s
detect-CrossingBoundary: succeeded in 0.42s
detect-illegalAnchored: succeeded in 0.55s
detect-illegalStaying: succeeded in 1.05s
detect-highSpeedBoat: succeeded in 3.36s
detect-deviation: succeeded in 1.45s
detect-collision: succeeded in 0.61s
detect-lowSpeedBoat: succeeded in 1.14s
detect-abnormalStaying: succeeded in 6.50s
detect-blackList: succeeded in 0.08s
detect-CrossingBoundary: succeeded in 0.22s
detect-illegalStaying: succeeded in 0.30s
detect-illegalBerthing: succeeded in 0.31s
detect-abnormalTransfer: succeeded in 0.38s
detect-illegalAnchored: succeeded in 0.36s
detect-doubleDragging: succeeded in 5.00s
detect-deviation: succeeded in 0.89s
detect-highSpeedBoat: succeeded in 2.91s
detect-collision: succeeded in 0.11s
detect-abnormalWandering: succeeded in 6.20s
detect-lowSpeedBoat: succeeded in 0.95s
detect-highSpeedBoat: succeeded in 1.23s
detect-blackList: succeeded in 0.05s
detect-illegalBerthing: succeeded in 0.23s
detect-illegalStaying: succeeded in 0.25s
detect-abnormalTransfer: succeeded in 0.27s
detect-CrossingBoundary: succeeded in 0.26s
detect-illegalAnchored: succeeded in 0.36s
detect-doubleDragging: succeeded in 2.28s
detect-deviation: succeeded in 0.91s
detect-collision: succeeded in 0.05s
detect-lowSpeedBoat: succeeded in 0.99s
detect-highSpeedBoat: succeeded in 1.30s
detect-CrossingBoundary: succeeded in 0.22s
detect-blackList: succeeded in 0.23s
detect-abnormalTransfer: succeeded in 0.27s
detect-illegalBerthing: succeeded in 0.28s
detect-illegalStaying: succeeded in 0.31s
detect-illegalAnchored: succeeded in 0.48s
detect-abnormalStaying: succeeded in 7.22s
detect-abnormalWandering: succeeded in 5.28s
detect-doubleDragging: succeeded in 2.41s
detect-deviation: succeeded in 1.08s
detect-collision: succeeded in 0.05s
detect-lowSpeedBoat: succeeded in 0.61s
detect-highSpeedBoat: succeeded in 1.66s
detect-illegalBerthing: succeeded in 0.24s
detect-illegalAnchored: succeeded in 0.41s
detect-blackList: succeeded in 0.50s
detect-abnormalTransfer: succeeded in 0.53s
detect-CrossingBoundary: succeeded in 0.55s
detect-doubleDragging: succeeded in 2.53s
detect-illegalStaying: succeeded in 1.11s
detect-collision: succeeded in 0.06s
detect-deviation: succeeded in 2.50s
detect-abnormalWandering: succeeded in 5.50s
detect-lowSpeedBoat: succeeded in 0.94s
detect-abnormalStaying: succeeded in 5.94s
detect-highSpeedBoat: succeeded in 1.61s
detect-blackList: succeeded in 0.08s
detect-illegalAnchored: succeeded in 0.42s
detect-illegalBerthing: succeeded in 0.44s
detect-abnormalTransfer: succeeded in 0.45s
detect-doubleDragging: succeeded in 2.41s
detect-illegalStaying: succeeded in 0.73s
detect-CrossingBoundary: succeeded in 0.88s
detect-deviation: succeeded in 1.23s
detect-collision: succeeded in 0.30s
detect-lowSpeedBoat: succeeded in 0.67s
detect-blackList: succeeded in 0.17s
detect-abnormalTransfer: succeeded in 0.19s
detect-illegalBerthing: succeeded in 0.11s
detect-CrossingBoundary: succeeded in 0.41s
detect-illegalAnchored: succeeded in 0.45s
detect-illegalStaying: succeeded in 0.47s
detect-highSpeedBoat: succeeded in 2.45s
detect-deviation: succeeded in 1.28s
detect-abnormalWandering: succeeded in 6.52s
detect-collision: succeeded in 0.30s
detect-abnormalStaying: succeeded in 6.36s
detect-lowSpeedBoat: succeeded in 0.86s
detect-doubleDragging: succeeded in 5.34s
detect-blackList: succeeded in 0.06s
detect-highSpeedBoat: succeeded in 1.80s
detect-abnormalTransfer: succeeded in 0.20s
detect-illegalStaying: succeeded in 0.20s
detect-CrossingBoundary: succeeded in 0.28s
detect-illegalBerthing: succeeded in 0.31s
detect-illegalAnchored: succeeded in 0.31s
detect-deviation: succeeded in 1.26s
detect-collision: succeeded in 0.03s
detect-lowSpeedBoat: succeeded in 0.88s
detect-highSpeedBoat: succeeded in 1.24s
detect-doubleDragging: succeeded in 3.22s
detect-blackList: succeeded in 0.03s
detect-abnormalTransfer: succeeded in 0.16s
detect-illegalBerthing: succeeded in 0.20s
detect-illegalStaying: succeeded in 0.23s
detect-CrossingBoundary: succeeded in 0.23s
detect-illegalAnchored: succeeded in 0.42s
detect-abnormalWandering: succeeded in 5.97s
detect-deviation: succeeded in 0.89s
detect-abnormalStaying: succeeded in 6.06s
detect-collision: succeeded in 0.05s
detect-lowSpeedBoat: succeeded in 0.74s
detect-doubleDragging: succeeded in 2.75s
detect-highSpeedBoat: succeeded in 1.81s
detect-illegalBerthing: succeeded in 0.16s
detect-blackList: succeeded in 0.20s
detect-CrossingBoundary: succeeded in 0.20s
detect-abnormalTransfer: succeeded in 0.30s
detect-illegalStaying: succeeded in 0.30s
detect-illegalAnchored: succeeded in 0.41s
detect-deviation: succeeded in 0.92s
detect-collision: succeeded in 0.11s
detect-abnormalWandering: succeeded in 5.22s
detect-lowSpeedBoat: succeeded in 0.75s
detect-abnormalStaying: succeeded in 5.16s
detect-highSpeedBoat: succeeded in 1.33s
detect-doubleDragging: succeeded in 3.33s
detect-illegalBerthing: succeeded in 0.14s
detect-blackList: succeeded in 0.30s
detect-illegalAnchored: succeeded in 0.39s
detect-illegalStaying: succeeded in 0.47s
detect-CrossingBoundary: succeeded in 0.52s
detect-abnormalTransfer: succeeded in 0.53s
detect-deviation: succeeded in 1.05s
detect-collision: succeeded in 0.05s
detect-lowSpeedBoat: succeeded in 0.97s
detect-doubleDragging: succeeded in 3.38s
detect-highSpeedBoat: succeeded in 1.58s
detect-blackList: succeeded in 0.03s
detect-abnormalTransfer: succeeded in 0.36s
detect-illegalBerthing: succeeded in 0.34s
detect-illegalStaying: succeeded in 0.36s
detect-CrossingBoundary: succeeded in 0.41s
detect-illegalAnchored: succeeded in 0.53s
detect-abnormalWandering: succeeded in 4.97s
detect-deviation: succeeded in 1.25s
detect-abnormalStaying: succeeded in 5.81s
detect-collision: succeeded in 0.30s
detect-lowSpeedBoat: succeeded in 0.75s
detect-highSpeedBoat: succeeded in 1.33s
detect-doubleDragging: succeeded in 3.17s
detect-blackList: succeeded in 0.05s
detect-abnormalTransfer: succeeded in 0.12s
detect-illegalBerthing: succeeded in 0.12s
detect-illegalStaying: succeeded in 0.20s
detect-CrossingBoundary: succeeded in 0.23s
detect-illegalAnchored: succeeded in 0.34s
detect-deviation: succeeded in 0.94s
detect-collision: succeeded in 0.45s
detect-doubleDragging: succeeded in 2.38s
detect-lowSpeedBoat: succeeded in 1.03s
detect-blackList: succeeded in 0.06s
detect-highSpeedBoat: succeeded in 1.98s
detect-abnormalStaying: succeeded in 5.55s
detect-CrossingBoundary: succeeded in 0.45s
detect-illegalBerthing: succeeded in 0.44s
detect-abnormalTransfer: succeeded in 0.51s
detect-illegalAnchored: succeeded in 0.47s
detect-illegalStaying: succeeded in 0.56s
detect-abnormalWandering: succeeded in 6.66s
detect-deviation: succeeded in 1.81s
detect-collision: succeeded in 0.03s
detect-lowSpeedBoat: succeeded in 0.81s
detect-doubleDragging: succeeded in 3.08s
detect-highSpeedBoat: succeeded in 1.20s
detect-blackList: succeeded in 0.08s
detect-abnormalTransfer: succeeded in 0.11s
detect-CrossingBoundary: succeeded in 0.17s
detect-illegalStaying: succeeded in 0.19s
detect-illegalBerthing: succeeded in 0.20s
detect-illegalAnchored: succeeded in 0.36s
detect-deviation: succeeded in 1.05s
detect-collision: succeeded in 0.05s
detect-abnormalStaying: succeeded in 5.36s
detect-lowSpeedBoat: succeeded in 0.66s
detect-doubleDragging: succeeded in 3.12s
detect-CrossingBoundary: succeeded in 0.17s
detect-abnormalTransfer: succeeded in 0.22s
detect-illegalBerthing: succeeded in 0.24s
detect-abnormalWandering: succeeded in 5.64s
detect-illegalStaying: succeeded in 0.30s
detect-blackList: succeeded in 0.33s
detect-illegalAnchored: succeeded in 0.53s
detect-deviation: succeeded in 1.34s
detect-collision: succeeded in 0.08s
detect-highSpeedBoat: succeeded in 4.06s
detect-lowSpeedBoat: succeeded in 1.19s
detect-highSpeedBoat: succeeded in 1.64s
detect-illegalBerthing: succeeded in 0.22s
detect-abnormalStaying: succeeded in 5.64s
detect-blackList: succeeded in 0.26s
detect-CrossingBoundary: succeeded in 0.28s
detect-abnormalTransfer: succeeded in 0.34s
detect-illegalStaying: succeeded in 0.33s
detect-illegalAnchored: succeeded in 0.38s
detect-deviation: succeeded in 0.92s
detect-doubleDragging: succeeded in 4.75s
detect-collision: succeeded in 0.08s
detect-lowSpeedBoat: succeeded in 0.81s
detect-highSpeedBoat: succeeded in 1.47s
detect-blackList: succeeded in 0.05s
detect-abnormalTransfer: succeeded in 0.19s
detect-illegalBerthing: succeeded in 0.25s
detect-illegalStaying: succeeded in 0.28s
detect-doubleDragging: succeeded in 2.59s
detect-illegalAnchored: succeeded in 0.42s
detect-CrossingBoundary: succeeded in 0.47s
detect-abnormalWandering: succeeded in 7.12s
detect-deviation: succeeded in 1.47s
detect-collision: succeeded in 0.20s
detect-abnormalStaying: succeeded in 5.12s
detect-lowSpeedBoat: succeeded in 0.98s
detect-highSpeedBoat: succeeded in 1.41s
detect-doubleDragging: succeeded in 3.09s
detect-blackList: succeeded in 0.08s
detect-abnormalTransfer: succeeded in 0.14s
detect-illegalBerthing: succeeded in 0.16s
detect-CrossingBoundary: succeeded in 0.34s
detect-illegalAnchored: succeeded in 0.39s
detect-illegalStaying: succeeded in 0.41s
detect-deviation: succeeded in 1.09s
detect-collision: succeeded in 0.31s
detect-abnormalWandering: succeeded in 4.92s
detect-doubleDragging: succeeded in 2.19s
detect-lowSpeedBoat: succeeded in 0.69s
detect-highSpeedBoat: succeeded in 0.94s
detect-blackList: succeeded in 0.05s
detect-abnormalTransfer: succeeded in 0.09s
detect-illegalBerthing: succeeded in 0.09s
detect-illegalStaying: succeeded in 0.16s
detect-CrossingBoundary: succeeded in 0.23s
detect-illegalAnchored: succeeded in 0.36s
detect-deviation: succeeded in 0.88s
detect-collision: succeeded in 0.03s
detect-abnormalStaying: succeeded in 6.30s
detect-lowSpeedBoat: succeeded in 0.56s
detect-doubleDragging: succeeded in 2.80s
detect-highSpeedBoat: succeeded in 1.31s
detect-blackList: succeeded in 0.05s
detect-abnormalTransfer: succeeded in 0.16s
detect-illegalStaying: succeeded in 0.22s
detect-illegalBerthing: succeeded in 0.23s
detect-CrossingBoundary: succeeded in 0.27s
detect-illegalAnchored: succeeded in 0.45s
detect-deviation: succeeded in 1.03s
detect-collision: succeeded in 0.06s
detect-abnormalWandering: succeeded in 6.47s
detect-doubleDragging: succeeded in 2.24s
detect-lowSpeedBoat: succeeded in 0.66s
detect-highSpeedBoat: succeeded in 1.16s
detect-abnormalTransfer: succeeded in 0.26s
detect-blackList: succeeded in 0.38s
detect-illegalBerthing: succeeded in 0.34s
detect-CrossingBoundary: succeeded in 0.38s
detect-illegalAnchored: succeeded in 0.45s
detect-illegalStaying: succeeded in 0.45s
detect-deviation: succeeded in 1.00s
detect-collision: succeeded in 0.05s
detect-abnormalStaying: succeeded in 7.06s
detect-lowSpeedBoat: succeeded in 0.72s
detect-doubleDragging: succeeded in 2.49s
detect-blackList: succeeded in 0.33s
detect-illegalBerthing: succeeded in 0.30s
detect-abnormalTransfer: succeeded in 0.55s
detect-illegalAnchored: succeeded in 0.55s
detect-CrossingBoundary: succeeded in 0.64s
detect-highSpeedBoat: succeeded in 2.41s
detect-abnormalWandering: succeeded in 5.44s
detect-illegalStaying: succeeded in 0.70s
detect-deviation: succeeded in 1.16s
detect-collision: succeeded in 0.03s
detect-lowSpeedBoat: succeeded in 0.67s
detect-doubleDragging: succeeded in 2.94s
detect-highSpeedBoat: succeeded in 1.31s
detect-blackList: succeeded in 0.08s
detect-illegalBerthing: succeeded in 0.09s
detect-abnormalTransfer: succeeded in 0.22s
detect-illegalStaying: succeeded in 0.20s
detect-CrossingBoundary: succeeded in 0.49s
detect-illegalAnchored: succeeded in 0.47s
detect-abnormalStaying: succeeded in 5.91s
detect-deviation: succeeded in 1.19s
detect-abnormalWandering: succeeded in 5.08s
detect-collision: succeeded in 0.27s
detect-lowSpeedBoat: succeeded in 0.72s
detect-highSpeedBoat: succeeded in 1.11s
detect-doubleDragging: succeeded in 3.14s
detect-blackList: succeeded in 0.05s
detect-illegalBerthing: succeeded in 0.08s
detect-abnormalTransfer: succeeded in 0.19s
detect-CrossingBoundary: succeeded in 0.23s
detect-illegalStaying: succeeded in 0.25s
detect-illegalAnchored: succeeded in 0.38s
detect-deviation: succeeded in 1.30s
detect-collision: succeeded in 0.22s
detect-lowSpeedBoat: succeeded in 0.75s
detect-highSpeedBoat: succeeded in 1.09s
detect-doubleDragging: succeeded in 3.58s
detect-blackList: succeeded in 0.16s
detect-illegalBerthing: succeeded in 0.14s
detect-abnormalTransfer: succeeded in 0.22s
detect-CrossingBoundary: succeeded in 0.30s
detect-illegalAnchored: succeeded in 0.42s
detect-abnormalWandering: succeeded in 5.77s
detect-illegalStaying: succeeded in 0.55s
detect-deviation: succeeded in 1.03s
detect-collision: succeeded in 0.03s
detect-lowSpeedBoat: succeeded in 0.94s
detect-abnormalStaying: succeeded in 8.83s
detect-blackList: succeeded in 0.05s
detect-illegalStaying: succeeded in 0.14s
detect-illegalBerthing: succeeded in 0.23s
detect-abnormalTransfer: succeeded in 0.27s
detect-CrossingBoundary: succeeded in 0.25s
detect-highSpeedBoat: succeeded in 2.38s
detect-illegalAnchored: succeeded in 0.70s
detect-doubleDragging: succeeded in 4.41s
detect-deviation: succeeded in 1.38s
detect-collision: succeeded in 0.06s
detect-lowSpeedBoat: succeeded in 0.98s
detect-doubleDragging: succeeded in 2.56s
detect-blackList: succeeded in 0.22s
detect-illegalBerthing: succeeded in 0.22s
detect-CrossingBoundary: succeeded in 0.25s
detect-abnormalTransfer: succeeded in 0.28s
detect-illegalStaying: succeeded in 0.24s
detect-illegalAnchored: succeeded in 0.38s
detect-highSpeedBoat: succeeded in 2.14s
detect-abnormalWandering: succeeded in 5.78s
detect-deviation: succeeded in 1.00s
detect-abnormalStaying: succeeded in 5.41s
detect-collision: succeeded in 0.06s
detect-doubleDragging: succeeded in 2.47s
detect-lowSpeedBoat: succeeded in 0.81s
detect-highSpeedBoat: succeeded in 1.47s
detect-illegalBerthing: succeeded in 0.12s
detect-blackList: succeeded in 0.23s
detect-illegalStaying: succeeded in 0.24s
detect-abnormalTransfer: succeeded in 0.28s
detect-CrossingBoundary: succeeded in 0.28s
detect-illegalAnchored: succeeded in 0.52s
detect-deviation: succeeded in 1.14s
detect-abnormalWandering: succeeded in 5.00s
detect-collision: succeeded in 0.05s
detect-lowSpeedBoat: succeeded in 0.64s
detect-highSpeedBoat: succeeded in 1.08s
detect-doubleDragging: succeeded in 2.83s
detect-abnormalStaying: succeeded in 5.38s
detect-blackList: succeeded in 0.06s
detect-illegalBerthing: succeeded in 0.16s
detect-abnormalTransfer: succeeded in 0.20s
detect-illegalStaying: succeeded in 0.22s
detect-CrossingBoundary: succeeded in 0.25s
detect-illegalAnchored: succeeded in 0.52s
detect-deviation: succeeded in 0.94s
detect-collision: succeeded in 0.23s
detect-doubleDragging: succeeded in 2.86s
detect-abnormalWandering: succeeded in 5.44s
detect-blackList: succeeded in 0.06s
detect-lowSpeedBoat: succeeded in 1.95s
detect-illegalBerthing: succeeded in 0.22s
detect-CrossingBoundary: succeeded in 0.22s
detect-abnormalTransfer: succeeded in 0.31s
detect-illegalAnchored: succeeded in 0.38s
detect-illegalStaying: succeeded in 0.42s
detect-highSpeedBoat: succeeded in 2.61s
detect-deviation: succeeded in 1.06s
detect-abnormalStaying: succeeded in 5.34s
detect-collision: succeeded in 0.16s
detect-lowSpeedBoat: succeeded in 0.89s
detect-blackList: succeeded in 0.05s
detect-highSpeedBoat: succeeded in 1.75s
detect-illegalBerthing: succeeded in 0.09s
detect-doubleDragging: succeeded in 3.69s
detect-abnormalTransfer: succeeded in 0.25s
detect-illegalStaying: succeeded in 0.31s
detect-CrossingBoundary: succeeded in 0.36s
detect-illegalAnchored: succeeded in 0.34s
detect-deviation: succeeded in 1.12s
detect-collision: succeeded in 0.05s
detect-lowSpeedBoat: succeeded in 0.78s
detect-abnormalWandering: succeeded in 6.14s
detect-doubleDragging: succeeded in 2.77s
detect-blackList: succeeded in 0.06s
detect-highSpeedBoat: succeeded in 1.84s
detect-abnormalTransfer: succeeded in 0.28s
detect-illegalStaying: succeeded in 0.28s
detect-illegalBerthing: succeeded in 0.48s
detect-abnormalStaying: succeeded in 5.84s
detect-CrossingBoundary: succeeded in 0.75s
detect-illegalAnchored: succeeded in 0.80s
detect-deviation: succeeded in 1.36s
detect-collision: succeeded in 0.05s
detect-lowSpeedBoat: succeeded in 0.75s
detect-doubleDragging: succeeded in 3.66s
detect-blackList: succeeded in 0.17s
detect-CrossingBoundary: succeeded in 0.17s
detect-highSpeedBoat: succeeded in 1.94s
detect-abnormalTransfer: succeeded in 0.22s
detect-illegalBerthing: succeeded in 0.22s
detect-illegalStaying: succeeded in 0.22s
detect-illegalAnchored: succeeded in 0.36s
detect-abnormalWandering: succeeded in 5.39s
detect-deviation: succeeded in 0.97s
detect-collision: succeeded in 0.06s
detect-lowSpeedBoat: succeeded in 0.80s
detect-abnormalStaying: succeeded in 5.39s
detect-highSpeedBoat: succeeded in 1.12s
detect-doubleDragging: succeeded in 2.81s
detect-blackList: succeeded in 0.30s
detect-illegalBerthing: succeeded in 0.42s
detect-illegalAnchored: succeeded in 0.44s
detect-abnormalTransfer: succeeded in 0.59s
detect-CrossingBoundary: succeeded in 0.66s
detect-illegalStaying: succeeded in 0.66s
detect-deviation: succeeded in 1.23s
detect-collision: succeeded in 0.06s
detect-abnormalWandering: succeeded in 4.70s
detect-lowSpeedBoat: succeeded in 0.72s
detect-doubleDragging: succeeded in 2.56s
detect-highSpeedBoat: succeeded in 0.94s
detect-blackList: succeeded in 0.05s
detect-illegalBerthing: succeeded in 0.12s
detect-abnormalTransfer: succeeded in 0.28s
detect-illegalStaying: succeeded in 0.27s
detect-CrossingBoundary: succeeded in 0.31s
detect-illegalAnchored: succeeded in 0.36s
detect-deviation: succeeded in 1.27s
detect-collision: succeeded in 0.19s
detect-abnormalStaying: succeeded in 6.56s
detect-lowSpeedBoat: succeeded in 0.88s
detect-doubleDragging: succeeded in 3.38s
detect-blackList: succeeded in 0.06s
detect-illegalBerthing: succeeded in 0.08s
detect-CrossingBoundary: succeeded in 0.22s
detect-abnormalTransfer: succeeded in 0.28s
detect-highSpeedBoat: succeeded in 2.30s
detect-illegalStaying: succeeded in 0.38s
detect-illegalAnchored: succeeded in 0.42s
detect-abnormalWandering: succeeded in 5.55s
detect-deviation: succeeded in 1.26s
detect-collision: succeeded in 0.31s
detect-lowSpeedBoat: succeeded in 1.41s
detect-blackList: succeeded in 0.05s
detect-illegalBerthing: succeeded in 0.09s
detect-abnormalTransfer: succeeded in 0.17s
detect-illegalAnchored: succeeded in 0.38s
detect-illegalStaying: succeeded in 0.47s
detect-CrossingBoundary: succeeded in 0.61s
detect-deviation: succeeded in 1.19s
detect-highSpeedBoat: succeeded in 2.89s
detect-doubleDragging: succeeded in 4.75s
detect-collision: succeeded in 0.05s
detect-abnormalWandering: succeeded in 5.12s
detect-lowSpeedBoat: succeeded in 0.64s
detect-abnormalStaying: succeeded in 7.75s
detect-highSpeedBoat: succeeded in 1.38s
detect-blackList: succeeded in 0.05s
detect-abnormalTransfer: succeeded in 0.14s
detect-illegalStaying: succeeded in 0.16s
detect-CrossingBoundary: succeeded in 0.17s
detect-illegalBerthing: succeeded in 0.17s
detect-illegalAnchored: succeeded in 0.42s
detect-doubleDragging: succeeded in 2.89s
detect-deviation: succeeded in 0.91s
detect-collision: succeeded in 0.06s
detect-lowSpeedBoat: succeeded in 0.81s
detect-highSpeedBoat: succeeded in 1.12s
detect-blackList: succeeded in 0.11s
detect-CrossingBoundary: succeeded in 0.17s
detect-illegalBerthing: succeeded in 0.16s
detect-abnormalTransfer: succeeded in 0.23s
detect-illegalStaying: succeeded in 0.30s
detect-illegalAnchored: succeeded in 0.41s
detect-abnormalWandering: succeeded in 5.24s
detect-deviation: succeeded in 1.06s
detect-collision: succeeded in 0.06s
detect-doubleDragging: succeeded in 4.09s
detect-abnormalStaying: succeeded in 6.36s
detect-lowSpeedBoat: succeeded in 0.80s
detect-highSpeedBoat: succeeded in 1.38s
detect-illegalBerthing: succeeded in 0.19s
detect-blackList: succeeded in 0.23s
detect-illegalStaying: succeeded in 0.25s
detect-abnormalTransfer: succeeded in 0.30s
detect-CrossingBoundary: succeeded in 0.30s
detect-illegalAnchored: succeeded in 0.44s
detect-deviation: succeeded in 1.09s
detect-collision: succeeded in 0.03s
detect-abnormalWandering: succeeded in 4.89s
detect-lowSpeedBoat: succeeded in 0.86s
detect-doubleDragging: succeeded in 3.08s
detect-highSpeedBoat: succeeded in 1.62s
detect-blackList: succeeded in 0.05s
detect-illegalBerthing: succeeded in 0.12s
detect-abnormalTransfer: succeeded in 0.17s
detect-CrossingBoundary: succeeded in 0.38s
detect-illegalStaying: succeeded in 0.38s
detect-illegalAnchored: succeeded in 0.38s
detect-deviation: succeeded in 1.05s
detect-abnormalStaying: succeeded in 5.97s
detect-collision: succeeded in 0.19s
detect-lowSpeedBoat: succeeded in 0.72s
detect-doubleDragging: succeeded in 2.51s
detect-highSpeedBoat: succeeded in 1.08s
detect-blackList: succeeded in 0.06s
detect-abnormalWandering: succeeded in 5.36s
detect-CrossingBoundary: succeeded in 0.33s
detect-illegalStaying: succeeded in 0.36s
detect-illegalBerthing: succeeded in 0.44s
detect-abnormalTransfer: succeeded in 0.48s
detect-illegalAnchored: succeeded in 0.64s
detect-deviation: succeeded in 1.20s
detect-collision: succeeded in 0.20s
detect-lowSpeedBoat: succeeded in 0.59s
detect-doubleDragging: succeeded in 2.78s
detect-highSpeedBoat: succeeded in 1.47s
detect-blackList: succeeded in 0.08s
detect-illegalBerthing: succeeded in 0.08s
detect-abnormalTransfer: succeeded in 0.20s
detect-CrossingBoundary: succeeded in 0.22s
detect-illegalStaying: succeeded in 0.28s
detect-illegalAnchored: succeeded in 0.28s
detect-deviation: succeeded in 0.97s
detect-collision: succeeded in 0.09s
detect-abnormalWandering: succeeded in 5.27s
detect-lowSpeedBoat: succeeded in 0.61s
detect-doubleDragging: succeeded in 2.34s
detect-abnormalStaying: succeeded in 8.20s
detect-highSpeedBoat: succeeded in 1.42s
detect-blackList: succeeded in 0.06s
detect-abnormalTransfer: succeeded in 0.28s
detect-CrossingBoundary: succeeded in 0.34s
detect-illegalStaying: succeeded in 0.39s
detect-illegalBerthing: succeeded in 0.42s
detect-illegalAnchored: succeeded in 0.50s
detect-deviation: succeeded in 1.34s
detect-collision: succeeded in 0.05s
detect-lowSpeedBoat: succeeded in 0.84s
detect-abnormalWandering: succeeded in 5.23s
detect-doubleDragging: succeeded in 3.59s
detect-blackList: succeeded in 0.23s
detect-highSpeedBoat: succeeded in 2.03s
detect-CrossingBoundary: succeeded in 0.24s
detect-illegalStaying: succeeded in 0.36s
detect-abnormalTransfer: succeeded in 0.38s
detect-illegalBerthing: succeeded in 0.38s
detect-illegalAnchored: succeeded in 0.56s
detect-abnormalStaying: succeeded in 5.61s
detect-deviation: succeeded in 0.91s
detect-collision: succeeded in 0.05s
detect-lowSpeedBoat: succeeded in 0.81s
detect-blackList: succeeded in 0.16s
detect-illegalBerthing: succeeded in 0.17s
detect-illegalAnchored: succeeded in 0.33s
detect-CrossingBoundary: succeeded in 0.41s
detect-doubleDragging: succeeded in 3.83s
detect-illegalStaying: succeeded in 0.41s
detect-highSpeedBoat: succeeded in 2.14s
detect-abnormalTransfer: succeeded in 0.49s
detect-deviation: succeeded in 0.81s
detect-abnormalWandering: succeeded in 5.19s
detect-collision: succeeded in 0.05s
detect-abnormalStaying: succeeded in 5.38s
detect-doubleDragging: succeeded in 2.45s
detect-lowSpeedBoat: succeeded in 1.19s
detect-blackList: succeeded in 0.05s
detect-illegalStaying: succeeded in 0.14s
detect-illegalBerthing: succeeded in 0.19s
detect-abnormalTransfer: succeeded in 0.22s
detect-CrossingBoundary: succeeded in 0.34s
detect-illegalAnchored: succeeded in 0.44s
detect-deviation: succeeded in 0.94s
detect-highSpeedBoat: succeeded in 3.01s
detect-collision: succeeded in 0.22s
detect-doubleDragging: succeeded in 2.69s
detect-lowSpeedBoat: succeeded in 1.08s
detect-abnormalWandering: succeeded in 5.64s
detect-blackList: succeeded in 0.16s
detect-abnormalTransfer: succeeded in 0.20s
detect-illegalBerthing: succeeded in 0.11s
detect-illegalStaying: succeeded in 0.23s
detect-CrossingBoundary: succeeded in 0.20s
detect-illegalAnchored: succeeded in 0.41s
detect-abnormalStaying: succeeded in 5.58s
detect-deviation: succeeded in 1.11s
detect-highSpeedBoat: succeeded in 1.56s
detect-collision: succeeded in 0.36s
detect-lowSpeedBoat: succeeded in 0.69s
detect-doubleDragging: succeeded in 3.44s
detect-blackList: succeeded in 0.05s
detect-illegalBerthing: succeeded in 0.11s
detect-abnormalTransfer: succeeded in 0.16s
detect-illegalStaying: succeeded in 0.14s
detect-CrossingBoundary: succeeded in 0.33s
detect-illegalAnchored: succeeded in 0.38s
detect-deviation: succeeded in 0.80s
detect-highSpeedBoat: succeeded in 1.09s
detect-abnormalWandering: succeeded in 4.97s
detect-collision: succeeded in 0.05s
detect-lowSpeedBoat: succeeded in 0.70s
detect-doubleDragging: succeeded in 2.58s
detect-blackList: succeeded in 0.06s
detect-illegalStaying: succeeded in 0.17s
detect-CrossingBoundary: succeeded in 0.27s
detect-illegalBerthing: succeeded in 0.39s
detect-illegalAnchored: succeeded in 0.44s
detect-abnormalTransfer: succeeded in 0.42s
detect-deviation: succeeded in 1.06s
detect-highSpeedBoat: succeeded in 1.56s
detect-collision: succeeded in 0.05s
detect-abnormalStaying: succeeded in 7.16s
detect-doubleDragging: succeeded in 2.11s
detect-lowSpeedBoat: succeeded in 0.59s
detect-abnormalWandering: succeeded in 4.86s
detect-blackList: succeeded in 0.16s
detect-abnormalTransfer: succeeded in 0.20s
detect-illegalBerthing: succeeded in 0.19s
detect-illegalStaying: succeeded in 0.24s
detect-CrossingBoundary: succeeded in 0.28s
detect-illegalAnchored: succeeded in 0.53s
detect-deviation: succeeded in 0.80s
detect-highSpeedBoat: succeeded in 1.70s
detect-collision: succeeded in 0.06s
detect-lowSpeedBoat: succeeded in 0.77s
detect-doubleDragging: succeeded in 3.45s
detect-illegalBerthing: succeeded in 0.12s
detect-blackList: succeeded in 0.20s
detect-illegalStaying: succeeded in 0.30s
detect-abnormalTransfer: succeeded in 0.36s
detect-CrossingBoundary: succeeded in 0.36s
detect-illegalAnchored: succeeded in 0.42s
detect-deviation: succeeded in 0.88s
detect-abnormalStaying: succeeded in 4.95s
detect-collision: succeeded in 0.11s
detect-abnormalWandering: succeeded in 5.91s
detect-highSpeedBoat: succeeded in 2.06s
detect-lowSpeedBoat: succeeded in 0.69s
detect-doubleDragging: succeeded in 2.94s
detect-blackList: succeeded in 0.06s
detect-abnormalTransfer: succeeded in 0.14s
detect-illegalStaying: succeeded in 0.16s
detect-illegalBerthing: succeeded in 0.20s
detect-CrossingBoundary: succeeded in 0.27s
detect-illegalAnchored: succeeded in 0.41s
detect-deviation: succeeded in 0.83s
detect-highSpeedBoat: succeeded in 1.02s
detect-collision: succeeded in 0.30s
detect-doubleDragging: succeeded in 2.53s
detect-lowSpeedBoat: succeeded in 1.14s
detect-blackList: succeeded in 0.05s
detect-abnormalTransfer: succeeded in 0.11s
detect-illegalBerthing: succeeded in 0.11s
detect-abnormalStaying: succeeded in 5.72s
detect-illegalAnchored: succeeded in 0.38s
detect-CrossingBoundary: succeeded in 0.39s
detect-illegalStaying: succeeded in 0.42s
detect-deviation: succeeded in 0.88s
detect-highSpeedBoat: succeeded in 1.03s
detect-abnormalWandering: succeeded in 6.36s
detect-collision: succeeded in 0.19s
detect-doubleDragging: succeeded in 2.06s
detect-lowSpeedBoat: succeeded in 0.64s
detect-blackList: succeeded in 0.06s
detect-illegalBerthing: succeeded in 0.08s
detect-abnormalTransfer: succeeded in 0.11s
detect-illegalStaying: succeeded in 0.16s
detect-CrossingBoundary: succeeded in 0.28s
detect-illegalAnchored: succeeded in 0.33s
detect-deviation: succeeded in 0.78s
detect-abnormalStaying: succeeded in 4.77s
detect-collision: succeeded in 0.05s
detect-lowSpeedBoat: succeeded in 0.61s
detect-highSpeedBoat: succeeded in 3.19s
detect-doubleDragging: succeeded in 3.45s
detect-abnormalWandering: succeeded in 5.20s
detect-blackList: succeeded in 0.05s
detect-illegalStaying: succeeded in 0.16s
detect-abnormalTransfer: succeeded in 0.20s
detect-illegalBerthing: succeeded in 0.20s
detect-CrossingBoundary: succeeded in 0.24s
detect-illegalAnchored: succeeded in 0.34s
detect-deviation: succeeded in 0.67s
detect-collision: succeeded in 0.05s
detect-lowSpeedBoat: succeeded in 0.78s
detect-highSpeedBoat: succeeded in 1.31s
detect-doubleDragging: succeeded in 3.31s
detect-abnormalStaying: succeeded in 5.51s
detect-CrossingBoundary: succeeded in 0.17s
detect-blackList: succeeded in 0.27s
detect-abnormalTransfer: succeeded in 0.28s
detect-illegalBerthing: succeeded in 0.31s
detect-illegalAnchored: succeeded in 0.34s
detect-illegalStaying: succeeded in 0.67s
detect-deviation: succeeded in 1.08s
detect-collision: succeeded in 0.06s
detect-lowSpeedBoat: succeeded in 0.77s
detect-abnormalWandering: succeeded in 6.44s
detect-highSpeedBoat: succeeded in 1.20s
detect-doubleDragging: succeeded in 3.11s
detect-illegalBerthing: succeeded in 0.16s
detect-blackList: succeeded in 0.25s
detect-abnormalTransfer: succeeded in 0.45s
detect-illegalAnchored: succeeded in 0.45s
detect-CrossingBoundary: succeeded in 0.49s
detect-illegalStaying: succeeded in 0.55s
detect-deviation: succeeded in 1.08s
detect-abnormalStaying: succeeded in 4.89s
detect-collision: succeeded in 0.05s
detect-lowSpeedBoat: succeeded in 1.17s
detect-doubleDragging: succeeded in 3.20s
detect-highSpeedBoat: succeeded in 1.64s
detect-blackList: succeeded in 0.03s
detect-abnormalTransfer: succeeded in 0.14s
detect-illegalStaying: succeeded in 0.17s
detect-illegalBerthing: succeeded in 0.17s
detect-CrossingBoundary: succeeded in 0.20s
detect-illegalAnchored: succeeded in 0.38s
detect-deviation: succeeded in 1.06s
detect-abnormalWandering: succeeded in 5.80s
detect-collision: succeeded in 0.19s
detect-lowSpeedBoat: succeeded in 0.67s
detect-highSpeedBoat: succeeded in 1.31s
detect-doubleDragging: succeeded in 3.69s
detect-blackList: succeeded in 0.05s
detect-illegalBerthing: succeeded in 0.23s
detect-illegalStaying: succeeded in 0.25s
detect-CrossingBoundary: succeeded in 0.26s
detect-illegalAnchored: succeeded in 0.36s
detect-abnormalTransfer: succeeded in 0.39s
detect-deviation: succeeded in 0.92s
detect-collision: succeeded in 0.20s
detect-abnormalStaying: succeeded in 7.76s
detect-doubleDragging: succeeded in 2.47s
detect-lowSpeedBoat: succeeded in 0.84s
detect-highSpeedBoat: succeeded in 1.94s
detect-abnormalTransfer: succeeded in 0.22s
detect-blackList: succeeded in 0.23s
detect-illegalStaying: succeeded in 0.20s
detect-CrossingBoundary: succeeded in 0.28s
detect-illegalBerthing: succeeded in 0.17s
detect-illegalAnchored: succeeded in 0.38s
detect-abnormalWandering: succeeded in 6.69s
detect-deviation: succeeded in 1.01s
detect-collision: succeeded in 0.05s
detect-lowSpeedBoat: succeeded in 0.56s
detect-doubleDragging: succeeded in 2.86s
detect-highSpeedBoat: succeeded in 1.34s
detect-blackList: succeeded in 0.05s
detect-abnormalTransfer: succeeded in 0.14s
detect-illegalBerthing: succeeded in 0.22s
detect-illegalStaying: succeeded in 0.25s
detect-CrossingBoundary: succeeded in 0.30s
detect-illegalAnchored: succeeded in 0.38s
detect-deviation: succeeded in 0.84s
detect-abnormalStaying: succeeded in 5.01s
detect-collision: succeeded in 0.05s
detect-lowSpeedBoat: succeeded in 0.78s
detect-doubleDragging: succeeded in 2.62s
detect-highSpeedBoat: succeeded in 1.19s
detect-abnormalWandering: succeeded in 5.83s
detect-blackList: succeeded in 0.30s
detect-CrossingBoundary: succeeded in 0.38s
detect-abnormalTransfer: succeeded in 0.55s
detect-illegalAnchored: succeeded in 0.58s
detect-illegalBerthing: succeeded in 0.61s
detect-illegalStaying: succeeded in 0.66s
detect-deviation: succeeded in 1.25s
detect-collision: succeeded in 0.08s
detect-lowSpeedBoat: succeeded in 0.67s
detect-doubleDragging: succeeded in 2.78s
detect-highSpeedBoat: succeeded in 1.38s
detect-abnormalStaying: succeeded in 5.58s
detect-illegalBerthing: succeeded in 0.11s
detect-blackList: succeeded in 0.16s
detect-abnormalTransfer: succeeded in 0.16s
detect-CrossingBoundary: succeeded in 0.25s
detect-illegalStaying: succeeded in 0.27s
detect-illegalAnchored: succeeded in 0.34s
detect-deviation: succeeded in 0.84s
detect-abnormalWandering: succeeded in 4.76s
detect-collision: succeeded in 0.06s
detect-lowSpeedBoat: succeeded in 0.69s
detect-doubleDragging: succeeded in 3.25s
detect-blackList: succeeded in 0.05s
detect-illegalBerthing: succeeded in 0.11s
detect-abnormalTransfer: succeeded in 0.17s
detect-highSpeedBoat: succeeded in 1.89s
detect-illegalStaying: succeeded in 0.20s
detect-CrossingBoundary: succeeded in 0.41s
detect-illegalAnchored: succeeded in 0.45s
detect-deviation: succeeded in 0.99s
detect-abnormalStaying: succeeded in 5.31s
detect-collision: succeeded in 0.31s
detect-lowSpeedBoat: succeeded in 0.62s
detect-doubleDragging: succeeded in 2.39s
detect-abnormalWandering: succeeded in 4.94s
detect-highSpeedBoat: succeeded in 1.61s
detect-blackList: succeeded in 0.06s
detect-illegalBerthing: succeeded in 0.12s
detect-abnormalTransfer: succeeded in 0.17s
detect-illegalStaying: succeeded in 0.19s
detect-CrossingBoundary: succeeded in 0.25s
detect-illegalAnchored: succeeded in 0.42s
detect-deviation: succeeded in 1.22s
detect-collision: succeeded in 0.31s
detect-lowSpeedBoat: succeeded in 0.62s
detect-blackList: succeeded in 0.06s
detect-illegalBerthing: succeeded in 0.19s
detect-abnormalTransfer: succeeded in 0.30s
detect-doubleDragging: succeeded in 3.88s
detect-illegalStaying: succeeded in 0.36s
detect-illegalAnchored: succeeded in 0.38s
detect-CrossingBoundary: succeeded in 0.41s
detect-abnormalStaying: succeeded in 6.05s
detect-highSpeedBoat: succeeded in 2.62s
detect-deviation: succeeded in 1.22s
detect-collision: succeeded in 0.05s
detect-lowSpeedBoat: succeeded in 0.88s
detect-blackList: succeeded in 0.05s
detect-illegalBerthing: succeeded in 0.14s
detect-CrossingBoundary: succeeded in 0.16s
detect-illegalStaying: succeeded in 0.19s
detect-abnormalTransfer: succeeded in 0.20s
detect-illegalAnchored: succeeded in 0.30s
detect-highSpeedBoat: succeeded in 2.28s
detect-deviation: succeeded in 1.08s
detect-doubleDragging: succeeded in 2.89s
detect-abnormalWandering: succeeded in 9.03s
detect-collision: succeeded in 0.22s
detect-lowSpeedBoat: succeeded in 0.66s
detect-abnormalStaying: succeeded in 5.31s
detect-highSpeedBoat: succeeded in 1.17s
detect-blackList: succeeded in 0.22s
detect-illegalBerthing: succeeded in 0.31s
detect-CrossingBoundary: succeeded in 0.33s
detect-abnormalTransfer: succeeded in 0.52s
detect-illegalStaying: succeeded in 0.50s
detect-illegalAnchored: succeeded in 0.51s
detect-deviation: succeeded in 0.91s
detect-doubleDragging: succeeded in 2.91s
detect-collision: succeeded in 0.05s
detect-lowSpeedBoat: succeeded in 0.72s
detect-illegalBerthing: succeeded in 0.19s
detect-abnormalTransfer: succeeded in 0.30s
detect-abnormalWandering: succeeded in 5.97s
detect-CrossingBoundary: succeeded in 0.45s
detect-highSpeedBoat: succeeded in 2.22s
detect-illegalStaying: succeeded in 0.50s
detect-illegalAnchored: succeeded in 0.53s
detect-blackList: succeeded in 0.58s
detect-deviation: succeeded in 1.00s
detect-abnormalStaying: succeeded in 5.39s
detect-collision: succeeded in 0.05s
detect-doubleDragging: succeeded in 3.94s
detect-lowSpeedBoat: succeeded in 0.77s
detect-highSpeedBoat: succeeded in 1.50s
detect-blackList: succeeded in 0.06s
detect-illegalStaying: succeeded in 0.17s
detect-illegalBerthing: succeeded in 0.22s
detect-CrossingBoundary: succeeded in 0.23s
detect-abnormalTransfer: succeeded in 0.28s
detect-illegalAnchored: succeeded in 0.31s
detect-deviation: succeeded in 0.80s
detect-doubleDragging: succeeded in 2.64s
detect-collision: succeeded in 0.28s
detect-lowSpeedBoat: succeeded in 0.75s
detect-highSpeedBoat: succeeded in 1.47s
detect-blackList: succeeded in 0.05s
detect-illegalBerthing: succeeded in 0.08s
detect-CrossingBoundary: succeeded in 0.20s
detect-abnormalTransfer: succeeded in 0.38s
detect-illegalAnchored: succeeded in 0.38s
detect-illegalStaying: succeeded in 0.38s
detect-abnormalWandering: succeeded in 6.00s
detect-doubleDragging: succeeded in 2.67s
detect-abnormalStaying: succeeded in 7.08s
detect-deviation: succeeded in 1.50s
detect-collision: succeeded in 0.28s
detect-lowSpeedBoat: succeeded in 0.80s
detect-highSpeedBoat: succeeded in 1.08s
detect-blackList: succeeded in 0.08s
detect-illegalBerthing: succeeded in 0.16s
detect-abnormalTransfer: succeeded in 0.20s
detect-illegalStaying: succeeded in 0.24s
detect-CrossingBoundary: succeeded in 0.38s
detect-illegalAnchored: succeeded in 0.48s
detect-deviation: succeeded in 0.95s
detect-doubleDragging: succeeded in 3.33s
detect-collision: succeeded in 0.06s
detect-abnormalWandering: succeeded in 5.48s
detect-lowSpeedBoat: succeeded in 1.02s
detect-abnormalStaying: succeeded in 5.55s
detect-highSpeedBoat: succeeded in 1.42s
detect-blackList: succeeded in 0.06s
detect-abnormalTransfer: succeeded in 0.09s
detect-illegalStaying: succeeded in 0.12s
detect-illegalBerthing: succeeded in 0.25s
detect-CrossingBoundary: succeeded in 0.33s
detect-illegalAnchored: succeeded in 0.41s
detect-deviation: succeeded in 0.97s
detect-doubleDragging: succeeded in 2.78s
detect-collision: succeeded in 0.11s
detect-lowSpeedBoat: succeeded in 0.53s
detect-highSpeedBoat: succeeded in 1.31s
detect-blackList: succeeded in 0.11s
detect-CrossingBoundary: succeeded in 0.17s
detect-abnormalTransfer: succeeded in 0.22s
detect-illegalBerthing: succeeded in 0.19s
detect-illegalStaying: succeeded in 0.22s
detect-illegalAnchored: succeeded in 0.28s
detect-deviation: succeeded in 0.73s
detect-doubleDragging: succeeded in 2.39s
detect-abnormalWandering: succeeded in 5.89s
detect-collision: succeeded in 0.06s
detect-abnormalStaying: succeeded in 5.77s
detect-lowSpeedBoat: succeeded in 0.66s
detect-highSpeedBoat: succeeded in 1.12s
detect-illegalBerthing: succeeded in 0.09s
detect-blackList: succeeded in 0.20s
detect-abnormalTransfer: succeeded in 0.20s
detect-CrossingBoundary: succeeded in 0.25s
detect-illegalStaying: succeeded in 0.26s
detect-illegalAnchored: succeeded in 0.31s
detect-doubleDragging: succeeded in 2.14s
detect-deviation: succeeded in 0.92s
detect-collision: succeeded in 0.03s
detect-lowSpeedBoat: succeeded in 0.78s
detect-blackList: succeeded in 0.06s
detect-abnormalTransfer: succeeded in 0.14s
detect-illegalBerthing: succeeded in 0.16s
detect-illegalStaying: succeeded in 0.19s
detect-CrossingBoundary: succeeded in 0.27s
detect-illegalAnchored: succeeded in 0.31s
detect-abnormalWandering: succeeded in 5.77s
detect-deviation: succeeded in 0.81s
detect-highSpeedBoat: succeeded in 2.95s
detect-doubleDragging: succeeded in 3.14s
detect-collision: succeeded in 0.14s
detect-abnormalStaying: succeeded in 6.69s
detect-lowSpeedBoat: succeeded in 0.95s
detect-highSpeedBoat: succeeded in 1.55s
detect-blackList: succeeded in 0.08s
detect-abnormalTransfer: succeeded in 0.20s
detect-CrossingBoundary: succeeded in 0.25s
detect-illegalBerthing: succeeded in 0.28s
detect-illegalStaying: succeeded in 0.42s
detect-illegalAnchored: succeeded in 0.44s
detect-deviation: succeeded in 1.11s
detect-doubleDragging: succeeded in 4.00s
detect-collision: succeeded in 0.34s
detect-abnormalWandering: succeeded in 5.23s
detect-lowSpeedBoat: succeeded in 0.72s
detect-blackList: succeeded in 0.05s
detect-highSpeedBoat: succeeded in 1.75s
detect-abnormalTransfer: succeeded in 0.22s
detect-illegalBerthing: succeeded in 0.25s
detect-CrossingBoundary: succeeded in 0.34s
detect-illegalStaying: succeeded in 0.34s
detect-illegalAnchored: succeeded in 0.50s
detect-abnormalStaying: succeeded in 5.92s
detect-deviation: succeeded in 1.11s
detect-collision: succeeded in 0.05s
detect-doubleDragging: succeeded in 3.75s
detect-lowSpeedBoat: succeeded in 0.70s
detect-highSpeedBoat: succeeded in 1.36s
detect-blackList: succeeded in 0.05s
detect-abnormalTransfer: succeeded in 0.12s
detect-CrossingBoundary: succeeded in 0.36s
detect-illegalBerthing: succeeded in 0.39s
detect-illegalStaying: succeeded in 0.39s
detect-illegalAnchored: succeeded in 0.64s
detect-abnormalWandering: succeeded in 5.38s
detect-deviation: succeeded in 1.08s
detect-collision: succeeded in 0.05s
detect-lowSpeedBoat: succeeded in 0.56s
detect-doubleDragging: succeeded in 3.11s
detect-highSpeedBoat: succeeded in 1.36s
detect-abnormalStaying: succeeded in 5.98s
detect-blackList: succeeded in 0.26s
detect-abnormalTransfer: succeeded in 0.28s
detect-CrossingBoundary: succeeded in 0.31s
detect-illegalStaying: succeeded in 0.30s
detect-illegalBerthing: succeeded in 0.33s
detect-illegalAnchored: succeeded in 0.44s
detect-deviation: succeeded in 0.95s
detect-collision: succeeded in 0.05s
detect-lowSpeedBoat: succeeded in 0.94s
detect-doubleDragging: succeeded in 3.55s
detect-abnormalWandering: succeeded in 5.39s
detect-blackList: succeeded in 0.14s
detect-illegalBerthing: succeeded in 0.14s
detect-abnormalTransfer: succeeded in 0.20s
detect-illegalStaying: succeeded in 0.24s
detect-CrossingBoundary: succeeded in 0.25s
detect-illegalAnchored: succeeded in 0.38s
detect-highSpeedBoat: succeeded in 2.62s
detect-deviation: succeeded in 1.00s
detect-abnormalStaying: succeeded in 5.34s
detect-collision: succeeded in 0.05s
detect-lowSpeedBoat: succeeded in 0.69s
detect-doubleDragging: succeeded in 2.73s
detect-blackList: succeeded in 0.17s
detect-illegalStaying: succeeded in 0.17s
detect-illegalBerthing: succeeded in 0.16s
detect-abnormalTransfer: succeeded in 0.28s
detect-illegalAnchored: succeeded in 0.31s
detect-CrossingBoundary: succeeded in 0.34s
detect-highSpeedBoat: succeeded in 2.11s
detect-deviation: succeeded in 1.17s
detect-abnormalWandering: succeeded in 5.11s
detect-collision: succeeded in 0.38s
detect-lowSpeedBoat: succeeded in 0.70s
detect-illegalBerthing: succeeded in 0.09s
detect-blackList: succeeded in 0.06s
detect-abnormalTransfer: succeeded in 0.17s
detect-CrossingBoundary: succeeded in 0.14s
detect-illegalStaying: succeeded in 0.36s
detect-doubleDragging: succeeded in 4.05s
detect-abnormalStaying: succeeded in 6.00s
detect-illegalAnchored: succeeded in 0.56s
detect-highSpeedBoat: succeeded in 2.61s
detect-deviation: succeeded in 0.81s
detect-collision: succeeded in 0.14s
detect-lowSpeedBoat: succeeded in 0.61s
detect-highSpeedBoat: succeeded in 1.76s
detect-blackList: succeeded in 0.06s
detect-CrossingBoundary: succeeded in 0.28s
detect-illegalStaying: succeeded in 0.31s
detect-illegalBerthing: succeeded in 0.30s
detect-abnormalTransfer: succeeded in 0.36s
detect-illegalAnchored: succeeded in 0.53s
detect-doubleDragging: succeeded in 3.86s
detect-deviation: succeeded in 0.94s
detect-abnormalWandering: succeeded in 6.92s
detect-collision: succeeded in 0.06s
detect-abnormalStaying: succeeded in 5.39s
detect-lowSpeedBoat: succeeded in 0.62s
detect-highSpeedBoat: succeeded in 1.36s
detect-blackList: succeeded in 0.06s
detect-abnormalTransfer: succeeded in 0.09s
detect-CrossingBoundary: succeeded in 0.20s
detect-illegalBerthing: succeeded in 0.20s
detect-illegalStaying: succeeded in 0.22s
detect-illegalAnchored: succeeded in 0.31s
detect-deviation: succeeded in 0.94s
detect-doubleDragging: succeeded in 2.78s
detect-collision: succeeded in 0.06s
detect-lowSpeedBoat: succeeded in 1.14s
detect-highSpeedBoat: succeeded in 1.50s
detect-blackList: succeeded in 0.16s
detect-illegalBerthing: succeeded in 0.16s
detect-CrossingBoundary: succeeded in 0.19s
detect-abnormalTransfer: succeeded in 0.20s
detect-abnormalWandering: succeeded in 6.14s
detect-illegalStaying: succeeded in 0.27s
detect-illegalAnchored: succeeded in 0.26s
detect-deviation: succeeded in 0.92s
detect-abnormalStaying: succeeded in 6.20s
detect-collision: succeeded in 0.05s
detect-doubleDragging: succeeded in 4.01s
detect-lowSpeedBoat: succeeded in 0.69s
detect-illegalBerthing: succeeded in 0.11s
detect-blackList: succeeded in 0.16s
detect-abnormalTransfer: succeeded in 0.24s
detect-illegalStaying: succeeded in 0.23s
detect-CrossingBoundary: succeeded in 0.31s
detect-illegalAnchored: succeeded in 0.38s
detect-highSpeedBoat: succeeded in 2.26s
detect-deviation: succeeded in 1.28s
detect-collision: succeeded in 0.06s
detect-lowSpeedBoat: succeeded in 0.52s
detect-doubleDragging: succeeded in 3.50s
detect-abnormalWandering: succeeded in 6.28s
detect-abnormalStaying: succeeded in 5.39s
detect-blackList: succeeded in 0.06s
detect-abnormalTransfer: succeeded in 0.25s
detect-illegalBerthing: succeeded in 0.22s
detect-highSpeedBoat: succeeded in 2.08s
detect-illegalStaying: succeeded in 0.30s
detect-CrossingBoundary: succeeded in 0.44s
detect-illegalAnchored: succeeded in 0.52s
detect-deviation: succeeded in 1.28s
detect-collision: succeeded in 0.30s
detect-lowSpeedBoat: succeeded in 0.72s
detect-doubleDragging: succeeded in 3.66s
detect-highSpeedBoat: succeeded in 1.30s
detect-blackList: succeeded in 0.06s
detect-illegalBerthing: succeeded in 0.11s
detect-abnormalTransfer: succeeded in 0.19s
detect-CrossingBoundary: succeeded in 0.25s
detect-illegalStaying: succeeded in 0.30s
detect-illegalAnchored: succeeded in 0.31s
detect-deviation: succeeded in 1.00s
detect-collision: succeeded in 0.33s
detect-abnormalWandering: succeeded in 5.62s
detect-lowSpeedBoat: succeeded in 0.59s
detect-doubleDragging: succeeded in 2.59s
detect-highSpeedBoat: succeeded in 1.34s
detect-blackList: succeeded in 0.06s
detect-abnormalTransfer: succeeded in 0.14s
detect-illegalBerthing: succeeded in 0.16s
detect-abnormalStaying: succeeded in 7.00s
detect-CrossingBoundary: succeeded in 0.23s
detect-illegalStaying: succeeded in 0.23s
detect-illegalAnchored: succeeded in 0.34s
detect-deviation: succeeded in 0.78s
detect-collision: succeeded in 0.03s
detect-lowSpeedBoat: succeeded in 0.56s
detect-doubleDragging: succeeded in 2.44s
detect-highSpeedBoat: succeeded in 1.58s
detect-blackList: succeeded in 0.05s
detect-illegalStaying: succeeded in 0.17s
detect-abnormalTransfer: succeeded in 0.25s
detect-illegalBerthing: succeeded in 0.25s
detect-CrossingBoundary: succeeded in 0.25s
detect-illegalAnchored: succeeded in 0.44s
detect-deviation: succeeded in 0.91s
detect-abnormalWandering: succeeded in 6.00s
detect-collision: succeeded in 0.05s
detect-lowSpeedBoat: succeeded in 0.61s
detect-highSpeedBoat: succeeded in 1.14s
detect-doubleDragging: succeeded in 2.83s
detect-abnormalStaying: succeeded in 6.08s
detect-CrossingBoundary: succeeded in 0.39s
detect-illegalBerthing: succeeded in 0.47s
detect-abnormalTransfer: succeeded in 0.55s
detect-illegalStaying: succeeded in 0.53s
detect-blackList: succeeded in 0.62s
detect-illegalAnchored: succeeded in 0.69s
detect-deviation: succeeded in 1.20s
detect-collision: succeeded in 0.05s
detect-doubleDragging: succeeded in 2.19s
detect-lowSpeedBoat: succeeded in 0.64s
detect-highSpeedBoat: succeeded in 1.03s
detect-blackList: succeeded in 0.11s
detect-illegalBerthing: succeeded in 0.11s
detect-abnormalTransfer: succeeded in 0.20s
detect-CrossingBoundary: succeeded in 0.25s
detect-abnormalWandering: succeeded in 5.56s
detect-illegalAnchored: succeeded in 0.31s
detect-illegalStaying: succeeded in 0.31s
detect-deviation: succeeded in 0.91s
detect-abnormalStaying: succeeded in 5.56s
detect-collision: succeeded in 0.05s
detect-lowSpeedBoat: succeeded in 0.70s
detect-doubleDragging: succeeded in 2.70s
detect-blackList: succeeded in 0.05s
detect-illegalBerthing: succeeded in 0.08s
detect-illegalStaying: succeeded in 0.12s
detect-abnormalTransfer: succeeded in 0.26s
detect-CrossingBoundary: succeeded in 0.36s
detect-illegalAnchored: succeeded in 0.44s
detect-highSpeedBoat: succeeded in 2.19s
detect-deviation: succeeded in 1.26s
detect-collision: succeeded in 0.17s
detect-abnormalWandering: succeeded in 5.11s
detect-lowSpeedBoat: succeeded in 0.61s
detect-doubleDragging: succeeded in 3.52s
detect-blackList: succeeded in 0.05s
detect-abnormalTransfer: succeeded in 0.09s
detect-illegalBerthing: succeeded in 0.08s
detect-illegalStaying: succeeded in 0.17s
detect-CrossingBoundary: succeeded in 0.22s
detect-illegalAnchored: succeeded in 0.30s
detect-abnormalStaying: succeeded in 5.78s
detect-highSpeedBoat: succeeded in 2.45s
detect-deviation: succeeded in 1.16s
detect-collision: succeeded in 0.38s
detect-lowSpeedBoat: succeeded in 0.78s
detect-doubleDragging: succeeded in 2.59s
detect-highSpeedBoat: succeeded in 1.30s
detect-blackList: succeeded in 0.05s
detect-illegalBerthing: succeeded in 0.08s
detect-abnormalTransfer: succeeded in 0.17s
detect-illegalStaying: succeeded in 0.28s
detect-illegalAnchored: succeeded in 0.30s
detect-CrossingBoundary: succeeded in 0.30s
detect-deviation: succeeded in 1.01s
detect-abnormalWandering: succeeded in 6.55s
detect-collision: succeeded in 0.03s
detect-lowSpeedBoat: succeeded in 0.59s
detect-abnormalStaying: succeeded in 5.27s
detect-highSpeedBoat: succeeded in 0.91s
detect-doubleDragging: succeeded in 2.56s
detect-blackList: succeeded in 0.06s
detect-CrossingBoundary: succeeded in 0.26s
detect-illegalBerthing: succeeded in 0.27s
detect-abnormalTransfer: succeeded in 0.34s
detect-illegalStaying: succeeded in 0.38s
detect-illegalAnchored: succeeded in 0.55s
detect-deviation: succeeded in 0.95s
detect-collision: succeeded in 0.03s
detect-lowSpeedBoat: succeeded in 0.86s
detect-doubleDragging: succeeded in 2.72s
detect-abnormalWandering: succeeded in 5.09s
detect-highSpeedBoat: succeeded in 1.61s
detect-blackList: succeeded in 0.23s
detect-CrossingBoundary: succeeded in 0.25s
detect-abnormalTransfer: succeeded in 0.31s
detect-illegalBerthing: succeeded in 0.27s
detect-illegalStaying: succeeded in 0.39s
detect-illegalAnchored: succeeded in 0.39s
detect-deviation: succeeded in 0.98s
detect-collision: succeeded in 0.06s
detect-abnormalStaying: succeeded in 7.09s
detect-doubleDragging: succeeded in 2.81s
detect-lowSpeedBoat: succeeded in 1.12s
detect-illegalBerthing: succeeded in 0.31s
detect-blackList: succeeded in 0.41s
detect-abnormalTransfer: succeeded in 0.41s
detect-CrossingBoundary: succeeded in 0.42s
detect-illegalAnchored: succeeded in 0.42s
detect-illegalStaying: succeeded in 0.67s
detect-highSpeedBoat: succeeded in 2.86s
detect-deviation: succeeded in 1.58s
detect-collision: succeeded in 0.06s
detect-doubleDragging: succeeded in 3.08s
detect-lowSpeedBoat: succeeded in 1.17s
detect-blackList: succeeded in 0.03s
detect-illegalBerthing: succeeded in 0.16s
detect-abnormalTransfer: succeeded in 0.17s
detect-CrossingBoundary: succeeded in 0.30s
detect-illegalStaying: succeeded in 0.31s
detect-illegalAnchored: succeeded in 0.31s
detect-abnormalWandering: succeeded in 8.47s
detect-deviation: succeeded in 1.20s
detect-highSpeedBoat: succeeded in 3.12s
detect-collision: succeeded in 0.19s
detect-abnormalStaying: succeeded in 5.92s
detect-lowSpeedBoat: succeeded in 1.00s
detect-blackList: succeeded in 0.06s
detect-abnormalTransfer: succeeded in 0.11s
detect-illegalBerthing: succeeded in 0.08s
detect-illegalStaying: succeeded in 0.30s
detect-CrossingBoundary: succeeded in 0.34s
detect-illegalAnchored: succeeded in 0.33s
detect-doubleDragging: succeeded in 4.45s
detect-deviation: succeeded in 1.00s
detect-highSpeedBoat: succeeded in 2.97s
detect-collision: succeeded in 0.34s
detect-lowSpeedBoat: succeeded in 0.62s
detect-abnormalWandering: succeeded in 5.62s
detect-blackList: succeeded in 0.05s
detect-illegalBerthing: succeeded in 0.12s
detect-abnormalTransfer: succeeded in 0.17s
detect-illegalStaying: succeeded in 0.26s
detect-CrossingBoundary: succeeded in 0.31s
detect-illegalAnchored: succeeded in 0.34s
detect-doubleDragging: succeeded in 2.97s
detect-highSpeedBoat: succeeded in 2.50s
detect-deviation: succeeded in 1.05s
detect-collision: succeeded in 0.03s
detect-lowSpeedBoat: succeeded in 0.53s
detect-doubleDragging: succeeded in 2.44s
detect-abnormalStaying: succeeded in 7.56s
detect-blackList: succeeded in 0.05s
detect-abnormalTransfer: succeeded in 0.12s
detect-illegalStaying: succeeded in 0.14s
detect-illegalBerthing: succeeded in 0.12s
detect-CrossingBoundary: succeeded in 0.16s
detect-illegalAnchored: succeeded in 0.30s
detect-highSpeedBoat: succeeded in 2.11s
detect-deviation: succeeded in 1.14s
detect-collision: succeeded in 0.05s
detect-lowSpeedBoat: succeeded in 0.72s
detect-blackList: succeeded in 0.26s
detect-abnormalTransfer: succeeded in 0.28s
detect-CrossingBoundary: succeeded in 0.30s
detect-illegalStaying: succeeded in 0.38s
detect-illegalBerthing: succeeded in 0.38s
detect-illegalAnchored: succeeded in 0.45s
detect-abnormalWandering: succeeded in 7.81s
detect-deviation: succeeded in 1.30s
detect-collision: succeeded in 0.05s
detect-highSpeedBoat: succeeded in 3.62s
detect-doubleDragging: succeeded in 5.59s
detect-lowSpeedBoat: succeeded in 0.61s
detect-illegalBerthing: succeeded in 0.17s
detect-highSpeedBoat: succeeded in 1.70s
detect-illegalAnchored: succeeded in 0.36s
detect-CrossingBoundary: succeeded in 0.42s
detect-blackList: succeeded in 0.44s
detect-abnormalTransfer: succeeded in 0.56s
detect-illegalStaying: succeeded in 0.55s
detect-abnormalStaying: succeeded in 7.97s
detect-deviation: succeeded in 0.94s
detect-collision: succeeded in 0.03s
detect-doubleDragging: succeeded in 3.36s
detect-lowSpeedBoat: succeeded in 0.53s
detect-abnormalWandering: succeeded in 4.94s
detect-highSpeedBoat: succeeded in 1.31s
detect-blackList: succeeded in 0.08s
detect-abnormalTransfer: succeeded in 0.14s
detect-illegalBerthing: succeeded in 0.16s
detect-CrossingBoundary: succeeded in 0.30s
detect-illegalStaying: succeeded in 0.33s
detect-illegalAnchored: succeeded in 0.39s
detect-deviation: succeeded in 1.20s
detect-collision: succeeded in 0.23s
detect-lowSpeedBoat: succeeded in 0.88s
detect-highSpeedBoat: succeeded in 1.36s
detect-doubleDragging: succeeded in 3.42s
detect-blackList: succeeded in 0.05s
detect-illegalBerthing: succeeded in 0.08s
detect-abnormalTransfer: succeeded in 0.17s
detect-CrossingBoundary: succeeded in 0.22s
detect-illegalStaying: succeeded in 0.25s
detect-illegalAnchored: succeeded in 0.31s
detect-deviation: succeeded in 0.92s
detect-abnormalWandering: succeeded in 5.55s
detect-abnormalStaying: succeeded in 6.84s
detect-collision: succeeded in 0.30s
detect-lowSpeedBoat: succeeded in 0.75s
detect-doubleDragging: succeeded in 3.33s
detect-highSpeedBoat: succeeded in 1.61s
detect-blackList: succeeded in 0.05s
detect-illegalBerthing: succeeded in 0.12s
detect-abnormalTransfer: succeeded in 0.24s
detect-CrossingBoundary: succeeded in 0.27s
detect-illegalAnchored: succeeded in 0.36s
detect-illegalStaying: succeeded in 0.41s
detect-deviation: succeeded in 1.24s
detect-collision: succeeded in 0.05s
detect-doubleDragging: succeeded in 2.62s
detect-lowSpeedBoat: succeeded in 1.19s
detect-blackList: succeeded in 0.05s
detect-highSpeedBoat: succeeded in 1.75s
detect-abnormalWandering: succeeded in 5.45s
detect-abnormalTransfer: succeeded in 0.25s
detect-CrossingBoundary: succeeded in 0.30s
detect-illegalAnchored: succeeded in 0.41s
detect-illegalBerthing: succeeded in 0.42s
detect-illegalStaying: succeeded in 0.45s
detect-deviation: succeeded in 1.06s
detect-collision: succeeded in 0.03s
detect-doubleDragging: succeeded in 1.95s
detect-lowSpeedBoat: succeeded in 0.70s
detect-highSpeedBoat: succeeded in 1.17s
detect-abnormalStaying: succeeded in 8.49s
detect-blackList: succeeded in 0.20s
detect-CrossingBoundary: succeeded in 0.23s
detect-abnormalTransfer: succeeded in 0.27s
detect-illegalBerthing: succeeded in 0.23s
detect-illegalStaying: succeeded in 0.27s
detect-illegalAnchored: succeeded in 0.31s
detect-deviation: succeeded in 0.84s
detect-abnormalWandering: succeeded in 4.80s
detect-collision: succeeded in 0.06s
detect-lowSpeedBoat: succeeded in 0.70s
detect-doubleDragging: succeeded in 2.53s
detect-highSpeedBoat: succeeded in 1.62s
detect-illegalBerthing: succeeded in 0.16s
detect-blackList: succeeded in 0.30s
detect-CrossingBoundary: succeeded in 0.34s
detect-abnormalTransfer: succeeded in 0.41s
detect-illegalAnchored: succeeded in 0.38s
detect-illegalStaying: succeeded in 0.45s
detect-deviation: succeeded in 0.95s
detect-abnormalStaying: succeeded in 5.34s
detect-collision: succeeded in 0.09s
detect-lowSpeedBoat: succeeded in 0.61s
detect-doubleDragging: succeeded in 2.53s
detect-highSpeedBoat: succeeded in 1.52s
detect-blackList: succeeded in 0.05s
detect-illegalBerthing: succeeded in 0.12s
detect-abnormalTransfer: succeeded in 0.17s
detect-abnormalWandering: succeeded in 5.22s
detect-CrossingBoundary: succeeded in 0.20s
detect-illegalStaying: succeeded in 0.25s
detect-illegalAnchored: succeeded in 0.34s
detect-deviation: succeeded in 0.97s
detect-collision: succeeded in 0.25s
detect-doubleDragging: succeeded in 2.34s
detect-lowSpeedBoat: succeeded in 0.74s
detect-highSpeedBoat: succeeded in 1.61s
detect-blackList: succeeded in 0.05s
detect-illegalStaying: succeeded in 0.17s
detect-illegalBerthing: succeeded in 0.22s
detect-CrossingBoundary: succeeded in 0.27s
detect-abnormalStaying: succeeded in 5.53s
detect-abnormalTransfer: succeeded in 0.42s
detect-illegalAnchored: succeeded in 0.42s
detect-deviation: succeeded in 1.44s
detect-abnormalWandering: succeeded in 4.98s
detect-collision: succeeded in 0.20s
detect-lowSpeedBoat: succeeded in 1.11s
detect-blackList: succeeded in 0.06s
detect-illegalBerthing: succeeded in 0.08s
detect-abnormalTransfer: succeeded in 0.20s
detect-illegalStaying: succeeded in 0.22s
detect-CrossingBoundary: succeeded in 0.28s
detect-illegalAnchored: succeeded in 0.28s
detect-doubleDragging: succeeded in 3.86s
detect-deviation: succeeded in 1.11s
detect-highSpeedBoat: succeeded in 3.05s
detect-collision: succeeded in 0.08s
detect-abnormalStaying: succeeded in 5.31s
detect-lowSpeedBoat: succeeded in 0.56s
detect-doubleDragging: succeeded in 2.08s
detect-abnormalWandering: succeeded in 4.97s
detect-blackList: succeeded in 0.05s
detect-illegalStaying: succeeded in 0.12s
detect-abnormalTransfer: succeeded in 0.17s
detect-CrossingBoundary: succeeded in 0.24s
detect-illegalBerthing: succeeded in 0.28s
detect-illegalAnchored: succeeded in 0.47s
detect-deviation: succeeded in 0.99s
detect-collision: succeeded in 0.06s
detect-highSpeedBoat: succeeded in 1.77s
detect-lowSpeedBoat: succeeded in 0.77s
detect-doubleDragging: succeeded in 2.99s
detect-CrossingBoundary: succeeded in 0.22s
detect-blackList: succeeded in 0.25s
detect-illegalBerthing: succeeded in 0.23s
detect-illegalStaying: succeeded in 0.28s
detect-abnormalTransfer: succeeded in 0.31s
detect-illegalAnchored: succeeded in 0.36s
detect-abnormalStaying: succeeded in 5.44s
detect-highSpeedBoat: succeeded in 0.91s
detect-deviation: succeeded in 0.97s
detect-collision: succeeded in 0.05s
detect-lowSpeedBoat: succeeded in 0.56s
detect-doubleDragging: succeeded in 2.66s
detect-abnormalWandering: succeeded in 6.62s
detect-abnormalTransfer: succeeded in 0.16s
detect-blackList: succeeded in 0.16s
detect-illegalBerthing: succeeded in 0.12s
detect-CrossingBoundary: succeeded in 0.17s
detect-illegalStaying: succeeded in 0.22s
detect-illegalAnchored: succeeded in 0.31s
detect-deviation: succeeded in 0.86s
detect-highSpeedBoat: succeeded in 1.00s
detect-collision: succeeded in 0.06s
detect-doubleDragging: succeeded in 2.03s
detect-lowSpeedBoat: succeeded in 0.53s
detect-blackList: succeeded in 0.03s
detect-illegalBerthing: succeeded in 0.14s
detect-abnormalStaying: succeeded in 5.06s
detect-abnormalTransfer: succeeded in 0.20s
detect-illegalStaying: succeeded in 0.23s
detect-CrossingBoundary: succeeded in 0.27s
detect-illegalAnchored: succeeded in 0.34s
detect-deviation: succeeded in 1.06s
detect-highSpeedBoat: succeeded in 1.11s
detect-abnormalWandering: succeeded in 4.89s
detect-collision: succeeded in 0.22s
detect-lowSpeedBoat: succeeded in 0.72s
detect-blackList: succeeded in 0.06s
detect-illegalBerthing: succeeded in 0.12s
detect-abnormalTransfer: succeeded in 0.27s
detect-CrossingBoundary: succeeded in 0.26s
detect-illegalStaying: succeeded in 0.27s
detect-illegalAnchored: succeeded in 0.47s
detect-doubleDragging: succeeded in 4.09s
detect-deviation: succeeded in 1.06s
detect-highSpeedBoat: succeeded in 1.80s
detect-collision: succeeded in 0.34s
detect-lowSpeedBoat: succeeded in 0.69s
detect-abnormalWandering: succeeded in 5.38s
detect-abnormalStaying: succeeded in 6.49s
detect-blackList: succeeded in 0.06s
detect-abnormalTransfer: succeeded in 0.11s
detect-illegalBerthing: succeeded in 0.14s
detect-illegalStaying: succeeded in 0.31s
detect-CrossingBoundary: succeeded in 0.41s
detect-illegalAnchored: succeeded in 0.41s
detect-deviation: succeeded in 1.19s
detect-doubleDragging: succeeded in 3.72s
detect-collision: succeeded in 0.03s
detect-highSpeedBoat: succeeded in 1.88s
detect-lowSpeedBoat: succeeded in 0.95s
detect-blackList: succeeded in 0.08s
detect-illegalStaying: succeeded in 0.28s
detect-illegalBerthing: succeeded in 0.30s
detect-abnormalTransfer: succeeded in 0.31s
detect-CrossingBoundary: succeeded in 0.38s
detect-illegalAnchored: succeeded in 0.53s
detect-highSpeedBoat: succeeded in 1.02s
detect-doubleDragging: succeeded in 2.83s
detect-deviation: succeeded in 1.23s
detect-abnormalWandering: succeeded in 4.91s
detect-abnormalStaying: succeeded in 5.62s
detect-collision: succeeded in 0.05s
detect-lowSpeedBoat: succeeded in 0.78s
detect-blackList: succeeded in 0.17s
detect-illegalBerthing: succeeded in 0.14s
detect-CrossingBoundary: succeeded in 0.17s
detect-abnormalTransfer: succeeded in 0.20s
detect-illegalAnchored: succeeded in 0.36s
detect-illegalStaying: succeeded in 0.51s
detect-doubleDragging: succeeded in 2.44s
detect-deviation: succeeded in 1.02s
detect-highSpeedBoat: succeeded in 1.05s
detect-collision: succeeded in 0.08s
detect-lowSpeedBoat: succeeded in 1.48s
detect-illegalBerthing: succeeded in 0.06s
detect-blackList: succeeded in 0.34s
detect-illegalAnchored: succeeded in 0.28s
detect-abnormalTransfer: succeeded in 0.44s
detect-illegalStaying: succeeded in 0.45s
detect-CrossingBoundary: succeeded in 0.47s
detect-abnormalStaying: succeeded in 6.67s
detect-deviation: succeeded in 1.80s
detect-highSpeedBoat: succeeded in 1.81s
detect-doubleDragging: succeeded in 3.67s
detect-collision: succeeded in 0.03s
detect-abnormalWandering: succeeded in 7.55s
detect-lowSpeedBoat: succeeded in 0.75s
detect-blackList: succeeded in 0.03s
detect-illegalBerthing: succeeded in 0.09s
detect-illegalStaying: succeeded in 0.11s
detect-abnormalTransfer: succeeded in 0.26s
detect-illegalAnchored: succeeded in 0.38s
detect-CrossingBoundary: succeeded in 0.39s
detect-highSpeedBoat: succeeded in 0.89s
detect-deviation: succeeded in 1.00s
detect-doubleDragging: succeeded in 3.42s
detect-collision: succeeded in 0.34s
detect-lowSpeedBoat: succeeded in 0.66s
detect-abnormalStaying: succeeded in 5.38s
detect-blackList: succeeded in 0.03s
detect-illegalBerthing: succeeded in 0.14s
detect-abnormalTransfer: succeeded in 0.28s
detect-illegalStaying: succeeded in 0.33s
detect-CrossingBoundary: succeeded in 0.38s
detect-illegalAnchored: succeeded in 0.41s
detect-abnormalWandering: succeeded in 5.61s
detect-deviation: succeeded in 1.09s
detect-doubleDragging: succeeded in 3.11s
detect-highSpeedBoat: succeeded in 1.30s
detect-collision: succeeded in 0.59s
detect-lowSpeedBoat: succeeded in 0.74s
detect-blackList: succeeded in 0.06s
detect-illegalBerthing: succeeded in 0.11s
detect-abnormalTransfer: succeeded in 0.17s
detect-CrossingBoundary: succeeded in 0.36s
detect-illegalAnchored: succeeded in 0.36s
detect-illegalStaying: succeeded in 0.44s
detect-doubleDragging: succeeded in 2.66s
detect-deviation: succeeded in 0.92s
detect-highSpeedBoat: succeeded in 1.02s
detect-collision: succeeded in 0.12s
detect-abnormalStaying: succeeded in 5.78s
detect-lowSpeedBoat: succeeded in 0.66s
detect-blackList: succeeded in 0.05s
detect-illegalStaying: succeeded in 0.14s
detect-abnormalTransfer: succeeded in 0.16s
detect-illegalBerthing: succeeded in 0.14s
detect-CrossingBoundary: succeeded in 0.24s
detect-abnormalWandering: succeeded in 6.72s
detect-illegalAnchored: succeeded in 0.38s
detect-doubleDragging: succeeded in 2.41s
detect-deviation: succeeded in 0.89s
detect-highSpeedBoat: succeeded in 1.33s
detect-collision: succeeded in 0.05s
detect-lowSpeedBoat: succeeded in 0.66s
detect-illegalBerthing: succeeded in 0.19s
detect-abnormalTransfer: succeeded in 0.20s
detect-CrossingBoundary: succeeded in 0.22s
detect-blackList: succeeded in 0.23s
detect-illegalStaying: succeeded in 0.25s
detect-illegalAnchored: succeeded in 0.34s
detect-deviation: succeeded in 0.83s
detect-doubleDragging: succeeded in 2.64s
detect-abnormalStaying: succeeded in 5.92s
detect-abnormalWandering: succeeded in 4.56s
detect-highSpeedBoat: succeeded in 1.31s
detect-collision: succeeded in 0.06s
detect-lowSpeedBoat: succeeded in 0.89s
detect-blackList: succeeded in 0.28s
detect-abnormalTransfer: succeeded in 0.28s
detect-CrossingBoundary: succeeded in 0.28s
detect-illegalBerthing: succeeded in 0.27s
detect-illegalStaying: succeeded in 0.30s
detect-illegalAnchored: succeeded in 0.45s
detect-deviation: succeeded in 1.12s
detect-highSpeedBoat: succeeded in 1.31s
detect-collision: succeeded in 0.03s
detect-abnormalWandering: succeeded in 4.98s
detect-abnormalStaying: succeeded in 5.36s
detect-lowSpeedBoat: succeeded in 0.92s
detect-doubleDragging: succeeded in 5.66s
detect-blackList: succeeded in 0.06s
detect-abnormalTransfer: succeeded in 0.19s
detect-illegalBerthing: succeeded in 0.19s
detect-illegalStaying: succeeded in 0.19s
detect-CrossingBoundary: succeeded in 0.30s
detect-illegalAnchored: succeeded in 0.41s
detect-deviation: succeeded in 0.83s
detect-highSpeedBoat: succeeded in 1.03s
detect-collision: succeeded in 0.20s
detect-lowSpeedBoat: succeeded in 0.59s
detect-blackList: succeeded in 0.03s
detect-doubleDragging: succeeded in 3.56s
detect-illegalBerthing: succeeded in 0.12s
detect-abnormalTransfer: succeeded in 0.19s
detect-illegalAnchored: succeeded in 0.38s
detect-CrossingBoundary: succeeded in 0.38s
detect-illegalStaying: succeeded in 0.42s
detect-abnormalWandering: succeeded in 5.36s
detect-deviation: succeeded in 1.05s
detect-abnormalStaying: succeeded in 4.99s
detect-collision: succeeded in 0.20s
detect-lowSpeedBoat: succeeded in 0.74s
detect-highSpeedBoat: succeeded in 2.56s
detect-blackList: succeeded in 0.12s
detect-illegalBerthing: succeeded in 0.12s
detect-abnormalTransfer: succeeded in 0.20s
detect-CrossingBoundary: succeeded in 0.22s
detect-illegalStaying: succeeded in 0.25s
detect-illegalAnchored: succeeded in 0.31s
detect-doubleDragging: succeeded in 4.06s
detect-deviation: succeeded in 0.83s
detect-highSpeedBoat: succeeded in 1.48s
detect-collision: succeeded in 0.03s
detect-lowSpeedBoat: succeeded in 0.61s
detect-doubleDragging: succeeded in 2.66s
detect-blackList: succeeded in 0.03s
detect-abnormalWandering: succeeded in 6.23s
detect-abnormalTransfer: succeeded in 0.16s
detect-CrossingBoundary: succeeded in 0.20s
detect-illegalStaying: succeeded in 0.42s
detect-abnormalStaying: succeeded in 5.56s
detect-illegalBerthing: succeeded in 0.45s
detect-illegalAnchored: succeeded in 0.55s
detect-highSpeedBoat: succeeded in 0.95s
detect-deviation: succeeded in 1.06s
detect-collision: succeeded in 0.05s
detect-doubleDragging: succeeded in 2.48s
detect-lowSpeedBoat: succeeded in 0.92s
detect-blackList: succeeded in 0.17s
detect-illegalBerthing: succeeded in 0.19s
detect-abnormalTransfer: succeeded in 0.28s
detect-CrossingBoundary: succeeded in 0.28s
detect-illegalStaying: succeeded in 0.28s
detect-illegalAnchored: succeeded in 0.53s
detect-deviation: succeeded in 1.17s
detect-abnormalWandering: succeeded in 4.92s
detect-highSpeedBoat: succeeded in 1.59s
detect-collision: succeeded in 0.05s
detect-abnormalStaying: succeeded in 5.39s
detect-doubleDragging: succeeded in 2.61s
detect-lowSpeedBoat: succeeded in 0.77s
detect-illegalBerthing: succeeded in 0.28s
detect-blackList: succeeded in 0.36s
detect-abnormalTransfer: succeeded in 0.42s
detect-CrossingBoundary: succeeded in 0.42s
detect-illegalStaying: succeeded in 0.44s
detect-illegalAnchored: succeeded in 0.44s
detect-deviation: succeeded in 1.00s
detect-highSpeedBoat: succeeded in 1.69s
detect-collision: succeeded in 0.06s
detect-doubleDragging: succeeded in 2.58s
detect-lowSpeedBoat: succeeded in 0.89s
detect-blackList: succeeded in 0.08s
detect-illegalBerthing: succeeded in 0.19s
detect-abnormalTransfer: succeeded in 0.22s
detect-abnormalWandering: succeeded in 5.44s
detect-illegalStaying: succeeded in 0.26s
detect-illegalAnchored: succeeded in 0.44s
detect-CrossingBoundary: succeeded in 0.51s
detect-abnormalStaying: succeeded in 5.45s
detect-deviation: succeeded in 0.95s
detect-highSpeedBoat: succeeded in 1.00s
detect-collision: succeeded in 0.28s
detect-lowSpeedBoat: succeeded in 0.72s
detect-doubleDragging: succeeded in 2.56s
detect-blackList: succeeded in 0.05s
detect-abnormalTransfer: succeeded in 0.12s
detect-illegalBerthing: succeeded in 0.12s
detect-CrossingBoundary: succeeded in 0.23s
detect-illegalStaying: succeeded in 0.24s
detect-illegalAnchored: succeeded in 0.36s
detect-deviation: succeeded in 0.92s
detect-highSpeedBoat: succeeded in 0.97s
detect-abnormalWandering: succeeded in 4.78s
detect-collision: succeeded in 0.12s
detect-lowSpeedBoat: succeeded in 0.89s
detect-doubleDragging: succeeded in 2.78s
detect-blackList: succeeded in 0.08s
detect-CrossingBoundary: succeeded in 0.30s
detect-illegalBerthing: succeeded in 0.28s
detect-abnormalTransfer: succeeded in 0.33s
detect-illegalStaying: succeeded in 0.38s
detect-illegalAnchored: succeeded in 0.53s
detect-deviation: succeeded in 1.22s
detect-collision: succeeded in 0.30s
detect-lowSpeedBoat: succeeded in 0.80s
detect-doubleDragging: succeeded in 3.25s
detect-highSpeedBoat: succeeded in 3.30s
detect-abnormalStaying: succeeded in 8.47s
detect-blackList: succeeded in 0.05s
detect-abnormalTransfer: succeeded in 0.09s
detect-illegalStaying: succeeded in 0.12s
detect-illegalBerthing: succeeded in 0.12s
detect-CrossingBoundary: succeeded in 0.23s
detect-illegalAnchored: succeeded in 0.45s
detect-abnormalWandering: succeeded in 6.36s
detect-highSpeedBoat: succeeded in 0.91s
detect-deviation: succeeded in 0.92s
detect-collision: succeeded in 0.06s
detect-lowSpeedBoat: succeeded in 0.77s
detect-doubleDragging: succeeded in 2.91s
detect-CrossingBoundary: succeeded in 0.16s
detect-blackList: succeeded in 0.17s
detect-abnormalTransfer: succeeded in 0.25s
detect-illegalBerthing: succeeded in 0.23s
detect-illegalStaying: succeeded in 0.27s
detect-illegalAnchored: succeeded in 0.36s
detect-deviation: succeeded in 0.89s
detect-abnormalStaying: succeeded in 4.78s
detect-highSpeedBoat: succeeded in 1.31s
detect-collision: succeeded in 0.05s
detect-doubleDragging: succeeded in 2.56s
detect-lowSpeedBoat: succeeded in 0.97s
detect-abnormalWandering: succeeded in 5.36s
detect-illegalBerthing: succeeded in 0.23s
detect-illegalStaying: succeeded in 0.23s
detect-blackList: succeeded in 0.28s
detect-abnormalTransfer: succeeded in 0.30s
detect-CrossingBoundary: succeeded in 0.28s
detect-illegalAnchored: succeeded in 0.47s
detect-deviation: succeeded in 0.99s
detect-collision: succeeded in 0.08s
detect-highSpeedBoat: succeeded in 1.81s
detect-lowSpeedBoat: succeeded in 0.58s
detect-doubleDragging: succeeded in 2.73s
detect-blackList: succeeded in 0.06s
detect-abnormalTransfer: succeeded in 0.16s
detect-illegalBerthing: succeeded in 0.12s
detect-illegalStaying: succeeded in 0.14s
detect-CrossingBoundary: succeeded in 0.23s
detect-illegalAnchored: succeeded in 0.42s
detect-abnormalStaying: succeeded in 6.03s
detect-deviation: succeeded in 0.95s
detect-highSpeedBoat: succeeded in 1.16s
detect-abnormalWandering: succeeded in 4.75s
detect-collision: succeeded in 0.30s
detect-lowSpeedBoat: succeeded in 0.69s
detect-doubleDragging: succeeded in 3.42s
detect-blackList: succeeded in 0.08s
detect-abnormalTransfer: succeeded in 0.27s
detect-CrossingBoundary: succeeded in 0.33s
detect-illegalBerthing: succeeded in 0.31s
detect-illegalAnchored: succeeded in 0.36s
detect-illegalStaying: succeeded in 0.50s
detect-deviation: succeeded in 1.20s
detect-highSpeedBoat: succeeded in 1.58s
detect-collision: succeeded in 0.28s
detect-lowSpeedBoat: succeeded in 0.64s
detect-blackList: succeeded in 0.05s
detect-illegalBerthing: succeeded in 0.16s
detect-abnormalTransfer: succeeded in 0.19s
detect-illegalStaying: succeeded in 0.20s
detect-CrossingBoundary: succeeded in 0.22s
detect-illegalAnchored: succeeded in 0.36s
detect-abnormalWandering: succeeded in 5.64s
detect-abnormalStaying: succeeded in 6.86s
detect-doubleDragging: succeeded in 3.98s
detect-deviation: succeeded in 0.94s
detect-collision: succeeded in 0.05s
detect-highSpeedBoat: succeeded in 2.30s
detect-lowSpeedBoat: succeeded in 0.89s
detect-blackList: succeeded in 0.06s
detect-illegalBerthing: succeeded in 0.16s
detect-CrossingBoundary: succeeded in 0.19s
detect-abnormalTransfer: succeeded in 0.23s
detect-illegalStaying: succeeded in 0.26s
detect-illegalAnchored: succeeded in 0.39s
detect-doubleDragging: succeeded in 2.42s
detect-deviation: succeeded in 0.80s
detect-collision: succeeded in 0.12s
detect-abnormalStaying: succeeded in 5.03s
detect-highSpeedBoat: succeeded in 2.36s
detect-lowSpeedBoat: succeeded in 0.72s
detect-abnormalWandering: succeeded in 5.14s
detect-CrossingBoundary: succeeded in 0.14s
detect-illegalBerthing: succeeded in 0.19s
detect-blackList: succeeded in 0.22s
detect-abnormalTransfer: succeeded in 0.31s
detect-illegalStaying: succeeded in 0.26s
detect-illegalAnchored: succeeded in 0.31s
detect-deviation: succeeded in 0.88s
detect-highSpeedBoat: succeeded in 1.17s
detect-doubleDragging: succeeded in 3.22s
detect-collision: succeeded in 0.03s
detect-lowSpeedBoat: succeeded in 0.69s
detect-illegalBerthing: succeeded in 0.19s
detect-blackList: succeeded in 0.31s
detect-abnormalTransfer: succeeded in 0.45s
detect-CrossingBoundary: succeeded in 0.45s
detect-abnormalStaying: succeeded in 5.45s
detect-illegalStaying: succeeded in 0.56s
detect-illegalAnchored: succeeded in 0.61s
detect-abnormalWandering: succeeded in 4.70s
detect-deviation: succeeded in 1.03s
detect-highSpeedBoat: succeeded in 1.76s
detect-collision: succeeded in 0.11s
detect-doubleDragging: succeeded in 3.76s
detect-lowSpeedBoat: succeeded in 0.77s
detect-blackList: succeeded in 0.06s
detect-abnormalTransfer: succeeded in 0.12s
detect-illegalBerthing: succeeded in 0.11s
detect-illegalStaying: succeeded in 0.20s
detect-CrossingBoundary: succeeded in 0.26s
detect-illegalAnchored: succeeded in 0.33s
detect-deviation: succeeded in 1.19s
detect-highSpeedBoat: succeeded in 1.22s
detect-collision: succeeded in 0.24s
detect-abnormalStaying: succeeded in 4.78s
detect-doubleDragging: succeeded in 3.58s
detect-abnormalWandering: succeeded in 4.53s
detect-lowSpeedBoat: succeeded in 0.70s
detect-blackList: succeeded in 0.05s
detect-illegalBerthing: succeeded in 0.11s
detect-abnormalTransfer: succeeded in 0.17s
detect-illegalStaying: succeeded in 0.22s
detect-CrossingBoundary: succeeded in 0.26s
detect-illegalAnchored: succeeded in 0.33s
detect-deviation: succeeded in 0.98s
detect-highSpeedBoat: succeeded in 1.33s
detect-doubleDragging: succeeded in 2.78s
detect-collision: succeeded in 0.36s
detect-lowSpeedBoat: succeeded in 0.97s
detect-blackList: succeeded in 0.05s
detect-illegalBerthing: succeeded in 0.08s
detect-abnormalTransfer: succeeded in 0.17s
detect-abnormalWandering: succeeded in 5.14s
detect-CrossingBoundary: succeeded in 0.25s
detect-illegalAnchored: succeeded in 0.38s
detect-illegalStaying: succeeded in 0.45s
detect-deviation: succeeded in 1.12s
detect-abnormalStaying: succeeded in 6.53s
detect-collision: succeeded in 0.05s
detect-doubleDragging: succeeded in 3.84s
detect-lowSpeedBoat: succeeded in 1.00s
detect-highSpeedBoat: succeeded in 3.19s
detect-blackList: succeeded in 0.08s
detect-CrossingBoundary: succeeded in 0.44s
detect-abnormalTransfer: succeeded in 0.50s
detect-illegalBerthing: succeeded in 0.50s
detect-illegalAnchored: succeeded in 0.55s
detect-illegalStaying: succeeded in 0.58s
detect-deviation: succeeded in 1.53s
detect-abnormalWandering: succeeded in 4.98s
detect-collision: succeeded in 0.06s
detect-lowSpeedBoat: succeeded in 0.80s
detect-highSpeedBoat: succeeded in 3.23s
detect-abnormalStaying: succeeded in 5.59s
detect-CrossingBoundary: succeeded in 0.17s
detect-blackList: succeeded in 0.26s
detect-illegalBerthing: succeeded in 0.28s
detect-illegalStaying: succeeded in 0.33s
detect-abnormalTransfer: succeeded in 0.39s
detect-illegalAnchored: succeeded in 0.53s
detect-doubleDragging: succeeded in 5.81s
detect-deviation: succeeded in 1.09s
detect-highSpeedBoat: succeeded in 1.72s
detect-collision: succeeded in 0.06s
detect-lowSpeedBoat: succeeded in 0.53s
detect-doubleDragging: succeeded in 2.75s
detect-blackList: succeeded in 0.16s
detect-illegalBerthing: succeeded in 0.16s
detect-abnormalTransfer: succeeded in 0.24s
detect-CrossingBoundary: succeeded in 0.23s
detect-illegalStaying: succeeded in 0.28s
detect-illegalAnchored: succeeded in 0.39s
detect-abnormalWandering: succeeded in 7.08s
detect-deviation: succeeded in 1.59s
detect-abnormalStaying: succeeded in 5.16s
detect-collision: succeeded in 0.03s
detect-lowSpeedBoat: succeeded in 0.59s
detect-highSpeedBoat: succeeded in 2.88s
detect-blackList: succeeded in 0.03s
detect-illegalStaying: succeeded in 0.12s
detect-illegalBerthing: succeeded in 0.17s
detect-abnormalTransfer: succeeded in 0.22s
detect-CrossingBoundary: succeeded in 0.30s
detect-illegalAnchored: succeeded in 0.38s
detect-deviation: succeeded in 1.20s
detect-collision: succeeded in 0.38s
detect-doubleDragging: succeeded in 5.70s
detect-abnormalWandering: succeeded in 4.94s
detect-lowSpeedBoat: succeeded in 1.81s
detect-blackList: succeeded in 0.03s
detect-abnormalTransfer: succeeded in 0.09s
detect-illegalBerthing: succeeded in 0.25s
detect-CrossingBoundary: succeeded in 0.25s
detect-highSpeedBoat: succeeded in 3.70s
detect-abnormalStaying: succeeded in 5.45s
detect-illegalStaying: succeeded in 0.33s
detect-illegalAnchored: succeeded in 0.55s
detect-deviation: succeeded in 0.95s
detect-collision: succeeded in 0.23s
detect-lowSpeedBoat: succeeded in 0.55s
detect-doubleDragging: succeeded in 3.62s
detect-highSpeedBoat: succeeded in 1.11s
detect-blackList: succeeded in 0.05s
detect-illegalBerthing: succeeded in 0.08s
detect-abnormalTransfer: succeeded in 0.16s
detect-CrossingBoundary: succeeded in 0.23s
detect-illegalStaying: succeeded in 0.23s
detect-illegalAnchored: succeeded in 0.36s
detect-deviation: succeeded in 0.98s
detect-collision: succeeded in 0.05s
detect-lowSpeedBoat: succeeded in 0.80s
detect-abnormalWandering: succeeded in 6.28s
detect-abnormalStaying: succeeded in 5.70s
detect-doubleDragging: succeeded in 4.12s
detect-blackList: succeeded in 0.05s
detect-abnormalTransfer: succeeded in 0.20s
detect-CrossingBoundary: succeeded in 0.20s
detect-illegalStaying: succeeded in 0.25s
detect-illegalBerthing: succeeded in 0.28s
detect-illegalAnchored: succeeded in 0.45s
detect-highSpeedBoat: succeeded in 2.30s
detect-deviation: succeeded in 1.41s
detect-collision: succeeded in 0.05s
detect-lowSpeedBoat: succeeded in 0.55s
detect-highSpeedBoat: succeeded in 1.16s
detect-doubleDragging: succeeded in 3.27s
detect-illegalStaying: succeeded in 0.20s
detect-blackList: succeeded in 0.22s
detect-CrossingBoundary: succeeded in 0.22s
detect-illegalBerthing: succeeded in 0.22s
detect-abnormalTransfer: succeeded in 0.25s
detect-illegalAnchored: succeeded in 0.50s
detect-deviation: succeeded in 1.12s
detect-abnormalStaying: succeeded in 4.80s
detect-abnormalWandering: succeeded in 4.84s
detect-collision: succeeded in 0.05s
detect-lowSpeedBoat: succeeded in 0.67s
detect-illegalBerthing: succeeded in 0.23s
detect-CrossingBoundary: succeeded in 0.36s
detect-abnormalTransfer: succeeded in 0.38s
detect-blackList: succeeded in 0.41s
detect-illegalAnchored: succeeded in 0.39s
detect-illegalStaying: succeeded in 0.67s
detect-doubleDragging: succeeded in 4.24s
detect-highSpeedBoat: succeeded in 3.17s
detect-deviation: succeeded in 1.53s
detect-collision: succeeded in 0.06s
detect-lowSpeedBoat: succeeded in 0.80s
detect-abnormalWandering: succeeded in 5.03s
detect-illegalBerthing: succeeded in 0.09s
detect-illegalStaying: succeeded in 0.16s
detect-abnormalTransfer: succeeded in 0.20s
detect-blackList: succeeded in 0.28s
detect-illegalAnchored: succeeded in 0.28s
detect-CrossingBoundary: succeeded in 0.31s
detect-highSpeedBoat: succeeded in 2.08s
detect-deviation: succeeded in 1.28s
detect-doubleDragging: succeeded in 4.03s
detect-abnormalStaying: succeeded in 7.42s
detect-abnormalStaying: skipped empty AIS snapshot
detect-collision: skipped empty AIS snapshot
detect-highSpeedBoat: skipped empty AIS snapshot
detect-lowSpeedBoat: skipped empty AIS snapshot
detect-blackList: succeeded in 0.05s
detect-abnormalTransfer: succeeded in 0.17s
detect-illegalBerthing: succeeded in 0.16s
detect-CrossingBoundary: succeeded in 0.26s
detect-illegalStaying: succeeded in 0.30s
detect-illegalAnchored: succeeded in 0.41s
detect-doubleDragging: succeeded in 2.75s
detect-deviation: succeeded in 1.05s
detect-abnormalWandering: succeeded in 5.42s
detect-collision: succeeded in 0.28s
detect-highSpeedBoat: succeeded in 2.26s
detect-lowSpeedBoat: succeeded in 0.61s
detect-blackList: succeeded in 0.06s
detect-abnormalTransfer: succeeded in 0.09s
detect-illegalBerthing: succeeded in 0.12s
detect-CrossingBoundary: succeeded in 0.17s
detect-illegalStaying: succeeded in 0.23s
detect-illegalAnchored: succeeded in 0.31s
detect-deviation: succeeded in 0.81s
detect-doubleDragging: succeeded in 2.53s
detect-highSpeedBoat: succeeded in 0.89s
detect-abnormalStaying: succeeded in 5.05s
detect-collision: succeeded in 0.36s
detect-lowSpeedBoat: succeeded in 0.61s
detect-blackList: succeeded in 0.05s
detect-abnormalTransfer: succeeded in 0.09s
detect-CrossingBoundary: succeeded in 0.14s
detect-illegalStaying: succeeded in 0.20s
detect-illegalBerthing: succeeded in 0.19s
detect-abnormalWandering: succeeded in 5.55s
detect-illegalAnchored: succeeded in 0.66s
detect-deviation: succeeded in 0.89s
detect-doubleDragging: succeeded in 2.89s
detect-highSpeedBoat: succeeded in 1.36s
detect-collision: succeeded in 0.05s
detect-lowSpeedBoat: succeeded in 0.55s
detect-abnormalStaying: succeeded in 5.12s
detect-blackList: succeeded in 0.12s
detect-abnormalTransfer: succeeded in 0.14s
detect-illegalBerthing: succeeded in 0.11s
detect-CrossingBoundary: succeeded in 0.16s
detect-illegalStaying: succeeded in 0.27s
detect-illegalAnchored: succeeded in 0.41s
detect-deviation: succeeded in 0.81s
detect-highSpeedBoat: succeeded in 1.41s
detect-doubleDragging: succeeded in 3.22s
detect-abnormalWandering: succeeded in 4.61s
detect-collision: succeeded in 0.05s
detect-lowSpeedBoat: succeeded in 0.84s
detect-illegalBerthing: succeeded in 0.17s
detect-blackList: succeeded in 0.24s
detect-abnormalTransfer: succeeded in 0.30s
detect-CrossingBoundary: succeeded in 0.30s
detect-illegalAnchored: succeeded in 0.36s
detect-illegalStaying: succeeded in 0.44s
detect-deviation: succeeded in 0.92s
detect-highSpeedBoat: succeeded in 1.48s
detect-doubleDragging: succeeded in 3.19s
detect-collision: succeeded in 0.03s
detect-lowSpeedBoat: succeeded in 0.58s
detect-abnormalStaying: succeeded in 6.38s
detect-abnormalWandering: succeeded in 5.20s
detect-blackList: succeeded in 0.05s
detect-abnormalTransfer: succeeded in 0.11s
detect-illegalBerthing: succeeded in 0.12s
detect-illegalStaying: succeeded in 0.17s
detect-CrossingBoundary: succeeded in 0.19s
detect-illegalAnchored: succeeded in 0.31s
detect-deviation: succeeded in 0.95s
detect-doubleDragging: succeeded in 3.05s
detect-collision: succeeded in 0.05s
detect-highSpeedBoat: succeeded in 1.88s
detect-lowSpeedBoat: succeeded in 0.58s
detect-blackList: succeeded in 0.06s
detect-abnormalTransfer: succeeded in 0.11s
detect-illegalBerthing: succeeded in 0.09s
detect-CrossingBoundary: succeeded in 0.19s
detect-illegalStaying: succeeded in 0.22s
detect-illegalAnchored: succeeded in 0.34s
detect-abnormalWandering: succeeded in 5.22s
detect-deviation: succeeded in 0.97s
detect-doubleDragging: succeeded in 3.28s
detect-abnormalStaying: succeeded in 6.52s
detect-highSpeedBoat: succeeded in 2.03s
detect-collision: succeeded in 0.22s
detect-lowSpeedBoat: succeeded in 0.70s
detect-blackList: succeeded in 0.06s
detect-illegalBerthing: succeeded in 0.12s
detect-abnormalTransfer: succeeded in 0.22s
detect-CrossingBoundary: succeeded in 0.38s
detect-illegalStaying: succeeded in 0.39s
detect-illegalAnchored: succeeded in 0.39s
detect-deviation: succeeded in 0.83s
detect-doubleDragging: succeeded in 3.05s
detect-highSpeedBoat: succeeded in 1.55s
detect-collision: succeeded in 0.20s
detect-abnormalWandering: succeeded in 5.06s
detect-lowSpeedBoat: succeeded in 0.59s
detect-blackList: succeeded in 0.05s
detect-illegalStaying: succeeded in 0.12s
detect-abnormalStaying: succeeded in 5.58s
detect-CrossingBoundary: succeeded in 0.19s
detect-abnormalTransfer: succeeded in 0.25s
detect-illegalBerthing: succeeded in 0.30s
detect-illegalAnchored: succeeded in 0.41s
detect-deviation: succeeded in 0.89s
detect-doubleDragging: succeeded in 2.89s
detect-collision: succeeded in 0.03s
detect-highSpeedBoat: succeeded in 2.27s
detect-lowSpeedBoat: succeeded in 0.94s
detect-abnormalTransfer: succeeded in 0.14s
detect-blackList: succeeded in 0.14s
detect-illegalBerthing: succeeded in 0.14s
detect-CrossingBoundary: succeeded in 0.19s
detect-illegalStaying: succeeded in 0.36s
detect-illegalAnchored: succeeded in 0.42s
detect-deviation: succeeded in 0.83s
detect-doubleDragging: succeeded in 2.61s
detect-highSpeedBoat: succeeded in 1.14s
detect-abnormalStaying: succeeded in 4.62s
detect-abnormalWandering: succeeded in 4.81s
detect-collision: succeeded in 0.05s
detect-lowSpeedBoat: succeeded in 0.80s
detect-illegalBerthing: succeeded in 0.08s
detect-blackList: succeeded in 0.19s
detect-abnormalTransfer: succeeded in 0.23s
detect-illegalStaying: succeeded in 0.31s
detect-CrossingBoundary: succeeded in 0.34s
detect-illegalAnchored: succeeded in 0.38s
detect-deviation: succeeded in 1.01s
detect-highSpeedBoat: succeeded in 1.36s
detect-collision: succeeded in 0.06s
detect-lowSpeedBoat: succeeded in 0.53s
detect-abnormalStaying: succeeded in 5.05s
detect-doubleDragging: succeeded in 4.88s
detect-abnormalWandering: succeeded in 5.62s
detect-blackList: succeeded in 0.17s
detect-abnormalTransfer: succeeded in 0.27s
detect-illegalStaying: succeeded in 0.25s
detect-illegalBerthing: succeeded in 0.22s
detect-illegalAnchored: succeeded in 0.28s
detect-CrossingBoundary: succeeded in 0.41s
detect-highSpeedBoat: succeeded in 0.86s
detect-deviation: succeeded in 0.92s
detect-collision: succeeded in 0.06s
detect-lowSpeedBoat: succeeded in 0.67s
detect-doubleDragging: succeeded in 2.59s
detect-blackList: succeeded in 0.05s
detect-illegalBerthing: succeeded in 0.14s
detect-abnormalTransfer: succeeded in 0.16s
detect-CrossingBoundary: succeeded in 0.19s
detect-illegalStaying: succeeded in 0.19s
detect-illegalAnchored: succeeded in 0.36s
detect-deviation: succeeded in 0.75s
detect-highSpeedBoat: succeeded in 1.26s
detect-abnormalStaying: succeeded in 6.03s
detect-collision: succeeded in 0.23s
detect-abnormalWandering: succeeded in 5.70s
detect-lowSpeedBoat: succeeded in 0.59s
detect-doubleDragging: succeeded in 3.25s
detect-blackList: succeeded in 0.06s
detect-illegalBerthing: succeeded in 0.11s
detect-abnormalTransfer: succeeded in 0.12s
detect-CrossingBoundary: succeeded in 0.28s
detect-illegalStaying: succeeded in 0.30s
detect-illegalAnchored: succeeded in 0.36s
detect-deviation: succeeded in 0.88s
detect-highSpeedBoat: succeeded in 1.31s
detect-collision: succeeded in 0.30s
detect-doubleDragging: succeeded in 2.84s
detect-lowSpeedBoat: succeeded in 0.97s
detect-blackList: succeeded in 0.05s
detect-CrossingBoundary: succeeded in 0.16s
detect-abnormalWandering: succeeded in 5.12s
detect-abnormalTransfer: succeeded in 0.28s
detect-abnormalStaying: succeeded in 5.66s
detect-illegalBerthing: succeeded in 0.28s
detect-illegalStaying: succeeded in 0.31s
detect-illegalAnchored: succeeded in 0.44s
detect-highSpeedBoat: succeeded in 0.83s
detect-deviation: succeeded in 0.88s
detect-collision: succeeded in 0.11s
detect-doubleDragging: succeeded in 2.33s
detect-lowSpeedBoat: succeeded in 0.59s
detect-CrossingBoundary: succeeded in 0.17s
detect-blackList: succeeded in 0.26s
detect-abnormalTransfer: succeeded in 0.26s
detect-illegalBerthing: succeeded in 0.22s
detect-illegalStaying: succeeded in 0.33s
detect-illegalAnchored: succeeded in 0.52s
detect-deviation: succeeded in 0.92s
detect-highSpeedBoat: succeeded in 1.36s
detect-abnormalStaying: succeeded in 4.58s
detect-abnormalWandering: succeeded in 4.66s
detect-collision: succeeded in 0.03s
detect-lowSpeedBoat: succeeded in 0.89s
detect-illegalBerthing: succeeded in 0.30s
detect-doubleDragging: succeeded in 4.08s
detect-blackList: succeeded in 0.42s
detect-illegalStaying: succeeded in 0.47s
detect-abnormalTransfer: succeeded in 0.56s
detect-CrossingBoundary: succeeded in 0.58s
detect-illegalAnchored: succeeded in 0.59s
detect-deviation: succeeded in 1.01s
detect-highSpeedBoat: succeeded in 1.66s
detect-collision: succeeded in 0.06s
detect-lowSpeedBoat: succeeded in 0.94s
detect-doubleDragging: succeeded in 3.08s
detect-blackList: succeeded in 0.06s
detect-illegalBerthing: succeeded in 0.14s
detect-abnormalTransfer: succeeded in 0.22s
detect-illegalStaying: succeeded in 0.28s
detect-illegalAnchored: succeeded in 0.45s
detect-CrossingBoundary: succeeded in 0.50s
detect-abnormalStaying: succeeded in 6.11s
detect-highSpeedBoat: succeeded in 0.89s
detect-abnormalWandering: succeeded in 6.84s
detect-deviation: succeeded in 1.22s
detect-collision: succeeded in 0.06s
detect-lowSpeedBoat: succeeded in 0.59s
detect-doubleDragging: succeeded in 2.61s
detect-blackList: succeeded in 0.05s
detect-illegalBerthing: succeeded in 0.12s
detect-CrossingBoundary: succeeded in 0.19s
detect-abnormalTransfer: succeeded in 0.22s
detect-illegalStaying: succeeded in 0.23s
detect-illegalAnchored: succeeded in 0.39s
detect-deviation: succeeded in 0.88s
detect-highSpeedBoat: succeeded in 1.20s
detect-collision: succeeded in 0.30s
detect-doubleDragging: succeeded in 2.77s
detect-lowSpeedBoat: succeeded in 0.89s
detect-blackList: succeeded in 0.06s
detect-illegalBerthing: succeeded in 0.09s
detect-abnormalTransfer: succeeded in 0.16s
detect-CrossingBoundary: succeeded in 0.17s
detect-illegalStaying: succeeded in 0.23s
detect-illegalAnchored: succeeded in 0.34s
detect-abnormalStaying: succeeded in 6.61s
detect-deviation: succeeded in 1.00s
detect-abnormalWandering: succeeded in 6.89s
detect-highSpeedBoat: succeeded in 1.62s
detect-collision: succeeded in 0.25s
detect-lowSpeedBoat: succeeded in 0.69s
detect-doubleDragging: succeeded in 2.67s
detect-blackList: succeeded in 0.05s
detect-abnormalTransfer: succeeded in 0.14s
detect-illegalStaying: succeeded in 0.14s
detect-CrossingBoundary: succeeded in 0.20s
detect-illegalBerthing: succeeded in 0.25s
detect-illegalAnchored: succeeded in 0.44s
detect-highSpeedBoat: succeeded in 0.73s
detect-deviation: succeeded in 0.78s
detect-abnormalStaying: succeeded in 4.58s
detect-collision: succeeded in 0.05s
detect-abnormalWandering: succeeded in 4.72s
detect-lowSpeedBoat: succeeded in 0.91s
detect-doubleDragging: succeeded in 2.80s
detect-blackList: succeeded in 0.20s
detect-CrossingBoundary: succeeded in 0.20s
detect-illegalBerthing: succeeded in 0.19s
detect-abnormalTransfer: succeeded in 0.24s
detect-illegalStaying: succeeded in 0.42s
detect-illegalAnchored: succeeded in 0.50s
detect-deviation: succeeded in 0.95s
detect-collision: succeeded in 0.05s
detect-lowSpeedBoat: succeeded in 0.67s
detect-highSpeedBoat: succeeded in 2.42s
detect-doubleDragging: succeeded in 2.91s
detect-abnormalStaying: succeeded in 5.31s
detect-illegalBerthing: succeeded in 0.08s
detect-blackList: succeeded in 0.11s
detect-abnormalTransfer: succeeded in 0.14s
detect-CrossingBoundary: succeeded in 0.22s
detect-illegalStaying: succeeded in 0.20s
detect-illegalAnchored: succeeded in 0.30s
detect-deviation: succeeded in 0.91s
detect-highSpeedBoat: succeeded in 1.53s
detect-collision: succeeded in 0.05s
detect-abnormalWandering: succeeded in 6.72s
detect-lowSpeedBoat: succeeded in 1.00s
detect-doubleDragging: succeeded in 2.89s
detect-blackList: succeeded in 0.16s
detect-abnormalTransfer: succeeded in 0.24s
detect-illegalStaying: succeeded in 0.20s
detect-illegalBerthing: succeeded in 0.19s
detect-CrossingBoundary: succeeded in 0.31s
detect-illegalAnchored: succeeded in 0.38s
detect-deviation: succeeded in 1.03s
detect-abnormalStaying: succeeded in 4.97s
detect-collision: succeeded in 0.06s
detect-highSpeedBoat: succeeded in 1.77s
detect-doubleDragging: succeeded in 2.14s
detect-lowSpeedBoat: succeeded in 0.62s
detect-blackList: succeeded in 0.05s
detect-illegalStaying: succeeded in 0.24s
detect-CrossingBoundary: succeeded in 0.25s
detect-illegalBerthing: succeeded in 0.27s
detect-illegalAnchored: succeeded in 0.30s
detect-abnormalTransfer: succeeded in 0.41s
detect-deviation: succeeded in 0.80s
detect-highSpeedBoat: succeeded in 0.81s
detect-collision: succeeded in 0.24s
detect-doubleDragging: succeeded in 2.05s
detect-lowSpeedBoat: succeeded in 0.83s
detect-abnormalWandering: succeeded in 7.38s
detect-blackList: succeeded in 0.05s
detect-illegalBerthing: succeeded in 0.17s
detect-CrossingBoundary: succeeded in 0.20s
detect-abnormalTransfer: succeeded in 0.25s
detect-illegalStaying: succeeded in 0.23s
detect-abnormalStaying: succeeded in 5.55s
detect-illegalAnchored: succeeded in 0.33s
detect-deviation: succeeded in 0.81s
detect-highSpeedBoat: succeeded in 0.88s
detect-collision: succeeded in 0.24s
detect-doubleDragging: succeeded in 2.17s
detect-lowSpeedBoat: succeeded in 0.66s
detect-blackList: succeeded in 0.06s
detect-abnormalTransfer: succeeded in 0.11s
detect-illegalStaying: succeeded in 0.16s
detect-illegalBerthing: succeeded in 0.14s
detect-CrossingBoundary: succeeded in 0.20s
detect-illegalAnchored: succeeded in 0.31s
detect-deviation: succeeded in 0.77s
detect-abnormalWandering: succeeded in 4.47s
detect-abnormalStaying: succeeded in 4.47s
detect-highSpeedBoat: succeeded in 1.97s
detect-collision: succeeded in 0.23s
detect-lowSpeedBoat: succeeded in 0.80s
detect-doubleDragging: succeeded in 3.39s
detect-blackList: succeeded in 0.19s
detect-abnormalTransfer: succeeded in 0.28s
detect-illegalBerthing: succeeded in 0.26s
detect-CrossingBoundary: succeeded in 0.30s
detect-illegalStaying: succeeded in 0.33s
detect-illegalAnchored: succeeded in 0.59s
detect-deviation: succeeded in 1.14s
detect-highSpeedBoat: succeeded in 1.31s
detect-collision: succeeded in 0.06s
detect-abnormalWandering: succeeded in 4.86s
detect-lowSpeedBoat: succeeded in 0.56s
detect-doubleDragging: succeeded in 2.34s
detect-abnormalStaying: succeeded in 5.17s
detect-illegalBerthing: succeeded in 0.09s
detect-blackList: succeeded in 0.16s
detect-abnormalTransfer: succeeded in 0.16s
detect-illegalStaying: succeeded in 0.20s
detect-CrossingBoundary: succeeded in 0.24s
detect-illegalAnchored: succeeded in 0.34s
detect-deviation: succeeded in 0.95s
detect-highSpeedBoat: succeeded in 1.28s
detect-collision: succeeded in 0.03s
detect-lowSpeedBoat: succeeded in 1.09s
detect-blackList: succeeded in 0.05s
detect-illegalBerthing: succeeded in 0.17s
detect-CrossingBoundary: succeeded in 0.20s
detect-abnormalTransfer: succeeded in 0.27s
detect-illegalStaying: succeeded in 0.26s
detect-doubleDragging: succeeded in 3.83s
detect-illegalAnchored: succeeded in 0.38s
detect-abnormalWandering: succeeded in 5.50s
detect-deviation: succeeded in 1.08s
detect-highSpeedBoat: succeeded in 1.36s
detect-collision: succeeded in 0.05s
detect-lowSpeedBoat: succeeded in 0.58s
detect-doubleDragging: succeeded in 2.66s
detect-blackList: succeeded in 0.08s
detect-CrossingBoundary: succeeded in 0.16s
detect-abnormalStaying: succeeded in 7.62s
detect-illegalBerthing: succeeded in 0.17s
detect-illegalStaying: succeeded in 0.20s
detect-abnormalTransfer: succeeded in 0.25s
detect-illegalAnchored: succeeded in 0.48s
detect-deviation: succeeded in 0.91s
detect-highSpeedBoat: succeeded in 1.27s
detect-collision: succeeded in 0.17s
detect-abnormalWandering: succeeded in 4.95s
detect-doubleDragging: succeeded in 2.45s
detect-lowSpeedBoat: succeeded in 0.64s
detect-blackList: succeeded in 0.06s
detect-abnormalTransfer: succeeded in 0.16s
detect-illegalBerthing: succeeded in 0.20s
detect-illegalStaying: succeeded in 0.25s
detect-CrossingBoundary: succeeded in 0.28s
detect-illegalAnchored: succeeded in 0.34s
detect-deviation: succeeded in 0.80s
detect-highSpeedBoat: succeeded in 1.20s
detect-abnormalStaying: succeeded in 5.06s
detect-collision: succeeded in 0.28s
detect-lowSpeedBoat: succeeded in 0.86s
detect-doubleDragging: succeeded in 2.70s
detect-blackList: succeeded in 0.06s
detect-abnormalTransfer: succeeded in 0.38s
detect-illegalBerthing: succeeded in 0.34s
detect-illegalStaying: succeeded in 0.38s
detect-CrossingBoundary: succeeded in 0.45s
detect-illegalAnchored: succeeded in 0.55s
detect-deviation: succeeded in 1.03s
detect-abnormalWandering: succeeded in 6.05s
detect-highSpeedBoat: succeeded in 1.53s
detect-collision: succeeded in 0.09s
detect-lowSpeedBoat: succeeded in 0.66s
detect-doubleDragging: succeeded in 3.01s
detect-blackList: succeeded in 0.31s
detect-CrossingBoundary: succeeded in 0.31s
detect-abnormalTransfer: succeeded in 0.34s
detect-illegalBerthing: succeeded in 0.30s
detect-illegalStaying: succeeded in 0.36s
detect-illegalAnchored: succeeded in 0.38s
detect-deviation: succeeded in 0.94s
detect-abnormalStaying: succeeded in 7.05s
detect-highSpeedBoat: succeeded in 1.48s
detect-collision: succeeded in 0.05s
detect-doubleDragging: succeeded in 2.33s
detect-lowSpeedBoat: succeeded in 0.75s
detect-abnormalWandering: succeeded in 5.16s
detect-illegalBerthing: succeeded in 0.06s
detect-abnormalTransfer: succeeded in 0.16s
detect-blackList: succeeded in 0.17s
detect-illegalStaying: succeeded in 0.25s
detect-CrossingBoundary: succeeded in 0.28s
detect-illegalAnchored: succeeded in 0.36s
detect-deviation: succeeded in 1.02s
detect-collision: succeeded in 0.06s
detect-highSpeedBoat: succeeded in 2.42s
detect-lowSpeedBoat: succeeded in 0.95s
detect-abnormalStaying: succeeded in 4.89s
detect-blackList: succeeded in 0.05s
detect-abnormalTransfer: succeeded in 0.22s
detect-illegalBerthing: succeeded in 0.26s
detect-CrossingBoundary: succeeded in 0.28s
detect-illegalAnchored: succeeded in 0.34s
detect-illegalStaying: succeeded in 0.41s
detect-doubleDragging: succeeded in 3.84s
detect-deviation: succeeded in 0.95s
detect-highSpeedBoat: succeeded in 1.33s
detect-abnormalWandering: succeeded in 5.11s
detect-collision: succeeded in 0.05s
detect-lowSpeedBoat: succeeded in 1.06s
detect-blackList: succeeded in 0.05s
detect-illegalBerthing: succeeded in 0.09s
detect-CrossingBoundary: succeeded in 0.19s
detect-abnormalTransfer: succeeded in 0.22s
detect-illegalAnchored: succeeded in 0.33s
detect-illegalStaying: succeeded in 0.33s
detect-doubleDragging: succeeded in 3.77s
detect-deviation: succeeded in 1.03s
detect-highSpeedBoat: succeeded in 1.55s
detect-abnormalStaying: succeeded in 5.69s
detect-collision: succeeded in 0.23s
detect-lowSpeedBoat: succeeded in 0.98s
detect-blackList: succeeded in 0.05s
detect-illegalBerthing: succeeded in 0.09s
detect-illegalStaying: succeeded in 0.14s
detect-abnormalTransfer: succeeded in 0.25s
detect-CrossingBoundary: succeeded in 0.27s
detect-illegalAnchored: succeeded in 0.31s
detect-doubleDragging: succeeded in 3.47s
detect-deviation: succeeded in 0.91s
detect-highSpeedBoat: succeeded in 1.97s
detect-collision: succeeded in 0.33s
detect-abnormalWandering: succeeded in 7.67s
detect-lowSpeedBoat: succeeded in 0.80s
detect-blackList: succeeded in 0.08s
detect-doubleDragging: succeeded in 2.88s
detect-illegalStaying: succeeded in 0.20s
detect-abnormalTransfer: succeeded in 0.26s
detect-CrossingBoundary: succeeded in 0.27s
detect-illegalBerthing: succeeded in 0.28s
detect-illegalAnchored: succeeded in 0.38s
detect-abnormalStaying: succeeded in 5.98s
detect-deviation: succeeded in 0.97s
detect-highSpeedBoat: succeeded in 1.52s
detect-collision: succeeded in 0.12s
detect-lowSpeedBoat: succeeded in 1.59s
detect-illegalBerthing: succeeded in 0.27s
detect-CrossingBoundary: succeeded in 0.31s
detect-blackList: succeeded in 0.33s
detect-illegalAnchored: succeeded in 0.33s
detect-illegalStaying: succeeded in 0.34s
detect-abnormalTransfer: succeeded in 0.41s
detect-doubleDragging: succeeded in 4.48s
detect-deviation: succeeded in 0.92s
detect-highSpeedBoat: succeeded in 1.28s
detect-abnormalWandering: succeeded in 6.53s
detect-abnormalStaying: succeeded in 4.78s
detect-collision: succeeded in 0.05s
detect-lowSpeedBoat: succeeded in 0.78s
detect-illegalBerthing: succeeded in 0.20s
detect-CrossingBoundary: succeeded in 0.25s
detect-blackList: succeeded in 0.28s
detect-abnormalTransfer: succeeded in 0.30s
detect-illegalStaying: succeeded in 0.28s
detect-illegalAnchored: succeeded in 0.45s
detect-deviation: succeeded in 1.00s
detect-doubleDragging: succeeded in 3.92s
detect-highSpeedBoat: succeeded in 1.56s
detect-collision: succeeded in 0.05s
detect-lowSpeedBoat: succeeded in 0.84s
detect-blackList: succeeded in 0.09s
detect-illegalBerthing: succeeded in 0.12s
detect-abnormalTransfer: succeeded in 0.17s
detect-CrossingBoundary: succeeded in 0.23s
detect-illegalStaying: succeeded in 0.25s
detect-doubleDragging: succeeded in 2.47s
detect-abnormalWandering: succeeded in 5.50s
detect-illegalAnchored: succeeded in 0.36s
detect-deviation: succeeded in 0.88s
detect-highSpeedBoat: succeeded in 1.58s
detect-collision: succeeded in 0.03s
detect-abnormalStaying: succeeded in 7.70s
detect-lowSpeedBoat: succeeded in 0.70s
detect-doubleDragging: succeeded in 2.97s
detect-blackList: succeeded in 0.05s
detect-illegalBerthing: succeeded in 0.09s
detect-abnormalTransfer: succeeded in 0.16s
detect-illegalStaying: succeeded in 0.24s
detect-CrossingBoundary: succeeded in 0.28s
detect-illegalAnchored: succeeded in 0.36s
detect-deviation: succeeded in 1.31s
detect-abnormalWandering: succeeded in 4.99s
detect-collision: succeeded in 0.27s
detect-highSpeedBoat: succeeded in 2.17s
detect-lowSpeedBoat: succeeded in 0.64s
detect-doubleDragging: succeeded in 3.09s
detect-blackList: succeeded in 0.06s
detect-illegalBerthing: succeeded in 0.17s
detect-abnormalTransfer: succeeded in 0.19s
detect-illegalStaying: succeeded in 0.20s
detect-CrossingBoundary: succeeded in 0.24s
detect-illegalAnchored: succeeded in 0.45s
detect-abnormalStaying: succeeded in 5.80s
detect-deviation: succeeded in 0.83s
detect-highSpeedBoat: succeeded in 1.42s
detect-collision: succeeded in 0.17s
detect-lowSpeedBoat: succeeded in 0.76s
detect-doubleDragging: succeeded in 3.25s
detect-abnormalWandering: succeeded in 5.42s
detect-blackList: succeeded in 0.06s
detect-abnormalTransfer: succeeded in 0.11s
detect-illegalStaying: succeeded in 0.12s
detect-CrossingBoundary: succeeded in 0.16s
detect-illegalBerthing: succeeded in 0.16s
detect-illegalAnchored: succeeded in 0.48s
detect-deviation: succeeded in 0.94s
detect-highSpeedBoat: succeeded in 1.38s
detect-collision: succeeded in 0.05s
detect-lowSpeedBoat: succeeded in 0.64s
detect-doubleDragging: succeeded in 2.78s
detect-abnormalStaying: succeeded in 6.03s
detect-blackList: succeeded in 0.14s
detect-abnormalTransfer: succeeded in 0.20s
detect-CrossingBoundary: succeeded in 0.30s
detect-illegalBerthing: succeeded in 0.34s
detect-illegalStaying: succeeded in 0.38s
detect-illegalAnchored: succeeded in 0.44s
detect-deviation: succeeded in 0.72s
detect-abnormalWandering: succeeded in 4.52s
detect-highSpeedBoat: succeeded in 1.20s
detect-collision: succeeded in 0.06s
detect-lowSpeedBoat: succeeded in 0.70s
detect-doubleDragging: succeeded in 2.61s
detect-illegalBerthing: succeeded in 0.11s
detect-blackList: succeeded in 0.27s
detect-CrossingBoundary: succeeded in 0.28s
detect-illegalStaying: succeeded in 0.36s
detect-illegalAnchored: succeeded in 0.38s
detect-abnormalTransfer: succeeded in 0.42s
detect-deviation: succeeded in 0.94s
detect-abnormalStaying: succeeded in 4.94s
detect-collision: succeeded in 0.05s
detect-highSpeedBoat: succeeded in 1.94s
detect-lowSpeedBoat: succeeded in 0.53s
detect-doubleDragging: succeeded in 3.45s
detect-blackList: succeeded in 0.05s
detect-illegalBerthing: succeeded in 0.16s
detect-abnormalWandering: succeeded in 5.50s
detect-illegalStaying: succeeded in 0.22s
detect-abnormalTransfer: succeeded in 0.25s
detect-CrossingBoundary: succeeded in 0.31s
detect-illegalAnchored: succeeded in 0.42s
detect-deviation: succeeded in 1.02s
detect-highSpeedBoat: succeeded in 1.17s
detect-collision: succeeded in 0.05s
detect-lowSpeedBoat: succeeded in 0.59s
detect-doubleDragging: succeeded in 2.75s
detect-blackList: succeeded in 0.03s
detect-illegalBerthing: succeeded in 0.12s
detect-abnormalTransfer: succeeded in 0.19s
detect-CrossingBoundary: succeeded in 0.19s
detect-illegalAnchored: succeeded in 0.27s
detect-illegalStaying: succeeded in 0.31s
detect-deviation: succeeded in 0.80s
detect-highSpeedBoat: succeeded in 1.16s
detect-abnormalStaying: succeeded in 6.20s
detect-collision: succeeded in 0.16s
detect-lowSpeedBoat: succeeded in 0.78s
detect-abnormalWandering: succeeded in 5.56s
detect-doubleDragging: succeeded in 2.80s
detect-blackList: succeeded in 0.05s
detect-illegalBerthing: succeeded in 0.08s
detect-abnormalTransfer: succeeded in 0.26s
detect-illegalStaying: succeeded in 0.23s
detect-CrossingBoundary: succeeded in 0.25s
detect-illegalAnchored: succeeded in 0.52s
detect-deviation: succeeded in 1.05s
detect-highSpeedBoat: succeeded in 1.14s
detect-collision: succeeded in 0.22s
detect-lowSpeedBoat: succeeded in 0.61s
detect-doubleDragging: succeeded in 3.03s
detect-blackList: succeeded in 0.06s
detect-abnormalTransfer: succeeded in 0.12s
detect-illegalBerthing: succeeded in 0.12s
detect-CrossingBoundary: succeeded in 0.16s
detect-illegalStaying: succeeded in 0.17s
detect-abnormalStaying: succeeded in 5.55s
detect-illegalAnchored: succeeded in 0.33s
detect-deviation: succeeded in 0.80s
detect-abnormalWandering: succeeded in 5.00s
detect-collision: succeeded in 0.03s
detect-highSpeedBoat: succeeded in 2.17s
detect-lowSpeedBoat: succeeded in 0.51s
detect-doubleDragging: succeeded in 2.31s
detect-CrossingBoundary: succeeded in 0.20s
detect-illegalStaying: succeeded in 0.26s
detect-blackList: succeeded in 0.31s
detect-illegalBerthing: succeeded in 0.30s
detect-abnormalTransfer: succeeded in 0.42s
detect-illegalAnchored: succeeded in 0.50s
detect-deviation: succeeded in 0.97s
detect-abnormalStaying: succeeded in 4.73s
detect-collision: succeeded in 0.08s
detect-highSpeedBoat: succeeded in 2.51s
detect-lowSpeedBoat: succeeded in 0.84s
detect-doubleDragging: succeeded in 3.24s
detect-abnormalWandering: succeeded in 5.31s
detect-illegalBerthing: succeeded in 0.09s
detect-abnormalTransfer: succeeded in 0.20s
detect-blackList: succeeded in 0.22s
detect-illegalStaying: succeeded in 0.24s
detect-CrossingBoundary: succeeded in 0.27s
detect-illegalAnchored: succeeded in 0.33s
detect-highSpeedBoat: succeeded in 0.99s
detect-deviation: succeeded in 1.00s
detect-collision: succeeded in 0.06s
detect-doubleDragging: succeeded in 2.52s
detect-lowSpeedBoat: succeeded in 0.92s
detect-abnormalStaying: succeeded in 5.24s
detect-blackList: succeeded in 0.05s
detect-abnormalTransfer: succeeded in 0.20s
detect-illegalBerthing: succeeded in 0.22s
detect-illegalStaying: succeeded in 0.34s
detect-CrossingBoundary: succeeded in 0.58s
detect-illegalAnchored: succeeded in 0.58s
detect-deviation: succeeded in 1.02s
detect-highSpeedBoat: succeeded in 1.80s
detect-collision: succeeded in 0.05s
detect-abnormalWandering: succeeded in 5.34s
detect-lowSpeedBoat: succeeded in 0.89s
detect-doubleDragging: succeeded in 3.27s
detect-blackList: succeeded in 0.06s
detect-illegalBerthing: succeeded in 0.20s
detect-CrossingBoundary: succeeded in 0.22s
detect-abnormalTransfer: succeeded in 0.24s
detect-illegalAnchored: succeeded in 0.31s
detect-illegalStaying: succeeded in 0.34s
detect-deviation: succeeded in 0.81s
detect-highSpeedBoat: succeeded in 1.11s
detect-collision: succeeded in 0.19s
detect-abnormalStaying: succeeded in 5.80s
detect-lowSpeedBoat: succeeded in 0.70s
detect-doubleDragging: succeeded in 2.61s
detect-blackList: succeeded in 0.06s
detect-illegalBerthing: succeeded in 0.09s
detect-abnormalTransfer: succeeded in 0.14s
detect-illegalStaying: succeeded in 0.16s
detect-CrossingBoundary: succeeded in 0.25s
detect-illegalAnchored: succeeded in 0.33s
detect-deviation: succeeded in 1.02s
detect-collision: succeeded in 0.38s
detect-highSpeedBoat: succeeded in 2.75s
detect-lowSpeedBoat: succeeded in 0.92s
detect-abnormalWandering: succeeded in 7.69s
detect-blackList: succeeded in 0.06s
detect-doubleDragging: succeeded in 3.75s
detect-illegalStaying: succeeded in 0.16s
detect-illegalBerthing: succeeded in 0.19s
detect-abnormalTransfer: succeeded in 0.27s
detect-CrossingBoundary: succeeded in 0.28s
detect-illegalAnchored: succeeded in 0.48s
detect-deviation: succeeded in 0.95s
detect-abnormalStaying: succeeded in 6.08s
detect-highSpeedBoat: succeeded in 1.50s
detect-collision: succeeded in 0.03s
detect-lowSpeedBoat: succeeded in 0.53s
detect-doubleDragging: succeeded in 2.52s
detect-blackList: succeeded in 0.22s
detect-illegalStaying: succeeded in 0.22s
detect-abnormalTransfer: succeeded in 0.25s
detect-illegalBerthing: succeeded in 0.23s
detect-CrossingBoundary: succeeded in 0.25s
detect-illegalAnchored: succeeded in 0.38s
detect-deviation: succeeded in 0.72s
detect-highSpeedBoat: succeeded in 1.05s
detect-collision: succeeded in 0.05s
detect-lowSpeedBoat: succeeded in 0.84s
detect-abnormalWandering: succeeded in 6.86s
detect-illegalBerthing: succeeded in 0.09s
detect-blackList: succeeded in 0.17s
detect-abnormalTransfer: succeeded in 0.27s
detect-illegalAnchored: succeeded in 0.36s
detect-CrossingBoundary: succeeded in 0.38s
detect-illegalStaying: succeeded in 0.33s
detect-deviation: succeeded in 1.02s
detect-doubleDragging: succeeded in 4.72s
detect-abnormalStaying: succeeded in 6.49s
detect-collision: succeeded in 0.11s
detect-lowSpeedBoat: succeeded in 1.16s
detect-highSpeedBoat: succeeded in 3.30s
detect-blackList: succeeded in 0.05s
detect-illegalBerthing: succeeded in 0.11s
detect-illegalStaying: succeeded in 0.12s
detect-abnormalTransfer: succeeded in 0.24s
detect-CrossingBoundary: succeeded in 0.28s
detect-illegalAnchored: succeeded in 0.36s
detect-deviation: succeeded in 0.92s
detect-doubleDragging: succeeded in 3.72s
detect-abnormalWandering: succeeded in 5.03s
detect-collision: succeeded in 0.03s
detect-lowSpeedBoat: succeeded in 0.62s
detect-abnormalStaying: succeeded in 4.95s
detect-highSpeedBoat: succeeded in 1.11s
detect-blackList: succeeded in 0.05s
detect-illegalBerthing: succeeded in 0.25s
detect-illegalStaying: succeeded in 0.30s
detect-abnormalTransfer: succeeded in 0.33s
detect-illegalAnchored: succeeded in 0.44s
detect-CrossingBoundary: succeeded in 0.59s
detect-deviation: succeeded in 1.09s
detect-doubleDragging: succeeded in 2.97s
detect-collision: succeeded in 0.25s
detect-lowSpeedBoat: succeeded in 0.58s
detect-abnormalWandering: succeeded in 4.70s
detect-highSpeedBoat: succeeded in 1.31s
detect-blackList: succeeded in 0.05s
detect-illegalBerthing: succeeded in 0.08s
detect-abnormalTransfer: succeeded in 0.16s
detect-CrossingBoundary: succeeded in 0.19s
detect-illegalStaying: succeeded in 0.31s
detect-illegalAnchored: succeeded in 0.38s
detect-doubleDragging: succeeded in 2.14s
detect-deviation: succeeded in 0.94s
detect-collision: succeeded in 0.25s
detect-lowSpeedBoat: succeeded in 0.91s
detect-abnormalStaying: succeeded in 6.64s
detect-blackList: succeeded in 0.06s
detect-illegalStaying: succeeded in 0.14s
detect-abnormalTransfer: succeeded in 0.23s
detect-illegalBerthing: succeeded in 0.28s
detect-CrossingBoundary: succeeded in 0.33s
detect-illegalAnchored: succeeded in 0.47s
detect-deviation: succeeded in 1.69s
detect-collision: succeeded in 0.03s
detect-abnormalWandering: succeeded in 6.06s
detect-doubleDragging: succeeded in 4.33s
detect-highSpeedBoat: succeeded in 4.47s
detect-lowSpeedBoat: succeeded in 0.74s
detect-highSpeedBoat: succeeded in 0.95s
detect-CrossingBoundary: succeeded in 0.22s
detect-illegalBerthing: succeeded in 0.24s
detect-blackList: succeeded in 0.26s
detect-abnormalTransfer: succeeded in 0.30s
detect-illegalStaying: succeeded in 0.36s
detect-illegalAnchored: succeeded in 0.42s
detect-deviation: succeeded in 0.97s
detect-doubleDragging: succeeded in 2.44s
detect-collision: succeeded in 0.06s
detect-lowSpeedBoat: succeeded in 1.53s
detect-illegalBerthing: succeeded in 0.14s
detect-blackList: succeeded in 0.33s
detect-illegalStaying: succeeded in 0.41s
detect-abnormalTransfer: succeeded in 0.49s
detect-CrossingBoundary: succeeded in 0.47s
detect-illegalAnchored: succeeded in 0.50s
detect-abnormalStaying: succeeded in 8.59s
detect-abnormalWandering: succeeded in 5.81s
detect-highSpeedBoat: succeeded in 2.56s
detect-deviation: succeeded in 1.11s
detect-collision: succeeded in 0.03s
detect-doubleDragging: succeeded in 3.59s
detect-lowSpeedBoat: succeeded in 0.61s
detect-highSpeedBoat: succeeded in 1.05s
detect-blackList: succeeded in 0.03s
detect-abnormalTransfer: succeeded in 0.11s
detect-illegalStaying: succeeded in 0.09s
detect-illegalBerthing: succeeded in 0.11s
detect-CrossingBoundary: succeeded in 0.25s
detect-illegalAnchored: succeeded in 0.30s
detect-doubleDragging: succeeded in 1.84s
detect-deviation: succeeded in 0.80s
detect-collision: succeeded in 0.03s
detect-abnormalStaying: succeeded in 4.42s
detect-lowSpeedBoat: succeeded in 0.77s
detect-abnormalWandering: succeeded in 4.98s
detect-highSpeedBoat: succeeded in 1.03s
detect-blackList: succeeded in 0.05s
detect-abnormalTransfer: succeeded in 0.09s
detect-illegalBerthing: succeeded in 0.09s
detect-illegalStaying: succeeded in 0.14s
detect-CrossingBoundary: succeeded in 0.17s
detect-illegalAnchored: succeeded in 0.30s
detect-deviation: succeeded in 0.70s
detect-collision: succeeded in 0.38s
detect-doubleDragging: succeeded in 3.70s
detect-lowSpeedBoat: succeeded in 0.89s
detect-highSpeedBoat: succeeded in 1.44s
detect-blackList: succeeded in 0.05s
detect-illegalBerthing: succeeded in 0.12s
detect-CrossingBoundary: succeeded in 0.16s
detect-abnormalStaying: succeeded in 4.70s
detect-illegalStaying: succeeded in 0.25s
detect-abnormalTransfer: succeeded in 0.28s
detect-illegalAnchored: succeeded in 0.30s
detect-abnormalWandering: succeeded in 4.11s
detect-deviation: succeeded in 0.92s
detect-collision: succeeded in 0.33s
detect-doubleDragging: succeeded in 3.36s
detect-lowSpeedBoat: succeeded in 0.78s
detect-highSpeedBoat: succeeded in 1.09s
detect-blackList: succeeded in 0.06s
detect-CrossingBoundary: succeeded in 0.14s
detect-illegalStaying: succeeded in 0.16s
detect-abnormalTransfer: succeeded in 0.16s
detect-illegalBerthing: succeeded in 0.20s
detect-illegalAnchored: succeeded in 0.30s
detect-deviation: succeeded in 0.72s
detect-abnormalStaying: succeeded in 4.28s
detect-collision: succeeded in 0.06s
detect-doubleDragging: succeeded in 2.99s
detect-lowSpeedBoat: succeeded in 0.53s
detect-highSpeedBoat: succeeded in 0.78s
detect-abnormalWandering: succeeded in 4.16s
detect-CrossingBoundary: succeeded in 0.11s
detect-blackList: succeeded in 0.14s
detect-abnormalTransfer: succeeded in 0.20s
detect-illegalStaying: succeeded in 0.20s
detect-illegalBerthing: succeeded in 0.20s
detect-illegalAnchored: succeeded in 0.34s
detect-deviation: succeeded in 0.67s
detect-collision: succeeded in 0.05s
detect-doubleDragging: succeeded in 2.39s
detect-abnormalStaying: succeeded in 4.47s
detect-highSpeedBoat: succeeded in 0.97s
detect-lowSpeedBoat: succeeded in 0.95s
detect-illegalBerthing: succeeded in 0.08s
detect-blackList: succeeded in 0.17s
detect-illegalStaying: succeeded in 0.17s
detect-abnormalTransfer: succeeded in 0.22s
detect-abnormalWandering: succeeded in 4.16s
detect-CrossingBoundary: succeeded in 0.28s
detect-illegalAnchored: succeeded in 0.33s
detect-deviation: succeeded in 0.66s
detect-collision: succeeded in 0.03s
detect-doubleDragging: succeeded in 1.94s
detect-lowSpeedBoat: succeeded in 0.61s
detect-highSpeedBoat: succeeded in 0.92s
detect-blackList: succeeded in 0.05s
detect-abnormalTransfer: succeeded in 0.08s
detect-illegalBerthing: succeeded in 0.11s
detect-illegalStaying: succeeded in 0.11s
detect-CrossingBoundary: succeeded in 0.20s
detect-abnormalStaying: succeeded in 4.34s
detect-illegalAnchored: succeeded in 0.36s
detect-abnormalWandering: succeeded in 3.48s
detect-deviation: succeeded in 0.78s
detect-collision: succeeded in 0.03s
detect-lowSpeedBoat: succeeded in 0.48s
detect-doubleDragging: succeeded in 2.41s
detect-highSpeedBoat: succeeded in 0.88s
detect-blackList: succeeded in 0.06s
detect-abnormalTransfer: succeeded in 0.20s
detect-illegalStaying: succeeded in 0.30s
detect-illegalBerthing: succeeded in 0.31s
detect-CrossingBoundary: succeeded in 0.34s
detect-illegalAnchored: succeeded in 0.45s
detect-deviation: succeeded in 0.92s
detect-abnormalWandering: succeeded in 3.70s
detect-collision: succeeded in 0.27s
detect-lowSpeedBoat: succeeded in 0.67s
detect-highSpeedBoat: succeeded in 1.20s
detect-abnormalStaying: succeeded in 4.44s
detect-doubleDragging: succeeded in 2.92s
detect-blackList: succeeded in 0.05s
detect-illegalBerthing: succeeded in 0.06s
detect-CrossingBoundary: succeeded in 0.14s
detect-abnormalTransfer: succeeded in 0.14s
detect-illegalStaying: succeeded in 0.25s
detect-illegalAnchored: succeeded in 0.33s
detect-deviation: succeeded in 0.78s
detect-collision: succeeded in 0.14s
detect-abnormalWandering: succeeded in 3.99s
detect-lowSpeedBoat: succeeded in 0.58s
detect-doubleDragging: succeeded in 2.39s
detect-highSpeedBoat: succeeded in 0.97s
detect-blackList: succeeded in 0.05s
detect-abnormalTransfer: succeeded in 0.09s
detect-illegalStaying: succeeded in 0.14s
detect-CrossingBoundary: succeeded in 0.14s
detect-illegalBerthing: succeeded in 0.16s
detect-illegalAnchored: succeeded in 0.30s
detect-deviation: succeeded in 0.66s
detect-abnormalStaying: succeeded in 4.62s
detect-collision: succeeded in 0.05s
detect-doubleDragging: succeeded in 1.91s
detect-lowSpeedBoat: succeeded in 0.86s
detect-abnormalWandering: succeeded in 3.81s
detect-highSpeedBoat: succeeded in 1.25s
detect-abnormalTransfer: succeeded in 0.20s
detect-illegalBerthing: succeeded in 0.19s
detect-CrossingBoundary: succeeded in 0.25s
detect-blackList: succeeded in 0.27s
detect-illegalStaying: succeeded in 0.41s
detect-illegalAnchored: succeeded in 0.42s
detect-deviation: succeeded in 0.77s
detect-collision: succeeded in 0.05s
detect-doubleDragging: succeeded in 2.17s
detect-lowSpeedBoat: succeeded in 0.70s
detect-abnormalStaying: succeeded in 4.47s
detect-highSpeedBoat: succeeded in 1.88s
detect-illegalBerthing: succeeded in 0.16s
detect-blackList: succeeded in 0.22s
detect-CrossingBoundary: succeeded in 0.23s
detect-abnormalTransfer: succeeded in 0.28s
detect-illegalStaying: succeeded in 0.33s
detect-illegalAnchored: succeeded in 0.34s
detect-abnormalWandering: succeeded in 4.24s
detect-deviation: succeeded in 0.73s
detect-collision: succeeded in 0.05s
detect-doubleDragging: succeeded in 1.92s
detect-lowSpeedBoat: succeeded in 0.75s
detect-blackList: succeeded in 0.06s
detect-abnormalTransfer: succeeded in 0.16s
detect-highSpeedBoat: succeeded in 1.78s
detect-illegalStaying: succeeded in 0.30s
detect-illegalBerthing: succeeded in 0.30s
detect-illegalAnchored: succeeded in 0.38s
detect-CrossingBoundary: succeeded in 0.51s
detect-deviation: succeeded in 0.95s
detect-abnormalStaying: succeeded in 4.95s
detect-collision: succeeded in 0.05s
detect-doubleDragging: succeeded in 2.08s
detect-lowSpeedBoat: succeeded in 0.50s
detect-highSpeedBoat: succeeded in 0.94s
detect-abnormalWandering: succeeded in 4.25s
detect-blackList: succeeded in 0.05s
detect-illegalBerthing: succeeded in 0.08s
detect-CrossingBoundary: succeeded in 0.12s
detect-abnormalTransfer: succeeded in 0.19s
detect-illegalStaying: succeeded in 0.27s
detect-illegalAnchored: succeeded in 0.30s
detect-deviation: succeeded in 0.67s
detect-collision: succeeded in 0.17s
detect-lowSpeedBoat: succeeded in 0.59s
detect-doubleDragging: succeeded in 2.28s
detect-highSpeedBoat: succeeded in 0.78s
detect-abnormalStaying: succeeded in 4.27s
detect-blackList: succeeded in 0.03s
detect-illegalBerthing: succeeded in 0.08s
detect-CrossingBoundary: succeeded in 0.12s
detect-abnormalTransfer: succeeded in 0.16s
detect-illegalStaying: succeeded in 0.19s
detect-illegalAnchored: succeeded in 0.28s
detect-deviation: succeeded in 0.56s
detect-abnormalWandering: succeeded in 4.14s
detect-doubleDragging: succeeded in 1.42s
detect-collision: succeeded in 0.12s
detect-lowSpeedBoat: succeeded in 0.59s
detect-highSpeedBoat: succeeded in 0.83s
detect-blackList: succeeded in 0.06s
detect-abnormalTransfer: succeeded in 0.09s
detect-CrossingBoundary: succeeded in 0.16s
detect-illegalStaying: succeeded in 0.17s
detect-illegalBerthing: succeeded in 0.23s
detect-illegalAnchored: succeeded in 0.50s
detect-abnormalStaying: succeeded in 3.80s
detect-deviation: succeeded in 0.77s
detect-abnormalWandering: succeeded in 3.74s
detect-collision: succeeded in 0.03s
detect-lowSpeedBoat: succeeded in 0.58s
detect-doubleDragging: succeeded in 2.45s
detect-highSpeedBoat: succeeded in 1.23s
detect-blackList: succeeded in 0.09s
detect-abnormalTransfer: succeeded in 0.16s
detect-CrossingBoundary: succeeded in 0.14s
detect-illegalBerthing: succeeded in 0.16s
detect-illegalStaying: succeeded in 0.20s
detect-illegalAnchored: succeeded in 0.31s
detect-deviation: succeeded in 0.66s
detect-abnormalStaying: succeeded in 3.72s
detect-collision: succeeded in 0.05s
detect-abnormalWandering: succeeded in 3.58s
detect-doubleDragging: succeeded in 2.00s
detect-lowSpeedBoat: succeeded in 0.50s
detect-highSpeedBoat: succeeded in 1.75s
detect-illegalBerthing: succeeded in 0.14s
detect-blackList: succeeded in 0.33s
detect-CrossingBoundary: succeeded in 0.36s
detect-abnormalTransfer: succeeded in 0.38s
detect-illegalStaying: succeeded in 0.42s
detect-illegalAnchored: succeeded in 0.44s
detect-deviation: succeeded in 0.70s
detect-collision: succeeded in 0.05s
detect-doubleDragging: succeeded in 1.76s
detect-lowSpeedBoat: succeeded in 0.59s
detect-abnormalStaying: succeeded in 4.11s
detect-highSpeedBoat: succeeded in 0.78s
detect-abnormalWandering: succeeded in 4.12s
detect-blackList: succeeded in 0.11s
detect-illegalBerthing: succeeded in 0.22s
detect-illegalStaying: succeeded in 0.23s
detect-abnormalTransfer: succeeded in 0.27s
detect-CrossingBoundary: succeeded in 0.28s
detect-illegalAnchored: succeeded in 0.36s
detect-deviation: succeeded in 0.89s
detect-collision: succeeded in 0.05s
detect-lowSpeedBoat: succeeded in 0.45s
detect-doubleDragging: succeeded in 2.11s
detect-highSpeedBoat: succeeded in 0.92s
detect-blackList: succeeded in 0.11s
detect-abnormalTransfer: succeeded in 0.14s
detect-illegalBerthing: succeeded in 0.11s
detect-CrossingBoundary: succeeded in 0.14s
detect-illegalStaying: succeeded in 0.20s
detect-illegalAnchored: succeeded in 0.23s
detect-abnormalStaying: succeeded in 4.25s
detect-abnormalWandering: succeeded in 3.92s
detect-deviation: succeeded in 0.72s
detect-collision: succeeded in 0.50s
detect-doubleDragging: succeeded in 2.25s
detect-lowSpeedBoat: succeeded in 0.69s
detect-blackList: succeeded in 0.05s
detect-illegalBerthing: succeeded in 0.06s
detect-CrossingBoundary: succeeded in 0.14s
detect-illegalStaying: succeeded in 0.16s
detect-abnormalTransfer: succeeded in 0.20s
detect-illegalAnchored: succeeded in 0.38s
detect-deviation: succeeded in 0.72s
detect-highSpeedBoat: succeeded in 2.33s
detect-abnormalStaying: succeeded in 4.31s
detect-collision: succeeded in 0.25s
detect-lowSpeedBoat: succeeded in 0.53s
detect-doubleDragging: succeeded in 2.39s
detect-abnormalWandering: succeeded in 4.41s
detect-blackList: succeeded in 0.03s
detect-CrossingBoundary: succeeded in 0.17s
detect-illegalStaying: succeeded in 0.17s
detect-abnormalTransfer: succeeded in 0.19s
detect-illegalBerthing: succeeded in 0.20s
detect-illegalAnchored: succeeded in 0.50s
detect-deviation: succeeded in 0.88s
detect-highSpeedBoat: succeeded in 0.97s
detect-collision: succeeded in 0.03s
detect-lowSpeedBoat: succeeded in 0.67s
detect-doubleDragging: succeeded in 2.69s
detect-abnormalStaying: succeeded in 4.52s
detect-CrossingBoundary: succeeded in 0.16s
detect-blackList: succeeded in 0.22s
detect-illegalBerthing: succeeded in 0.19s
detect-abnormalTransfer: succeeded in 0.27s
detect-illegalStaying: succeeded in 0.33s
detect-illegalAnchored: succeeded in 0.34s
detect-deviation: succeeded in 0.66s
detect-abnormalWandering: succeeded in 4.12s
detect-highSpeedBoat: succeeded in 0.72s
detect-collision: succeeded in 0.05s
detect-doubleDragging: succeeded in 2.28s
detect-lowSpeedBoat: succeeded in 0.70s
detect-illegalBerthing: succeeded in 0.08s
detect-blackList: succeeded in 0.17s
detect-abnormalTransfer: succeeded in 0.22s
detect-CrossingBoundary: succeeded in 0.25s
detect-illegalStaying: succeeded in 0.28s
detect-illegalAnchored: succeeded in 0.31s
detect-abnormalStaying: succeeded in 3.58s
detect-deviation: succeeded in 0.67s
detect-abnormalWandering: succeeded in 3.36s
detect-highSpeedBoat: succeeded in 1.20s
detect-collision: succeeded in 0.05s
detect-lowSpeedBoat: succeeded in 0.58s
detect-doubleDragging: succeeded in 2.09s
detect-blackList: succeeded in 0.05s
detect-illegalBerthing: succeeded in 0.20s
detect-illegalAnchored: succeeded in 0.28s
detect-abnormalTransfer: succeeded in 0.31s
detect-illegalStaying: succeeded in 0.31s
detect-CrossingBoundary: succeeded in 0.41s
detect-deviation: succeeded in 0.94s
detect-highSpeedBoat: succeeded in 1.09s
detect-collision: succeeded in 0.03s
detect-abnormalWandering: succeeded in 4.20s
detect-lowSpeedBoat: succeeded in 0.58s
detect-doubleDragging: succeeded in 2.11s
detect-abnormalStaying: succeeded in 4.23s
detect-blackList: succeeded in 0.06s
detect-abnormalTransfer: succeeded in 0.11s
detect-CrossingBoundary: succeeded in 0.16s
detect-illegalBerthing: succeeded in 0.14s
detect-illegalStaying: succeeded in 0.17s
detect-illegalAnchored: succeeded in 0.27s
detect-deviation: succeeded in 0.66s
detect-highSpeedBoat: succeeded in 0.83s
detect-collision: succeeded in 0.23s
detect-lowSpeedBoat: succeeded in 0.58s
detect-doubleDragging: succeeded in 2.47s
detect-abnormalWandering: succeeded in 3.83s
detect-blackList: succeeded in 0.06s
detect-illegalBerthing: succeeded in 0.08s
detect-CrossingBoundary: succeeded in 0.12s
detect-abnormalTransfer: succeeded in 0.16s
detect-illegalStaying: succeeded in 0.17s
detect-illegalAnchored: succeeded in 0.27s
detect-deviation: succeeded in 0.86s
detect-abnormalStaying: succeeded in 4.50s
detect-collision: succeeded in 0.30s
detect-highSpeedBoat: succeeded in 1.89s
detect-lowSpeedBoat: succeeded in 0.66s
detect-doubleDragging: succeeded in 2.28s
detect-blackList: succeeded in 0.03s
detect-abnormalTransfer: succeeded in 0.08s
detect-illegalStaying: succeeded in 0.17s
detect-illegalBerthing: succeeded in 0.16s
detect-CrossingBoundary: succeeded in 0.20s
detect-illegalAnchored: succeeded in 0.30s
detect-abnormalWandering: succeeded in 3.75s
detect-deviation: succeeded in 0.56s
detect-highSpeedBoat: succeeded in 1.05s
detect-collision: succeeded in 0.05s
detect-abnormalStaying: succeeded in 3.95s
detect-lowSpeedBoat: succeeded in 0.61s
detect-doubleDragging: succeeded in 2.56s
detect-CrossingBoundary: succeeded in 0.22s
detect-blackList: succeeded in 0.25s
detect-illegalAnchored: succeeded in 0.26s
detect-abnormalTransfer: succeeded in 0.34s
detect-illegalBerthing: succeeded in 0.34s
detect-illegalStaying: succeeded in 0.47s
detect-highSpeedBoat: succeeded in 0.67s
detect-deviation: succeeded in 0.80s
detect-doubleDragging: succeeded in 1.50s
detect-collision: succeeded in 0.03s
detect-lowSpeedBoat: succeeded in 0.53s
detect-illegalBerthing: succeeded in 0.11s
detect-blackList: succeeded in 0.14s
detect-abnormalTransfer: succeeded in 0.16s
detect-illegalStaying: succeeded in 0.17s
detect-CrossingBoundary: succeeded in 0.17s
detect-abnormalWandering: succeeded in 4.77s
detect-illegalAnchored: succeeded in 0.28s
detect-abnormalStaying: succeeded in 4.84s
detect-deviation: succeeded in 0.61s
detect-highSpeedBoat: succeeded in 0.75s
detect-collision: succeeded in 0.03s
detect-doubleDragging: succeeded in 1.69s
detect-lowSpeedBoat: succeeded in 0.55s
detect-blackList: succeeded in 0.05s
detect-abnormalTransfer: succeeded in 0.16s
detect-illegalStaying: succeeded in 0.16s
detect-illegalAnchored: succeeded in 0.28s
detect-illegalBerthing: succeeded in 0.30s
detect-CrossingBoundary: succeeded in 0.33s
detect-deviation: succeeded in 0.92s
detect-abnormalWandering: succeeded in 4.08s
detect-abnormalStaying: succeeded in 3.86s
detect-collision: succeeded in 0.03s
detect-lowSpeedBoat: succeeded in 0.45s
detect-highSpeedBoat: succeeded in 2.53s
detect-blackList: succeeded in 0.03s
detect-illegalBerthing: succeeded in 0.14s
detect-illegalStaying: succeeded in 0.19s
detect-abnormalTransfer: succeeded in 0.25s
detect-CrossingBoundary: succeeded in 0.31s
detect-illegalAnchored: succeeded in 0.33s
detect-deviation: succeeded in 0.78s
detect-doubleDragging: succeeded in 3.94s
detect-highSpeedBoat: succeeded in 0.86s
detect-collision: succeeded in 0.11s
detect-lowSpeedBoat: succeeded in 0.45s
detect-abnormalWandering: succeeded in 4.20s
detect-abnormalStaying: succeeded in 4.50s
detect-doubleDragging: succeeded in 2.00s
detect-blackList: succeeded in 0.05s
detect-CrossingBoundary: succeeded in 0.16s
detect-illegalBerthing: succeeded in 0.16s
detect-abnormalTransfer: succeeded in 0.23s
detect-illegalStaying: succeeded in 0.25s
detect-illegalAnchored: succeeded in 0.30s
detect-deviation: succeeded in 1.01s
detect-highSpeedBoat: succeeded in 1.41s
detect-collision: succeeded in 0.22s
detect-lowSpeedBoat: succeeded in 0.64s
detect-doubleDragging: succeeded in 2.55s
detect-blackList: succeeded in 0.03s
detect-illegalStaying: succeeded in 0.12s
detect-abnormalTransfer: succeeded in 0.20s
detect-CrossingBoundary: succeeded in 0.20s
detect-illegalBerthing: succeeded in 0.20s
detect-illegalAnchored: succeeded in 0.30s
detect-abnormalWandering: succeeded in 4.31s
detect-deviation: succeeded in 0.78s
detect-abnormalStaying: succeeded in 4.26s
detect-highSpeedBoat: succeeded in 0.95s
detect-collision: succeeded in 0.05s
detect-lowSpeedBoat: succeeded in 0.56s
detect-doubleDragging: succeeded in 2.19s
detect-illegalBerthing: succeeded in 0.19s
detect-blackList: succeeded in 0.22s
detect-abnormalTransfer: succeeded in 0.25s
detect-CrossingBoundary: succeeded in 0.24s
detect-illegalStaying: succeeded in 0.39s
detect-illegalAnchored: succeeded in 0.49s
detect-highSpeedBoat: succeeded in 0.80s
detect-deviation: succeeded in 0.86s
detect-collision: succeeded in 0.03s
detect-doubleDragging: succeeded in 1.84s
detect-lowSpeedBoat: succeeded in 0.62s
detect-abnormalWandering: succeeded in 3.95s
detect-abnormalStaying: succeeded in 4.14s
detect-illegalBerthing: succeeded in 0.09s
detect-blackList: succeeded in 0.11s
detect-abnormalTransfer: succeeded in 0.17s
detect-illegalStaying: succeeded in 0.16s
detect-CrossingBoundary: succeeded in 0.19s
detect-illegalAnchored: succeeded in 0.26s
detect-deviation: succeeded in 0.72s
detect-highSpeedBoat: succeeded in 1.34s
detect-collision: succeeded in 0.03s
detect-lowSpeedBoat: succeeded in 0.73s
detect-doubleDragging: succeeded in 2.86s
detect-abnormalWandering: succeeded in 4.03s
detect-blackList: succeeded in 0.05s
detect-abnormalTransfer: succeeded in 0.12s
detect-illegalBerthing: succeeded in 0.17s
detect-CrossingBoundary: succeeded in 0.24s
detect-illegalStaying: succeeded in 0.27s
detect-illegalAnchored: succeeded in 0.30s
detect-abnormalStaying: succeeded in 4.49s
detect-deviation: succeeded in 0.78s
detect-highSpeedBoat: succeeded in 1.06s
detect-collision: succeeded in 0.05s
detect-doubleDragging: succeeded in 2.08s
detect-lowSpeedBoat: succeeded in 0.52s
detect-blackList: succeeded in 0.05s
detect-abnormalTransfer: succeeded in 0.14s
detect-CrossingBoundary: succeeded in 0.20s
detect-illegalStaying: succeeded in 0.19s
detect-illegalBerthing: succeeded in 0.20s
detect-abnormalWandering: succeeded in 3.59s
detect-illegalAnchored: succeeded in 0.31s
detect-deviation: succeeded in 0.86s
detect-abnormalStaying: succeeded in 3.62s
detect-highSpeedBoat: succeeded in 1.09s
detect-collision: succeeded in 0.22s
detect-lowSpeedBoat: succeeded in 0.53s
detect-doubleDragging: succeeded in 2.69s
detect-blackList: succeeded in 0.05s
detect-abnormalTransfer: succeeded in 0.08s
detect-illegalBerthing: succeeded in 0.08s
detect-CrossingBoundary: succeeded in 0.12s
detect-illegalStaying: succeeded in 0.16s
detect-illegalAnchored: succeeded in 0.28s
detect-deviation: succeeded in 0.61s
detect-highSpeedBoat: succeeded in 0.80s
detect-collision: succeeded in 0.23s
detect-doubleDragging: succeeded in 1.80s
detect-lowSpeedBoat: succeeded in 0.58s
detect-abnormalStaying: succeeded in 4.47s
detect-abnormalWandering: succeeded in 4.27s
detect-blackList: succeeded in 0.06s
detect-illegalStaying: succeeded in 0.12s
detect-abnormalTransfer: succeeded in 0.16s
detect-CrossingBoundary: succeeded in 0.20s
detect-illegalBerthing: succeeded in 0.20s
detect-illegalAnchored: succeeded in 0.31s
detect-highSpeedBoat: succeeded in 0.80s
detect-deviation: succeeded in 0.97s
detect-collision: succeeded in 0.03s
detect-doubleDragging: succeeded in 2.16s
detect-lowSpeedBoat: succeeded in 0.91s
detect-abnormalStaying: succeeded in 4.23s
detect-blackList: succeeded in 0.19s
detect-CrossingBoundary: succeeded in 0.17s
detect-abnormalTransfer: succeeded in 0.22s
detect-illegalBerthing: succeeded in 0.28s
detect-illegalStaying: succeeded in 0.34s
detect-illegalAnchored: succeeded in 0.47s
detect-abnormalWandering: succeeded in 4.34s
detect-deviation: succeeded in 0.69s
detect-highSpeedBoat: succeeded in 0.84s
detect-collision: succeeded in 0.05s
detect-doubleDragging: succeeded in 1.97s
detect-lowSpeedBoat: succeeded in 0.53s
detect-abnormalTransfer: succeeded in 0.12s
detect-illegalBerthing: succeeded in 0.11s
detect-blackList: succeeded in 0.14s
detect-CrossingBoundary: succeeded in 0.19s
detect-illegalStaying: succeeded in 0.19s
detect-illegalAnchored: succeeded in 0.34s
detect-deviation: succeeded in 0.69s
detect-abnormalStaying: succeeded in 4.25s
detect-highSpeedBoat: succeeded in 0.92s
detect-abnormalWandering: succeeded in 3.94s
detect-collision: succeeded in 0.06s
detect-lowSpeedBoat: succeeded in 0.64s
detect-doubleDragging: succeeded in 2.56s
detect-blackList: succeeded in 0.05s
detect-abnormalTransfer: succeeded in 0.17s
detect-illegalBerthing: succeeded in 0.16s
detect-CrossingBoundary: succeeded in 0.22s
detect-illegalStaying: succeeded in 0.20s
detect-illegalAnchored: succeeded in 0.28s
detect-deviation: succeeded in 0.75s
detect-highSpeedBoat: succeeded in 1.42s
detect-collision: succeeded in 0.11s
detect-abnormalWandering: succeeded in 3.99s
detect-lowSpeedBoat: succeeded in 0.59s
detect-doubleDragging: succeeded in 2.83s
detect-abnormalStaying: succeeded in 4.52s
detect-blackList: succeeded in 0.06s
detect-illegalBerthing: succeeded in 0.14s
detect-abnormalTransfer: succeeded in 0.30s
detect-CrossingBoundary: succeeded in 0.31s
detect-illegalStaying: succeeded in 0.47s
detect-illegalAnchored: succeeded in 0.58s
detect-deviation: succeeded in 1.00s
detect-highSpeedBoat: succeeded in 1.30s
detect-collision: succeeded in 0.22s
detect-lowSpeedBoat: succeeded in 0.80s
detect-abnormalWandering: succeeded in 4.08s
detect-doubleDragging: succeeded in 2.94s
detect-blackList: succeeded in 0.03s
detect-abnormalTransfer: succeeded in 0.09s
detect-illegalBerthing: succeeded in 0.11s
detect-CrossingBoundary: succeeded in 0.16s
detect-illegalStaying: succeeded in 0.22s
detect-illegalAnchored: succeeded in 0.27s
detect-deviation: succeeded in 0.59s
detect-highSpeedBoat: succeeded in 1.08s
detect-abnormalStaying: succeeded in 4.61s
detect-collision: succeeded in 0.20s
detect-lowSpeedBoat: succeeded in 0.62s
detect-doubleDragging: succeeded in 2.81s
detect-blackList: succeeded in 0.05s
detect-abnormalTransfer: succeeded in 0.09s
detect-CrossingBoundary: succeeded in 0.14s
detect-illegalStaying: succeeded in 0.12s
detect-illegalBerthing: succeeded in 0.16s
detect-illegalAnchored: succeeded in 0.27s
detect-abnormalWandering: succeeded in 4.11s
detect-deviation: succeeded in 0.72s
detect-highSpeedBoat: succeeded in 0.81s
detect-collision: succeeded in 0.03s
detect-doubleDragging: succeeded in 1.80s
detect-lowSpeedBoat: succeeded in 0.53s
detect-abnormalStaying: succeeded in 3.83s
detect-CrossingBoundary: succeeded in 0.12s
detect-blackList: succeeded in 0.17s
detect-illegalBerthing: succeeded in 0.20s
detect-abnormalTransfer: succeeded in 0.25s
detect-illegalStaying: succeeded in 0.30s
detect-illegalAnchored: succeeded in 0.34s
detect-deviation: succeeded in 0.64s
detect-highSpeedBoat: succeeded in 0.69s
detect-collision: succeeded in 0.05s
detect-doubleDragging: succeeded in 1.67s
detect-abnormalWandering: succeeded in 3.78s
detect-lowSpeedBoat: succeeded in 0.84s
detect-abnormalStaying: succeeded in 4.22s
detect-illegalBerthing: succeeded in 0.08s
detect-abnormalTransfer: succeeded in 0.20s
detect-illegalStaying: succeeded in 0.25s
detect-CrossingBoundary: succeeded in 0.27s
detect-blackList: succeeded in 0.27s
detect-illegalAnchored: succeeded in 0.31s
detect-deviation: succeeded in 0.75s
detect-highSpeedBoat: succeeded in 1.59s
detect-collision: succeeded in 0.03s
detect-lowSpeedBoat: succeeded in 0.58s
detect-doubleDragging: succeeded in 2.83s
detect-blackList: succeeded in 0.05s
detect-illegalBerthing: succeeded in 0.11s
detect-abnormalTransfer: succeeded in 0.16s
detect-illegalStaying: succeeded in 0.14s
detect-CrossingBoundary: succeeded in 0.17s
detect-illegalAnchored: succeeded in 0.25s
detect-abnormalWandering: succeeded in 4.73s
detect-deviation: succeeded in 0.80s
detect-highSpeedBoat: succeeded in 0.91s
detect-abnormalStaying: succeeded in 4.45s
detect-collision: succeeded in 0.03s
detect-lowSpeedBoat: succeeded in 0.76s
detect-doubleDragging: succeeded in 2.89s
detect-blackList: succeeded in 0.05s
detect-illegalBerthing: succeeded in 0.09s
detect-illegalStaying: succeeded in 0.20s
detect-CrossingBoundary: succeeded in 0.20s
detect-abnormalTransfer: succeeded in 0.27s
detect-illegalAnchored: succeeded in 0.34s
detect-deviation: succeeded in 0.88s
detect-highSpeedBoat: succeeded in 0.98s
detect-abnormalWandering: succeeded in 3.84s
detect-collision: succeeded in 0.16s
detect-lowSpeedBoat: succeeded in 0.59s
detect-abnormalStaying: succeeded in 4.20s
detect-doubleDragging: succeeded in 2.83s
detect-blackList: succeeded in 0.05s
detect-abnormalTransfer: succeeded in 0.09s
detect-illegalBerthing: succeeded in 0.08s
detect-CrossingBoundary: succeeded in 0.26s
detect-illegalStaying: succeeded in 0.27s
detect-illegalAnchored: succeeded in 0.30s
detect-highSpeedBoat: succeeded in 0.77s
detect-deviation: succeeded in 0.81s
detect-collision: succeeded in 0.25s
detect-doubleDragging: succeeded in 1.78s
detect-abnormalWandering: succeeded in 3.86s
detect-lowSpeedBoat: succeeded in 0.61s
detect-blackList: succeeded in 0.05s
detect-illegalStaying: succeeded in 0.11s
detect-CrossingBoundary: succeeded in 0.16s
detect-abnormalTransfer: succeeded in 0.20s
detect-illegalBerthing: succeeded in 0.19s
detect-illegalAnchored: succeeded in 0.41s
detect-abnormalStaying: succeeded in 4.91s
detect-deviation: succeeded in 0.99s
detect-highSpeedBoat: succeeded in 1.45s
detect-collision: succeeded in 0.05s
detect-lowSpeedBoat: succeeded in 0.76s
detect-abnormalWandering: succeeded in 4.06s
detect-doubleDragging: succeeded in 2.77s
detect-CrossingBoundary: succeeded in 0.19s
detect-blackList: succeeded in 0.24s
detect-illegalBerthing: succeeded in 0.22s
detect-illegalStaying: succeeded in 0.25s
detect-abnormalTransfer: succeeded in 0.27s
detect-illegalAnchored: succeeded in 0.48s
detect-deviation: succeeded in 0.69s
detect-highSpeedBoat: succeeded in 0.83s
detect-collision: succeeded in 0.05s
detect-doubleDragging: succeeded in 2.16s
detect-lowSpeedBoat: succeeded in 0.83s
detect-abnormalStaying: succeeded in 4.17s
detect-blackList: succeeded in 0.22s
detect-illegalBerthing: succeeded in 0.25s
detect-illegalStaying: succeeded in 0.34s
detect-abnormalTransfer: succeeded in 0.38s
detect-CrossingBoundary: succeeded in 0.39s
detect-illegalAnchored: succeeded in 0.45s
detect-deviation: succeeded in 1.11s
detect-abnormalWandering: succeeded in 4.66s
detect-highSpeedBoat: succeeded in 1.44s
detect-collision: succeeded in 0.03s
detect-lowSpeedBoat: succeeded in 0.66s
detect-doubleDragging: succeeded in 2.50s
detect-blackList: succeeded in 0.05s
detect-abnormalTransfer: succeeded in 0.12s
detect-illegalBerthing: succeeded in 0.12s
detect-illegalStaying: succeeded in 0.17s
detect-CrossingBoundary: succeeded in 0.20s
detect-illegalAnchored: succeeded in 0.30s
detect-abnormalStaying: succeeded in 4.28s
detect-deviation: succeeded in 0.61s
detect-highSpeedBoat: succeeded in 0.78s
detect-collision: succeeded in 0.03s
detect-doubleDragging: succeeded in 2.11s
detect-abnormalWandering: succeeded in 3.94s
detect-lowSpeedBoat: succeeded in 0.78s
detect-blackList: succeeded in 0.06s
detect-illegalBerthing: succeeded in 0.12s
detect-abnormalTransfer: succeeded in 0.22s
detect-CrossingBoundary: succeeded in 0.23s
detect-illegalStaying: succeeded in 0.34s
detect-illegalAnchored: succeeded in 0.39s
detect-deviation: succeeded in 0.94s
detect-abnormalStaying: succeeded in 3.89s
detect-highSpeedBoat: succeeded in 1.41s
detect-collision: succeeded in 0.20s
detect-doubleDragging: succeeded in 1.95s
detect-lowSpeedBoat: succeeded in 0.74s
detect-abnormalWandering: succeeded in 3.95s
detect-blackList: succeeded in 0.03s
detect-abnormalTransfer: succeeded in 0.12s
detect-CrossingBoundary: succeeded in 0.17s
detect-illegalBerthing: succeeded in 0.17s
detect-illegalStaying: succeeded in 0.23s
detect-illegalAnchored: succeeded in 0.36s
detect-deviation: succeeded in 1.02s
detect-highSpeedBoat: succeeded in 1.89s
detect-collision: succeeded in 0.17s
detect-abnormalStaying: succeeded in 4.11s
detect-lowSpeedBoat: succeeded in 0.61s
detect-doubleDragging: succeeded in 2.58s
detect-blackList: succeeded in 0.05s
detect-abnormalTransfer: succeeded in 0.11s
detect-illegalStaying: succeeded in 0.14s
detect-CrossingBoundary: succeeded in 0.17s
detect-illegalBerthing: succeeded in 0.17s
detect-illegalAnchored: succeeded in 0.28s
detect-abnormalWandering: succeeded in 3.89s
detect-deviation: succeeded in 0.81s
detect-highSpeedBoat: succeeded in 0.95s
detect-collision: succeeded in 0.12s
detect-lowSpeedBoat: succeeded in 0.67s
detect-doubleDragging: succeeded in 3.05s
detect-abnormalStaying: succeeded in 4.14s
detect-abnormalTransfer: succeeded in 0.19s
detect-CrossingBoundary: succeeded in 0.20s
detect-blackList: succeeded in 0.23s
detect-illegalBerthing: succeeded in 0.20s
detect-illegalStaying: succeeded in 0.22s
detect-illegalAnchored: succeeded in 0.33s
detect-deviation: succeeded in 0.91s
detect-abnormalWandering: succeeded in 3.75s
detect-highSpeedBoat: succeeded in 1.41s
detect-collision: succeeded in 0.03s
detect-lowSpeedBoat: succeeded in 0.64s
detect-doubleDragging: succeeded in 2.86s
detect-blackList: succeeded in 0.09s
detect-illegalBerthing: succeeded in 0.08s
detect-abnormalTransfer: succeeded in 0.12s
detect-illegalStaying: succeeded in 0.16s
detect-CrossingBoundary: succeeded in 0.19s
detect-illegalAnchored: succeeded in 0.30s
detect-deviation: succeeded in 0.66s
detect-abnormalStaying: succeeded in 4.16s
detect-highSpeedBoat: succeeded in 0.95s
detect-collision: succeeded in 0.03s
detect-abnormalWandering: succeeded in 3.86s
detect-doubleDragging: succeeded in 2.11s
detect-lowSpeedBoat: succeeded in 0.59s
detect-blackList: succeeded in 0.03s
detect-abnormalTransfer: succeeded in 0.14s
detect-illegalBerthing: succeeded in 0.12s
detect-illegalStaying: succeeded in 0.17s
detect-CrossingBoundary: succeeded in 0.20s
detect-illegalAnchored: succeeded in 0.30s
detect-deviation: succeeded in 0.70s
detect-highSpeedBoat: succeeded in 0.98s
detect-collision: succeeded in 0.03s
detect-doubleDragging: succeeded in 1.89s
detect-lowSpeedBoat: succeeded in 0.59s
detect-abnormalWandering: succeeded in 4.19s
detect-abnormalStaying: succeeded in 4.45s
detect-blackList: succeeded in 0.05s
detect-abnormalTransfer: succeeded in 0.08s
detect-CrossingBoundary: succeeded in 0.11s
detect-illegalBerthing: succeeded in 0.17s
detect-illegalStaying: succeeded in 0.19s
detect-illegalAnchored: succeeded in 0.38s
detect-highSpeedBoat: succeeded in 0.66s
detect-deviation: succeeded in 0.67s
detect-collision: succeeded in 0.11s
detect-doubleDragging: succeeded in 1.78s
detect-lowSpeedBoat: succeeded in 0.59s
detect-blackList: succeeded in 0.03s
detect-abnormalTransfer: succeeded in 0.12s
detect-CrossingBoundary: succeeded in 0.17s
detect-illegalBerthing: succeeded in 0.17s
detect-illegalStaying: succeeded in 0.26s
detect-illegalAnchored: succeeded in 0.31s
detect-deviation: succeeded in 0.62s
detect-abnormalWandering: succeeded in 4.06s
detect-highSpeedBoat: succeeded in 1.17s
detect-abnormalStaying: succeeded in 4.64s
detect-collision: succeeded in 0.20s
detect-doubleDragging: succeeded in 2.03s
detect-lowSpeedBoat: succeeded in 0.56s
detect-blackList: succeeded in 0.05s
detect-abnormalTransfer: succeeded in 0.14s
detect-CrossingBoundary: succeeded in 0.19s
detect-illegalStaying: succeeded in 0.20s
detect-illegalBerthing: succeeded in 0.19s
detect-illegalAnchored: succeeded in 0.39s
detect-deviation: succeeded in 0.69s
detect-highSpeedBoat: succeeded in 1.16s
detect-collision: succeeded in 0.08s
detect-abnormalWandering: succeeded in 3.83s
detect-abnormalStaying: succeeded in 3.99s
detect-lowSpeedBoat: succeeded in 0.74s
detect-doubleDragging: succeeded in 2.91s
detect-CrossingBoundary: succeeded in 0.17s
detect-illegalStaying: succeeded in 0.17s
detect-blackList: succeeded in 0.20s
detect-illegalBerthing: succeeded in 0.20s
detect-abnormalTransfer: succeeded in 0.25s
detect-illegalAnchored: succeeded in 0.36s
detect-deviation: succeeded in 0.59s
detect-highSpeedBoat: succeeded in 1.19s
detect-collision: succeeded in 0.05s
detect-doubleDragging: succeeded in 1.70s
detect-lowSpeedBoat: succeeded in 0.64s
detect-illegalBerthing: succeeded in 0.06s
detect-abnormalWandering: succeeded in 4.25s
detect-blackList: succeeded in 0.22s
detect-abnormalTransfer: succeeded in 0.22s
detect-illegalAnchored: succeeded in 0.25s
detect-CrossingBoundary: succeeded in 0.28s
detect-illegalStaying: succeeded in 0.28s
detect-abnormalStaying: succeeded in 4.02s
detect-deviation: succeeded in 1.05s
detect-highSpeedBoat: succeeded in 1.22s
detect-collision: succeeded in 0.05s
detect-lowSpeedBoat: succeeded in 0.53s
detect-doubleDragging: succeeded in 2.39s
detect-blackList: succeeded in 0.08s
detect-illegalBerthing: succeeded in 0.09s
detect-abnormalTransfer: succeeded in 0.11s
detect-illegalStaying: succeeded in 0.11s
detect-CrossingBoundary: succeeded in 0.17s
detect-illegalAnchored: succeeded in 0.27s
detect-abnormalWandering: succeeded in 3.38s
detect-deviation: succeeded in 0.64s
detect-highSpeedBoat: succeeded in 0.70s
detect-abnormalStaying: succeeded in 3.55s
detect-collision: succeeded in 0.03s
detect-doubleDragging: succeeded in 1.94s
detect-lowSpeedBoat: succeeded in 0.69s
detect-blackList: succeeded in 0.03s
detect-CrossingBoundary: succeeded in 0.12s
detect-abnormalTransfer: succeeded in 0.17s
detect-illegalStaying: succeeded in 0.22s
detect-illegalBerthing: succeeded in 0.12s
detect-illegalAnchored: succeeded in 0.30s
detect-deviation: succeeded in 0.72s
detect-highSpeedBoat: succeeded in 1.06s
detect-abnormalWandering: succeeded in 3.89s
detect-collision: succeeded in 0.23s
detect-doubleDragging: succeeded in 1.83s
detect-lowSpeedBoat: succeeded in 0.62s
detect-abnormalStaying: succeeded in 4.31s
detect-blackList: succeeded in 0.05s
detect-illegalStaying: succeeded in 0.12s
detect-CrossingBoundary: succeeded in 0.14s
detect-illegalBerthing: succeeded in 0.14s
detect-abnormalTransfer: succeeded in 0.17s
detect-illegalAnchored: succeeded in 0.25s
detect-deviation: succeeded in 0.70s
detect-highSpeedBoat: succeeded in 0.86s
detect-abnormalWandering: succeeded in 3.20s
detect-doubleDragging: succeeded in 1.78s
detect-collision: succeeded in 0.23s
detect-lowSpeedBoat: succeeded in 0.56s
detect-blackList: succeeded in 0.03s
detect-abnormalTransfer: succeeded in 0.14s
detect-CrossingBoundary: succeeded in 0.20s
detect-illegalStaying: succeeded in 0.20s
detect-illegalBerthing: succeeded in 0.20s
detect-illegalAnchored: succeeded in 0.42s
detect-deviation: succeeded in 0.69s
detect-abnormalStaying: succeeded in 4.30s
detect-highSpeedBoat: succeeded in 1.02s
detect-collision: succeeded in 0.05s
detect-lowSpeedBoat: succeeded in 0.48s
detect-abnormalWandering: succeeded in 4.31s
detect-doubleDragging: succeeded in 2.61s
detect-blackList: succeeded in 0.17s
detect-CrossingBoundary: succeeded in 0.19s
detect-illegalBerthing: succeeded in 0.19s
detect-abnormalTransfer: succeeded in 0.23s
detect-illegalStaying: succeeded in 0.22s
detect-illegalAnchored: succeeded in 0.31s
detect-deviation: succeeded in 0.78s
detect-highSpeedBoat: succeeded in 0.86s
detect-collision: succeeded in 0.05s
detect-lowSpeedBoat: succeeded in 0.67s
detect-abnormalStaying: succeeded in 4.24s
detect-abnormalWandering: succeeded in 3.70s
detect-illegalBerthing: succeeded in 0.17s
detect-abnormalTransfer: succeeded in 0.17s
detect-doubleDragging: succeeded in 3.49s
detect-CrossingBoundary: succeeded in 0.28s
detect-blackList: succeeded in 0.28s
detect-illegalAnchored: succeeded in 0.33s
detect-illegalStaying: succeeded in 0.33s
detect-deviation: succeeded in 0.78s
detect-highSpeedBoat: succeeded in 1.03s
detect-collision: succeeded in 0.03s
detect-doubleDragging: succeeded in 2.05s
detect-lowSpeedBoat: succeeded in 0.66s
detect-blackList: succeeded in 0.06s
detect-illegalBerthing: succeeded in 0.11s
detect-illegalStaying: succeeded in 0.14s
detect-abnormalTransfer: succeeded in 0.19s
detect-abnormalStaying: succeeded in 4.12s
detect-CrossingBoundary: succeeded in 0.27s
detect-illegalAnchored: succeeded in 0.38s
detect-deviation: succeeded in 0.84s
detect-abnormalWandering: succeeded in 4.50s
detect-collision: succeeded in 0.01s
detect-highSpeedBoat: succeeded in 1.72s
detect-lowSpeedBoat: succeeded in 0.58s
detect-doubleDragging: succeeded in 2.47s
detect-blackList: succeeded in 0.05s
detect-CrossingBoundary: succeeded in 0.17s
detect-illegalBerthing: succeeded in 0.17s
detect-abnormalTransfer: succeeded in 0.22s
detect-illegalStaying: succeeded in 0.23s
detect-illegalAnchored: succeeded in 0.26s
detect-deviation: succeeded in 0.61s
detect-abnormalStaying: succeeded in 3.67s
detect-highSpeedBoat: succeeded in 1.14s
detect-abnormalWandering: succeeded in 3.39s
detect-doubleDragging: succeeded in 1.77s
detect-collision: succeeded in 0.28s
detect-lowSpeedBoat: succeeded in 0.56s
detect-blackList: succeeded in 0.05s
detect-abnormalTransfer: succeeded in 0.11s
detect-illegalBerthing: succeeded in 0.14s
detect-illegalStaying: succeeded in 0.16s
detect-CrossingBoundary: succeeded in 0.19s
detect-illegalAnchored: succeeded in 0.33s
detect-deviation: succeeded in 0.88s
detect-highSpeedBoat: succeeded in 0.86s
detect-abnormalStaying: succeeded in 3.75s
detect-collision: succeeded in 0.19s
detect-abnormalWandering: succeeded in 4.06s
detect-lowSpeedBoat: succeeded in 0.52s
detect-doubleDragging: succeeded in 2.23s
detect-blackList: succeeded in 0.05s
detect-abnormalTransfer: succeeded in 0.12s
detect-CrossingBoundary: succeeded in 0.20s
detect-illegalStaying: succeeded in 0.22s
detect-illegalBerthing: succeeded in 0.25s
detect-illegalAnchored: succeeded in 0.44s
detect-deviation: succeeded in 0.67s
detect-abnormalStaying: succeeded in 3.55s
detect-collision: succeeded in 0.06s
detect-abnormalWandering: succeeded in 3.75s
detect-lowSpeedBoat: succeeded in 2.27s
detect-CrossingBoundary: succeeded in 0.12s
detect-blackList: succeeded in 0.12s
detect-illegalBerthing: succeeded in 0.12s
detect-abnormalTransfer: succeeded in 0.14s
detect-illegalStaying: succeeded in 0.16s
detect-illegalAnchored: succeeded in 0.31s
detect-highSpeedBoat: succeeded in 4.77s
detect-deviation: succeeded in 0.73s
detect-doubleDragging: succeeded in 5.27s
detect-collision: succeeded in 0.06s
detect-highSpeedBoat: succeeded in 2.09s
detect-lowSpeedBoat: succeeded in 0.94s
detect-abnormalStaying: succeeded in 4.00s
detect-illegalBerthing: succeeded in 0.11s
detect-blackList: succeeded in 0.12s
detect-abnormalTransfer: succeeded in 0.16s
detect-illegalStaying: succeeded in 0.17s
detect-abnormalWandering: succeeded in 3.76s
detect-CrossingBoundary: succeeded in 0.22s
detect-illegalAnchored: succeeded in 0.34s
detect-doubleDragging: succeeded in 3.31s
detect-deviation: succeeded in 0.73s
detect-highSpeedBoat: succeeded in 1.64s
detect-collision: succeeded in 0.05s
detect-lowSpeedBoat: succeeded in 0.56s
detect-doubleDragging: succeeded in 1.81s
detect-blackList: succeeded in 0.11s
detect-abnormalTransfer: succeeded in 0.16s
detect-CrossingBoundary: succeeded in 0.19s
detect-illegalBerthing: succeeded in 0.14s
detect-illegalStaying: succeeded in 0.22s
detect-illegalAnchored: succeeded in 0.39s
detect-abnormalStaying: succeeded in 3.80s
detect-abnormalWandering: succeeded in 3.66s
detect-deviation: succeeded in 1.06s
detect-highSpeedBoat: succeeded in 1.20s
detect-collision: succeeded in 0.03s
detect-doubleDragging: succeeded in 2.64s
detect-lowSpeedBoat: succeeded in 0.80s
detect-blackList: succeeded in 0.06s
detect-illegalBerthing: succeeded in 0.09s
detect-abnormalTransfer: succeeded in 0.16s
detect-CrossingBoundary: succeeded in 0.17s
detect-illegalStaying: succeeded in 0.22s
detect-illegalAnchored: succeeded in 0.31s
detect-abnormalStaying: succeeded in 3.62s
detect-deviation: succeeded in 0.72s
detect-abnormalWandering: succeeded in 3.64s
detect-highSpeedBoat: succeeded in 1.00s
detect-doubleDragging: succeeded in 1.72s
detect-collision: succeeded in 0.12s
detect-lowSpeedBoat: succeeded in 0.50s
detect-blackList: succeeded in 0.03s
detect-illegalBerthing: succeeded in 0.09s
detect-abnormalTransfer: succeeded in 0.17s
detect-illegalStaying: succeeded in 0.22s
detect-CrossingBoundary: succeeded in 0.30s
detect-illegalAnchored: succeeded in 0.42s
detect-abnormalStaying: succeeded in 3.45s
detect-deviation: succeeded in 0.73s
detect-abnormalWandering: succeeded in 3.53s
detect-highSpeedBoat: succeeded in 1.41s
detect-collision: succeeded in 0.22s
detect-doubleDragging: succeeded in 2.39s
detect-lowSpeedBoat: succeeded in 0.56s
detect-blackList: succeeded in 0.03s
detect-abnormalTransfer: succeeded in 0.09s
detect-illegalBerthing: succeeded in 0.11s
detect-illegalStaying: succeeded in 0.12s
detect-CrossingBoundary: succeeded in 0.19s
detect-illegalAnchored: succeeded in 0.31s
detect-deviation: succeeded in 0.66s
detect-abnormalStaying: succeeded in 3.47s
detect-abnormalWandering: succeeded in 3.47s
detect-highSpeedBoat: succeeded in 1.00s
detect-collision: succeeded in 0.06s
detect-blackList: succeeded in 0.06s
detect-abnormalTransfer: succeeded in 0.12s
detect-illegalBerthing: succeeded in 0.12s
detect-abnormalStaying: succeeded in 3.17s
detect-CrossingBoundary: succeeded in 0.14s
detect-abnormalWandering: succeeded in 3.09s
detect-illegalAnchored: succeeded in 0.25s
detect-collision: succeeded in 0.05s
detect-illegalStaying: succeeded in 1.83s
detect-lowSpeedBoat: succeeded in 4.30s
detect-deviation: succeeded in 2.55s
detect-doubleDragging: succeeded in 6.62s
detect-highSpeedBoat: succeeded in 3.14s
detect-lowSpeedBoat: succeeded in 0.72s
detect-illegalBerthing: succeeded in 0.16s
detect-abnormalTransfer: succeeded in 0.20s
detect-CrossingBoundary: succeeded in 0.22s
detect-illegalAnchored: succeeded in 0.26s
detect-blackList: succeeded in 0.30s
detect-illegalStaying: succeeded in 0.36s
detect-deviation: succeeded in 0.92s
detect-highSpeedBoat: succeeded in 1.01s
detect-collision: succeeded in 0.06s
detect-abnormalStaying: succeeded in 3.77s
detect-lowSpeedBoat: succeeded in 0.74s
detect-abnormalWandering: succeeded in 4.19s
detect-doubleDragging: succeeded in 3.45s
detect-blackList: succeeded in 0.05s
detect-illegalStaying: succeeded in 0.16s
detect-illegalBerthing: succeeded in 0.17s
detect-abnormalTransfer: succeeded in 0.22s
detect-illegalAnchored: succeeded in 0.30s
detect-CrossingBoundary: succeeded in 0.38s
detect-deviation: succeeded in 0.69s
detect-highSpeedBoat: succeeded in 1.05s
detect-collision: succeeded in 0.03s
detect-lowSpeedBoat: succeeded in 0.62s
detect-doubleDragging: succeeded in 2.44s
detect-abnormalStaying: succeeded in 4.38s
detect-blackList: succeeded in 0.06s
detect-illegalBerthing: succeeded in 0.17s
detect-abnormalTransfer: succeeded in 0.22s
detect-CrossingBoundary: succeeded in 0.20s
detect-illegalStaying: succeeded in 0.26s
detect-illegalAnchored: succeeded in 0.38s
detect-deviation: succeeded in 0.66s
detect-abnormalWandering: succeeded in 4.62s
detect-highSpeedBoat: succeeded in 1.38s
detect-collision: succeeded in 0.22s
detect-doubleDragging: succeeded in 2.26s
detect-lowSpeedBoat: succeeded in 0.78s
detect-blackList: succeeded in 0.05s
detect-abnormalTransfer: succeeded in 0.16s
detect-illegalBerthing: succeeded in 0.16s
detect-illegalStaying: succeeded in 0.28s
detect-CrossingBoundary: succeeded in 0.26s
detect-illegalAnchored: succeeded in 0.36s
detect-abnormalStaying: succeeded in 4.28s
detect-deviation: succeeded in 0.77s
detect-highSpeedBoat: succeeded in 1.08s
detect-abnormalWandering: succeeded in 3.94s
detect-collision: succeeded in 0.30s
detect-lowSpeedBoat: succeeded in 0.80s
detect-doubleDragging: succeeded in 2.72s
detect-blackList: succeeded in 0.03s
detect-abnormalTransfer: succeeded in 0.11s
detect-illegalStaying: succeeded in 0.12s
detect-illegalBerthing: succeeded in 0.11s
detect-CrossingBoundary: succeeded in 0.16s
detect-illegalAnchored: succeeded in 0.30s
detect-deviation: succeeded in 0.67s
detect-abnormalStaying: succeeded in 3.97s
detect-highSpeedBoat: succeeded in 1.22s
detect-collision: succeeded in 0.03s
detect-abnormalWandering: succeeded in 3.94s
detect-lowSpeedBoat: succeeded in 0.56s
detect-doubleDragging: succeeded in 2.39s
detect-blackList: succeeded in 0.19s
detect-illegalBerthing: succeeded in 0.22s
detect-abnormalTransfer: succeeded in 0.25s
detect-illegalStaying: succeeded in 0.24s
detect-CrossingBoundary: succeeded in 0.28s
detect-illegalAnchored: succeeded in 0.41s
detect-deviation: succeeded in 0.88s
detect-highSpeedBoat: succeeded in 1.74s
detect-collision: succeeded in 0.03s
detect-abnormalStaying: succeeded in 4.25s
detect-abnormalWandering: succeeded in 4.12s
detect-lowSpeedBoat: succeeded in 0.89s
detect-doubleDragging: succeeded in 2.91s
detect-illegalBerthing: succeeded in 0.12s
detect-blackList: succeeded in 0.17s
detect-CrossingBoundary: succeeded in 0.25s
detect-abnormalTransfer: succeeded in 0.25s
detect-illegalStaying: succeeded in 0.27s
detect-illegalAnchored: succeeded in 0.33s
detect-deviation: succeeded in 0.73s
detect-highSpeedBoat: succeeded in 1.49s
detect-collision: succeeded in 0.03s
detect-doubleDragging: succeeded in 1.86s
detect-lowSpeedBoat: succeeded in 0.51s
detect-abnormalStaying: succeeded in 4.22s
detect-abnormalWandering: succeeded in 4.17s
detect-blackList: succeeded in 0.12s
detect-abnormalTransfer: succeeded in 0.22s
detect-illegalStaying: succeeded in 0.28s
detect-illegalBerthing: succeeded in 0.22s
detect-CrossingBoundary: succeeded in 0.39s
detect-illegalAnchored: succeeded in 0.33s
detect-highSpeedBoat: succeeded in 1.20s
detect-deviation: succeeded in 1.48s
detect-collision: succeeded in 0.03s
detect-lowSpeedBoat: succeeded in 0.66s
detect-doubleDragging: succeeded in 3.16s
detect-blackList: succeeded in 0.05s
detect-abnormalTransfer: succeeded in 0.11s
detect-CrossingBoundary: succeeded in 0.17s
detect-illegalStaying: succeeded in 0.17s
detect-illegalBerthing: succeeded in 0.20s
detect-illegalAnchored: succeeded in 0.28s
detect-abnormalStaying: succeeded in 4.31s
detect-abnormalWandering: succeeded in 3.77s
detect-deviation: succeeded in 0.56s
detect-highSpeedBoat: succeeded in 0.81s
detect-collision: succeeded in 0.20s
detect-doubleDragging: succeeded in 1.81s
detect-lowSpeedBoat: succeeded in 1.16s
detect-blackList: succeeded in 0.03s
detect-abnormalTransfer: succeeded in 0.14s
detect-illegalBerthing: succeeded in 0.16s
detect-CrossingBoundary: succeeded in 0.23s
detect-illegalStaying: succeeded in 0.25s
detect-illegalAnchored: succeeded in 0.28s
detect-deviation: succeeded in 0.70s
detect-abnormalWandering: succeeded in 3.58s
detect-abnormalStaying: succeeded in 3.64s
detect-highSpeedBoat: succeeded in 1.19s
detect-collision: succeeded in 0.23s
detect-lowSpeedBoat: succeeded in 0.52s
detect-doubleDragging: succeeded in 2.03s
detect-blackList: succeeded in 0.05s
detect-abnormalTransfer: succeeded in 0.09s
detect-illegalBerthing: succeeded in 0.12s
detect-CrossingBoundary: succeeded in 0.17s
detect-illegalStaying: succeeded in 0.19s
detect-illegalAnchored: succeeded in 0.28s
detect-deviation: succeeded in 0.56s
detect-highSpeedBoat: succeeded in 1.38s
detect-collision: succeeded in 0.03s
detect-doubleDragging: succeeded in 2.17s
detect-lowSpeedBoat: succeeded in 0.67s
detect-abnormalWandering: succeeded in 3.92s
detect-abnormalStaying: succeeded in 3.95s
detect-illegalBerthing: succeeded in 0.17s
detect-blackList: succeeded in 0.19s
detect-abnormalTransfer: succeeded in 0.20s
detect-CrossingBoundary: succeeded in 0.22s
detect-illegalStaying: succeeded in 0.33s
detect-illegalAnchored: succeeded in 0.38s
detect-deviation: succeeded in 0.83s
detect-highSpeedBoat: succeeded in 0.99s
detect-doubleDragging: succeeded in 1.34s
detect-collision: succeeded in 0.06s
detect-lowSpeedBoat: succeeded in 0.51s
detect-illegalBerthing: succeeded in 0.08s
detect-blackList: succeeded in 0.16s
detect-abnormalWandering: succeeded in 4.00s
detect-abnormalTransfer: succeeded in 0.23s
detect-CrossingBoundary: succeeded in 0.25s
detect-abnormalStaying: succeeded in 4.03s
detect-illegalStaying: succeeded in 0.27s
detect-illegalAnchored: succeeded in 0.41s
detect-deviation: succeeded in 0.84s
detect-highSpeedBoat: succeeded in 1.23s
detect-collision: succeeded in 0.03s
detect-doubleDragging: succeeded in 1.89s
detect-lowSpeedBoat: succeeded in 0.58s
detect-blackList: succeeded in 0.05s
detect-illegalBerthing: succeeded in 0.11s
detect-illegalStaying: succeeded in 0.11s
detect-abnormalTransfer: succeeded in 0.14s
detect-CrossingBoundary: succeeded in 0.16s
detect-illegalAnchored: succeeded in 0.25s
detect-deviation: succeeded in 0.67s
detect-abnormalWandering: succeeded in 3.48s
detect-abnormalStaying: succeeded in 3.53s
detect-collision: succeeded in 0.09s
detect-highSpeedBoat: succeeded in 1.95s
detect-lowSpeedBoat: succeeded in 0.69s
detect-doubleDragging: succeeded in 2.84s
detect-blackList: succeeded in 0.05s
detect-CrossingBoundary: succeeded in 0.19s
detect-illegalBerthing: succeeded in 0.16s
detect-illegalStaying: succeeded in 0.17s
detect-abnormalTransfer: succeeded in 0.25s
detect-illegalAnchored: succeeded in 0.38s
detect-deviation: succeeded in 0.72s
detect-highSpeedBoat: succeeded in 0.78s
detect-abnormalWandering: succeeded in 3.50s
detect-abnormalStaying: succeeded in 3.45s
detect-collision: succeeded in 0.12s
detect-doubleDragging: succeeded in 1.73s
detect-lowSpeedBoat: succeeded in 0.58s
detect-blackList: succeeded in 0.05s
detect-abnormalTransfer: succeeded in 0.08s
detect-illegalBerthing: succeeded in 0.06s
detect-illegalStaying: succeeded in 0.12s
detect-CrossingBoundary: succeeded in 0.17s
detect-illegalAnchored: succeeded in 0.27s
detect-deviation: succeeded in 1.00s
detect-collision: succeeded in 0.16s
detect-abnormalStaying: succeeded in 4.08s
detect-abnormalWandering: succeeded in 4.23s
detect-highSpeedBoat: succeeded in 2.23s
detect-lowSpeedBoat: succeeded in 0.72s
detect-doubleDragging: succeeded in 2.73s
detect-blackList: succeeded in 0.05s
detect-abnormalTransfer: succeeded in 0.11s
detect-illegalBerthing: succeeded in 0.14s
detect-CrossingBoundary: succeeded in 0.17s
detect-illegalStaying: succeeded in 0.19s
detect-illegalAnchored: succeeded in 0.28s
detect-deviation: succeeded in 0.72s
detect-highSpeedBoat: succeeded in 1.06s
detect-collision: succeeded in 0.08s
detect-doubleDragging: succeeded in 1.74s
detect-lowSpeedBoat: succeeded in 0.97s
detect-abnormalStaying: succeeded in 3.75s
detect-abnormalWandering: succeeded in 3.78s
detect-CrossingBoundary: succeeded in 0.19s
detect-blackList: succeeded in 0.22s
detect-abnormalTransfer: succeeded in 0.25s
detect-illegalBerthing: succeeded in 0.25s
detect-illegalAnchored: succeeded in 0.45s
detect-illegalStaying: succeeded in 0.50s
detect-deviation: succeeded in 0.70s
detect-highSpeedBoat: succeeded in 0.70s
detect-doubleDragging: succeeded in 1.42s
detect-collision: succeeded in 0.03s
detect-lowSpeedBoat: succeeded in 0.53s
detect-blackList: succeeded in 0.09s
detect-illegalBerthing: succeeded in 0.08s
detect-abnormalTransfer: succeeded in 0.09s
detect-CrossingBoundary: succeeded in 0.12s
detect-illegalAnchored: succeeded in 0.19s
detect-illegalStaying: succeeded in 0.23s
detect-abnormalWandering: succeeded in 3.44s
detect-abnormalStaying: succeeded in 3.83s
detect-deviation: succeeded in 0.80s
detect-highSpeedBoat: succeeded in 1.47s
detect-collision: succeeded in 0.03s
detect-doubleDragging: succeeded in 2.41s
detect-lowSpeedBoat: succeeded in 0.86s
detect-blackList: succeeded in 0.05s
detect-illegalBerthing: succeeded in 0.09s
detect-illegalStaying: succeeded in 0.11s
detect-abnormalTransfer: succeeded in 0.16s
detect-CrossingBoundary: succeeded in 0.28s
detect-illegalAnchored: succeeded in 0.28s
detect-deviation: succeeded in 0.70s
detect-highSpeedBoat: succeeded in 0.91s
detect-doubleDragging: succeeded in 1.38s
detect-collision: succeeded in 0.03s
detect-lowSpeedBoat: succeeded in 0.47s
detect-abnormalWandering: succeeded in 3.74s
detect-abnormalStaying: succeeded in 3.75s
detect-blackList: succeeded in 0.05s
detect-abnormalTransfer: succeeded in 0.08s
detect-illegalBerthing: succeeded in 0.16s
detect-CrossingBoundary: succeeded in 0.25s
detect-illegalStaying: succeeded in 0.28s
detect-illegalAnchored: succeeded in 0.30s
detect-deviation: succeeded in 0.78s
detect-highSpeedBoat: succeeded in 1.03s
detect-doubleDragging: succeeded in 1.41s
detect-collision: succeeded in 0.08s
detect-lowSpeedBoat: succeeded in 0.48s
detect-abnormalWandering: succeeded in 3.72s
detect-blackList: succeeded in 0.03s
detect-illegalBerthing: succeeded in 0.11s
detect-abnormalTransfer: succeeded in 0.14s
detect-CrossingBoundary: succeeded in 0.16s
detect-illegalStaying: succeeded in 0.14s
detect-illegalAnchored: succeeded in 0.30s
detect-abnormalStaying: succeeded in 4.23s
detect-deviation: succeeded in 0.59s
detect-highSpeedBoat: succeeded in 0.78s
detect-doubleDragging: succeeded in 1.27s
detect-collision: succeeded in 0.17s
detect-lowSpeedBoat: succeeded in 0.61s
detect-blackList: succeeded in 0.05s
detect-abnormalTransfer: succeeded in 0.16s
detect-CrossingBoundary: succeeded in 0.20s
detect-illegalStaying: succeeded in 0.24s
detect-illegalBerthing: succeeded in 0.50s
detect-illegalAnchored: succeeded in 0.59s
detect-abnormalWandering: succeeded in 4.09s
detect-deviation: succeeded in 0.98s
detect-abnormalStaying: succeeded in 4.14s
detect-highSpeedBoat: succeeded in 1.47s
detect-collision: succeeded in 0.05s
detect-lowSpeedBoat: succeeded in 0.59s
detect-doubleDragging: succeeded in 2.84s
detect-blackList: succeeded in 0.09s
detect-abnormalTransfer: succeeded in 0.11s
detect-illegalBerthing: succeeded in 0.09s
detect-CrossingBoundary: succeeded in 0.14s
detect-illegalStaying: succeeded in 0.20s
detect-illegalAnchored: succeeded in 0.25s
detect-deviation: succeeded in 0.61s
detect-highSpeedBoat: succeeded in 1.00s
detect-doubleDragging: succeeded in 1.61s
detect-collision: succeeded in 0.03s
detect-abnormalStaying: succeeded in 3.69s
detect-lowSpeedBoat: succeeded in 0.62s
detect-abnormalWandering: succeeded in 4.02s
detect-illegalBerthing: succeeded in 0.11s
detect-blackList: succeeded in 0.12s
detect-abnormalTransfer: succeeded in 0.14s
detect-CrossingBoundary: succeeded in 0.20s
detect-illegalAnchored: succeeded in 0.25s
detect-collision: succeeded in 0.03s
detect-abnormalWandering: succeeded in 3.14s
detect-illegalStaying: succeeded in 3.09s
detect-abnormalStaying: succeeded in 4.78s
detect-blackList: succeeded in 0.03s
detect-illegalBerthing: succeeded in 0.16s
detect-abnormalTransfer: succeeded in 0.19s
detect-lowSpeedBoat: succeeded in 2.28s
detect-illegalAnchored: succeeded in 0.34s
detect-deviation: succeeded in 3.88s
detect-CrossingBoundary: succeeded in 0.38s
detect-highSpeedBoat: succeeded in 4.80s
detect-collision: succeeded in 0.05s
detect-illegalStaying: succeeded in 0.27s
detect-lowSpeedBoat: succeeded in 0.59s
detect-deviation: succeeded in 0.69s
detect-doubleDragging: succeeded in 5.76s
detect-abnormalWandering: succeeded in 4.19s
detect-highSpeedBoat: succeeded in 1.78s
detect-blackList: succeeded in 0.06s
detect-CrossingBoundary: succeeded in 0.14s
detect-abnormalTransfer: succeeded in 0.22s
detect-illegalBerthing: succeeded in 0.22s
detect-illegalAnchored: succeeded in 0.39s
detect-abnormalStaying: succeeded in 4.03s
detect-highSpeedBoat: succeeded in 1.58s
detect-illegalStaying: succeeded in 0.22s
detect-collision: succeeded in 0.25s
detect-lowSpeedBoat: succeeded in 0.64s
detect-doubleDragging: succeeded in 3.80s
detect-deviation: succeeded in 1.05s
detect-blackList: succeeded in 0.05s
detect-abnormalTransfer: succeeded in 0.09s
detect-CrossingBoundary: succeeded in 0.16s
detect-illegalBerthing: succeeded in 0.14s
detect-illegalAnchored: succeeded in 0.30s
detect-abnormalWandering: succeeded in 4.31s
detect-abnormalStaying: succeeded in 3.78s
detect-highSpeedBoat: succeeded in 0.89s
detect-doubleDragging: succeeded in 2.16s
detect-collision: succeeded in 0.27s
detect-illegalStaying: succeeded in 0.25s
detect-lowSpeedBoat: succeeded in 0.66s
detect-deviation: succeeded in 0.84s
detect-blackList: succeeded in 0.03s
detect-abnormalTransfer: succeeded in 0.11s
detect-CrossingBoundary: succeeded in 0.16s
detect-illegalBerthing: succeeded in 0.16s
detect-illegalAnchored: succeeded in 0.31s
detect-doubleDragging: succeeded in 1.98s
detect-abnormalWandering: succeeded in 3.61s
detect-abnormalStaying: succeeded in 3.66s
detect-collision: succeeded in 0.06s
detect-highSpeedBoat: succeeded in 1.78s
detect-illegalStaying: succeeded in 2.05s
detect-CrossingBoundary: succeeded in 0.22s
detect-blackList: succeeded in 0.27s
detect-abnormalTransfer: succeeded in 0.27s
detect-illegalBerthing: succeeded in 0.26s
detect-lowSpeedBoat: succeeded in 2.33s
detect-illegalAnchored: succeeded in 0.44s
detect-deviation: succeeded in 2.75s
detect-abnormalStaying: succeeded in 3.17s
detect-collision: succeeded in 0.03s
detect-highSpeedBoat: succeeded in 2.14s
detect-abnormalWandering: succeeded in 4.20s
detect-illegalStaying: succeeded in 0.41s
detect-doubleDragging: succeeded in 4.66s
detect-deviation: succeeded in 0.83s
detect-lowSpeedBoat: succeeded in 0.83s
detect-illegalBerthing: succeeded in 0.09s
detect-abnormalTransfer: succeeded in 0.16s
detect-blackList: succeeded in 0.22s
detect-CrossingBoundary: succeeded in 0.25s
detect-illegalAnchored: succeeded in 0.30s
detect-highSpeedBoat: succeeded in 1.31s
detect-collision: succeeded in 0.03s
detect-doubleDragging: succeeded in 1.81s
detect-illegalStaying: succeeded in 0.30s
detect-lowSpeedBoat: succeeded in 0.56s
detect-deviation: succeeded in 0.73s
detect-abnormalStaying: succeeded in 4.25s
detect-abnormalWandering: succeeded in 4.05s
detect-blackList: succeeded in 0.05s
detect-abnormalTransfer: succeeded in 0.09s
detect-illegalBerthing: succeeded in 0.11s
detect-illegalAnchored: succeeded in 0.28s
detect-CrossingBoundary: succeeded in 0.33s
detect-highSpeedBoat: succeeded in 1.50s
detect-collision: succeeded in 0.05s
detect-illegalStaying: succeeded in 0.28s
detect-lowSpeedBoat: succeeded in 0.62s
detect-deviation: succeeded in 0.84s
detect-doubleDragging: succeeded in 2.50s
detect-blackList: succeeded in 0.06s
detect-abnormalTransfer: succeeded in 0.09s
detect-illegalBerthing: succeeded in 0.08s
detect-CrossingBoundary: succeeded in 0.20s
detect-illegalAnchored: succeeded in 0.31s
detect-abnormalWandering: succeeded in 3.80s
detect-highSpeedBoat: succeeded in 0.84s
detect-abnormalStaying: succeeded in 4.69s
detect-collision: succeeded in 0.38s
detect-doubleDragging: succeeded in 2.09s
detect-illegalStaying: succeeded in 0.42s
detect-lowSpeedBoat: succeeded in 0.69s
detect-deviation: succeeded in 0.73s
detect-blackList: succeeded in 0.06s
detect-abnormalTransfer: succeeded in 0.11s
detect-illegalBerthing: succeeded in 0.12s
detect-CrossingBoundary: succeeded in 0.14s
detect-illegalAnchored: succeeded in 0.28s
detect-abnormalWandering: succeeded in 3.74s
detect-highSpeedBoat: succeeded in 1.31s
detect-collision: succeeded in 0.11s
detect-illegalStaying: succeeded in 0.17s
detect-lowSpeedBoat: succeeded in 0.45s
detect-deviation: succeeded in 0.62s
detect-doubleDragging: succeeded in 2.24s
detect-abnormalStaying: succeeded in 4.67s
detect-blackList: succeeded in 0.05s
detect-abnormalTransfer: succeeded in 0.08s
detect-CrossingBoundary: succeeded in 0.17s
detect-illegalBerthing: succeeded in 0.19s
detect-illegalAnchored: succeeded in 0.31s
detect-highSpeedBoat: succeeded in 1.56s
detect-collision: succeeded in 0.03s
detect-abnormalWandering: succeeded in 4.08s
detect-illegalStaying: succeeded in 0.19s
detect-lowSpeedBoat: succeeded in 0.59s
detect-deviation: succeeded in 0.78s
detect-doubleDragging: succeeded in 3.03s
detect-blackList: succeeded in 0.11s
detect-abnormalTransfer: succeeded in 0.12s
detect-illegalBerthing: succeeded in 0.11s
detect-CrossingBoundary: succeeded in 0.14s
detect-illegalAnchored: succeeded in 0.26s
detect-abnormalStaying: succeeded in 3.89s
detect-highSpeedBoat: succeeded in 1.03s
detect-collision: succeeded in 0.03s
detect-illegalStaying: succeeded in 0.30s
detect-doubleDragging: succeeded in 2.20s
detect-deviation: succeeded in 0.81s
detect-lowSpeedBoat: succeeded in 0.83s
detect-abnormalWandering: succeeded in 4.05s
detect-abnormalTransfer: succeeded in 0.11s
detect-blackList: succeeded in 0.12s
detect-illegalBerthing: succeeded in 0.08s
detect-CrossingBoundary: succeeded in 0.25s
detect-illegalAnchored: succeeded in 0.28s
detect-abnormalStaying: succeeded in 3.78s
detect-collision: succeeded in 0.03s
detect-illegalStaying: succeeded in 0.49s
detect-lowSpeedBoat: succeeded in 1.16s
detect-deviation: succeeded in 1.70s
detect-blackList: succeeded in 0.03s
detect-illegalBerthing: succeeded in 0.12s
detect-abnormalTransfer: succeeded in 0.16s
detect-CrossingBoundary: succeeded in 0.25s
detect-illegalAnchored: succeeded in 0.44s
detect-highSpeedBoat: succeeded in 4.56s
detect-abnormalWandering: succeeded in 5.61s
detect-collision: succeeded in 0.03s
detect-illegalStaying: succeeded in 0.27s
detect-lowSpeedBoat: succeeded in 0.62s
detect-deviation: succeeded in 0.94s
detect-abnormalStaying: succeeded in 5.06s
detect-doubleDragging: succeeded in 6.59s
detect-blackList: succeeded in 0.03s
detect-highSpeedBoat: succeeded in 2.16s
detect-illegalBerthing: succeeded in 0.11s
detect-abnormalTransfer: succeeded in 0.12s
detect-CrossingBoundary: succeeded in 0.17s
detect-illegalAnchored: succeeded in 0.30s
detect-highSpeedBoat: succeeded in 0.64s
detect-collision: succeeded in 0.11s
detect-illegalStaying: succeeded in 0.22s
detect-lowSpeedBoat: succeeded in 0.58s
detect-deviation: succeeded in 0.66s
detect-abnormalWandering: succeeded in 3.97s
detect-doubleDragging: succeeded in 2.88s
detect-blackList: succeeded in 0.03s
detect-illegalBerthing: succeeded in 0.08s
detect-abnormalTransfer: succeeded in 0.19s
detect-CrossingBoundary: succeeded in 0.28s
detect-illegalAnchored: succeeded in 0.42s
detect-abnormalStaying: succeeded in 4.58s
detect-highSpeedBoat: succeeded in 1.50s
detect-illegalStaying: succeeded in 0.20s
detect-collision: succeeded in 0.28s
detect-lowSpeedBoat: succeeded in 0.56s
detect-deviation: succeeded in 0.73s
detect-blackList: succeeded in 0.03s
detect-illegalBerthing: succeeded in 0.14s
detect-abnormalTransfer: succeeded in 0.16s
detect-doubleDragging: succeeded in 3.33s
detect-CrossingBoundary: succeeded in 0.17s
detect-abnormalWandering: succeeded in 4.25s
detect-illegalAnchored: succeeded in 0.36s
detect-highSpeedBoat: succeeded in 1.48s
detect-collision: succeeded in 0.05s
detect-illegalStaying: succeeded in 0.27s
detect-doubleDragging: succeeded in 2.16s
detect-lowSpeedBoat: succeeded in 0.59s
detect-abnormalStaying: succeeded in 4.28s
detect-deviation: succeeded in 0.94s
detect-blackList: succeeded in 0.14s
detect-CrossingBoundary: succeeded in 0.20s
detect-abnormalTransfer: succeeded in 0.22s
detect-illegalBerthing: succeeded in 0.20s
detect-illegalAnchored: succeeded in 0.47s
detect-abnormalWandering: succeeded in 3.76s
detect-collision: succeeded in 0.05s
detect-blackList: succeeded in 0.03s
detect-illegalBerthing: succeeded in 0.06s
detect-abnormalTransfer: succeeded in 0.06s
detect-CrossingBoundary: succeeded in 0.11s
detect-illegalAnchored: succeeded in 0.19s
detect-abnormalStaying: succeeded in 5.42s
detect-illegalStaying: succeeded in 3.34s
detect-deviation: succeeded in 3.45s
detect-doubleDragging: succeeded in 5.58s
detect-lowSpeedBoat: succeeded in 3.98s
detect-collision: succeeded in 0.03s
detect-illegalStaying: succeeded in 0.24s
detect-highSpeedBoat: succeeded in 6.12s
detect-abnormalWandering: succeeded in 5.80s
detect-lowSpeedBoat: succeeded in 0.70s
detect-deviation: succeeded in 0.75s
detect-blackList: succeeded in 0.11s
detect-highSpeedBoat: succeeded in 1.41s
detect-illegalBerthing: succeeded in 0.11s
detect-abnormalTransfer: succeeded in 0.22s
detect-CrossingBoundary: succeeded in 0.27s
detect-illegalAnchored: succeeded in 0.48s
detect-doubleDragging: succeeded in 2.64s
detect-collision: succeeded in 0.03s
detect-abnormalStaying: succeeded in 4.41s
detect-illegalStaying: succeeded in 0.36s
detect-lowSpeedBoat: succeeded in 0.55s
detect-deviation: succeeded in 0.72s
detect-highSpeedBoat: succeeded in 0.91s
detect-doubleDragging: succeeded in 1.91s
detect-abnormalWandering: succeeded in 3.92s
detect-blackList: succeeded in 0.05s
detect-abnormalTransfer: succeeded in 0.11s
detect-illegalBerthing: succeeded in 0.12s
detect-CrossingBoundary: succeeded in 0.14s
detect-illegalAnchored: succeeded in 0.26s
detect-collision: succeeded in 0.12s
detect-illegalStaying: succeeded in 0.25s
detect-doubleDragging: succeeded in 2.30s
detect-abnormalStaying: succeeded in 4.19s
detect-lowSpeedBoat: succeeded in 1.19s
detect-deviation: succeeded in 1.33s
detect-highSpeedBoat: succeeded in 1.64s
detect-blackList: succeeded in 0.03s
detect-illegalBerthing: succeeded in 0.08s
detect-abnormalTransfer: succeeded in 0.26s
detect-CrossingBoundary: succeeded in 0.26s
detect-illegalAnchored: succeeded in 0.39s
detect-abnormalWandering: succeeded in 4.20s
detect-collision: succeeded in 0.20s
detect-illegalStaying: succeeded in 0.22s
detect-doubleDragging: succeeded in 2.01s
detect-lowSpeedBoat: succeeded in 0.53s
detect-deviation: succeeded in 0.76s
detect-highSpeedBoat: succeeded in 0.92s
detect-blackList: succeeded in 0.03s
detect-abnormalTransfer: succeeded in 0.11s
detect-CrossingBoundary: succeeded in 0.20s
detect-illegalBerthing: succeeded in 0.20s
detect-abnormalStaying: succeeded in 4.16s
detect-illegalAnchored: succeeded in 0.58s
detect-abnormalWandering: succeeded in 3.70s
detect-collision: succeeded in 0.03s
detect-illegalStaying: succeeded in 0.17s
detect-doubleDragging: succeeded in 1.84s
detect-lowSpeedBoat: succeeded in 0.50s
detect-deviation: succeeded in 0.75s
detect-highSpeedBoat: succeeded in 1.34s
detect-blackList: succeeded in 0.14s
detect-CrossingBoundary: succeeded in 0.12s
detect-abnormalTransfer: succeeded in 0.14s
detect-illegalBerthing: succeeded in 0.14s
detect-illegalAnchored: succeeded in 0.38s
detect-abnormalWandering: succeeded in 3.31s
detect-collision: succeeded in 0.05s
detect-illegalStaying: succeeded in 0.14s
detect-doubleDragging: succeeded in 1.97s
detect-deviation: succeeded in 0.61s
detect-lowSpeedBoat: succeeded in 0.67s
detect-abnormalStaying: succeeded in 3.88s
detect-highSpeedBoat: succeeded in 1.36s
detect-illegalBerthing: succeeded in 0.22s
detect-blackList: succeeded in 0.31s
detect-CrossingBoundary: succeeded in 0.31s
detect-abnormalTransfer: succeeded in 0.36s
detect-illegalAnchored: succeeded in 0.42s
detect-abnormalWandering: succeeded in 3.56s
detect-collision: succeeded in 0.03s
detect-illegalStaying: succeeded in 0.22s
detect-lowSpeedBoat: succeeded in 0.59s
detect-deviation: succeeded in 0.81s
detect-doubleDragging: succeeded in 2.95s
detect-highSpeedBoat: succeeded in 1.42s
detect-blackList: succeeded in 0.05s
detect-abnormalTransfer: succeeded in 0.17s
detect-illegalBerthing: succeeded in 0.16s
detect-abnormalStaying: succeeded in 4.34s
detect-CrossingBoundary: succeeded in 0.26s
detect-illegalAnchored: succeeded in 0.31s
detect-collision: succeeded in 0.05s
detect-illegalStaying: succeeded in 0.22s
detect-doubleDragging: succeeded in 1.91s
detect-lowSpeedBoat: succeeded in 0.59s
detect-deviation: succeeded in 0.64s
detect-highSpeedBoat: succeeded in 0.77s
detect-abnormalWandering: succeeded in 3.89s
detect-blackList: succeeded in 0.03s
detect-abnormalTransfer: succeeded in 0.11s
detect-illegalBerthing: succeeded in 0.12s
detect-CrossingBoundary: succeeded in 0.22s
detect-illegalAnchored: succeeded in 0.42s
detect-abnormalStaying: succeeded in 3.66s
detect-doubleDragging: succeeded in 1.81s
detect-collision: succeeded in 0.23s
detect-illegalStaying: succeeded in 0.31s
detect-lowSpeedBoat: succeeded in 0.53s
detect-deviation: succeeded in 0.62s
detect-highSpeedBoat: succeeded in 0.75s
detect-blackList: succeeded in 0.03s
detect-illegalBerthing: succeeded in 0.06s
detect-CrossingBoundary: succeeded in 0.16s
detect-abnormalWandering: succeeded in 4.16s
detect-abnormalTransfer: succeeded in 0.22s
detect-illegalAnchored: succeeded in 0.31s
detect-abnormalStaying: succeeded in 3.47s
detect-illegalStaying: succeeded in 0.16s
detect-collision: succeeded in 0.19s
detect-lowSpeedBoat: succeeded in 0.53s
detect-doubleDragging: succeeded in 2.25s
detect-deviation: succeeded in 0.66s
detect-highSpeedBoat: succeeded in 1.22s
detect-blackList: succeeded in 0.05s
detect-abnormalTransfer: succeeded in 0.12s
detect-CrossingBoundary: succeeded in 0.14s
detect-illegalBerthing: succeeded in 0.12s
detect-illegalAnchored: succeeded in 0.25s
detect-abnormalWandering: succeeded in 3.34s
detect-abnormalStaying: succeeded in 3.61s
detect-collision: succeeded in 0.03s
detect-illegalStaying: succeeded in 0.25s
detect-doubleDragging: succeeded in 2.34s
detect-deviation: succeeded in 0.75s
detect-lowSpeedBoat: succeeded in 0.94s
detect-CrossingBoundary: succeeded in 0.25s
detect-blackList: succeeded in 0.31s
detect-highSpeedBoat: succeeded in 1.78s
detect-abnormalTransfer: succeeded in 0.38s
detect-illegalBerthing: succeeded in 0.39s
detect-illegalAnchored: succeeded in 0.45s
detect-abnormalWandering: succeeded in 3.95s
detect-collision: succeeded in 0.03s
detect-doubleDragging: succeeded in 1.66s
detect-illegalStaying: succeeded in 0.19s
detect-deviation: succeeded in 0.56s
detect-abnormalStaying: succeeded in 3.88s
detect-lowSpeedBoat: succeeded in 0.78s
detect-illegalBerthing: succeeded in 0.06s
detect-highSpeedBoat: succeeded in 1.86s
detect-blackList: succeeded in 0.23s
detect-CrossingBoundary: succeeded in 0.27s
detect-abnormalTransfer: succeeded in 0.34s
detect-illegalAnchored: succeeded in 0.39s
detect-abnormalWandering: succeeded in 3.53s
detect-collision: succeeded in 0.05s
detect-illegalStaying: succeeded in 0.28s
detect-lowSpeedBoat: succeeded in 0.62s
detect-doubleDragging: succeeded in 2.55s
detect-deviation: succeeded in 0.88s
detect-abnormalStaying: succeeded in 4.11s
detect-highSpeedBoat: succeeded in 1.61s
detect-blackList: succeeded in 0.06s
detect-illegalBerthing: succeeded in 0.12s
detect-abnormalTransfer: succeeded in 0.17s
detect-CrossingBoundary: succeeded in 0.33s
detect-illegalAnchored: succeeded in 0.31s
detect-collision: succeeded in 0.03s
detect-abnormalWandering: succeeded in 3.66s
detect-illegalStaying: succeeded in 0.25s
detect-doubleDragging: succeeded in 1.83s
detect-lowSpeedBoat: succeeded in 0.59s
detect-deviation: succeeded in 0.98s
detect-highSpeedBoat: succeeded in 1.66s
detect-blackList: succeeded in 0.05s
detect-abnormalTransfer: succeeded in 0.16s
detect-illegalBerthing: succeeded in 0.19s
detect-CrossingBoundary: succeeded in 0.27s
detect-illegalAnchored: succeeded in 0.30s
detect-abnormalStaying: succeeded in 4.24s
detect-collision: succeeded in 0.20s
detect-illegalStaying: succeeded in 0.22s
detect-doubleDragging: succeeded in 1.92s
detect-lowSpeedBoat: succeeded in 0.55s
detect-deviation: succeeded in 0.62s
detect-abnormalWandering: succeeded in 3.97s
detect-highSpeedBoat: succeeded in 1.14s
detect-blackList: succeeded in 0.05s
detect-illegalBerthing: succeeded in 0.08s
detect-CrossingBoundary: succeeded in 0.19s
detect-abnormalTransfer: succeeded in 0.22s
detect-illegalAnchored: succeeded in 0.39s
detect-illegalStaying: succeeded in 0.19s
detect-collision: succeeded in 0.20s
detect-abnormalStaying: succeeded in 4.11s
detect-doubleDragging: succeeded in 2.70s
detect-lowSpeedBoat: succeeded in 0.83s
detect-deviation: succeeded in 0.94s
detect-abnormalWandering: succeeded in 4.12s
detect-blackList: succeeded in 0.05s
detect-abnormalTransfer: succeeded in 0.08s
detect-highSpeedBoat: succeeded in 1.72s
detect-CrossingBoundary: succeeded in 0.20s
detect-illegalBerthing: succeeded in 0.20s
detect-illegalAnchored: succeeded in 0.41s
detect-collision: succeeded in 0.03s
detect-doubleDragging: succeeded in 1.80s
detect-illegalStaying: succeeded in 0.27s
detect-lowSpeedBoat: succeeded in 0.51s
detect-deviation: succeeded in 0.61s
detect-abnormalStaying: succeeded in 4.00s
detect-highSpeedBoat: succeeded in 1.47s
detect-CrossingBoundary: succeeded in 0.20s
detect-illegalBerthing: succeeded in 0.24s
detect-abnormalTransfer: succeeded in 0.27s
detect-blackList: succeeded in 0.30s
detect-illegalAnchored: succeeded in 0.47s
detect-abnormalWandering: succeeded in 4.16s
detect-collision: succeeded in 0.03s
detect-doubleDragging: succeeded in 2.03s
detect-illegalStaying: succeeded in 0.38s
detect-lowSpeedBoat: succeeded in 0.64s
detect-deviation: succeeded in 0.76s
detect-highSpeedBoat: succeeded in 0.84s
detect-blackList: succeeded in 0.09s
detect-illegalBerthing: succeeded in 0.08s
detect-abnormalTransfer: succeeded in 0.11s
detect-CrossingBoundary: succeeded in 0.16s
detect-illegalAnchored: succeeded in 0.27s
detect-abnormalWandering: succeeded in 3.34s
detect-abnormalStaying: succeeded in 4.47s
detect-collision: succeeded in 0.03s
detect-illegalStaying: succeeded in 0.33s
detect-doubleDragging: succeeded in 2.24s
detect-deviation: succeeded in 0.73s
detect-lowSpeedBoat: succeeded in 0.75s
detect-blackList: succeeded in 0.03s
detect-highSpeedBoat: succeeded in 1.80s
detect-illegalBerthing: succeeded in 0.16s
detect-abnormalTransfer: succeeded in 0.22s
detect-CrossingBoundary: succeeded in 0.22s
detect-illegalAnchored: succeeded in 0.34s
detect-collision: succeeded in 0.03s
detect-illegalStaying: succeeded in 0.20s
detect-doubleDragging: succeeded in 2.24s
detect-abnormalWandering: succeeded in 3.97s
detect-deviation: succeeded in 0.69s
detect-lowSpeedBoat: succeeded in 0.70s
detect-abnormalStaying: succeeded in 4.58s
detect-highSpeedBoat: succeeded in 1.59s
detect-blackList: succeeded in 0.06s
detect-illegalBerthing: succeeded in 0.08s
detect-abnormalTransfer: succeeded in 0.31s
detect-illegalAnchored: succeeded in 0.36s
detect-CrossingBoundary: succeeded in 0.42s
detect-collision: succeeded in 0.14s
detect-illegalStaying: succeeded in 0.28s
detect-doubleDragging: succeeded in 1.83s
detect-lowSpeedBoat: succeeded in 0.89s
detect-deviation: succeeded in 1.28s
detect-abnormalWandering: succeeded in 3.86s
detect-blackList: succeeded in 0.05s
detect-illegalBerthing: succeeded in 0.09s
detect-CrossingBoundary: succeeded in 0.19s
detect-abnormalTransfer: succeeded in 0.23s
detect-illegalAnchored: succeeded in 0.30s
detect-abnormalStaying: succeeded in 4.01s
detect-highSpeedBoat: succeeded in 2.27s
detect-illegalStaying: succeeded in 0.11s
detect-collision: succeeded in 0.19s
detect-lowSpeedBoat: succeeded in 0.66s
detect-deviation: succeeded in 0.67s
detect-doubleDragging: succeeded in 2.41s
detect-highSpeedBoat: succeeded in 0.91s
detect-blackList: succeeded in 0.03s
detect-CrossingBoundary: succeeded in 0.12s
detect-illegalBerthing: succeeded in 0.14s
detect-abnormalTransfer: succeeded in 0.20s
detect-abnormalWandering: succeeded in 3.72s
detect-illegalAnchored: succeeded in 0.36s
detect-collision: succeeded in 0.06s
detect-illegalStaying: succeeded in 0.26s
detect-lowSpeedBoat: succeeded in 0.58s
detect-abnormalStaying: succeeded in 4.11s
detect-deviation: succeeded in 0.80s
detect-highSpeedBoat: succeeded in 1.03s
detect-doubleDragging: succeeded in 2.97s
detect-CrossingBoundary: succeeded in 0.19s
detect-blackList: succeeded in 0.24s
detect-abnormalTransfer: succeeded in 0.22s
detect-illegalBerthing: succeeded in 0.30s
detect-illegalAnchored: succeeded in 0.33s
detect-abnormalWandering: succeeded in 3.72s
detect-doubleDragging: succeeded in 1.45s
detect-collision: succeeded in 0.05s
detect-illegalStaying: succeeded in 0.19s
detect-lowSpeedBoat: succeeded in 0.64s
detect-deviation: succeeded in 0.73s
detect-abnormalStaying: succeeded in 3.91s
detect-illegalBerthing: succeeded in 0.12s
detect-blackList: succeeded in 0.22s
detect-CrossingBoundary: succeeded in 0.27s
detect-illegalAnchored: succeeded in 0.31s
detect-abnormalTransfer: succeeded in 0.34s
detect-highSpeedBoat: succeeded in 2.59s
detect-abnormalWandering: succeeded in 4.01s
detect-collision: succeeded in 0.03s
detect-illegalStaying: succeeded in 0.26s
detect-lowSpeedBoat: succeeded in 0.72s
detect-deviation: succeeded in 0.88s
detect-blackList: succeeded in 0.05s
detect-abnormalTransfer: succeeded in 0.28s
detect-CrossingBoundary: succeeded in 0.33s
detect-doubleDragging: succeeded in 3.50s
detect-illegalBerthing: succeeded in 0.31s
detect-illegalAnchored: succeeded in 0.45s
detect-highSpeedBoat: succeeded in 2.17s
detect-abnormalStaying: succeeded in 4.02s
detect-collision: succeeded in 0.05s
detect-illegalStaying: succeeded in 0.27s
detect-doubleDragging: succeeded in 1.56s
detect-lowSpeedBoat: succeeded in 0.47s
detect-deviation: succeeded in 0.66s
detect-abnormalWandering: succeeded in 3.94s
detect-highSpeedBoat: succeeded in 1.30s
detect-blackList: succeeded in 0.06s
detect-abnormalTransfer: succeeded in 0.08s
detect-illegalBerthing: succeeded in 0.08s
detect-CrossingBoundary: succeeded in 0.25s
detect-illegalAnchored: succeeded in 0.28s
detect-illegalStaying: succeeded in 0.20s
detect-collision: succeeded in 0.27s
detect-abnormalStaying: succeeded in 4.17s
detect-lowSpeedBoat: succeeded in 0.62s
detect-deviation: succeeded in 0.74s
detect-doubleDragging: succeeded in 2.45s
detect-abnormalWandering: succeeded in 4.05s
detect-blackList: succeeded in 0.05s
detect-highSpeedBoat: succeeded in 1.74s
detect-CrossingBoundary: succeeded in 0.16s
detect-abnormalTransfer: succeeded in 0.24s
detect-illegalBerthing: succeeded in 0.20s
detect-illegalAnchored: succeeded in 0.33s
detect-collision: succeeded in 0.16s
detect-doubleDragging: succeeded in 1.72s
detect-illegalStaying: succeeded in 0.22s
detect-lowSpeedBoat: succeeded in 0.53s
detect-deviation: succeeded in 0.75s
detect-abnormalStaying: succeeded in 4.05s
detect-highSpeedBoat: succeeded in 1.62s
detect-blackList: succeeded in 0.05s
detect-abnormalTransfer: succeeded in 0.09s
detect-CrossingBoundary: succeeded in 0.16s
detect-illegalBerthing: succeeded in 0.19s
detect-illegalAnchored: succeeded in 0.31s
detect-abnormalWandering: succeeded in 4.41s
detect-collision: succeeded in 0.05s
detect-illegalStaying: succeeded in 0.26s
detect-lowSpeedBoat: succeeded in 0.62s
detect-deviation: succeeded in 0.67s
detect-doubleDragging: succeeded in 2.53s
detect-highSpeedBoat: succeeded in 1.51s
detect-CrossingBoundary: succeeded in 0.14s
detect-illegalBerthing: succeeded in 0.17s
detect-blackList: succeeded in 0.20s
detect-abnormalTransfer: succeeded in 0.23s
detect-illegalAnchored: succeeded in 0.34s
detect-abnormalStaying: succeeded in 3.97s
detect-abnormalWandering: succeeded in 3.33s
detect-collision: succeeded in 0.05s
detect-doubleDragging: succeeded in 1.83s
detect-illegalStaying: succeeded in 0.34s
detect-deviation: succeeded in 0.77s
detect-lowSpeedBoat: succeeded in 0.74s
detect-highSpeedBoat: succeeded in 1.56s
detect-illegalBerthing: succeeded in 0.14s
detect-blackList: succeeded in 0.23s
detect-abnormalTransfer: succeeded in 0.28s
detect-illegalAnchored: succeeded in 0.34s
detect-CrossingBoundary: succeeded in 0.36s
detect-abnormalStaying: succeeded in 3.42s
detect-abnormalWandering: succeeded in 3.83s
detect-collision: succeeded in 0.03s
detect-illegalStaying: succeeded in 0.19s
detect-doubleDragging: succeeded in 2.05s
detect-lowSpeedBoat: succeeded in 0.53s
detect-deviation: succeeded in 0.58s
detect-highSpeedBoat: succeeded in 1.38s
detect-blackList: succeeded in 0.06s
detect-illegalBerthing: succeeded in 0.12s
detect-abnormalTransfer: succeeded in 0.16s
detect-CrossingBoundary: succeeded in 0.24s
detect-illegalAnchored: succeeded in 0.38s
detect-collision: succeeded in 0.05s
detect-abnormalStaying: succeeded in 4.28s
detect-illegalStaying: succeeded in 0.27s
detect-lowSpeedBoat: succeeded in 0.58s
detect-abnormalWandering: succeeded in 3.95s
detect-deviation: succeeded in 0.95s
detect-doubleDragging: succeeded in 2.83s
detect-highSpeedBoat: succeeded in 1.33s
detect-blackList: succeeded in 0.05s
detect-illegalBerthing: succeeded in 0.09s
detect-abnormalTransfer: succeeded in 0.24s
detect-CrossingBoundary: succeeded in 0.27s
detect-illegalAnchored: succeeded in 0.31s
detect-doubleDragging: succeeded in 1.55s
detect-collision: succeeded in 0.12s
detect-illegalStaying: succeeded in 0.25s
detect-lowSpeedBoat: succeeded in 0.56s
detect-deviation: succeeded in 0.61s
detect-highSpeedBoat: succeeded in 0.92s
detect-abnormalStaying: succeeded in 3.83s
detect-blackList: succeeded in 0.05s
detect-CrossingBoundary: succeeded in 0.17s
detect-illegalBerthing: succeeded in 0.25s
detect-abnormalTransfer: succeeded in 0.30s
detect-abnormalWandering: succeeded in 4.38s
detect-illegalAnchored: succeeded in 0.36s
detect-collision: succeeded in 0.16s
detect-illegalStaying: succeeded in 0.22s
detect-lowSpeedBoat: succeeded in 0.55s
detect-deviation: succeeded in 0.78s
detect-highSpeedBoat: succeeded in 1.09s
detect-doubleDragging: succeeded in 2.84s
detect-blackList: succeeded in 0.03s
detect-abnormalStaying: succeeded in 4.09s
detect-illegalBerthing: succeeded in 0.12s
detect-CrossingBoundary: succeeded in 0.14s
detect-abnormalTransfer: succeeded in 0.14s
detect-illegalAnchored: succeeded in 0.28s
detect-abnormalWandering: succeeded in 3.53s
detect-collision: succeeded in 0.05s
detect-illegalStaying: succeeded in 0.22s
detect-lowSpeedBoat: succeeded in 0.55s
detect-deviation: succeeded in 0.64s
detect-doubleDragging: succeeded in 2.22s
detect-blackList: succeeded in 0.19s
detect-CrossingBoundary: succeeded in 0.19s
detect-abnormalTransfer: succeeded in 0.30s
detect-illegalBerthing: succeeded in 0.31s
detect-illegalAnchored: succeeded in 0.47s
detect-highSpeedBoat: succeeded in 2.44s
detect-abnormalWandering: succeeded in 4.25s
detect-collision: succeeded in 0.05s
detect-illegalStaying: succeeded in 0.24s
detect-lowSpeedBoat: succeeded in 0.61s
detect-doubleDragging: succeeded in 2.17s
detect-deviation: succeeded in 0.69s
detect-abnormalStaying: succeeded in 4.17s
detect-highSpeedBoat: succeeded in 1.02s
detect-blackList: succeeded in 0.16s
detect-abnormalTransfer: succeeded in 0.16s
detect-illegalBerthing: succeeded in 0.14s
detect-CrossingBoundary: succeeded in 0.17s
detect-illegalAnchored: succeeded in 0.31s
detect-collision: succeeded in 0.03s
detect-illegalStaying: succeeded in 0.19s
detect-doubleDragging: succeeded in 2.27s
detect-lowSpeedBoat: succeeded in 0.56s
detect-deviation: succeeded in 0.67s
detect-highSpeedBoat: succeeded in 1.11s
detect-abnormalWandering: succeeded in 4.50s
detect-abnormalStaying: succeeded in 3.94s
detect-blackList: succeeded in 0.05s
detect-abnormalTransfer: succeeded in 0.12s
detect-illegalBerthing: succeeded in 0.19s
detect-CrossingBoundary: succeeded in 0.28s
detect-illegalAnchored: succeeded in 0.42s
detect-collision: succeeded in 0.05s
detect-doubleDragging: succeeded in 1.58s
detect-illegalStaying: succeeded in 0.23s
detect-lowSpeedBoat: succeeded in 0.52s
detect-deviation: succeeded in 0.56s
detect-highSpeedBoat: succeeded in 0.89s
detect-blackList: succeeded in 0.03s
detect-illegalBerthing: succeeded in 0.19s
detect-abnormalTransfer: succeeded in 0.22s
detect-abnormalWandering: succeeded in 3.36s
detect-CrossingBoundary: succeeded in 0.30s
detect-illegalAnchored: succeeded in 0.30s
detect-abnormalStaying: succeeded in 3.73s
detect-collision: succeeded in 0.16s
detect-illegalStaying: succeeded in 0.25s
detect-lowSpeedBoat: succeeded in 0.56s
detect-deviation: succeeded in 0.83s
detect-highSpeedBoat: succeeded in 1.08s
detect-blackList: succeeded in 0.05s
detect-illegalBerthing: succeeded in 0.09s
detect-abnormalTransfer: succeeded in 0.14s
detect-CrossingBoundary: succeeded in 0.20s
detect-illegalAnchored: succeeded in 0.30s
detect-doubleDragging: succeeded in 3.52s
detect-abnormalWandering: succeeded in 3.86s
detect-collision: succeeded in 0.22s
detect-illegalStaying: succeeded in 0.27s
detect-lowSpeedBoat: succeeded in 0.69s
detect-abnormalStaying: succeeded in 3.94s
detect-deviation: succeeded in 0.83s
detect-doubleDragging: succeeded in 2.05s
detect-highSpeedBoat: succeeded in 1.16s
detect-blackList: succeeded in 0.05s
detect-abnormalTransfer: succeeded in 0.19s
detect-CrossingBoundary: succeeded in 0.20s
detect-illegalBerthing: succeeded in 0.22s
detect-illegalAnchored: succeeded in 0.42s
detect-abnormalWandering: succeeded in 3.69s
detect-collision: succeeded in 0.05s
detect-illegalStaying: succeeded in 0.17s
detect-lowSpeedBoat: succeeded in 0.55s
detect-deviation: succeeded in 0.66s
detect-highSpeedBoat: succeeded in 1.00s
detect-doubleDragging: succeeded in 2.83s
detect-blackList: succeeded in 0.12s
detect-abnormalStaying: succeeded in 4.20s
detect-abnormalTransfer: succeeded in 0.19s
detect-illegalBerthing: succeeded in 0.20s
detect-CrossingBoundary: succeeded in 0.23s
detect-illegalAnchored: succeeded in 0.30s
detect-collision: succeeded in 0.06s
detect-doubleDragging: succeeded in 1.86s
detect-abnormalWandering: succeeded in 3.83s
detect-illegalStaying: succeeded in 0.45s
detect-lowSpeedBoat: succeeded in 0.62s
detect-deviation: succeeded in 0.73s
detect-highSpeedBoat: succeeded in 1.55s
detect-illegalBerthing: succeeded in 0.17s
detect-illegalAnchored: succeeded in 0.30s
detect-blackList: succeeded in 0.33s
detect-CrossingBoundary: succeeded in 0.34s
detect-abnormalTransfer: succeeded in 0.45s
detect-abnormalStaying: succeeded in 4.09s
detect-collision: succeeded in 0.09s
detect-illegalStaying: succeeded in 0.23s
detect-doubleDragging: succeeded in 1.91s
detect-lowSpeedBoat: succeeded in 0.56s
detect-deviation: succeeded in 0.88s
detect-abnormalWandering: succeeded in 4.11s
detect-blackList: succeeded in 0.05s
detect-illegalBerthing: succeeded in 0.14s
detect-abnormalTransfer: succeeded in 0.19s
detect-illegalAnchored: succeeded in 0.39s
detect-CrossingBoundary: succeeded in 0.39s
detect-highSpeedBoat: succeeded in 2.64s
detect-abnormalStaying: succeeded in 3.72s
detect-collision: succeeded in 0.05s
detect-illegalStaying: succeeded in 0.20s
detect-doubleDragging: succeeded in 2.11s
detect-lowSpeedBoat: succeeded in 0.67s
detect-deviation: succeeded in 0.78s
detect-highSpeedBoat: succeeded in 1.30s
detect-blackList: succeeded in 0.03s
detect-abnormalTransfer: succeeded in 0.08s
detect-illegalBerthing: succeeded in 0.09s
detect-CrossingBoundary: succeeded in 0.14s
detect-abnormalWandering: succeeded in 3.98s
detect-illegalAnchored: succeeded in 0.34s
detect-abnormalStaying: succeeded in 3.22s
detect-doubleDragging: succeeded in 1.48s
detect-collision: succeeded in 0.19s
detect-illegalStaying: succeeded in 0.23s
detect-lowSpeedBoat: succeeded in 0.50s
detect-deviation: succeeded in 0.62s
detect-highSpeedBoat: succeeded in 1.17s
detect-blackList: succeeded in 0.05s
detect-illegalBerthing: succeeded in 0.09s
detect-abnormalTransfer: succeeded in 0.27s
detect-CrossingBoundary: succeeded in 0.42s
detect-abnormalWandering: succeeded in 3.34s
detect-illegalAnchored: succeeded in 0.49s
detect-abnormalStaying: succeeded in 3.70s
detect-illegalStaying: succeeded in 0.23s
detect-collision: succeeded in 0.28s
detect-lowSpeedBoat: succeeded in 0.56s
detect-deviation: succeeded in 0.78s
detect-doubleDragging: succeeded in 2.64s
detect-highSpeedBoat: succeeded in 1.44s
detect-blackList: succeeded in 0.05s
detect-abnormalTransfer: succeeded in 0.20s
detect-CrossingBoundary: succeeded in 0.20s
detect-illegalBerthing: succeeded in 0.25s
detect-illegalAnchored: succeeded in 0.34s
detect-abnormalWandering: succeeded in 3.72s
detect-collision: succeeded in 0.05s
detect-illegalStaying: succeeded in 0.38s
detect-doubleDragging: succeeded in 2.31s
detect-abnormalStaying: succeeded in 3.72s
detect-lowSpeedBoat: succeeded in 0.69s
detect-deviation: succeeded in 1.11s
detect-blackList: succeeded in 0.12s
detect-illegalBerthing: succeeded in 0.22s
detect-CrossingBoundary: succeeded in 0.27s
detect-abnormalTransfer: succeeded in 0.33s
detect-highSpeedBoat: succeeded in 1.92s
detect-illegalAnchored: succeeded in 0.38s
detect-abnormalWandering: succeeded in 3.67s
detect-collision: succeeded in 0.03s
detect-doubleDragging: succeeded in 1.69s
detect-illegalStaying: succeeded in 0.20s
detect-lowSpeedBoat: succeeded in 0.50s
detect-deviation: succeeded in 0.55s
detect-highSpeedBoat: succeeded in 1.03s
detect-abnormalStaying: succeeded in 4.25s
detect-illegalBerthing: succeeded in 0.14s
detect-blackList: succeeded in 0.31s
detect-illegalAnchored: succeeded in 0.42s
detect-abnormalTransfer: succeeded in 0.50s
detect-CrossingBoundary: succeeded in 0.53s
detect-collision: succeeded in 0.05s
detect-illegalStaying: succeeded in 0.47s
detect-lowSpeedBoat: succeeded in 0.78s
detect-deviation: succeeded in 0.88s
detect-doubleDragging: succeeded in 2.75s
detect-abnormalWandering: succeeded in 4.58s
detect-highSpeedBoat: succeeded in 1.45s
detect-blackList: succeeded in 0.06s
detect-illegalBerthing: succeeded in 0.12s
detect-abnormalTransfer: succeeded in 0.14s
detect-CrossingBoundary: succeeded in 0.28s
detect-illegalAnchored: succeeded in 0.39s
detect-abnormalStaying: succeeded in 3.77s
detect-collision: succeeded in 0.03s
detect-doubleDragging: succeeded in 1.75s
detect-illegalStaying: succeeded in 0.20s
detect-lowSpeedBoat: succeeded in 0.62s
detect-highSpeedBoat: succeeded in 0.84s
detect-deviation: succeeded in 0.89s
detect-blackList: succeeded in 0.05s
detect-abnormalTransfer: succeeded in 0.17s
detect-abnormalWandering: succeeded in 4.08s
detect-CrossingBoundary: succeeded in 0.22s
detect-illegalBerthing: succeeded in 0.22s
detect-illegalAnchored: succeeded in 0.36s
detect-collision: succeeded in 0.17s
detect-illegalStaying: succeeded in 0.34s
detect-doubleDragging: succeeded in 2.19s
detect-lowSpeedBoat: succeeded in 0.69s
detect-deviation: succeeded in 0.86s
detect-abnormalStaying: succeeded in 4.53s
detect-highSpeedBoat: succeeded in 1.17s
detect-blackList: succeeded in 0.05s
detect-illegalBerthing: succeeded in 0.09s
detect-abnormalTransfer: succeeded in 0.17s
detect-CrossingBoundary: succeeded in 0.20s
detect-illegalAnchored: succeeded in 0.30s
detect-abnormalWandering: succeeded in 3.53s
detect-illegalStaying: succeeded in 0.16s
detect-collision: succeeded in 0.19s
detect-lowSpeedBoat: succeeded in 0.52s
detect-doubleDragging: succeeded in 2.11s
detect-deviation: succeeded in 0.83s
detect-highSpeedBoat: succeeded in 1.16s
detect-blackList: succeeded in 0.05s
detect-abnormalTransfer: succeeded in 0.11s
detect-illegalBerthing: succeeded in 0.14s
detect-CrossingBoundary: succeeded in 0.17s
detect-illegalAnchored: succeeded in 0.33s
detect-abnormalStaying: succeeded in 4.33s
detect-abnormalWandering: succeeded in 3.53s
detect-collision: succeeded in 0.05s
detect-illegalStaying: succeeded in 0.31s
detect-lowSpeedBoat: succeeded in 0.56s
detect-doubleDragging: succeeded in 2.25s
detect-deviation: succeeded in 0.69s
detect-highSpeedBoat: succeeded in 1.05s
detect-blackList: succeeded in 0.17s
detect-CrossingBoundary: succeeded in 0.19s
detect-abnormalTransfer: succeeded in 0.20s
detect-illegalBerthing: succeeded in 0.23s
detect-illegalAnchored: succeeded in 0.30s
detect-abnormalWandering: succeeded in 3.61s
detect-collision: succeeded in 0.03s
detect-doubleDragging: succeeded in 1.91s
detect-illegalStaying: succeeded in 0.34s
detect-lowSpeedBoat: succeeded in 0.61s
detect-abnormalStaying: succeeded in 4.00s
detect-deviation: succeeded in 0.81s
detect-highSpeedBoat: succeeded in 1.24s
detect-illegalBerthing: succeeded in 0.20s
detect-blackList: succeeded in 0.24s
detect-CrossingBoundary: succeeded in 0.25s
detect-abnormalTransfer: succeeded in 0.26s
detect-illegalAnchored: succeeded in 0.41s
detect-collision: succeeded in 0.03s
detect-abnormalWandering: succeeded in 3.69s
detect-illegalStaying: succeeded in 0.14s
detect-doubleDragging: succeeded in 1.89s
detect-lowSpeedBoat: succeeded in 0.48s
detect-deviation: succeeded in 0.80s
detect-highSpeedBoat: succeeded in 1.09s
detect-blackList: succeeded in 0.05s
detect-illegalBerthing: succeeded in 0.11s
detect-abnormalTransfer: succeeded in 0.12s
detect-CrossingBoundary: succeeded in 0.28s
detect-illegalAnchored: succeeded in 0.30s
detect-abnormalStaying: succeeded in 4.66s
detect-collision: succeeded in 0.03s
detect-illegalStaying: succeeded in 0.34s
detect-doubleDragging: succeeded in 2.11s
detect-lowSpeedBoat: succeeded in 0.66s
detect-abnormalWandering: succeeded in 3.97s
detect-deviation: succeeded in 0.81s
detect-highSpeedBoat: succeeded in 1.14s
detect-blackList: succeeded in 0.05s
detect-illegalBerthing: succeeded in 0.08s
detect-abnormalTransfer: succeeded in 0.11s
detect-CrossingBoundary: succeeded in 0.14s
detect-illegalAnchored: succeeded in 0.28s
detect-abnormalStaying: succeeded in 3.70s
detect-doubleDragging: succeeded in 1.61s
detect-collision: succeeded in 0.19s
detect-illegalStaying: succeeded in 0.25s
detect-lowSpeedBoat: succeeded in 0.78s
detect-deviation: succeeded in 0.83s
detect-abnormalWandering: succeeded in 3.75s
detect-highSpeedBoat: succeeded in 1.52s
detect-blackList: succeeded in 0.09s
detect-illegalBerthing: succeeded in 0.09s
detect-abnormalTransfer: succeeded in 0.16s
detect-CrossingBoundary: succeeded in 0.24s
detect-illegalAnchored: succeeded in 0.41s
detect-abnormalStaying: succeeded in 3.91s
detect-collision: succeeded in 0.14s
detect-illegalStaying: succeeded in 0.22s
detect-lowSpeedBoat: succeeded in 0.52s
detect-deviation: succeeded in 0.58s
detect-doubleDragging: succeeded in 2.72s
detect-highSpeedBoat: succeeded in 1.14s
detect-blackList: succeeded in 0.03s
detect-abnormalTransfer: succeeded in 0.09s
detect-illegalBerthing: succeeded in 0.09s
detect-CrossingBoundary: succeeded in 0.23s
detect-abnormalWandering: succeeded in 3.91s
detect-illegalAnchored: succeeded in 0.30s
detect-collision: succeeded in 0.05s
detect-abnormalStaying: succeeded in 3.48s
detect-doubleDragging: succeeded in 1.75s
detect-illegalStaying: succeeded in 0.25s
detect-lowSpeedBoat: succeeded in 0.45s
detect-deviation: succeeded in 0.55s
detect-blackList: succeeded in 0.16s
detect-CrossingBoundary: succeeded in 0.25s
detect-abnormalTransfer: succeeded in 0.30s
detect-illegalBerthing: succeeded in 0.42s
detect-illegalAnchored: succeeded in 0.52s
detect-highSpeedBoat: succeeded in 2.69s
detect-collision: succeeded in 0.08s
detect-illegalStaying: succeeded in 0.24s
detect-lowSpeedBoat: succeeded in 0.56s
detect-abnormalWandering: succeeded in 3.91s
detect-deviation: succeeded in 0.61s
detect-doubleDragging: succeeded in 2.38s
detect-abnormalStaying: succeeded in 4.05s
detect-highSpeedBoat: succeeded in 1.02s
detect-illegalBerthing: succeeded in 0.09s
detect-abnormalTransfer: succeeded in 0.12s
detect-blackList: succeeded in 0.12s
detect-CrossingBoundary: succeeded in 0.17s
detect-illegalAnchored: succeeded in 0.33s
detect-collision: succeeded in 0.09s
detect-illegalStaying: succeeded in 0.55s
detect-lowSpeedBoat: succeeded in 0.55s
detect-doubleDragging: succeeded in 2.55s
detect-deviation: succeeded in 0.86s
detect-highSpeedBoat: succeeded in 1.30s
detect-abnormalWandering: succeeded in 4.05s
detect-blackList: succeeded in 0.05s
detect-abnormalStaying: succeeded in 4.12s
detect-abnormalTransfer: succeeded in 0.11s
detect-illegalBerthing: succeeded in 0.09s
detect-CrossingBoundary: succeeded in 0.17s
detect-illegalAnchored: succeeded in 0.31s
detect-collision: succeeded in 0.03s
detect-illegalStaying: succeeded in 0.17s
detect-doubleDragging: succeeded in 1.92s
detect-lowSpeedBoat: succeeded in 0.47s
detect-deviation: succeeded in 0.64s
detect-highSpeedBoat: succeeded in 1.61s
detect-blackList: succeeded in 0.09s
detect-CrossingBoundary: succeeded in 0.16s
detect-illegalBerthing: succeeded in 0.14s
detect-abnormalTransfer: succeeded in 0.22s
detect-abnormalWandering: succeeded in 3.88s
detect-illegalAnchored: succeeded in 0.28s
detect-abnormalStaying: succeeded in 3.75s
detect-collision: succeeded in 0.22s
detect-illegalStaying: succeeded in 0.26s
detect-lowSpeedBoat: succeeded in 0.56s
detect-deviation: succeeded in 0.73s
detect-highSpeedBoat: succeeded in 0.84s
detect-doubleDragging: succeeded in 2.69s
detect-blackList: succeeded in 0.03s
detect-CrossingBoundary: succeeded in 0.14s
detect-illegalBerthing: succeeded in 0.16s
detect-abnormalTransfer: succeeded in 0.17s
detect-illegalAnchored: succeeded in 0.31s
detect-abnormalWandering: succeeded in 3.64s
detect-abnormalStaying: succeeded in 3.58s
detect-collision: succeeded in 0.25s
detect-illegalStaying: succeeded in 0.23s
detect-lowSpeedBoat: succeeded in 0.62s
detect-doubleDragging: succeeded in 2.56s
detect-deviation: succeeded in 1.06s
detect-highSpeedBoat: succeeded in 1.38s
detect-blackList: succeeded in 0.03s
detect-abnormalTransfer: succeeded in 0.20s
detect-CrossingBoundary: succeeded in 0.24s
detect-illegalBerthing: succeeded in 0.22s
detect-illegalAnchored: succeeded in 0.31s
detect-collision: succeeded in 0.05s
detect-illegalStaying: succeeded in 0.22s
detect-lowSpeedBoat: succeeded in 0.55s
detect-deviation: succeeded in 0.69s
detect-abnormalWandering: succeeded in 4.09s
detect-abnormalStaying: succeeded in 4.16s
detect-doubleDragging: succeeded in 2.56s
detect-highSpeedBoat: succeeded in 0.97s
detect-blackList: succeeded in 0.14s
detect-illegalBerthing: succeeded in 0.11s
detect-CrossingBoundary: succeeded in 0.14s
detect-abnormalTransfer: succeeded in 0.26s
detect-illegalAnchored: succeeded in 0.39s
detect-collision: succeeded in 0.05s
detect-doubleDragging: succeeded in 1.80s
detect-illegalStaying: succeeded in 0.22s
detect-lowSpeedBoat: succeeded in 0.55s
detect-deviation: succeeded in 0.76s
detect-highSpeedBoat: succeeded in 1.00s
detect-abnormalWandering: succeeded in 3.86s
detect-abnormalStaying: succeeded in 3.95s
detect-illegalBerthing: succeeded in 0.16s
detect-abnormalTransfer: succeeded in 0.20s
detect-blackList: succeeded in 0.20s
detect-CrossingBoundary: succeeded in 0.20s
detect-illegalAnchored: succeeded in 0.33s
detect-collision: succeeded in 0.08s
detect-illegalStaying: succeeded in 0.25s
detect-deviation: succeeded in 0.81s
detect-highSpeedBoat: succeeded in 0.92s
detect-lowSpeedBoat: succeeded in 0.92s
detect-doubleDragging: succeeded in 2.94s
detect-blackList: succeeded in 0.05s
detect-abnormalTransfer: succeeded in 0.23s
detect-illegalBerthing: succeeded in 0.20s
detect-CrossingBoundary: succeeded in 0.25s
detect-illegalAnchored: succeeded in 0.31s
detect-abnormalWandering: succeeded in 4.06s
detect-abnormalStaying: succeeded in 4.38s
detect-collision: succeeded in 0.03s
detect-illegalStaying: succeeded in 0.19s
detect-lowSpeedBoat: succeeded in 0.58s
detect-deviation: succeeded in 0.62s
detect-doubleDragging: succeeded in 2.19s
detect-highSpeedBoat: succeeded in 1.30s
detect-blackList: succeeded in 0.03s
detect-abnormalTransfer: succeeded in 0.09s
detect-illegalBerthing: succeeded in 0.12s
detect-CrossingBoundary: succeeded in 0.19s
detect-illegalAnchored: succeeded in 0.38s
detect-abnormalWandering: succeeded in 3.62s
detect-abnormalStaying: succeeded in 4.02s
detect-collision: succeeded in 0.14s
detect-illegalStaying: succeeded in 0.14s
detect-lowSpeedBoat: succeeded in 0.61s
detect-deviation: succeeded in 0.72s
detect-doubleDragging: succeeded in 2.86s
detect-highSpeedBoat: succeeded in 1.24s
detect-blackList: succeeded in 0.03s
detect-abnormalTransfer: succeeded in 0.08s
detect-illegalBerthing: succeeded in 0.11s
detect-CrossingBoundary: succeeded in 0.17s
detect-illegalAnchored: succeeded in 0.47s
detect-abnormalWandering: succeeded in 3.56s
detect-illegalStaying: succeeded in 0.19s
detect-abnormalStaying: succeeded in 3.81s
detect-collision: succeeded in 0.24s
detect-lowSpeedBoat: succeeded in 0.53s
detect-deviation: succeeded in 0.89s
detect-highSpeedBoat: succeeded in 1.02s
detect-blackList: succeeded in 0.09s
detect-abnormalTransfer: succeeded in 0.16s
detect-illegalBerthing: succeeded in 0.17s
detect-CrossingBoundary: succeeded in 0.25s
detect-doubleDragging: succeeded in 3.61s
detect-illegalAnchored: succeeded in 0.38s
detect-abnormalWandering: succeeded in 3.64s
detect-collision: succeeded in 0.03s
detect-illegalStaying: succeeded in 0.16s
detect-doubleDragging: succeeded in 2.06s
detect-lowSpeedBoat: succeeded in 0.56s
detect-deviation: succeeded in 0.62s
detect-highSpeedBoat: succeeded in 1.39s
detect-abnormalStaying: succeeded in 5.19s
detect-CrossingBoundary: succeeded in 0.42s
detect-abnormalTransfer: succeeded in 0.58s
detect-blackList: succeeded in 0.59s
detect-illegalAnchored: succeeded in 0.59s
detect-illegalBerthing: succeeded in 0.64s
detect-collision: succeeded in 0.06s
detect-illegalStaying: succeeded in 0.25s
detect-lowSpeedBoat: succeeded in 0.73s
detect-deviation: succeeded in 0.80s
detect-highSpeedBoat: succeeded in 1.31s
detect-doubleDragging: succeeded in 3.22s
detect-illegalBerthing: succeeded in 0.25s
detect-illegalAnchored: succeeded in 0.47s
detect-blackList: succeeded in 0.55s
detect-CrossingBoundary: succeeded in 0.55s
detect-abnormalTransfer: succeeded in 0.47s
detect-abnormalWandering: succeeded in 7.05s
detect-collision: succeeded in 0.23s
detect-illegalStaying: succeeded in 0.62s
detect-deviation: succeeded in 1.14s
detect-lowSpeedBoat: succeeded in 0.95s
detect-blackList: succeeded in 0.06s
detect-illegalBerthing: succeeded in 0.09s
detect-abnormalTransfer: succeeded in 0.23s
detect-doubleDragging: succeeded in 4.33s
detect-illegalAnchored: succeeded in 0.34s
detect-CrossingBoundary: succeeded in 0.38s
detect-highSpeedBoat: succeeded in 2.70s
detect-collision: succeeded in 0.05s
detect-illegalStaying: succeeded in 0.17s
detect-lowSpeedBoat: succeeded in 0.67s
detect-deviation: succeeded in 0.81s
detect-abnormalStaying: succeeded in 8.58s
detect-doubleDragging: succeeded in 3.17s
detect-highSpeedBoat: succeeded in 1.67s
detect-blackList: succeeded in 0.05s
detect-illegalBerthing: succeeded in 0.14s
detect-abnormalTransfer: succeeded in 0.22s
detect-CrossingBoundary: succeeded in 0.24s
detect-illegalAnchored: succeeded in 0.34s
detect-abnormalWandering: succeeded in 5.86s
detect-collision: succeeded in 0.26s
detect-illegalStaying: succeeded in 0.30s
detect-lowSpeedBoat: succeeded in 0.55s
detect-doubleDragging: succeeded in 2.27s
detect-deviation: succeeded in 0.80s
detect-highSpeedBoat: succeeded in 1.53s
detect-blackList: succeeded in 0.05s
detect-abnormalTransfer: succeeded in 0.14s
detect-illegalBerthing: succeeded in 0.19s
detect-CrossingBoundary: succeeded in 0.39s
detect-illegalAnchored: succeeded in 0.58s
detect-abnormalStaying: succeeded in 5.05s
detect-abnormalWandering: succeeded in 4.23s
detect-illegalStaying: succeeded in 0.16s
detect-collision: succeeded in 0.22s
detect-lowSpeedBoat: succeeded in 0.58s
detect-deviation: succeeded in 0.78s
detect-highSpeedBoat: succeeded in 0.94s
detect-doubleDragging: succeeded in 2.58s
detect-blackList: succeeded in 0.06s
detect-CrossingBoundary: succeeded in 0.14s
detect-abnormalTransfer: succeeded in 0.16s
detect-illegalBerthing: succeeded in 0.16s
detect-illegalAnchored: succeeded in 0.36s
detect-collision: succeeded in 0.05s
detect-illegalStaying: succeeded in 0.28s
detect-doubleDragging: succeeded in 2.59s
detect-lowSpeedBoat: succeeded in 0.78s
detect-deviation: succeeded in 0.91s
detect-abnormalStaying: succeeded in 5.39s
detect-blackList: succeeded in 0.16s
detect-abnormalTransfer: succeeded in 0.23s
detect-highSpeedBoat: succeeded in 1.88s
detect-CrossingBoundary: succeeded in 0.25s
detect-illegalBerthing: succeeded in 0.28s
detect-illegalAnchored: succeeded in 0.58s
detect-abnormalWandering: succeeded in 6.58s
detect-collision: succeeded in 0.06s
detect-illegalStaying: succeeded in 0.67s
detect-lowSpeedBoat: succeeded in 0.72s
detect-deviation: succeeded in 0.92s
detect-doubleDragging: succeeded in 3.38s
detect-blackList: succeeded in 0.20s
detect-illegalBerthing: succeeded in 0.20s
detect-abnormalTransfer: succeeded in 0.25s
detect-CrossingBoundary: succeeded in 0.33s
detect-illegalAnchored: succeeded in 0.44s
detect-highSpeedBoat: succeeded in 1.98s
detect-collision: succeeded in 0.28s
detect-abnormalStaying: succeeded in 6.11s
detect-illegalStaying: succeeded in 0.42s
detect-doubleDragging: succeeded in 3.26s
detect-deviation: succeeded in 1.19s
detect-lowSpeedBoat: succeeded in 0.95s
detect-blackList: succeeded in 0.09s
detect-abnormalTransfer: succeeded in 0.33s
detect-illegalBerthing: succeeded in 0.50s
detect-illegalAnchored: succeeded in 0.59s
detect-CrossingBoundary: succeeded in 0.66s
detect-collision: succeeded in 0.01s
detect-illegalStaying: succeeded in 0.31s
detect-highSpeedBoat: succeeded in 4.45s
detect-abnormalWandering: succeeded in 9.28s
detect-lowSpeedBoat: succeeded in 0.53s
detect-deviation: succeeded in 0.76s
detect-doubleDragging: succeeded in 3.22s
detect-highSpeedBoat: succeeded in 1.19s
detect-blackList: succeeded in 0.03s
detect-abnormalTransfer: succeeded in 0.09s
detect-illegalBerthing: succeeded in 0.09s
detect-CrossingBoundary: succeeded in 0.17s
detect-illegalAnchored: succeeded in 0.30s
detect-abnormalStaying: succeeded in 6.09s
detect-doubleDragging: succeeded in 1.69s
detect-illegalStaying: succeeded in 0.30s
detect-collision: succeeded in 0.33s
detect-lowSpeedBoat: succeeded in 0.58s
detect-deviation: succeeded in 0.81s
detect-highSpeedBoat: succeeded in 1.31s
detect-abnormalWandering: succeeded in 4.53s
detect-blackList: succeeded in 0.01s
detect-CrossingBoundary: succeeded in 0.17s
detect-abnormalTransfer: succeeded in 0.20s
detect-illegalBerthing: succeeded in 0.19s
detect-illegalAnchored: succeeded in 0.27s
detect-abnormalStaying: succeeded in 4.00s
detect-doubleDragging: succeeded in 3.17s
detect-collision: succeeded in 0.38s
detect-illegalStaying: succeeded in 0.44s
detect-lowSpeedBoat: succeeded in 0.76s
detect-deviation: succeeded in 0.84s
detect-highSpeedBoat: succeeded in 1.33s
detect-blackList: succeeded in 0.05s
detect-abnormalTransfer: succeeded in 0.14s
detect-CrossingBoundary: succeeded in 0.17s
detect-illegalBerthing: succeeded in 0.22s
detect-abnormalWandering: succeeded in 3.58s
detect-illegalAnchored: succeeded in 0.30s
detect-doubleDragging: succeeded in 2.00s
detect-collision: succeeded in 0.03s
detect-illegalStaying: succeeded in 0.23s
detect-abnormalStaying: succeeded in 4.14s
detect-lowSpeedBoat: succeeded in 0.61s
detect-deviation: succeeded in 0.69s
detect-highSpeedBoat: succeeded in 0.81s
detect-blackList: succeeded in 0.17s
detect-CrossingBoundary: succeeded in 0.16s
detect-abnormalTransfer: succeeded in 0.25s
detect-illegalBerthing: succeeded in 0.23s
detect-illegalAnchored: succeeded in 0.26s
detect-abnormalWandering: succeeded in 3.27s
detect-doubleDragging: succeeded in 2.84s
detect-collision: succeeded in 0.09s
detect-illegalStaying: succeeded in 0.42s
detect-lowSpeedBoat: succeeded in 0.61s
detect-deviation: succeeded in 0.73s
detect-abnormalStaying: succeeded in 3.94s
detect-highSpeedBoat: succeeded in 1.55s
detect-blackList: succeeded in 0.12s
detect-illegalBerthing: succeeded in 0.16s
detect-abnormalTransfer: succeeded in 0.17s
detect-CrossingBoundary: succeeded in 0.20s
detect-illegalAnchored: succeeded in 0.34s
detect-abnormalWandering: succeeded in 3.61s
detect-collision: succeeded in 0.03s
detect-illegalStaying: succeeded in 0.28s
detect-lowSpeedBoat: succeeded in 0.56s
detect-deviation: succeeded in 0.66s
detect-doubleDragging: succeeded in 3.91s
detect-highSpeedBoat: succeeded in 1.05s
detect-abnormalStaying: succeeded in 3.81s
detect-blackList: succeeded in 0.03s
detect-abnormalTransfer: succeeded in 0.22s
detect-illegalBerthing: succeeded in 0.19s
detect-illegalAnchored: succeeded in 0.28s
detect-CrossingBoundary: succeeded in 0.34s
detect-doubleDragging: succeeded in 1.23s
detect-abnormalWandering: succeeded in 3.31s
detect-collision: succeeded in 0.05s
detect-illegalStaying: succeeded in 0.36s
detect-lowSpeedBoat: succeeded in 0.55s
detect-deviation: succeeded in 1.00s
detect-highSpeedBoat: succeeded in 1.36s
detect-blackList: succeeded in 0.05s
detect-abnormalTransfer: succeeded in 0.08s
detect-illegalBerthing: succeeded in 0.11s
detect-CrossingBoundary: succeeded in 0.16s
detect-abnormalStaying: succeeded in 3.50s
detect-illegalAnchored: succeeded in 0.28s
detect-doubleDragging: succeeded in 2.19s
detect-abnormalWandering: succeeded in 3.58s
detect-collision: succeeded in 0.19s
detect-illegalStaying: succeeded in 0.25s
detect-lowSpeedBoat: succeeded in 0.56s
detect-deviation: succeeded in 0.75s
detect-highSpeedBoat: succeeded in 1.03s
detect-blackList: succeeded in 0.03s
detect-illegalBerthing: succeeded in 0.12s
detect-abnormalTransfer: succeeded in 0.12s
detect-CrossingBoundary: succeeded in 0.20s
detect-illegalAnchored: succeeded in 0.36s
detect-doubleDragging: succeeded in 2.41s
detect-abnormalStaying: succeeded in 4.31s
detect-illegalStaying: succeeded in 0.12s
detect-collision: succeeded in 0.20s
detect-abnormalWandering: succeeded in 3.84s
detect-lowSpeedBoat: succeeded in 0.56s
detect-deviation: succeeded in 0.88s
detect-highSpeedBoat: succeeded in 1.22s
detect-blackList: succeeded in 0.05s
detect-abnormalTransfer: succeeded in 0.12s
detect-CrossingBoundary: succeeded in 0.26s
detect-illegalBerthing: succeeded in 0.28s
detect-illegalAnchored: succeeded in 0.33s
detect-doubleDragging: succeeded in 2.03s
detect-abnormalStaying: succeeded in 3.55s
detect-collision: succeeded in 0.05s
detect-illegalStaying: succeeded in 0.20s
detect-lowSpeedBoat: succeeded in 0.53s
detect-deviation: succeeded in 0.70s
detect-highSpeedBoat: succeeded in 0.84s
detect-abnormalWandering: succeeded in 4.03s
detect-blackList: succeeded in 0.11s
detect-abnormalTransfer: succeeded in 0.12s
detect-illegalBerthing: succeeded in 0.16s
detect-CrossingBoundary: succeeded in 0.20s
detect-doubleDragging: succeeded in 1.80s
detect-illegalAnchored: succeeded in 0.30s
detect-collision: succeeded in 0.03s
detect-illegalStaying: succeeded in 0.56s
detect-lowSpeedBoat: succeeded in 0.70s
detect-abnormalStaying: succeeded in 4.39s
detect-deviation: succeeded in 0.94s
detect-highSpeedBoat: succeeded in 0.94s
detect-abnormalWandering: succeeded in 3.81s
detect-illegalBerthing: succeeded in 0.11s
detect-doubleDragging: succeeded in 1.83s
detect-CrossingBoundary: succeeded in 0.22s
detect-blackList: succeeded in 0.27s
detect-abnormalTransfer: succeeded in 0.28s
detect-illegalAnchored: succeeded in 0.31s
detect-collision: succeeded in 0.05s
detect-illegalStaying: succeeded in 0.19s
detect-lowSpeedBoat: succeeded in 0.55s
detect-deviation: succeeded in 0.75s
detect-highSpeedBoat: succeeded in 1.22s
detect-blackList: succeeded in 0.03s
detect-illegalBerthing: succeeded in 0.11s
detect-abnormalTransfer: succeeded in 0.14s
detect-doubleDragging: succeeded in 1.75s
detect-abnormalWandering: succeeded in 3.53s
detect-CrossingBoundary: succeeded in 0.28s
detect-illegalAnchored: succeeded in 0.31s
detect-abnormalStaying: succeeded in 4.41s
detect-collision: succeeded in 0.05s
detect-illegalStaying: succeeded in 0.34s
detect-lowSpeedBoat: succeeded in 0.59s
detect-highSpeedBoat: succeeded in 0.97s
detect-deviation: succeeded in 1.02s
detect-blackList: succeeded in 0.05s
detect-abnormalTransfer: succeeded in 0.09s
detect-illegalBerthing: succeeded in 0.14s
detect-abnormalWandering: succeeded in 3.45s
detect-CrossingBoundary: succeeded in 0.17s
detect-illegalAnchored: succeeded in 0.36s
detect-abnormalStaying: succeeded in 3.56s
detect-doubleDragging: succeeded in 2.20s
detect-collision: succeeded in 0.23s
detect-illegalStaying: succeeded in 0.23s
detect-lowSpeedBoat: succeeded in 0.56s
detect-deviation: succeeded in 0.72s
detect-highSpeedBoat: succeeded in 1.03s
detect-blackList: succeeded in 0.03s
detect-abnormalTransfer: succeeded in 0.09s
detect-illegalBerthing: succeeded in 0.19s
detect-CrossingBoundary: succeeded in 0.23s
detect-doubleDragging: succeeded in 1.92s
detect-illegalAnchored: succeeded in 0.34s
detect-abnormalStaying: succeeded in 3.50s
detect-abnormalWandering: succeeded in 3.84s
detect-collision: succeeded in 0.12s
detect-illegalStaying: succeeded in 0.14s
detect-lowSpeedBoat: succeeded in 0.53s
detect-deviation: succeeded in 0.84s
detect-highSpeedBoat: succeeded in 1.22s
detect-blackList: succeeded in 0.03s
detect-abnormalTransfer: succeeded in 0.08s
detect-CrossingBoundary: succeeded in 0.22s
detect-illegalBerthing: succeeded in 0.24s
detect-illegalAnchored: succeeded in 0.39s
detect-doubleDragging: succeeded in 1.94s
detect-abnormalWandering: succeeded in 3.39s
detect-abnormalStaying: succeeded in 3.58s
detect-collision: succeeded in 0.03s
detect-illegalStaying: succeeded in 0.17s
detect-lowSpeedBoat: succeeded in 0.55s
detect-deviation: succeeded in 0.70s
detect-highSpeedBoat: succeeded in 1.06s
detect-doubleDragging: succeeded in 2.09s
detect-blackList: succeeded in 0.28s
detect-abnormalWandering: succeeded in 3.28s
detect-illegalBerthing: succeeded in 0.31s
detect-abnormalTransfer: succeeded in 0.34s
detect-CrossingBoundary: succeeded in 0.34s
detect-illegalAnchored: succeeded in 0.38s
detect-abnormalStaying: succeeded in 3.28s
detect-collision: succeeded in 0.03s
detect-illegalStaying: succeeded in 0.44s
detect-lowSpeedBoat: succeeded in 0.83s
detect-deviation: succeeded in 0.86s
detect-highSpeedBoat: succeeded in 1.17s
detect-illegalBerthing: succeeded in 0.08s
detect-blackList: succeeded in 0.11s
detect-doubleDragging: succeeded in 1.92s
detect-abnormalTransfer: succeeded in 0.19s
detect-CrossingBoundary: succeeded in 0.20s
detect-illegalAnchored: succeeded in 0.28s
detect-abnormalWandering: succeeded in 3.48s
detect-abnormalStaying: succeeded in 3.59s
detect-collision: succeeded in 0.03s
detect-illegalStaying: succeeded in 0.28s
detect-lowSpeedBoat: succeeded in 0.61s
detect-deviation: succeeded in 0.72s
detect-blackList: succeeded in 0.03s
detect-abnormalTransfer: succeeded in 0.14s
detect-illegalBerthing: succeeded in 0.14s
detect-highSpeedBoat: succeeded in 2.14s
detect-abnormalWandering: succeeded in 3.55s
detect-CrossingBoundary: succeeded in 0.49s
detect-illegalAnchored: succeeded in 0.55s
detect-abnormalStaying: succeeded in 4.00s
detect-doubleDragging: succeeded in 3.05s
detect-collision: succeeded in 0.03s
detect-illegalStaying: succeeded in 0.17s
detect-lowSpeedBoat: succeeded in 0.53s
detect-deviation: succeeded in 0.70s
detect-highSpeedBoat: succeeded in 1.24s
detect-blackList: succeeded in 0.03s
detect-abnormalTransfer: succeeded in 0.12s
detect-illegalBerthing: succeeded in 0.12s
detect-CrossingBoundary: succeeded in 0.17s
detect-abnormalWandering: succeeded in 3.14s
detect-illegalAnchored: succeeded in 0.31s
detect-doubleDragging: succeeded in 2.24s
detect-illegalStaying: succeeded in 0.16s
detect-abnormalStaying: succeeded in 3.73s
detect-collision: succeeded in 0.30s
detect-lowSpeedBoat: succeeded in 0.59s
detect-deviation: succeeded in 0.70s
detect-blackList: succeeded in 0.05s
detect-highSpeedBoat: succeeded in 1.81s
detect-illegalBerthing: succeeded in 0.11s
detect-CrossingBoundary: succeeded in 0.16s
detect-abnormalTransfer: succeeded in 0.20s
detect-abnormalWandering: succeeded in 3.53s
detect-illegalAnchored: succeeded in 0.28s
detect-doubleDragging: succeeded in 2.56s
detect-illegalStaying: succeeded in 0.19s
detect-collision: succeeded in 0.20s
detect-lowSpeedBoat: succeeded in 0.64s
detect-abnormalStaying: succeeded in 3.67s
detect-deviation: succeeded in 0.74s
detect-highSpeedBoat: succeeded in 0.78s
detect-blackList: succeeded in 0.03s
detect-abnormalTransfer: succeeded in 0.16s
detect-CrossingBoundary: succeeded in 0.19s
detect-abnormalWandering: succeeded in 3.25s
detect-doubleDragging: succeeded in 1.97s
detect-illegalBerthing: succeeded in 0.22s
detect-illegalAnchored: succeeded in 0.31s
detect-collision: succeeded in 0.05s
detect-illegalStaying: succeeded in 0.20s
detect-lowSpeedBoat: succeeded in 0.62s
detect-abnormalStaying: succeeded in 3.59s
detect-deviation: succeeded in 0.80s
detect-highSpeedBoat: succeeded in 0.94s
detect-doubleDragging: succeeded in 1.38s
detect-blackList: succeeded in 0.08s
detect-CrossingBoundary: succeeded in 0.16s
detect-abnormalTransfer: succeeded in 0.17s
detect-illegalBerthing: succeeded in 0.16s
detect-abnormalWandering: succeeded in 3.31s
detect-illegalAnchored: succeeded in 0.30s
detect-collision: succeeded in 0.08s
detect-illegalStaying: succeeded in 0.34s
detect-lowSpeedBoat: succeeded in 0.59s
detect-deviation: succeeded in 0.67s
detect-abnormalStaying: succeeded in 3.34s
detect-highSpeedBoat: succeeded in 0.95s
detect-abnormalWandering: succeeded in 3.11s
detect-blackList: succeeded in 0.09s
detect-illegalBerthing: succeeded in 0.09s
detect-abnormalTransfer: succeeded in 0.14s
detect-CrossingBoundary: succeeded in 0.24s
detect-illegalAnchored: succeeded in 0.27s
detect-doubleDragging: succeeded in 2.36s
detect-collision: succeeded in 0.05s
detect-illegalStaying: succeeded in 0.25s
detect-lowSpeedBoat: succeeded in 0.58s
detect-deviation: succeeded in 0.64s
detect-highSpeedBoat: succeeded in 1.20s
detect-abnormalStaying: succeeded in 3.55s
detect-blackList: succeeded in 0.03s
detect-abnormalWandering: succeeded in 3.38s
detect-abnormalTransfer: succeeded in 0.12s
detect-illegalBerthing: succeeded in 0.16s
detect-CrossingBoundary: succeeded in 0.26s
detect-illegalAnchored: succeeded in 0.33s
detect-doubleDragging: succeeded in 2.42s
detect-collision: succeeded in 0.05s
detect-illegalStaying: succeeded in 0.22s
detect-lowSpeedBoat: succeeded in 0.59s
detect-deviation: succeeded in 0.76s
detect-highSpeedBoat: succeeded in 0.94s
detect-abnormalStaying: succeeded in 3.83s
detect-doubleDragging: succeeded in 1.72s
detect-abnormalWandering: succeeded in 3.47s
detect-abnormalTransfer: succeeded in 0.11s
detect-blackList: succeeded in 0.11s
detect-illegalBerthing: succeeded in 0.09s
detect-CrossingBoundary: succeeded in 0.14s
detect-illegalAnchored: succeeded in 0.24s
detect-collision: succeeded in 0.12s
detect-illegalStaying: succeeded in 0.28s
detect-lowSpeedBoat: succeeded in 0.58s
detect-deviation: succeeded in 0.98s
detect-highSpeedBoat: succeeded in 1.09s
detect-blackList: succeeded in 0.03s
detect-illegalBerthing: succeeded in 0.08s
detect-abnormalTransfer: succeeded in 0.17s
detect-CrossingBoundary: succeeded in 0.20s
detect-abnormalWandering: succeeded in 3.47s
detect-illegalAnchored: succeeded in 0.33s
detect-abnormalStaying: succeeded in 4.00s
detect-doubleDragging: succeeded in 2.22s
detect-collision: succeeded in 0.17s
detect-illegalStaying: succeeded in 0.20s
detect-lowSpeedBoat: succeeded in 0.67s
detect-deviation: succeeded in 0.84s
detect-highSpeedBoat: succeeded in 1.34s
detect-doubleDragging: succeeded in 1.56s
detect-blackList: succeeded in 0.03s
detect-abnormalTransfer: succeeded in 0.11s
detect-CrossingBoundary: succeeded in 0.16s
detect-illegalBerthing: succeeded in 0.16s
detect-abnormalWandering: succeeded in 3.59s
detect-illegalAnchored: succeeded in 0.27s
detect-collision: succeeded in 0.05s
detect-abnormalStaying: succeeded in 3.52s
detect-illegalStaying: succeeded in 0.39s
detect-lowSpeedBoat: succeeded in 0.55s
detect-deviation: succeeded in 0.84s
detect-highSpeedBoat: succeeded in 1.78s
detect-blackList: succeeded in 0.11s
detect-abnormalTransfer: succeeded in 0.12s
detect-CrossingBoundary: succeeded in 0.12s
detect-abnormalWandering: succeeded in 3.17s
detect-illegalBerthing: succeeded in 0.14s
detect-illegalAnchored: succeeded in 0.31s
detect-doubleDragging: succeeded in 3.08s
detect-collision: succeeded in 0.03s
detect-illegalStaying: succeeded in 0.22s
detect-lowSpeedBoat: succeeded in 0.66s
detect-deviation: succeeded in 0.72s
detect-abnormalStaying: succeeded in 3.83s
detect-illegalBerthing: succeeded in 0.08s
detect-doubleDragging: succeeded in 1.66s
detect-blackList: succeeded in 0.12s
detect-abnormalTransfer: succeeded in 0.19s
detect-CrossingBoundary: succeeded in 0.19s
detect-illegalAnchored: succeeded in 0.25s
detect-highSpeedBoat: succeeded in 1.91s
detect-collision: succeeded in 0.03s
detect-abnormalWandering: succeeded in 3.69s
detect-illegalStaying: succeeded in 0.33s
detect-lowSpeedBoat: succeeded in 0.62s
detect-deviation: succeeded in 1.08s
detect-highSpeedBoat: succeeded in 1.08s
detect-abnormalStaying: succeeded in 3.70s
detect-blackList: succeeded in 0.03s
detect-illegalBerthing: succeeded in 0.11s
detect-abnormalTransfer: succeeded in 0.17s
detect-CrossingBoundary: succeeded in 0.17s
detect-illegalAnchored: succeeded in 0.28s
detect-doubleDragging: succeeded in 1.92s
detect-collision: succeeded in 0.05s
detect-illegalStaying: succeeded in 0.14s
detect-deviation: succeeded in 0.66s
detect-abnormalWandering: succeeded in 3.69s
detect-lowSpeedBoat: succeeded in 0.83s
detect-highSpeedBoat: succeeded in 1.24s
detect-abnormalStaying: succeeded in 3.56s
detect-blackList: succeeded in 0.03s
detect-abnormalTransfer: succeeded in 0.11s
detect-illegalBerthing: succeeded in 0.11s
detect-CrossingBoundary: succeeded in 0.23s
detect-illegalAnchored: succeeded in 0.42s
detect-doubleDragging: succeeded in 2.69s
detect-collision: succeeded in 0.14s
detect-illegalStaying: succeeded in 0.42s
detect-lowSpeedBoat: succeeded in 0.53s
detect-abnormalWandering: succeeded in 3.81s
detect-deviation: succeeded in 1.02s
detect-highSpeedBoat: succeeded in 1.30s
detect-blackList: succeeded in 0.01s
detect-illegalBerthing: succeeded in 0.08s
detect-abnormalTransfer: succeeded in 0.11s
detect-CrossingBoundary: succeeded in 0.16s
detect-illegalAnchored: succeeded in 0.23s
detect-abnormalStaying: succeeded in 4.12s
detect-doubleDragging: succeeded in 2.12s
detect-collision: succeeded in 0.14s
detect-illegalStaying: succeeded in 0.14s
detect-lowSpeedBoat: succeeded in 0.66s
detect-deviation: succeeded in 1.17s
detect-abnormalWandering: succeeded in 3.59s
detect-blackList: succeeded in 0.03s
detect-abnormalTransfer: succeeded in 0.08s
detect-CrossingBoundary: succeeded in 0.17s
detect-highSpeedBoat: succeeded in 1.86s
detect-illegalBerthing: succeeded in 0.19s
detect-illegalAnchored: succeeded in 0.33s
detect-abnormalStaying: succeeded in 3.49s
detect-doubleDragging: succeeded in 2.49s
detect-collision: succeeded in 0.03s
detect-illegalStaying: succeeded in 0.31s
detect-lowSpeedBoat: succeeded in 0.70s
detect-deviation: succeeded in 0.92s
detect-abnormalWandering: succeeded in 3.59s
detect-blackList: succeeded in 0.19s
detect-illegalBerthing: succeeded in 0.19s
detect-CrossingBoundary: succeeded in 0.22s
detect-abnormalTransfer: succeeded in 0.28s
detect-illegalAnchored: succeeded in 0.36s
detect-highSpeedBoat: succeeded in 2.42s
detect-abnormalStaying: succeeded in 3.33s
detect-doubleDragging: succeeded in 3.38s
detect-collision: succeeded in 0.03s
detect-illegalStaying: succeeded in 0.20s
detect-lowSpeedBoat: succeeded in 0.64s
detect-deviation: succeeded in 0.70s
detect-highSpeedBoat: succeeded in 0.83s
detect-doubleDragging: succeeded in 1.25s
detect-illegalBerthing: succeeded in 0.08s
detect-abnormalTransfer: succeeded in 0.20s
detect-CrossingBoundary: succeeded in 0.20s
detect-blackList: succeeded in 0.20s
detect-illegalAnchored: succeeded in 0.30s
detect-abnormalWandering: succeeded in 3.99s
detect-abnormalStaying: succeeded in 3.95s
detect-collision: succeeded in 0.05s
detect-illegalStaying: succeeded in 0.19s
detect-lowSpeedBoat: succeeded in 0.53s
detect-deviation: succeeded in 0.69s
detect-highSpeedBoat: succeeded in 0.92s
detect-doubleDragging: succeeded in 1.30s
detect-blackList: succeeded in 0.03s
detect-abnormalTransfer: succeeded in 0.20s
detect-illegalBerthing: succeeded in 0.20s
detect-CrossingBoundary: succeeded in 0.25s
detect-illegalAnchored: succeeded in 0.28s
detect-abnormalWandering: succeeded in 3.45s
detect-abnormalStaying: succeeded in 3.34s
detect-collision: succeeded in 0.03s
detect-illegalStaying: succeeded in 0.19s
detect-lowSpeedBoat: succeeded in 0.81s
detect-deviation: succeeded in 0.84s
detect-blackList: succeeded in 0.03s
detect-abnormalTransfer: succeeded in 0.08s
detect-illegalBerthing: succeeded in 0.08s
detect-CrossingBoundary: succeeded in 0.09s
detect-doubleDragging: succeeded in 1.94s
detect-highSpeedBoat: succeeded in 1.98s
detect-illegalAnchored: succeeded in 0.30s
detect-abnormalWandering: succeeded in 3.33s
detect-collision: succeeded in 0.24s
detect-illegalStaying: succeeded in 0.34s
detect-lowSpeedBoat: succeeded in 0.56s
detect-deviation: succeeded in 0.74s
detect-abnormalStaying: succeeded in 4.27s
detect-highSpeedBoat: succeeded in 0.77s
detect-blackList: succeeded in 0.03s
detect-abnormalTransfer: succeeded in 0.08s
detect-illegalBerthing: succeeded in 0.08s
detect-CrossingBoundary: succeeded in 0.16s
detect-doubleDragging: succeeded in 1.78s
detect-illegalAnchored: succeeded in 0.28s
detect-abnormalWandering: succeeded in 3.44s
detect-illegalStaying: succeeded in 0.11s
detect-collision: succeeded in 0.19s
detect-lowSpeedBoat: succeeded in 0.75s
detect-deviation: succeeded in 0.92s
detect-abnormalStaying: succeeded in 3.56s
detect-blackList: succeeded in 0.03s
detect-abnormalTransfer: succeeded in 0.11s
detect-highSpeedBoat: succeeded in 1.69s
detect-CrossingBoundary: succeeded in 0.16s
detect-illegalBerthing: succeeded in 0.22s
detect-illegalAnchored: succeeded in 0.47s
detect-doubleDragging: succeeded in 2.05s
detect-abnormalWandering: succeeded in 3.27s
detect-collision: succeeded in 0.03s
detect-illegalStaying: succeeded in 0.12s
detect-lowSpeedBoat: succeeded in 0.45s
detect-deviation: succeeded in 0.72s
detect-highSpeedBoat: succeeded in 0.89s
detect-abnormalStaying: succeeded in 3.64s
detect-doubleDragging: succeeded in 1.75s
detect-CrossingBoundary: succeeded in 0.14s
detect-blackList: succeeded in 0.16s
detect-abnormalTransfer: succeeded in 0.19s
detect-illegalBerthing: succeeded in 0.17s
detect-illegalAnchored: succeeded in 0.23s
detect-abnormalWandering: succeeded in 3.09s
detect-collision: succeeded in 0.03s
detect-illegalStaying: succeeded in 0.42s
detect-lowSpeedBoat: succeeded in 0.69s
detect-deviation: succeeded in 0.94s
detect-highSpeedBoat: succeeded in 1.03s
detect-doubleDragging: succeeded in 1.56s
detect-abnormalStaying: succeeded in 3.47s
detect-blackList: succeeded in 0.08s
detect-illegalBerthing: succeeded in 0.08s
detect-abnormalTransfer: succeeded in 0.11s
detect-CrossingBoundary: succeeded in 0.17s
detect-illegalAnchored: succeeded in 0.33s
detect-abnormalWandering: succeeded in 3.17s
detect-collision: succeeded in 0.03s
detect-illegalStaying: succeeded in 0.17s
detect-lowSpeedBoat: succeeded in 0.45s
detect-deviation: succeeded in 0.56s
detect-highSpeedBoat: succeeded in 0.84s
detect-doubleDragging: succeeded in 1.58s
detect-abnormalStaying: succeeded in 3.16s
detect-blackList: succeeded in 0.03s
detect-abnormalTransfer: succeeded in 0.06s
detect-illegalBerthing: succeeded in 0.16s
detect-illegalAnchored: succeeded in 0.30s
detect-CrossingBoundary: succeeded in 0.39s
detect-abnormalWandering: succeeded in 3.34s
detect-collision: succeeded in 0.03s
detect-illegalStaying: succeeded in 0.24s
detect-lowSpeedBoat: succeeded in 0.59s
detect-deviation: succeeded in 0.69s
detect-highSpeedBoat: succeeded in 1.44s
detect-doubleDragging: succeeded in 1.64s
detect-blackList: succeeded in 0.03s
detect-abnormalTransfer: succeeded in 0.09s
detect-illegalBerthing: succeeded in 0.08s
detect-CrossingBoundary: succeeded in 0.12s
detect-abnormalStaying: succeeded in 3.56s
detect-illegalAnchored: succeeded in 0.28s
detect-abnormalWandering: succeeded in 3.23s
detect-collision: succeeded in 0.12s
detect-illegalStaying: succeeded in 0.12s
detect-lowSpeedBoat: succeeded in 0.59s
detect-deviation: succeeded in 0.69s
detect-highSpeedBoat: succeeded in 0.97s
detect-doubleDragging: succeeded in 1.56s
detect-blackList: succeeded in 0.03s
detect-illegalBerthing: succeeded in 0.06s
detect-CrossingBoundary: succeeded in 0.14s
detect-abnormalTransfer: succeeded in 0.16s
detect-illegalAnchored: succeeded in 0.39s
detect-abnormalStaying: succeeded in 3.50s
detect-collision: succeeded in 0.06s
detect-illegalStaying: succeeded in 0.11s
detect-abnormalWandering: succeeded in 3.62s
detect-lowSpeedBoat: succeeded in 0.53s
detect-deviation: succeeded in 0.64s
detect-highSpeedBoat: succeeded in 1.06s
detect-doubleDragging: succeeded in 1.22s
detect-blackList: succeeded in 0.03s
detect-abnormalTransfer: succeeded in 0.06s
detect-CrossingBoundary: succeeded in 0.11s
detect-illegalBerthing: succeeded in 0.12s
detect-illegalAnchored: succeeded in 0.25s
detect-abnormalStaying: succeeded in 3.34s
detect-collision: succeeded in 0.05s
detect-illegalStaying: succeeded in 0.42s
detect-deviation: succeeded in 0.75s
detect-lowSpeedBoat: succeeded in 0.77s
detect-abnormalWandering: succeeded in 3.69s
detect-highSpeedBoat: succeeded in 0.95s
detect-doubleDragging: succeeded in 1.81s
detect-blackList: succeeded in 0.11s
detect-CrossingBoundary: succeeded in 0.20s
detect-abnormalTransfer: succeeded in 0.20s
detect-illegalBerthing: succeeded in 0.20s
detect-illegalAnchored: succeeded in 0.34s
detect-abnormalStaying: succeeded in 3.30s
detect-collision: succeeded in 0.03s
detect-illegalStaying: succeeded in 0.20s
detect-lowSpeedBoat: succeeded in 0.52s
detect-deviation: succeeded in 0.62s
detect-abnormalWandering: succeeded in 3.44s
detect-highSpeedBoat: succeeded in 0.95s
detect-blackList: succeeded in 0.17s
detect-illegalBerthing: succeeded in 0.17s
detect-abnormalTransfer: succeeded in 0.20s
detect-doubleDragging: succeeded in 2.12s
detect-CrossingBoundary: succeeded in 0.33s
detect-illegalAnchored: succeeded in 0.36s
detect-abnormalStaying: succeeded in 3.41s
detect-collision: succeeded in 0.03s
detect-illegalStaying: succeeded in 0.16s
detect-lowSpeedBoat: succeeded in 0.50s
detect-deviation: succeeded in 0.59s
detect-abnormalWandering: succeeded in 3.73s
detect-highSpeedBoat: succeeded in 1.16s
detect-blackList: succeeded in 0.03s
detect-illegalBerthing: succeeded in 0.12s
detect-abnormalTransfer: succeeded in 0.16s
detect-doubleDragging: succeeded in 1.83s
detect-CrossingBoundary: succeeded in 0.30s
detect-illegalAnchored: succeeded in 0.30s
detect-abnormalStaying: succeeded in 3.36s
detect-collision: succeeded in 0.03s
detect-illegalStaying: succeeded in 0.19s
detect-lowSpeedBoat: succeeded in 0.64s
detect-deviation: succeeded in 0.80s
detect-abnormalWandering: succeeded in 3.38s
detect-highSpeedBoat: succeeded in 1.38s
detect-blackList: succeeded in 0.01s
detect-abnormalTransfer: succeeded in 0.17s
detect-illegalBerthing: succeeded in 0.16s
detect-illegalAnchored: succeeded in 0.31s
detect-doubleDragging: succeeded in 1.92s
detect-CrossingBoundary: succeeded in 0.38s
detect-illegalStaying: succeeded in 0.19s
detect-collision: succeeded in 0.22s
detect-lowSpeedBoat: succeeded in 0.53s
detect-abnormalStaying: succeeded in 3.97s
detect-deviation: succeeded in 0.76s
detect-highSpeedBoat: succeeded in 1.09s
detect-abnormalWandering: succeeded in 3.66s
detect-blackList: succeeded in 0.03s
detect-illegalBerthing: succeeded in 0.08s
detect-abnormalTransfer: succeeded in 0.14s
detect-CrossingBoundary: succeeded in 0.12s
detect-doubleDragging: succeeded in 2.08s
detect-illegalAnchored: succeeded in 0.27s
detect-illegalStaying: succeeded in 0.14s
detect-collision: succeeded in 0.20s
detect-lowSpeedBoat: succeeded in 0.62s
detect-deviation: succeeded in 0.69s
detect-abnormalStaying: succeeded in 3.92s
detect-abnormalWandering: succeeded in 3.36s
detect-doubleDragging: succeeded in 1.34s
detect-highSpeedBoat: succeeded in 1.39s
detect-blackList: succeeded in 0.05s
detect-illegalBerthing: succeeded in 0.09s
detect-abnormalTransfer: succeeded in 0.12s
detect-CrossingBoundary: succeeded in 0.14s
detect-illegalAnchored: succeeded in 0.26s
detect-collision: succeeded in 0.02s
detect-illegalStaying: succeeded in 0.24s
detect-lowSpeedBoat: succeeded in 0.52s
detect-deviation: succeeded in 0.69s
detect-highSpeedBoat: succeeded in 0.86s
detect-doubleDragging: succeeded in 1.52s
detect-abnormalWandering: succeeded in 3.47s
detect-blackList: succeeded in 0.09s
detect-CrossingBoundary: succeeded in 0.16s
detect-abnormalStaying: succeeded in 3.75s
detect-abnormalTransfer: succeeded in 0.20s
detect-illegalBerthing: succeeded in 0.20s
detect-illegalAnchored: succeeded in 0.31s
detect-collision: succeeded in 0.05s
detect-illegalStaying: succeeded in 0.27s
detect-lowSpeedBoat: succeeded in 0.61s
detect-deviation: succeeded in 0.66s
detect-abnormalWandering: succeeded in 3.12s
detect-abnormalStaying: succeeded in 3.17s
detect-highSpeedBoat: succeeded in 1.81s
detect-blackList: succeeded in 0.17s
detect-illegalBerthing: succeeded in 0.19s
detect-CrossingBoundary: succeeded in 0.23s
detect-abnormalTransfer: succeeded in 0.27s
detect-illegalAnchored: succeeded in 0.28s
detect-doubleDragging: succeeded in 3.20s
detect-collision: succeeded in 0.03s
detect-illegalStaying: succeeded in 0.25s
detect-lowSpeedBoat: succeeded in 0.62s
detect-deviation: succeeded in 0.64s
detect-highSpeedBoat: succeeded in 0.94s
detect-abnormalStaying: succeeded in 3.08s
detect-doubleDragging: succeeded in 1.42s
detect-abnormalWandering: succeeded in 3.36s
detect-blackList: succeeded in 0.05s
detect-illegalBerthing: succeeded in 0.08s
detect-abnormalTransfer: succeeded in 0.14s
detect-CrossingBoundary: succeeded in 0.24s
detect-illegalAnchored: succeeded in 0.25s
detect-collision: succeeded in 0.03s
detect-illegalStaying: succeeded in 0.25s
detect-lowSpeedBoat: succeeded in 0.59s
detect-deviation: succeeded in 0.70s
detect-highSpeedBoat: succeeded in 1.05s
detect-abnormalWandering: succeeded in 3.22s
detect-doubleDragging: succeeded in 1.51s
detect-blackList: succeeded in 0.03s
detect-illegalBerthing: succeeded in 0.08s
detect-abnormalTransfer: succeeded in 0.08s
detect-abnormalStaying: succeeded in 3.44s
detect-CrossingBoundary: succeeded in 0.17s
detect-illegalAnchored: succeeded in 0.24s
detect-collision: succeeded in 0.09s
detect-illegalStaying: succeeded in 0.19s
detect-lowSpeedBoat: succeeded in 0.50s
detect-deviation: succeeded in 0.56s
detect-highSpeedBoat: succeeded in 0.94s
detect-abnormalWandering: succeeded in 2.76s
detect-doubleDragging: succeeded in 1.51s
detect-abnormalStaying: succeeded in 2.89s
detect-blackList: succeeded in 0.03s
detect-illegalBerthing: succeeded in 0.12s
detect-abnormalTransfer: succeeded in 0.20s
detect-CrossingBoundary: succeeded in 0.20s
detect-illegalAnchored: succeeded in 0.27s
detect-illegalStaying: succeeded in 0.14s
detect-collision: succeeded in 0.14s
detect-lowSpeedBoat: succeeded in 0.53s
detect-deviation: succeeded in 0.66s
detect-highSpeedBoat: succeeded in 0.86s
detect-abnormalWandering: succeeded in 3.42s
detect-abnormalStaying: succeeded in 3.16s
detect-blackList: succeeded in 0.03s
detect-doubleDragging: succeeded in 1.69s
detect-abnormalTransfer: succeeded in 0.12s
detect-illegalBerthing: succeeded in 0.12s
detect-CrossingBoundary: succeeded in 0.17s
detect-illegalAnchored: succeeded in 0.20s
detect-collision: succeeded in 0.05s
detect-illegalStaying: succeeded in 0.36s
detect-lowSpeedBoat: succeeded in 0.80s
detect-deviation: succeeded in 0.86s
detect-abnormalWandering: succeeded in 3.23s
detect-highSpeedBoat: succeeded in 1.06s
detect-abnormalStaying: succeeded in 3.11s
detect-blackList: succeeded in 0.17s
detect-CrossingBoundary: succeeded in 0.16s
detect-illegalBerthing: succeeded in 0.19s
detect-abnormalTransfer: succeeded in 0.20s
detect-illegalAnchored: succeeded in 0.28s
detect-doubleDragging: succeeded in 1.94s
detect-collision: succeeded in 0.05s
detect-illegalStaying: succeeded in 0.31s
detect-lowSpeedBoat: succeeded in 0.64s
detect-deviation: succeeded in 0.70s
detect-highSpeedBoat: succeeded in 0.91s
detect-abnormalWandering: succeeded in 3.56s
detect-abnormalStaying: succeeded in 3.06s
detect-illegalBerthing: succeeded in 0.08s
detect-blackList: succeeded in 0.19s
detect-abnormalTransfer: succeeded in 0.20s
detect-CrossingBoundary: succeeded in 0.22s
detect-doubleDragging: succeeded in 1.80s
detect-illegalAnchored: succeeded in 0.33s
detect-collision: succeeded in 0.03s
detect-illegalStaying: succeeded in 0.55s
detect-lowSpeedBoat: succeeded in 0.64s
detect-deviation: succeeded in 0.83s
detect-highSpeedBoat: succeeded in 0.86s
detect-abnormalWandering: succeeded in 3.24s
detect-abnormalStaying: succeeded in 3.36s
detect-blackList: succeeded in 0.03s
detect-illegalBerthing: succeeded in 0.09s
detect-abnormalTransfer: succeeded in 0.12s
detect-CrossingBoundary: succeeded in 0.17s
detect-illegalAnchored: succeeded in 0.30s
detect-doubleDragging: succeeded in 1.84s
detect-collision: succeeded in 0.03s
detect-illegalStaying: succeeded in 0.17s
detect-lowSpeedBoat: succeeded in 0.55s
detect-deviation: succeeded in 1.08s
detect-highSpeedBoat: succeeded in 1.34s
detect-abnormalWandering: succeeded in 3.39s
detect-doubleDragging: succeeded in 1.66s
detect-abnormalStaying: succeeded in 3.50s
detect-blackList: succeeded in 0.06s
detect-illegalBerthing: succeeded in 0.11s
detect-abnormalTransfer: succeeded in 0.17s
detect-CrossingBoundary: succeeded in 0.26s
detect-illegalAnchored: succeeded in 0.49s
detect-collision: succeeded in 0.16s
detect-illegalStaying: succeeded in 0.20s
detect-deviation: succeeded in 0.62s
detect-lowSpeedBoat: succeeded in 0.72s
detect-highSpeedBoat: succeeded in 1.00s
detect-abnormalStaying: succeeded in 3.02s
detect-abnormalWandering: succeeded in 3.39s
detect-blackList: succeeded in 0.05s
detect-illegalBerthing: succeeded in 0.09s
detect-CrossingBoundary: succeeded in 0.11s
detect-abnormalTransfer: succeeded in 0.23s
detect-illegalAnchored: succeeded in 0.26s
detect-doubleDragging: succeeded in 1.80s
detect-illegalStaying: succeeded in 0.16s
detect-collision: succeeded in 0.19s
detect-lowSpeedBoat: succeeded in 0.47s
detect-deviation: succeeded in 0.59s
detect-highSpeedBoat: succeeded in 1.01s
detect-abnormalStaying: succeeded in 3.45s
detect-abnormalWandering: succeeded in 3.39s
detect-blackList: succeeded in 0.03s
detect-CrossingBoundary: succeeded in 0.17s
detect-abnormalTransfer: succeeded in 0.19s
detect-illegalBerthing: succeeded in 0.20s
detect-doubleDragging: succeeded in 1.73s
detect-illegalAnchored: succeeded in 0.27s
detect-collision: succeeded in 0.03s
detect-illegalStaying: succeeded in 0.22s
detect-lowSpeedBoat: succeeded in 0.81s
detect-deviation: succeeded in 1.16s
detect-abnormalWandering: succeeded in 3.17s
detect-abnormalStaying: succeeded in 3.25s
detect-CrossingBoundary: succeeded in 0.16s
detect-blackList: succeeded in 0.19s
detect-abnormalTransfer: succeeded in 0.20s
detect-illegalBerthing: succeeded in 0.20s
detect-illegalAnchored: succeeded in 0.38s
detect-highSpeedBoat: succeeded in 1.97s
detect-doubleDragging: succeeded in 2.17s
detect-collision: succeeded in 0.03s
detect-illegalStaying: succeeded in 0.22s
detect-deviation: succeeded in 0.64s
detect-lowSpeedBoat: succeeded in 0.72s
detect-abnormalWandering: succeeded in 3.09s
detect-highSpeedBoat: succeeded in 1.58s
detect-abnormalStaying: succeeded in 3.36s
detect-illegalBerthing: succeeded in 0.09s
detect-blackList: succeeded in 0.16s
detect-CrossingBoundary: succeeded in 0.25s
detect-abnormalTransfer: succeeded in 0.25s
detect-illegalAnchored: succeeded in 0.39s
detect-doubleDragging: succeeded in 2.61s
detect-collision: succeeded in 0.03s
detect-illegalStaying: succeeded in 0.20s
detect-lowSpeedBoat: succeeded in 0.48s
detect-deviation: succeeded in 0.64s
detect-highSpeedBoat: succeeded in 0.88s
detect-abnormalWandering: succeeded in 3.30s
detect-blackList: succeeded in 0.03s
detect-abnormalStaying: succeeded in 3.55s
detect-abnormalTransfer: succeeded in 0.11s
detect-illegalBerthing: succeeded in 0.09s
detect-doubleDragging: succeeded in 1.61s
detect-CrossingBoundary: succeeded in 0.24s
detect-illegalAnchored: succeeded in 0.26s
detect-collision: succeeded in 0.05s
detect-illegalStaying: succeeded in 0.28s
detect-lowSpeedBoat: succeeded in 0.59s
detect-deviation: succeeded in 0.64s
detect-abnormalWandering: succeeded in 3.30s
detect-highSpeedBoat: succeeded in 1.33s
detect-abnormalStaying: succeeded in 3.20s
detect-blackList: succeeded in 0.05s
detect-abnormalTransfer: succeeded in 0.08s
detect-illegalBerthing: succeeded in 0.09s
detect-CrossingBoundary: succeeded in 0.20s
detect-illegalAnchored: succeeded in 0.27s
detect-doubleDragging: succeeded in 2.08s
detect-collision: succeeded in 0.12s
detect-illegalStaying: succeeded in 0.19s
detect-lowSpeedBoat: succeeded in 0.53s
detect-deviation: succeeded in 0.78s
detect-abnormalWandering: succeeded in 3.23s
detect-abnormalStaying: succeeded in 2.97s
detect-highSpeedBoat: succeeded in 1.48s
detect-blackList: succeeded in 0.05s
detect-abnormalTransfer: succeeded in 0.12s
detect-CrossingBoundary: succeeded in 0.14s
detect-illegalBerthing: succeeded in 0.22s
detect-illegalAnchored: succeeded in 0.30s
detect-doubleDragging: succeeded in 2.06s
detect-illegalStaying: succeeded in 0.11s
detect-collision: succeeded in 0.16s
detect-lowSpeedBoat: succeeded in 0.44s
detect-deviation: succeeded in 0.56s
detect-highSpeedBoat: succeeded in 1.03s
detect-abnormalWandering: succeeded in 3.42s
detect-doubleDragging: succeeded in 1.59s
detect-abnormalStaying: succeeded in 3.17s
detect-blackList: succeeded in 0.03s
detect-abnormalTransfer: succeeded in 0.14s
detect-CrossingBoundary: succeeded in 0.22s
detect-illegalBerthing: succeeded in 0.26s
detect-illegalAnchored: succeeded in 0.56s
detect-collision: succeeded in 0.05s
detect-illegalStaying: succeeded in 0.19s
detect-lowSpeedBoat: succeeded in 0.49s
detect-deviation: succeeded in 0.61s
detect-highSpeedBoat: succeeded in 0.97s
detect-abnormalWandering: succeeded in 3.17s
detect-abnormalStaying: succeeded in 3.06s
detect-blackList: succeeded in 0.11s
detect-illegalBerthing: succeeded in 0.09s
detect-doubleDragging: succeeded in 1.64s
detect-abnormalTransfer: succeeded in 0.16s
detect-CrossingBoundary: succeeded in 0.14s
detect-illegalAnchored: succeeded in 0.25s
detect-collision: succeeded in 0.09s
detect-illegalStaying: succeeded in 0.56s
detect-deviation: succeeded in 0.86s
detect-lowSpeedBoat: succeeded in 0.83s
detect-abnormalStaying: succeeded in 3.23s
detect-highSpeedBoat: succeeded in 1.55s
detect-abnormalWandering: succeeded in 3.58s
detect-doubleDragging: succeeded in 1.64s
detect-illegalBerthing: succeeded in 0.05s
detect-abnormalTransfer: succeeded in 0.11s
detect-blackList: succeeded in 0.12s
detect-CrossingBoundary: succeeded in 0.14s
detect-illegalAnchored: succeeded in 0.20s
detect-collision: succeeded in 0.02s
detect-illegalStaying: succeeded in 0.17s
detect-lowSpeedBoat: succeeded in 0.53s
detect-deviation: succeeded in 0.58s
detect-highSpeedBoat: succeeded in 0.66s
detect-abnormalWandering: succeeded in 2.94s
detect-abnormalStaying: succeeded in 3.03s
detect-doubleDragging: succeeded in 1.56s
detect-blackList: succeeded in 0.03s
detect-abnormalTransfer: succeeded in 0.14s
detect-illegalBerthing: succeeded in 0.14s
detect-CrossingBoundary: succeeded in 0.30s
detect-illegalAnchored: succeeded in 0.38s
detect-collision: succeeded in 0.03s
detect-illegalStaying: succeeded in 0.23s
detect-lowSpeedBoat: succeeded in 0.55s
detect-deviation: succeeded in 0.70s
detect-highSpeedBoat: succeeded in 1.24s
detect-abnormalWandering: succeeded in 3.39s
detect-abnormalStaying: succeeded in 3.23s
detect-blackList: succeeded in 0.03s
detect-abnormalTransfer: succeeded in 0.08s
detect-illegalBerthing: succeeded in 0.09s
detect-CrossingBoundary: succeeded in 0.14s
detect-illegalAnchored: succeeded in 0.25s
detect-doubleDragging: succeeded in 2.05s
detect-collision: succeeded in 0.16s
detect-illegalStaying: succeeded in 0.31s
detect-lowSpeedBoat: succeeded in 0.66s
detect-deviation: succeeded in 0.76s
detect-abnormalWandering: succeeded in 2.84s
detect-abnormalStaying: succeeded in 2.88s
detect-highSpeedBoat: succeeded in 1.22s
detect-blackList: succeeded in 0.06s
detect-abnormalTransfer: succeeded in 0.09s
detect-illegalBerthing: succeeded in 0.24s
detect-CrossingBoundary: succeeded in 0.28s
detect-illegalAnchored: succeeded in 0.28s
detect-doubleDragging: succeeded in 2.03s
detect-collision: succeeded in 0.08s
detect-illegalStaying: succeeded in 0.25s
detect-lowSpeedBoat: succeeded in 0.66s
detect-deviation: succeeded in 0.94s
detect-abnormalWandering: succeeded in 3.27s
detect-abnormalStaying: succeeded in 3.39s
detect-blackList: succeeded in 0.05s
detect-abnormalTransfer: succeeded in 0.14s
detect-CrossingBoundary: succeeded in 0.17s
detect-highSpeedBoat: succeeded in 2.02s
detect-illegalBerthing: succeeded in 0.39s
detect-doubleDragging: succeeded in 2.38s
detect-illegalAnchored: succeeded in 0.58s
detect-collision: succeeded in 0.03s
detect-illegalStaying: succeeded in 0.27s
detect-lowSpeedBoat: succeeded in 0.55s
detect-deviation: succeeded in 0.62s
detect-highSpeedBoat: succeeded in 0.95s
detect-abnormalWandering: succeeded in 3.11s
detect-abnormalStaying: succeeded in 3.08s
detect-doubleDragging: succeeded in 1.48s
detect-blackList: succeeded in 0.06s
detect-illegalBerthing: succeeded in 0.08s
detect-abnormalTransfer: succeeded in 0.09s
detect-CrossingBoundary: succeeded in 0.14s
detect-illegalAnchored: succeeded in 0.26s
detect-collision: succeeded in 0.05s
detect-illegalStaying: succeeded in 0.33s
detect-lowSpeedBoat: succeeded in 0.56s
detect-deviation: succeeded in 0.62s
detect-highSpeedBoat: succeeded in 0.75s
detect-abnormalWandering: succeeded in 3.52s
detect-abnormalStaying: succeeded in 3.44s
detect-doubleDragging: succeeded in 1.52s
detect-blackList: succeeded in 0.09s
detect-illegalBerthing: succeeded in 0.08s
detect-abnormalTransfer: succeeded in 0.12s
detect-CrossingBoundary: succeeded in 0.14s
detect-illegalAnchored: succeeded in 0.25s
detect-collision: succeeded in 0.03s
detect-illegalStaying: succeeded in 0.30s
detect-deviation: succeeded in 0.80s
detect-lowSpeedBoat: succeeded in 0.84s
detect-highSpeedBoat: succeeded in 1.20s
detect-abnormalWandering: succeeded in 3.22s
detect-abnormalStaying: succeeded in 3.33s
detect-blackList: succeeded in 0.03s
detect-abnormalTransfer: succeeded in 0.08s
detect-illegalBerthing: succeeded in 0.12s
detect-CrossingBoundary: succeeded in 0.19s
detect-illegalAnchored: succeeded in 0.25s
detect-doubleDragging: succeeded in 1.84s
detect-collision: succeeded in 0.05s
detect-illegalStaying: succeeded in 0.19s
detect-lowSpeedBoat: succeeded in 0.49s
detect-deviation: succeeded in 0.56s
detect-highSpeedBoat: succeeded in 0.92s
detect-abnormalWandering: succeeded in 2.88s
detect-doubleDragging: succeeded in 1.31s
detect-blackList: succeeded in 0.03s
detect-illegalBerthing: succeeded in 0.09s
detect-abnormalTransfer: succeeded in 0.11s
detect-CrossingBoundary: succeeded in 0.17s
detect-illegalAnchored: succeeded in 0.23s
detect-illegalStaying: succeeded in 0.19s
detect-abnormalStaying: succeeded in 3.42s
detect-collision: succeeded in 0.23s
detect-lowSpeedBoat: succeeded in 0.58s
detect-deviation: succeeded in 0.72s
detect-highSpeedBoat: succeeded in 1.27s
detect-abnormalWandering: succeeded in 3.38s
detect-blackList: succeeded in 0.05s
detect-illegalBerthing: succeeded in 0.06s
detect-abnormalTransfer: succeeded in 0.14s
detect-CrossingBoundary: succeeded in 0.19s
detect-illegalAnchored: succeeded in 0.27s
detect-doubleDragging: succeeded in 2.11s
detect-collision: succeeded in 0.09s
detect-illegalStaying: succeeded in 0.12s
detect-abnormalStaying: succeeded in 3.08s
detect-lowSpeedBoat: succeeded in 0.47s
detect-deviation: succeeded in 0.59s
detect-highSpeedBoat: succeeded in 0.91s
detect-abnormalWandering: succeeded in 3.00s
detect-doubleDragging: succeeded in 1.33s
detect-blackList: succeeded in 0.08s
detect-abnormalTransfer: succeeded in 0.12s
detect-CrossingBoundary: succeeded in 0.19s
detect-illegalBerthing: succeeded in 0.16s
detect-illegalAnchored: succeeded in 0.42s
detect-collision: succeeded in 0.03s
detect-illegalStaying: succeeded in 0.12s
detect-abnormalStaying: succeeded in 3.25s
detect-lowSpeedBoat: succeeded in 0.47s
detect-deviation: succeeded in 0.50s
detect-highSpeedBoat: succeeded in 0.92s
detect-abnormalWandering: succeeded in 2.98s
detect-doubleDragging: succeeded in 1.66s
detect-blackList: succeeded in 0.16s
detect-abnormalTransfer: succeeded in 0.16s
detect-CrossingBoundary: succeeded in 0.14s
detect-illegalBerthing: succeeded in 0.23s
detect-illegalAnchored: succeeded in 0.23s
detect-collision: succeeded in 0.03s
detect-illegalStaying: succeeded in 0.31s
detect-lowSpeedBoat: succeeded in 0.49s
detect-deviation: succeeded in 0.62s
detect-abnormalStaying: succeeded in 3.66s
detect-highSpeedBoat: succeeded in 0.98s
detect-doubleDragging: succeeded in 1.28s
detect-abnormalWandering: succeeded in 3.50s
detect-blackList: succeeded in 0.08s
detect-abnormalTransfer: succeeded in 0.12s
detect-illegalBerthing: succeeded in 0.12s
detect-CrossingBoundary: succeeded in 0.16s
detect-illegalAnchored: succeeded in 0.27s
detect-collision: succeeded in 0.03s
detect-illegalStaying: succeeded in 0.19s
detect-deviation: succeeded in 0.72s
detect-lowSpeedBoat: succeeded in 0.72s
detect-highSpeedBoat: succeeded in 1.25s
detect-abnormalStaying: succeeded in 3.42s
detect-abnormalWandering: succeeded in 2.98s
detect-blackList: succeeded in 0.03s
detect-illegalBerthing: succeeded in 0.12s
detect-abnormalTransfer: succeeded in 0.20s
detect-doubleDragging: succeeded in 2.06s
detect-CrossingBoundary: succeeded in 0.26s
detect-illegalAnchored: succeeded in 0.33s
detect-collision: succeeded in 0.03s
detect-illegalStaying: succeeded in 0.12s
detect-lowSpeedBoat: succeeded in 0.45s
detect-deviation: succeeded in 0.59s
detect-highSpeedBoat: succeeded in 0.86s
detect-abnormalStaying: succeeded in 3.25s
detect-doubleDragging: succeeded in 1.30s
detect-abnormalWandering: succeeded in 3.28s
detect-blackList: succeeded in 0.03s
detect-illegalBerthing: succeeded in 0.06s
detect-abnormalTransfer: succeeded in 0.09s
detect-CrossingBoundary: succeeded in 0.14s
detect-illegalAnchored: succeeded in 0.25s
detect-collision: succeeded in 0.19s
detect-illegalStaying: succeeded in 0.25s
detect-lowSpeedBoat: succeeded in 0.62s
detect-deviation: succeeded in 0.69s
detect-abnormalStaying: succeeded in 3.33s
detect-highSpeedBoat: succeeded in 1.09s
detect-abnormalWandering: succeeded in 3.28s
detect-blackList: succeeded in 0.03s
detect-illegalBerthing: succeeded in 0.08s
detect-abnormalTransfer: succeeded in 0.12s
detect-CrossingBoundary: succeeded in 0.16s
detect-doubleDragging: succeeded in 1.70s
detect-illegalAnchored: succeeded in 0.26s
detect-collision: succeeded in 0.23s
detect-illegalStaying: succeeded in 0.30s
detect-lowSpeedBoat: succeeded in 0.69s
detect-deviation: succeeded in 0.81s
detect-abnormalWandering: succeeded in 2.81s
detect-abnormalStaying: succeeded in 3.30s
detect-highSpeedBoat: succeeded in 1.25s
detect-blackList: succeeded in 0.03s
detect-abnormalTransfer: succeeded in 0.11s
detect-illegalBerthing: succeeded in 0.16s
detect-CrossingBoundary: succeeded in 0.17s
detect-illegalAnchored: succeeded in 0.28s
detect-doubleDragging: succeeded in 1.86s
detect-collision: succeeded in 0.03s
detect-illegalStaying: succeeded in 0.09s
detect-lowSpeedBoat: succeeded in 0.45s
detect-deviation: succeeded in 0.70s
detect-abnormalStaying: succeeded in 3.27s
detect-abnormalWandering: succeeded in 3.28s
detect-CrossingBoundary: succeeded in 0.17s
detect-abnormalTransfer: succeeded in 0.17s
detect-blackList: succeeded in 0.19s
detect-illegalBerthing: succeeded in 0.17s
detect-illegalAnchored: succeeded in 0.25s
detect-highSpeedBoat: succeeded in 2.06s
detect-doubleDragging: succeeded in 2.28s
detect-collision: succeeded in 0.03s
detect-illegalStaying: succeeded in 0.25s
detect-lowSpeedBoat: succeeded in 0.56s
detect-deviation: succeeded in 0.61s
detect-highSpeedBoat: succeeded in 1.19s
detect-abnormalStaying: succeeded in 3.62s
detect-doubleDragging: succeeded in 1.89s
detect-blackList: succeeded in 0.14s
detect-illegalBerthing: succeeded in 0.12s
detect-abnormalWandering: succeeded in 3.80s
detect-abnormalTransfer: succeeded in 0.20s
detect-CrossingBoundary: succeeded in 0.26s
detect-illegalAnchored: succeeded in 0.28s
detect-collision: succeeded in 0.03s
detect-illegalStaying: succeeded in 0.19s
detect-lowSpeedBoat: succeeded in 0.47s
detect-deviation: succeeded in 0.72s
detect-highSpeedBoat: succeeded in 0.89s
detect-abnormalStaying: succeeded in 3.12s
detect-abnormalWandering: succeeded in 2.95s
detect-doubleDragging: succeeded in 1.61s
detect-blackList: succeeded in 0.03s
detect-illegalBerthing: succeeded in 0.12s
detect-abnormalTransfer: succeeded in 0.12s
detect-CrossingBoundary: succeeded in 0.14s
detect-illegalAnchored: succeeded in 0.27s
detect-collision: succeeded in 0.03s
detect-illegalStaying: succeeded in 0.11s
detect-lowSpeedBoat: succeeded in 0.58s
detect-deviation: succeeded in 0.62s
detect-highSpeedBoat: succeeded in 0.98s
detect-abnormalWandering: succeeded in 2.95s
detect-abnormalStaying: succeeded in 3.41s
detect-blackList: succeeded in 0.05s
detect-abnormalTransfer: succeeded in 0.08s
detect-illegalBerthing: succeeded in 0.14s
detect-CrossingBoundary: succeeded in 0.17s
detect-illegalAnchored: succeeded in 0.27s
detect-doubleDragging: succeeded in 2.09s
detect-collision: succeeded in 0.16s
detect-illegalStaying: succeeded in 0.33s
detect-lowSpeedBoat: succeeded in 0.81s
detect-deviation: succeeded in 1.08s
detect-abnormalWandering: succeeded in 3.24s
detect-highSpeedBoat: succeeded in 1.34s
detect-abnormalStaying: succeeded in 3.26s
detect-blackList: succeeded in 0.03s
detect-illegalBerthing: succeeded in 0.06s
detect-abnormalTransfer: succeeded in 0.08s
detect-CrossingBoundary: succeeded in 0.14s
detect-illegalAnchored: succeeded in 0.30s
detect-doubleDragging: succeeded in 3.22s
detect-collision: succeeded in 0.12s
detect-illegalStaying: succeeded in 0.17s
detect-lowSpeedBoat: succeeded in 0.45s
detect-highSpeedBoat: succeeded in 0.64s
detect-deviation: succeeded in 0.72s
detect-abnormalWandering: succeeded in 3.31s
detect-doubleDragging: succeeded in 1.44s
detect-abnormalStaying: succeeded in 3.38s
detect-blackList: succeeded in 0.03s
detect-abnormalTransfer: succeeded in 0.17s
detect-illegalBerthing: succeeded in 0.17s
detect-CrossingBoundary: succeeded in 0.19s
detect-illegalAnchored: succeeded in 0.23s
detect-collision: succeeded in 0.03s
detect-illegalStaying: succeeded in 0.17s
detect-lowSpeedBoat: succeeded in 0.44s
detect-deviation: succeeded in 0.53s
detect-highSpeedBoat: succeeded in 0.75s
detect-abnormalWandering: succeeded in 3.26s
detect-doubleDragging: succeeded in 1.33s
detect-abnormalStaying: succeeded in 3.28s
detect-blackList: succeeded in 0.08s
detect-abnormalTransfer: succeeded in 0.09s
detect-illegalBerthing: succeeded in 0.11s
detect-CrossingBoundary: succeeded in 0.14s
detect-illegalAnchored: succeeded in 0.27s
detect-collision: succeeded in 0.03s
detect-illegalStaying: succeeded in 0.17s
detect-lowSpeedBoat: succeeded in 0.59s
detect-deviation: succeeded in 0.70s
detect-highSpeedBoat: succeeded in 0.92s
detect-abnormalWandering: succeeded in 3.25s
detect-abnormalStaying: succeeded in 3.02s
detect-doubleDragging: succeeded in 1.55s
detect-illegalBerthing: succeeded in 0.06s
detect-abnormalTransfer: succeeded in 0.09s
detect-blackList: succeeded in 0.11s
detect-CrossingBoundary: succeeded in 0.14s
detect-illegalAnchored: succeeded in 0.22s
detect-collision: succeeded in 0.03s
detect-illegalStaying: succeeded in 0.25s
detect-lowSpeedBoat: succeeded in 0.56s
detect-deviation: succeeded in 0.72s
detect-highSpeedBoat: succeeded in 1.16s
detect-abnormalWandering: succeeded in 3.33s
detect-abnormalStaying: succeeded in 3.33s
detect-blackList: succeeded in 0.05s
detect-abnormalTransfer: succeeded in 0.08s
detect-illegalBerthing: succeeded in 0.06s
detect-CrossingBoundary: succeeded in 0.12s
detect-doubleDragging: succeeded in 1.72s
detect-illegalAnchored: succeeded in 0.22s
detect-collision: succeeded in 0.05s
detect-illegalStaying: succeeded in 0.31s
detect-lowSpeedBoat: succeeded in 0.69s
detect-deviation: succeeded in 0.94s
detect-highSpeedBoat: succeeded in 1.14s
detect-blackList: succeeded in 0.05s
detect-CrossingBoundary: succeeded in 0.11s
detect-illegalBerthing: succeeded in 0.12s
detect-abnormalTransfer: succeeded in 0.17s
detect-illegalAnchored: succeeded in 0.25s
detect-doubleDragging: succeeded in 2.27s
detect-abnormalStaying: succeeded in 3.41s
detect-abnormalWandering: succeeded in 4.50s
detect-collision: succeeded in 0.17s
detect-illegalStaying: succeeded in 0.24s
detect-lowSpeedBoat: succeeded in 0.47s
detect-deviation: succeeded in 0.56s
detect-highSpeedBoat: succeeded in 0.61s
detect-doubleDragging: succeeded in 1.14s
detect-blackList: succeeded in 0.03s
detect-abnormalTransfer: succeeded in 0.08s
detect-illegalBerthing: succeeded in 0.06s
detect-CrossingBoundary: succeeded in 0.17s
detect-illegalAnchored: succeeded in 0.25s
detect-abnormalWandering: succeeded in 2.92s
detect-collision: succeeded in 0.06s
detect-abnormalStaying: succeeded in 3.09s
detect-illegalStaying: succeeded in 0.16s
detect-lowSpeedBoat: succeeded in 0.45s
detect-deviation: succeeded in 0.64s
detect-highSpeedBoat: succeeded in 1.52s
detect-blackList: succeeded in 0.03s
detect-abnormalTransfer: succeeded in 0.06s
detect-CrossingBoundary: succeeded in 0.12s
detect-illegalBerthing: succeeded in 0.12s
detect-illegalAnchored: succeeded in 0.34s
detect-doubleDragging: succeeded in 3.06s
detect-collision: succeeded in 0.03s
detect-abnormalWandering: succeeded in 3.64s
detect-illegalStaying: succeeded in 0.24s
detect-abnormalStaying: succeeded in 3.92s
detect-lowSpeedBoat: succeeded in 0.52s
detect-deviation: succeeded in 0.62s
detect-highSpeedBoat: succeeded in 0.94s
detect-blackList: succeeded in 0.11s
detect-illegalBerthing: succeeded in 0.14s
detect-abnormalTransfer: succeeded in 0.17s
detect-CrossingBoundary: succeeded in 0.19s
detect-illegalAnchored: succeeded in 0.28s
detect-doubleDragging: succeeded in 2.20s
detect-abnormalWandering: succeeded in 3.17s
detect-collision: succeeded in 0.03s
detect-illegalStaying: succeeded in 0.36s
detect-abnormalStaying: succeeded in 3.48s
detect-lowSpeedBoat: succeeded in 0.70s
detect-highSpeedBoat: succeeded in 0.83s
detect-deviation: succeeded in 0.88s
detect-illegalBerthing: succeeded in 0.08s
detect-abnormalTransfer: succeeded in 0.09s
detect-blackList: succeeded in 0.12s
detect-CrossingBoundary: succeeded in 0.14s
detect-doubleDragging: succeeded in 1.66s
detect-illegalAnchored: succeeded in 0.25s
detect-abnormalWandering: succeeded in 3.06s
detect-collision: succeeded in 0.05s
detect-illegalStaying: succeeded in 0.16s
detect-deviation: succeeded in 0.48s
detect-blackList: succeeded in 0.03s
detect-abnormalTransfer: succeeded in 0.11s
detect-illegalBerthing: succeeded in 0.14s
detect-CrossingBoundary: succeeded in 0.30s
detect-illegalAnchored: succeeded in 0.31s
detect-abnormalStaying: succeeded in 5.61s
detect-collision: succeeded in 0.03s
detect-illegalStaying: succeeded in 0.09s
detect-highSpeedBoat: succeeded in 3.92s
detect-lowSpeedBoat: succeeded in 4.44s
detect-deviation: succeeded in 1.31s
detect-lowSpeedBoat: succeeded in 0.70s
detect-blackList: succeeded in 0.05s
detect-abnormalTransfer: succeeded in 0.16s
detect-illegalAnchored: succeeded in 0.38s
detect-abnormalWandering: succeeded in 7.06s
detect-highSpeedBoat: succeeded in 3.12s
detect-doubleDragging: succeeded in 7.08s
detect-illegalBerthing: succeeded in 0.08s
detect-collision: succeeded in 0.12s
detect-CrossingBoundary: succeeded in 0.14s
detect-illegalStaying: succeeded in 0.22s
detect-lowSpeedBoat: succeeded in 0.61s
detect-deviation: succeeded in 0.69s
detect-abnormalStaying: succeeded in 4.27s
detect-highSpeedBoat: succeeded in 1.34s
detect-blackList: succeeded in 0.03s
detect-abnormalTransfer: succeeded in 0.11s
detect-illegalAnchored: succeeded in 0.44s
detect-abnormalWandering: succeeded in 3.62s
detect-illegalStaying: succeeded in 0.12s
detect-illegalBerthing: succeeded in 0.12s
detect-CrossingBoundary: succeeded in 0.16s
detect-collision: succeeded in 0.16s
detect-lowSpeedBoat: succeeded in 0.62s
detect-deviation: succeeded in 0.64s
detect-highSpeedBoat: succeeded in 0.86s
detect-abnormalStaying: succeeded in 3.72s
detect-doubleDragging: succeeded in 4.95s
detect-blackList: succeeded in 0.03s
detect-abnormalTransfer: succeeded in 0.14s
detect-illegalAnchored: succeeded in 0.28s
detect-doubleDragging: succeeded in 1.45s
detect-collision: succeeded in 0.05s
detect-CrossingBoundary: succeeded in 0.25s
detect-illegalBerthing: succeeded in 0.22s
detect-illegalStaying: succeeded in 0.28s
detect-abnormalWandering: succeeded in 3.53s
detect-lowSpeedBoat: succeeded in 0.58s
detect-deviation: succeeded in 0.78s
detect-highSpeedBoat: succeeded in 0.80s
detect-abnormalStaying: succeeded in 3.16s
detect-blackList: succeeded in 0.11s
detect-abnormalTransfer: succeeded in 0.12s
detect-illegalAnchored: succeeded in 0.22s
detect-collision: succeeded in 0.06s
detect-doubleDragging: succeeded in 2.05s
detect-illegalBerthing: succeeded in 0.20s
detect-illegalStaying: succeeded in 0.20s
detect-CrossingBoundary: succeeded in 0.24s
detect-abnormalWandering: succeeded in 3.45s
detect-lowSpeedBoat: succeeded in 0.58s
detect-deviation: succeeded in 0.70s
detect-abnormalStaying: succeeded in 3.25s
detect-highSpeedBoat: succeeded in 1.20s
detect-blackList: succeeded in 0.08s
detect-abnormalTransfer: succeeded in 0.14s
detect-illegalAnchored: succeeded in 0.25s
detect-doubleDragging: succeeded in 1.42s
detect-collision: succeeded in 0.03s
detect-illegalBerthing: succeeded in 0.17s
detect-illegalStaying: succeeded in 0.24s
detect-CrossingBoundary: succeeded in 0.24s
detect-lowSpeedBoat: succeeded in 0.42s
detect-abnormalWandering: succeeded in 3.17s
detect-deviation: succeeded in 0.56s
detect-highSpeedBoat: succeeded in 0.66s
detect-abnormalStaying: succeeded in 3.14s
detect-blackList: succeeded in 0.03s
detect-abnormalTransfer: succeeded in 0.08s
detect-illegalAnchored: succeeded in 0.22s
detect-collision: succeeded in 0.03s
detect-illegalStaying: succeeded in 0.14s
detect-illegalBerthing: succeeded in 0.17s
detect-CrossingBoundary: succeeded in 0.31s
detect-doubleDragging: succeeded in 2.38s
detect-deviation: succeeded in 0.78s
detect-lowSpeedBoat: succeeded in 0.73s
detect-abnormalWandering: succeeded in 3.50s
detect-abnormalStaying: succeeded in 3.24s
detect-highSpeedBoat: succeeded in 1.48s
detect-blackList: succeeded in 0.03s
detect-abnormalTransfer: succeeded in 0.14s
detect-illegalAnchored: succeeded in 0.24s
detect-doubleDragging: succeeded in 1.20s
detect-collision: succeeded in 0.06s
detect-illegalBerthing: succeeded in 0.06s
detect-CrossingBoundary: succeeded in 0.14s
detect-illegalStaying: succeeded in 0.17s
detect-lowSpeedBoat: succeeded in 0.58s
detect-deviation: succeeded in 0.66s
detect-abnormalWandering: succeeded in 3.14s
detect-abnormalStaying: succeeded in 3.09s
detect-highSpeedBoat: succeeded in 1.33s
detect-blackList: succeeded in 0.05s
detect-abnormalTransfer: succeeded in 0.19s
detect-illegalAnchored: succeeded in 0.33s
detect-illegalBerthing: succeeded in 0.09s
detect-collision: succeeded in 0.12s
detect-illegalStaying: succeeded in 0.16s
detect-CrossingBoundary: succeeded in 0.20s
detect-doubleDragging: succeeded in 2.00s
detect-lowSpeedBoat: succeeded in 0.55s
detect-deviation: succeeded in 0.61s
detect-highSpeedBoat: succeeded in 0.75s
detect-abnormalWandering: succeeded in 3.45s
detect-abnormalStaying: succeeded in 3.50s
detect-blackList: succeeded in 0.03s
detect-abnormalTransfer: succeeded in 0.06s
detect-illegalAnchored: succeeded in 0.36s
detect-doubleDragging: succeeded in 1.75s
detect-collision: succeeded in 0.05s
detect-illegalStaying: succeeded in 0.11s
detect-CrossingBoundary: succeeded in 0.20s
detect-illegalBerthing: succeeded in 0.24s
detect-lowSpeedBoat: succeeded in 0.62s
detect-deviation: succeeded in 0.70s
detect-highSpeedBoat: succeeded in 0.94s
detect-abnormalWandering: succeeded in 3.39s
detect-abnormalStaying: succeeded in 3.31s
detect-abnormalTransfer: succeeded in 0.16s
detect-blackList: succeeded in 0.16s
detect-illegalAnchored: succeeded in 0.25s
detect-collision: succeeded in 0.03s
detect-illegalBerthing: succeeded in 0.06s
detect-CrossingBoundary: succeeded in 0.14s
detect-illegalStaying: succeeded in 3.67s
detect-collision: succeeded in 0.05s
detect-blackList: succeeded in 0.12s
detect-illegalBerthing: succeeded in 0.11s
detect-lowSpeedBoat: succeeded in 3.99s
detect-CrossingBoundary: succeeded in 0.14s
detect-illegalAnchored: succeeded in 0.25s
detect-deviation: succeeded in 4.12s
detect-highSpeedBoat: succeeded in 4.19s
detect-doubleDragging: succeeded in 6.41s
detect-abnormalWandering: succeeded in 7.53s
detect-abnormalStaying: succeeded in 7.62s
detect-blackList: succeeded in 0.03s
detect-abnormalTransfer: succeeded in 0.20s
detect-illegalStaying: succeeded in 0.23s
detect-lowSpeedBoat: succeeded in 0.55s
detect-deviation: succeeded in 0.76s
detect-highSpeedBoat: succeeded in 1.00s
detect-doubleDragging: succeeded in 2.48s
detect-collision: succeeded in 0.03s
detect-illegalBerthing: succeeded in 0.12s
detect-CrossingBoundary: succeeded in 0.20s
detect-illegalAnchored: succeeded in 0.23s
detect-abnormalWandering: succeeded in 3.14s
detect-doubleDragging: succeeded in 1.33s
detect-abnormalStaying: succeeded in 3.27s
detect-blackList: succeeded in 0.03s
detect-abnormalTransfer: succeeded in 0.11s
detect-illegalStaying: succeeded in 0.16s
detect-lowSpeedBoat: succeeded in 0.44s
detect-deviation: succeeded in 0.56s
detect-highSpeedBoat: succeeded in 0.83s
detect-collision: succeeded in 0.06s
detect-illegalBerthing: succeeded in 0.06s
detect-CrossingBoundary: succeeded in 0.12s
detect-illegalAnchored: succeeded in 0.28s
detect-abnormalWandering: succeeded in 2.74s
detect-abnormalStaying: succeeded in 2.91s
detect-doubleDragging: succeeded in 1.38s
detect-blackList: succeeded in 0.03s
detect-abnormalTransfer: succeeded in 0.11s
detect-illegalStaying: succeeded in 0.20s
detect-lowSpeedBoat: succeeded in 0.61s
detect-deviation: succeeded in 0.70s
detect-highSpeedBoat: succeeded in 0.80s
detect-illegalBerthing: succeeded in 0.06s
detect-collision: succeeded in 0.20s
detect-CrossingBoundary: succeeded in 0.24s
detect-illegalAnchored: succeeded in 0.30s
detect-abnormalWandering: succeeded in 3.17s
detect-abnormalStaying: succeeded in 2.94s
detect-doubleDragging: succeeded in 1.08s
detect-blackList: succeeded in 0.03s
detect-abnormalTransfer: succeeded in 0.08s
detect-illegalStaying: succeeded in 0.16s
detect-lowSpeedBoat: succeeded in 0.48s
detect-deviation: succeeded in 0.50s
detect-highSpeedBoat: succeeded in 0.67s
detect-collision: succeeded in 0.01s
detect-CrossingBoundary: succeeded in 0.09s
detect-illegalBerthing: succeeded in 0.12s
detect-illegalAnchored: succeeded in 0.19s
detect-abnormalWandering: succeeded in 2.61s
detect-abnormalStaying: succeeded in 2.83s
detect-doubleDragging: succeeded in 1.53s
detect-illegalStaying: succeeded in 0.12s
detect-blackList: succeeded in 0.17s
detect-abnormalTransfer: succeeded in 0.19s
detect-lowSpeedBoat: succeeded in 0.59s
detect-deviation: succeeded in 0.62s
detect-highSpeedBoat: succeeded in 0.75s
detect-collision: succeeded in 0.05s
detect-illegalBerthing: succeeded in 0.19s
detect-CrossingBoundary: succeeded in 0.25s
detect-illegalAnchored: succeeded in 0.30s
detect-abnormalWandering: succeeded in 3.09s
detect-abnormalStaying: succeeded in 3.09s
detect-doubleDragging: succeeded in 1.33s
detect-abnormalTransfer: succeeded in 1.17s
detect-blackList: succeeded in 1.22s
detect-illegalStaying: succeeded in 1.28s
detect-collision: succeeded in 0.01s
detect-illegalBerthing: succeeded in 0.08s
detect-lowSpeedBoat: succeeded in 1.77s
detect-deviation: succeeded in 1.86s
detect-CrossingBoundary: succeeded in 0.22s
detect-illegalAnchored: succeeded in 0.24s
detect-highSpeedBoat: succeeded in 1.97s
detect-abnormalWandering: succeeded in 4.23s
detect-blackList: succeeded in 0.03s
detect-abnormalTransfer: succeeded in 0.22s
detect-illegalStaying: succeeded in 0.26s
detect-lowSpeedBoat: succeeded in 0.52s
detect-abnormalStaying: succeeded in 4.89s
detect-deviation: succeeded in 0.77s
detect-doubleDragging: succeeded in 2.55s
detect-highSpeedBoat: succeeded in 1.00s
detect-collision: succeeded in 0.03s
detect-illegalBerthing: succeeded in 0.12s
detect-CrossingBoundary: succeeded in 0.16s
detect-illegalAnchored: succeeded in 0.25s
detect-abnormalWandering: succeeded in 2.86s
detect-blackList: succeeded in 0.08s
detect-abnormalTransfer: succeeded in 0.26s
detect-illegalStaying: succeeded in 0.31s
detect-collision: succeeded in 0.06s
detect-illegalBerthing: succeeded in 0.06s
detect-CrossingBoundary: succeeded in 0.11s
detect-illegalAnchored: succeeded in 0.16s
detect-lowSpeedBoat: succeeded in 3.27s
detect-deviation: succeeded in 3.53s
detect-lowSpeedBoat: succeeded in 0.78s
detect-abnormalStaying: succeeded in 7.22s
detect-blackList: succeeded in 0.03s
detect-abnormalTransfer: succeeded in 0.09s
detect-highSpeedBoat: succeeded in 5.19s
detect-illegalStaying: succeeded in 0.36s
detect-doubleDragging: succeeded in 7.38s
detect-deviation: succeeded in 0.91s
detect-highSpeedBoat: succeeded in 1.19s
detect-illegalBerthing: succeeded in 0.06s
detect-collision: succeeded in 0.09s
detect-CrossingBoundary: succeeded in 0.14s
detect-illegalAnchored: succeeded in 0.25s
detect-lowSpeedBoat: succeeded in 0.44s
detect-highSpeedBoat: succeeded in 0.86s
detect-doubleDragging: succeeded in 1.81s
detect-blackList: succeeded in 0.03s
detect-abnormalTransfer: succeeded in 0.08s
detect-illegalStaying: succeeded in 0.09s
detect-abnormalWandering: succeeded in 3.24s
detect-deviation: succeeded in 0.48s
detect-abnormalStaying: succeeded in 3.64s
detect-doubleDragging: succeeded in 1.28s
detect-collision: succeeded in 0.02s
detect-illegalBerthing: succeeded in 0.09s
detect-CrossingBoundary: succeeded in 0.11s
detect-illegalAnchored: succeeded in 0.24s
detect-lowSpeedBoat: succeeded in 0.39s
detect-highSpeedBoat: succeeded in 0.64s
detect-abnormalWandering: succeeded in 2.84s
detect-blackList: succeeded in 0.14s
detect-illegalStaying: succeeded in 0.27s
detect-abnormalTransfer: succeeded in 0.28s
detect-abnormalStaying: succeeded in 2.94s
detect-deviation: succeeded in 0.95s
detect-collision: succeeded in 0.05s
detect-illegalBerthing: succeeded in 0.11s
detect-CrossingBoundary: succeeded in 0.14s
detect-illegalAnchored: succeeded in 0.31s
detect-lowSpeedBoat: succeeded in 0.45s
detect-highSpeedBoat: succeeded in 0.72s
detect-doubleDragging: succeeded in 2.27s
detect-blackList: succeeded in 0.09s
detect-abnormalTransfer: succeeded in 0.12s
detect-illegalStaying: succeeded in 0.17s
detect-abnormalWandering: succeeded in 3.22s
detect-deviation: succeeded in 0.62s
detect-abnormalStaying: succeeded in 3.34s
detect-doubleDragging: succeeded in 1.53s
detect-collision: succeeded in 0.05s
detect-illegalBerthing: succeeded in 0.05s
detect-illegalAnchored: succeeded in 0.33s
detect-CrossingBoundary: succeeded in 0.42s
detect-lowSpeedBoat: succeeded in 0.52s
detect-highSpeedBoat: succeeded in 1.06s
detect-blackList: succeeded in 0.03s
detect-abnormalTransfer: succeeded in 0.09s
detect-illegalStaying: succeeded in 0.11s
detect-abnormalWandering: succeeded in 3.53s
detect-deviation: succeeded in 0.75s
detect-abnormalStaying: succeeded in 3.66s
detect-collision: succeeded in 0.03s
detect-doubleDragging: succeeded in 1.56s
detect-illegalBerthing: succeeded in 0.08s
detect-CrossingBoundary: succeeded in 0.16s
detect-illegalAnchored: succeeded in 0.22s
detect-lowSpeedBoat: succeeded in 0.42s
detect-highSpeedBoat: succeeded in 0.70s
detect-blackList: succeeded in 0.03s
detect-abnormalTransfer: succeeded in 0.12s
detect-illegalStaying: succeeded in 0.14s
detect-deviation: succeeded in 0.72s
detect-abnormalWandering: succeeded in 3.27s
detect-illegalBerthing: succeeded in 0.06s
detect-collision: succeeded in 0.09s
detect-abnormalStaying: succeeded in 3.53s
detect-CrossingBoundary: succeeded in 0.22s
detect-illegalAnchored: succeeded in 0.28s
detect-doubleDragging: succeeded in 2.19s
detect-lowSpeedBoat: succeeded in 0.47s
detect-highSpeedBoat: succeeded in 0.81s
detect-blackList: succeeded in 0.03s
detect-abnormalTransfer: succeeded in 0.11s
detect-illegalStaying: succeeded in 0.12s
detect-deviation: succeeded in 0.58s
detect-abnormalWandering: succeeded in 3.26s
detect-doubleDragging: succeeded in 1.26s
detect-illegalBerthing: succeeded in 0.09s
detect-collision: succeeded in 0.20s
detect-CrossingBoundary: succeeded in 0.23s
detect-illegalAnchored: succeeded in 0.31s
detect-abnormalStaying: succeeded in 3.38s
detect-lowSpeedBoat: succeeded in 0.66s
detect-highSpeedBoat: succeeded in 1.20s
detect-blackList: succeeded in 0.03s
detect-abnormalTransfer: succeeded in 0.08s
detect-illegalStaying: succeeded in 0.16s
detect-deviation: succeeded in 0.62s
detect-abnormalWandering: succeeded in 3.62s
detect-doubleDragging: succeeded in 1.48s
detect-collision: succeeded in 0.02s
detect-illegalBerthing: succeeded in 0.08s
detect-CrossingBoundary: succeeded in 0.17s
detect-illegalAnchored: succeeded in 0.31s
detect-abnormalStaying: succeeded in 3.09s
detect-lowSpeedBoat: succeeded in 0.52s
detect-highSpeedBoat: succeeded in 1.56s
detect-blackList: succeeded in 0.11s
detect-illegalStaying: succeeded in 0.16s
detect-abnormalTransfer: succeeded in 0.22s
detect-deviation: succeeded in 0.69s
detect-doubleDragging: succeeded in 1.28s
detect-abnormalWandering: succeeded in 3.30s
detect-collision: succeeded in 0.03s
detect-CrossingBoundary: succeeded in 0.09s
detect-illegalBerthing: succeeded in 0.11s
detect-illegalAnchored: succeeded in 0.28s
detect-lowSpeedBoat: succeeded in 0.36s
detect-abnormalStaying: succeeded in 3.33s
detect-highSpeedBoat: succeeded in 0.58s
detect-blackList: succeeded in 0.12s
detect-abnormalTransfer: succeeded in 0.19s
detect-illegalStaying: succeeded in 0.34s
detect-deviation: succeeded in 1.00s
detect-abnormalWandering: succeeded in 3.05s
detect-collision: succeeded in 0.03s
detect-illegalBerthing: succeeded in 0.12s
detect-CrossingBoundary: succeeded in 0.20s
detect-illegalAnchored: succeeded in 0.26s
detect-abnormalStaying: succeeded in 2.88s
detect-doubleDragging: succeeded in 1.98s
detect-lowSpeedBoat: succeeded in 0.67s
detect-highSpeedBoat: succeeded in 1.08s
detect-blackList: succeeded in 0.05s
detect-abnormalTransfer: succeeded in 0.22s
detect-illegalStaying: succeeded in 0.22s
detect-deviation: succeeded in 0.53s
detect-abnormalWandering: succeeded in 2.78s
detect-doubleDragging: succeeded in 1.36s
detect-collision: succeeded in 0.03s
detect-illegalBerthing: succeeded in 0.08s
detect-illegalAnchored: succeeded in 0.28s
detect-CrossingBoundary: succeeded in 0.45s
detect-lowSpeedBoat: succeeded in 0.89s
detect-highSpeedBoat: succeeded in 1.55s
detect-blackList: succeeded in 0.06s
detect-abnormalStaying: succeeded in 3.26s
detect-abnormalTransfer: succeeded in 0.17s
detect-illegalStaying: succeeded in 0.28s
detect-deviation: succeeded in 0.75s
detect-abnormalWandering: succeeded in 3.38s
detect-doubleDragging: succeeded in 1.48s
detect-illegalBerthing: succeeded in 0.06s
detect-collision: succeeded in 0.08s
detect-CrossingBoundary: succeeded in 0.12s
detect-illegalAnchored: succeeded in 0.22s
detect-lowSpeedBoat: succeeded in 0.50s
detect-highSpeedBoat: succeeded in 0.95s
detect-abnormalStaying: succeeded in 3.25s
detect-blackList: succeeded in 0.01s
detect-abnormalTransfer: succeeded in 0.08s
detect-illegalStaying: succeeded in 0.31s
detect-deviation: succeeded in 0.81s
detect-illegalBerthing: succeeded in 0.06s
detect-collision: succeeded in 0.12s
detect-CrossingBoundary: succeeded in 0.14s
detect-abnormalWandering: succeeded in 3.80s
detect-doubleDragging: succeeded in 1.84s
detect-illegalAnchored: succeeded in 0.34s
detect-lowSpeedBoat: succeeded in 0.55s
detect-highSpeedBoat: succeeded in 0.94s
detect-blackList: succeeded in 0.03s
detect-abnormalTransfer: succeeded in 0.08s
detect-illegalStaying: succeeded in 0.16s
detect-abnormalStaying: succeeded in 3.25s
detect-deviation: succeeded in 0.52s
detect-doubleDragging: succeeded in 1.50s
detect-abnormalWandering: succeeded in 2.75s
detect-collision: succeeded in 0.05s
detect-illegalBerthing: succeeded in 0.17s
detect-CrossingBoundary: succeeded in 0.19s
detect-illegalAnchored: succeeded in 0.42s
detect-lowSpeedBoat: succeeded in 0.69s
detect-highSpeedBoat: succeeded in 1.17s
detect-illegalStaying: succeeded in 0.11s
detect-abnormalTransfer: succeeded in 0.16s
detect-blackList: succeeded in 0.17s
detect-abnormalStaying: succeeded in 3.33s
detect-deviation: succeeded in 0.64s
detect-abnormalWandering: succeeded in 2.83s
detect-doubleDragging: succeeded in 1.33s
detect-collision: succeeded in 0.05s
detect-CrossingBoundary: succeeded in 0.19s
detect-illegalBerthing: succeeded in 0.22s
detect-illegalAnchored: succeeded in 0.34s
detect-lowSpeedBoat: succeeded in 0.69s
detect-highSpeedBoat: succeeded in 1.27s
detect-blackList: succeeded in 0.11s
detect-abnormalTransfer: succeeded in 0.16s
detect-illegalStaying: succeeded in 0.25s
detect-deviation: succeeded in 0.59s
detect-abnormalStaying: succeeded in 3.56s
detect-abnormalWandering: succeeded in 2.91s
detect-collision: succeeded in 0.03s
detect-illegalBerthing: succeeded in 0.06s
detect-CrossingBoundary: succeeded in 0.14s
detect-doubleDragging: succeeded in 1.67s
detect-illegalAnchored: succeeded in 0.23s
detect-lowSpeedBoat: succeeded in 0.45s
detect-highSpeedBoat: succeeded in 0.92s
detect-blackList: succeeded in 0.03s
detect-abnormalTransfer: succeeded in 0.22s
detect-illegalStaying: succeeded in 0.26s
detect-deviation: succeeded in 0.70s
detect-abnormalStaying: succeeded in 3.58s
detect-abnormalWandering: succeeded in 3.03s
detect-collision: succeeded in 0.03s
detect-illegalBerthing: succeeded in 0.12s
detect-CrossingBoundary: succeeded in 0.22s
detect-doubleDragging: succeeded in 1.80s
detect-illegalAnchored: succeeded in 0.25s
detect-lowSpeedBoat: succeeded in 0.55s
detect-highSpeedBoat: succeeded in 0.66s
detect-blackList: succeeded in 0.03s
detect-abnormalTransfer: succeeded in 0.14s
detect-illegalStaying: succeeded in 0.19s
detect-deviation: succeeded in 0.62s
detect-abnormalStaying: succeeded in 3.22s
detect-doubleDragging: succeeded in 1.49s
detect-abnormalWandering: succeeded in 3.05s
detect-collision: succeeded in 0.14s
detect-CrossingBoundary: succeeded in 0.14s
detect-illegalBerthing: succeeded in 0.12s
detect-illegalAnchored: succeeded in 0.30s
detect-lowSpeedBoat: succeeded in 0.51s
detect-highSpeedBoat: succeeded in 0.70s
detect-blackList: succeeded in 0.03s
detect-abnormalTransfer: succeeded in 0.14s
detect-illegalStaying: succeeded in 0.20s
detect-deviation: succeeded in 0.61s
detect-abnormalWandering: succeeded in 2.72s
detect-abnormalStaying: succeeded in 3.27s
detect-doubleDragging: succeeded in 1.28s
detect-illegalBerthing: succeeded in 0.06s
detect-collision: succeeded in 0.11s
detect-CrossingBoundary: succeeded in 0.12s
detect-illegalAnchored: succeeded in 0.22s
detect-lowSpeedBoat: succeeded in 0.42s
detect-highSpeedBoat: succeeded in 0.75s
detect-blackList: succeeded in 0.05s
detect-abnormalTransfer: succeeded in 0.22s
detect-illegalStaying: succeeded in 0.25s
detect-deviation: succeeded in 0.78s
detect-abnormalWandering: succeeded in 3.09s
detect-abnormalStaying: succeeded in 3.53s
detect-collision: succeeded in 0.03s
detect-illegalBerthing: succeeded in 0.11s
detect-CrossingBoundary: succeeded in 0.14s
detect-illegalAnchored: succeeded in 0.25s
detect-lowSpeedBoat: succeeded in 0.45s
detect-doubleDragging: succeeded in 2.53s
detect-highSpeedBoat: succeeded in 1.05s
detect-abnormalTransfer: succeeded in 0.11s
detect-illegalStaying: succeeded in 0.09s
detect-blackList: succeeded in 0.12s
detect-deviation: succeeded in 0.55s
detect-abnormalStaying: succeeded in 2.88s
detect-abnormalWandering: succeeded in 2.95s
detect-doubleDragging: succeeded in 1.44s
detect-collision: succeeded in 0.05s
detect-CrossingBoundary: succeeded in 0.22s
detect-illegalBerthing: succeeded in 0.17s
detect-illegalAnchored: succeeded in 0.48s
detect-lowSpeedBoat: succeeded in 0.72s
detect-highSpeedBoat: succeeded in 1.53s
detect-blackList: succeeded in 0.11s
detect-abnormalTransfer: succeeded in 0.14s
detect-illegalStaying: succeeded in 0.20s
detect-deviation: succeeded in 0.66s
detect-abnormalStaying: succeeded in 3.12s
detect-abnormalWandering: succeeded in 2.74s
detect-doubleDragging: succeeded in 1.44s
detect-collision: succeeded in 0.05s
detect-illegalBerthing: succeeded in 0.17s
detect-CrossingBoundary: succeeded in 0.25s
detect-illegalAnchored: succeeded in 0.31s
detect-lowSpeedBoat: succeeded in 0.53s
detect-highSpeedBoat: succeeded in 0.95s
detect-blackList: succeeded in 0.03s
detect-illegalStaying: succeeded in 0.20s
detect-abnormalTransfer: succeeded in 0.22s
detect-deviation: succeeded in 0.70s
detect-doubleDragging: succeeded in 1.36s
detect-abnormalWandering: succeeded in 3.45s
detect-abnormalStaying: succeeded in 3.58s
detect-collision: succeeded in 0.03s
detect-illegalBerthing: succeeded in 0.12s
detect-CrossingBoundary: succeeded in 0.19s
detect-illegalAnchored: succeeded in 0.26s
detect-lowSpeedBoat: succeeded in 0.41s
detect-highSpeedBoat: succeeded in 0.83s
detect-blackList: succeeded in 0.03s
detect-abnormalTransfer: succeeded in 0.09s
detect-illegalStaying: succeeded in 0.11s
detect-deviation: succeeded in 0.56s
detect-abnormalWandering: succeeded in 2.78s
detect-doubleDragging: succeeded in 1.41s
detect-abnormalStaying: succeeded in 2.83s
detect-CrossingBoundary: succeeded in 0.20s
detect-collision: succeeded in 0.25s
detect-illegalBerthing: succeeded in 0.22s
detect-illegalAnchored: succeeded in 0.28s
detect-lowSpeedBoat: succeeded in 0.52s
detect-highSpeedBoat: succeeded in 1.05s
detect-blackList: succeeded in 0.05s
detect-abnormalTransfer: succeeded in 0.14s
detect-illegalStaying: succeeded in 0.14s
detect-deviation: succeeded in 0.55s
detect-abnormalWandering: succeeded in 3.14s
detect-doubleDragging: succeeded in 1.12s
detect-abnormalStaying: succeeded in 3.06s
detect-illegalBerthing: succeeded in 0.08s
detect-collision: succeeded in 0.22s
detect-CrossingBoundary: succeeded in 0.26s
detect-illegalAnchored: succeeded in 0.30s
detect-lowSpeedBoat: succeeded in 0.39s
detect-highSpeedBoat: succeeded in 0.70s
detect-blackList: succeeded in 0.02s
detect-illegalStaying: succeeded in 0.11s
detect-abnormalTransfer: succeeded in 0.16s
detect-deviation: succeeded in 0.56s
detect-abnormalWandering: succeeded in 3.20s
detect-doubleDragging: succeeded in 1.23s
detect-abnormalStaying: succeeded in 3.39s
detect-collision: succeeded in 0.03s
detect-illegalBerthing: succeeded in 0.12s
detect-CrossingBoundary: succeeded in 0.12s
detect-illegalAnchored: succeeded in 0.25s
detect-lowSpeedBoat: succeeded in 0.41s
detect-highSpeedBoat: succeeded in 0.64s
detect-abnormalTransfer: succeeded in 0.11s
detect-illegalStaying: succeeded in 0.11s
detect-blackList: succeeded in 0.12s
detect-deviation: succeeded in 0.58s
detect-abnormalWandering: succeeded in 2.97s
detect-abnormalStaying: succeeded in 2.73s
detect-doubleDragging: succeeded in 1.25s
detect-collision: succeeded in 0.03s
detect-illegalBerthing: succeeded in 0.06s
detect-CrossingBoundary: succeeded in 0.12s
detect-illegalAnchored: succeeded in 0.20s
detect-lowSpeedBoat: succeeded in 0.38s
detect-highSpeedBoat: succeeded in 0.61s
detect-abnormalTransfer: succeeded in 0.11s
detect-blackList: succeeded in 0.12s
detect-illegalStaying: succeeded in 0.12s
detect-deviation: succeeded in 0.64s
detect-abnormalWandering: succeeded in 2.81s
detect-abnormalStaying: succeeded in 2.92s
detect-collision: succeeded in 0.05s
detect-illegalBerthing: succeeded in 0.16s
detect-doubleDragging: succeeded in 2.16s
detect-CrossingBoundary: succeeded in 0.30s
detect-illegalAnchored: succeeded in 0.30s
detect-lowSpeedBoat: succeeded in 0.64s
detect-highSpeedBoat: succeeded in 0.77s
detect-blackList: succeeded in 0.03s
detect-abnormalTransfer: succeeded in 0.11s
detect-illegalStaying: succeeded in 0.16s
detect-deviation: succeeded in 0.56s
detect-abnormalWandering: succeeded in 3.34s
detect-abnormalStaying: succeeded in 3.50s
detect-doubleDragging: succeeded in 1.26s
detect-collision: succeeded in 0.03s
detect-illegalBerthing: succeeded in 0.08s
detect-CrossingBoundary: succeeded in 0.16s
detect-illegalAnchored: succeeded in 0.25s
detect-lowSpeedBoat: succeeded in 0.42s
detect-highSpeedBoat: succeeded in 0.75s
detect-blackList: succeeded in 0.06s
detect-illegalStaying: succeeded in 0.17s
detect-abnormalTransfer: succeeded in 0.23s
detect-abnormalWandering: succeeded in 3.17s
detect-deviation: succeeded in 0.76s
detect-abnormalStaying: succeeded in 3.14s
detect-CrossingBoundary: succeeded in 0.16s
detect-illegalBerthing: succeeded in 0.16s
detect-collision: succeeded in 0.23s
detect-doubleDragging: succeeded in 1.72s
detect-illegalAnchored: succeeded in 0.25s
detect-lowSpeedBoat: succeeded in 0.53s
detect-highSpeedBoat: succeeded in 1.02s
detect-blackList: succeeded in 0.03s
detect-abnormalTransfer: succeeded in 0.09s
detect-illegalStaying: succeeded in 0.17s
detect-deviation: succeeded in 0.56s
detect-abnormalWandering: succeeded in 3.03s
detect-doubleDragging: succeeded in 1.08s
detect-abnormalStaying: succeeded in 3.08s
detect-illegalBerthing: succeeded in 0.09s
detect-collision: succeeded in 0.17s
detect-CrossingBoundary: succeeded in 0.19s
detect-illegalAnchored: succeeded in 0.27s
detect-lowSpeedBoat: succeeded in 0.58s
detect-blackList: succeeded in 0.01s
detect-abnormalTransfer: succeeded in 0.11s
detect-illegalStaying: succeeded in 0.12s
detect-highSpeedBoat: succeeded in 1.77s
detect-deviation: succeeded in 0.55s
detect-doubleDragging: succeeded in 1.08s
detect-abnormalWandering: succeeded in 3.44s
detect-collision: succeeded in 0.03s
detect-illegalBerthing: succeeded in 0.12s
detect-CrossingBoundary: succeeded in 0.17s
detect-abnormalStaying: succeeded in 3.69s
detect-illegalAnchored: succeeded in 0.30s
detect-lowSpeedBoat: succeeded in 0.38s
detect-highSpeedBoat: succeeded in 0.70s
detect-blackList: succeeded in 0.05s
detect-abnormalTransfer: succeeded in 0.08s
detect-illegalStaying: succeeded in 0.16s
detect-deviation: succeeded in 0.66s
detect-abnormalWandering: succeeded in 2.81s
detect-collision: succeeded in 0.03s
detect-CrossingBoundary: succeeded in 0.17s
detect-illegalBerthing: succeeded in 0.17s
detect-illegalAnchored: succeeded in 0.25s
detect-doubleDragging: succeeded in 2.30s
detect-lowSpeedBoat: succeeded in 0.45s
detect-highSpeedBoat: succeeded in 0.91s
detect-abnormalStaying: succeeded in 3.38s
detect-blackList: succeeded in 0.17s
detect-illegalStaying: succeeded in 0.25s
detect-abnormalTransfer: succeeded in 0.30s
detect-deviation: succeeded in 0.70s
detect-abnormalWandering: succeeded in 3.59s
detect-doubleDragging: succeeded in 1.30s
detect-collision: succeeded in 0.01s
detect-illegalBerthing: succeeded in 0.05s
detect-CrossingBoundary: succeeded in 0.11s
detect-illegalAnchored: succeeded in 0.20s
detect-lowSpeedBoat: succeeded in 0.38s
detect-highSpeedBoat: succeeded in 0.70s
detect-blackList: succeeded in 0.05s
detect-abnormalStaying: succeeded in 3.36s
detect-abnormalTransfer: succeeded in 0.19s
detect-illegalStaying: succeeded in 0.23s
detect-deviation: succeeded in 0.70s
detect-abnormalWandering: succeeded in 3.16s
detect-doubleDragging: succeeded in 1.45s
detect-collision: succeeded in 0.03s
detect-illegalBerthing: succeeded in 0.09s
detect-CrossingBoundary: succeeded in 0.22s
detect-illegalAnchored: succeeded in 0.31s
detect-lowSpeedBoat: succeeded in 0.47s
detect-highSpeedBoat: succeeded in 0.77s
detect-blackList: succeeded in 0.03s
detect-abnormalStaying: succeeded in 2.98s
detect-abnormalTransfer: succeeded in 0.19s
detect-illegalStaying: succeeded in 0.22s
detect-deviation: succeeded in 0.56s
detect-abnormalWandering: succeeded in 3.09s
detect-doubleDragging: succeeded in 1.53s
detect-illegalBerthing: succeeded in 0.06s
detect-collision: succeeded in 0.23s
detect-CrossingBoundary: succeeded in 0.23s
detect-illegalAnchored: succeeded in 0.33s
detect-lowSpeedBoat: succeeded in 0.67s
detect-highSpeedBoat: succeeded in 1.09s
detect-blackList: succeeded in 0.06s
detect-abnormalTransfer: succeeded in 0.14s
detect-abnormalStaying: succeeded in 3.39s
detect-illegalStaying: succeeded in 0.19s
detect-deviation: succeeded in 0.62s
detect-abnormalWandering: succeeded in 3.31s
detect-doubleDragging: succeeded in 1.52s
detect-collision: succeeded in 0.09s
detect-illegalBerthing: succeeded in 0.14s
detect-CrossingBoundary: succeeded in 0.20s
detect-illegalAnchored: succeeded in 0.23s
detect-lowSpeedBoat: succeeded in 0.49s
detect-highSpeedBoat: succeeded in 0.98s
detect-blackList: succeeded in 0.03s
detect-abnormalTransfer: succeeded in 0.09s
detect-abnormalStaying: succeeded in 2.95s
detect-illegalStaying: succeeded in 0.17s
detect-deviation: succeeded in 0.56s
detect-abnormalWandering: succeeded in 2.89s
detect-doubleDragging: succeeded in 1.34s
detect-collision: succeeded in 0.03s
detect-CrossingBoundary: succeeded in 0.14s
detect-illegalBerthing: succeeded in 0.16s
detect-illegalAnchored: succeeded in 0.31s
detect-lowSpeedBoat: succeeded in 0.53s
detect-highSpeedBoat: succeeded in 1.23s
detect-abnormalStaying: succeeded in 3.36s
detect-abnormalTransfer: succeeded in 0.08s
detect-illegalStaying: succeeded in 0.12s
detect-blackList: succeeded in 0.30s
detect-deviation: succeeded in 0.56s
detect-abnormalWandering: succeeded in 3.22s
detect-collision: succeeded in 0.03s
detect-illegalBerthing: succeeded in 0.08s
detect-doubleDragging: succeeded in 1.61s
detect-CrossingBoundary: succeeded in 0.14s
detect-illegalAnchored: succeeded in 0.22s
detect-lowSpeedBoat: succeeded in 0.34s
detect-highSpeedBoat: succeeded in 0.67s
detect-abnormalStaying: succeeded in 3.03s
detect-blackList: succeeded in 0.23s
detect-abnormalWandering: succeeded in 3.08s
detect-illegalStaying: succeeded in 0.31s
detect-abnormalTransfer: succeeded in 0.50s
detect-deviation: succeeded in 0.78s
detect-collision: succeeded in 0.06s
detect-illegalBerthing: succeeded in 0.09s
detect-doubleDragging: succeeded in 1.67s
detect-CrossingBoundary: succeeded in 0.17s
detect-illegalAnchored: succeeded in 0.25s
detect-lowSpeedBoat: succeeded in 0.45s
detect-highSpeedBoat: succeeded in 0.69s
detect-blackList: succeeded in 0.08s
detect-abnormalStaying: succeeded in 3.19s
detect-abnormalTransfer: succeeded in 0.19s
detect-illegalStaying: succeeded in 0.20s
detect-abnormalWandering: succeeded in 3.12s
detect-deviation: succeeded in 0.55s
detect-doubleDragging: succeeded in 1.27s
detect-collision: succeeded in 0.03s
detect-illegalBerthing: succeeded in 0.08s
detect-CrossingBoundary: succeeded in 0.16s
detect-illegalAnchored: succeeded in 0.25s
detect-lowSpeedBoat: succeeded in 0.39s
detect-highSpeedBoat: succeeded in 0.67s
detect-abnormalStaying: succeeded in 2.78s
detect-abnormalWandering: succeeded in 2.91s
detect-blackList: succeeded in 0.03s
detect-abnormalTransfer: succeeded in 0.11s
detect-illegalStaying: succeeded in 0.14s
detect-deviation: succeeded in 0.70s
detect-doubleDragging: succeeded in 1.31s
detect-illegalBerthing: succeeded in 0.08s
detect-collision: succeeded in 0.11s
detect-CrossingBoundary: succeeded in 0.20s
detect-illegalAnchored: succeeded in 0.25s
detect-lowSpeedBoat: succeeded in 0.38s
detect-highSpeedBoat: succeeded in 0.70s
detect-abnormalStaying: succeeded in 3.03s
detect-blackList: succeeded in 0.03s
detect-abnormalWandering: succeeded in 3.14s
detect-abnormalTransfer: succeeded in 0.09s
detect-illegalStaying: succeeded in 0.16s
detect-deviation: succeeded in 0.58s
detect-doubleDragging: succeeded in 1.31s
detect-illegalBerthing: succeeded in 0.08s
detect-collision: succeeded in 0.09s
detect-CrossingBoundary: succeeded in 0.14s
detect-illegalAnchored: succeeded in 0.22s
detect-lowSpeedBoat: succeeded in 0.38s
detect-highSpeedBoat: succeeded in 0.64s
detect-abnormalStaying: succeeded in 3.02s
detect-abnormalWandering: succeeded in 2.92s
detect-blackList: succeeded in 0.05s
detect-abnormalTransfer: succeeded in 0.08s
detect-illegalStaying: succeeded in 0.09s
detect-deviation: succeeded in 0.56s
detect-doubleDragging: succeeded in 1.64s
detect-collision: succeeded in 0.05s
detect-CrossingBoundary: succeeded in 0.22s
detect-illegalBerthing: succeeded in 0.22s
detect-illegalAnchored: succeeded in 0.26s
detect-lowSpeedBoat: succeeded in 0.50s
detect-highSpeedBoat: succeeded in 0.66s
detect-abnormalWandering: succeeded in 3.20s
detect-blackList: succeeded in 0.11s
detect-abnormalTransfer: succeeded in 0.12s
detect-abnormalStaying: succeeded in 3.41s
detect-illegalStaying: succeeded in 0.16s
detect-deviation: succeeded in 0.61s
detect-doubleDragging: succeeded in 1.28s
detect-collision: succeeded in 0.03s
detect-illegalBerthing: succeeded in 0.06s
detect-CrossingBoundary: succeeded in 0.12s
detect-illegalAnchored: succeeded in 0.22s
detect-lowSpeedBoat: succeeded in 0.41s
detect-highSpeedBoat: succeeded in 0.94s
detect-abnormalWandering: succeeded in 3.08s
detect-blackList: succeeded in 0.14s
detect-abnormalTransfer: succeeded in 0.24s
detect-abnormalStaying: succeeded in 3.16s
detect-illegalStaying: succeeded in 1.00s
detect-deviation: succeeded in 1.36s
detect-collision: succeeded in 0.03s
detect-illegalBerthing: succeeded in 0.14s
detect-CrossingBoundary: succeeded in 0.17s
detect-illegalAnchored: succeeded in 0.19s
detect-lowSpeedBoat: succeeded in 0.42s
detect-highSpeedBoat: succeeded in 0.69s
detect-doubleDragging: succeeded in 2.30s
detect-blackList: succeeded in 0.03s
detect-abnormalTransfer: succeeded in 0.25s
detect-illegalStaying: succeeded in 0.27s
detect-abnormalWandering: succeeded in 3.25s
detect-deviation: succeeded in 0.88s
detect-abnormalStaying: succeeded in 3.70s
detect-collision: succeeded in 0.05s
detect-illegalBerthing: succeeded in 0.12s
detect-CrossingBoundary: succeeded in 0.20s
detect-doubleDragging: succeeded in 1.84s
detect-illegalAnchored: succeeded in 0.25s
detect-lowSpeedBoat: succeeded in 0.41s
detect-highSpeedBoat: succeeded in 0.89s
detect-blackList: succeeded in 0.03s
detect-abnormalTransfer: succeeded in 0.12s
detect-illegalStaying: succeeded in 0.11s
detect-abnormalWandering: succeeded in 2.81s
detect-deviation: succeeded in 0.58s
detect-abnormalStaying: succeeded in 2.89s
detect-doubleDragging: succeeded in 1.80s
detect-illegalBerthing: succeeded in 0.17s
detect-CrossingBoundary: succeeded in 0.23s
detect-collision: succeeded in 0.27s
detect-illegalAnchored: succeeded in 0.34s
detect-lowSpeedBoat: succeeded in 0.75s
detect-highSpeedBoat: succeeded in 1.25s
detect-blackList: succeeded in 0.03s
detect-abnormalTransfer: succeeded in 0.09s
detect-illegalStaying: succeeded in 0.23s
detect-abnormalWandering: succeeded in 3.70s
detect-deviation: succeeded in 0.67s
detect-abnormalStaying: succeeded in 3.38s
detect-illegalBerthing: succeeded in 0.05s
detect-collision: succeeded in 0.09s
detect-CrossingBoundary: succeeded in 0.20s
detect-illegalAnchored: succeeded in 0.27s
detect-lowSpeedBoat: succeeded in 0.42s
detect-doubleDragging: succeeded in 2.20s
detect-highSpeedBoat: succeeded in 0.89s
detect-blackList: succeeded in 0.03s
detect-abnormalTransfer: succeeded in 0.08s
detect-illegalStaying: succeeded in 0.11s
detect-abnormalWandering: succeeded in 3.00s
detect-deviation: succeeded in 0.51s
detect-abnormalStaying: succeeded in 3.06s
detect-doubleDragging: succeeded in 1.56s
detect-collision: succeeded in 0.03s
detect-CrossingBoundary: succeeded in 0.31s
detect-illegalBerthing: succeeded in 0.30s
detect-illegalAnchored: succeeded in 0.39s
detect-lowSpeedBoat: succeeded in 0.56s
detect-highSpeedBoat: succeeded in 1.17s
detect-blackList: succeeded in 0.17s
detect-abnormalTransfer: succeeded in 0.19s
detect-illegalStaying: succeeded in 0.20s
detect-abnormalWandering: succeeded in 3.12s
detect-deviation: succeeded in 0.64s
detect-abnormalStaying: succeeded in 3.30s
detect-doubleDragging: succeeded in 1.36s
detect-collision: succeeded in 0.03s
detect-illegalBerthing: succeeded in 0.14s
detect-CrossingBoundary: succeeded in 0.30s
detect-illegalAnchored: succeeded in 0.38s
detect-lowSpeedBoat: succeeded in 0.55s
detect-highSpeedBoat: succeeded in 0.72s
detect-blackList: succeeded in 0.11s
detect-abnormalWandering: succeeded in 2.89s
detect-abnormalTransfer: succeeded in 0.16s
detect-illegalStaying: succeeded in 0.17s
detect-deviation: succeeded in 0.48s
detect-abnormalStaying: succeeded in 2.86s
detect-doubleDragging: succeeded in 1.31s
detect-collision: succeeded in 0.03s
detect-illegalBerthing: succeeded in 0.19s
detect-illegalAnchored: succeeded in 0.31s
detect-CrossingBoundary: succeeded in 0.33s
detect-lowSpeedBoat: succeeded in 0.72s
detect-highSpeedBoat: succeeded in 0.88s
detect-abnormalWandering: succeeded in 3.09s
detect-blackList: succeeded in 0.03s
detect-abnormalTransfer: succeeded in 0.22s
detect-illegalStaying: succeeded in 0.23s
detect-deviation: succeeded in 0.53s
detect-abnormalStaying: succeeded in 3.26s
detect-doubleDragging: succeeded in 1.39s
detect-collision: succeeded in 0.05s
detect-illegalBerthing: succeeded in 0.09s
detect-CrossingBoundary: succeeded in 0.20s
detect-illegalAnchored: succeeded in 0.25s
detect-lowSpeedBoat: succeeded in 0.47s
detect-highSpeedBoat: succeeded in 0.69s
detect-abnormalWandering: succeeded in 2.83s
detect-blackList: succeeded in 0.05s
detect-abnormalTransfer: succeeded in 0.09s
detect-illegalStaying: succeeded in 0.11s
detect-abnormalStaying: succeeded in 2.84s
detect-deviation: succeeded in 0.72s
detect-doubleDragging: succeeded in 1.41s
detect-illegalBerthing: succeeded in 0.09s
detect-collision: succeeded in 0.12s
detect-CrossingBoundary: succeeded in 0.19s
detect-illegalAnchored: succeeded in 0.25s
detect-lowSpeedBoat: succeeded in 0.53s
detect-highSpeedBoat: succeeded in 1.16s
detect-blackList: succeeded in 0.03s
detect-abnormalTransfer: succeeded in 0.12s
detect-illegalStaying: succeeded in 0.17s
detect-abnormalWandering: succeeded in 3.45s
detect-deviation: succeeded in 0.61s
detect-abnormalStaying: succeeded in 3.55s
detect-doubleDragging: succeeded in 1.27s
detect-collision: succeeded in 0.09s
detect-illegalBerthing: succeeded in 0.08s
detect-CrossingBoundary: succeeded in 0.12s
detect-illegalAnchored: succeeded in 0.28s
detect-lowSpeedBoat: succeeded in 0.36s
detect-highSpeedBoat: succeeded in 0.61s
detect-blackList: succeeded in 0.03s
detect-abnormalWandering: succeeded in 3.02s
detect-abnormalTransfer: succeeded in 0.12s
detect-illegalStaying: succeeded in 0.14s
detect-deviation: succeeded in 0.59s
detect-abnormalStaying: succeeded in 3.09s
detect-doubleDragging: succeeded in 1.51s
detect-collision: succeeded in 0.03s
detect-illegalBerthing: succeeded in 0.12s
detect-CrossingBoundary: succeeded in 0.14s
detect-illegalAnchored: succeeded in 0.20s
detect-lowSpeedBoat: succeeded in 0.34s
detect-highSpeedBoat: succeeded in 0.58s
detect-abnormalWandering: succeeded in 2.95s
detect-abnormalTransfer: succeeded in 0.08s
detect-illegalStaying: succeeded in 0.12s
detect-blackList: succeeded in 0.12s
detect-deviation: succeeded in 0.56s
detect-abnormalStaying: succeeded in 2.97s
detect-collision: succeeded in 0.03s
detect-CrossingBoundary: succeeded in 0.25s
detect-illegalBerthing: succeeded in 0.25s
detect-illegalAnchored: succeeded in 0.27s
detect-lowSpeedBoat: succeeded in 0.61s
detect-doubleDragging: succeeded in 2.70s
detect-abnormalWandering: succeeded in 3.23s
detect-highSpeedBoat: succeeded in 1.39s
detect-blackList: succeeded in 0.24s
detect-abnormalTransfer: succeeded in 0.25s
detect-illegalStaying: succeeded in 0.26s
detect-abnormalStaying: succeeded in 3.34s
detect-deviation: succeeded in 0.59s
detect-collision: succeeded in 0.03s
detect-illegalBerthing: succeeded in 0.05s
detect-doubleDragging: succeeded in 1.56s
detect-CrossingBoundary: succeeded in 0.12s
detect-illegalAnchored: succeeded in 0.22s
detect-lowSpeedBoat: succeeded in 0.38s
detect-highSpeedBoat: succeeded in 0.67s
detect-abnormalWandering: succeeded in 3.05s
detect-blackList: succeeded in 0.03s
detect-abnormalTransfer: succeeded in 0.22s
detect-illegalStaying: succeeded in 0.22s
detect-abnormalStaying: succeeded in 3.38s
detect-deviation: succeeded in 0.75s
detect-collision: succeeded in 0.03s
detect-illegalBerthing: succeeded in 0.11s
detect-doubleDragging: succeeded in 1.66s
detect-CrossingBoundary: succeeded in 0.17s
detect-illegalAnchored: succeeded in 0.23s
detect-lowSpeedBoat: succeeded in 0.39s
detect-highSpeedBoat: succeeded in 0.91s
detect-abnormalWandering: succeeded in 2.78s
detect-blackList: succeeded in 0.03s
detect-abnormalTransfer: succeeded in 0.16s
detect-illegalStaying: succeeded in 0.16s
detect-abnormalStaying: succeeded in 2.91s
detect-deviation: succeeded in 0.59s
detect-doubleDragging: succeeded in 1.31s
detect-illegalBerthing: succeeded in 0.09s
detect-CrossingBoundary: succeeded in 0.12s
detect-collision: succeeded in 0.14s
detect-illegalAnchored: succeeded in 0.25s
detect-lowSpeedBoat: succeeded in 0.41s
detect-highSpeedBoat: succeeded in 0.70s
detect-abnormalWandering: succeeded in 3.14s
detect-blackList: succeeded in 0.01s
detect-abnormalTransfer: succeeded in 0.12s
detect-illegalStaying: succeeded in 0.19s
detect-abnormalStaying: succeeded in 3.14s
detect-deviation: succeeded in 0.64s
detect-doubleDragging: succeeded in 1.11s
detect-illegalBerthing: succeeded in 0.06s
detect-collision: succeeded in 0.12s
detect-CrossingBoundary: succeeded in 0.11s
detect-illegalAnchored: succeeded in 0.27s
detect-lowSpeedBoat: succeeded in 0.47s
detect-highSpeedBoat: succeeded in 0.72s
detect-blackList: succeeded in 0.03s
detect-abnormalTransfer: succeeded in 0.08s
detect-abnormalWandering: succeeded in 3.19s
detect-illegalStaying: succeeded in 0.12s
detect-abnormalStaying: succeeded in 3.38s
detect-deviation: succeeded in 0.64s
detect-doubleDragging: succeeded in 1.36s
detect-collision: succeeded in 0.01s
detect-illegalBerthing: succeeded in 0.12s
detect-CrossingBoundary: succeeded in 0.14s
detect-illegalAnchored: succeeded in 0.23s
detect-lowSpeedBoat: succeeded in 0.53s
detect-highSpeedBoat: succeeded in 0.84s
detect-abnormalWandering: succeeded in 2.78s
detect-blackList: succeeded in 0.12s
detect-abnormalTransfer: succeeded in 0.16s
detect-illegalStaying: succeeded in 0.16s
detect-abnormalStaying: succeeded in 2.88s
detect-deviation: succeeded in 0.56s
detect-doubleDragging: succeeded in 1.27s
detect-collision: succeeded in 0.01s
detect-illegalBerthing: succeeded in 0.12s
detect-CrossingBoundary: succeeded in 0.14s
detect-illegalAnchored: succeeded in 0.22s
detect-lowSpeedBoat: succeeded in 0.41s
detect-highSpeedBoat: succeeded in 0.58s
detect-abnormalWandering: succeeded in 2.88s
detect-abnormalTransfer: succeeded in 0.23s
detect-blackList: succeeded in 0.25s
detect-abnormalStaying: succeeded in 3.20s
detect-illegalStaying: succeeded in 0.28s
detect-deviation: succeeded in 0.58s
detect-collision: succeeded in 0.03s
detect-illegalBerthing: succeeded in 0.06s
detect-CrossingBoundary: succeeded in 0.23s
detect-illegalAnchored: succeeded in 0.25s
detect-doubleDragging: succeeded in 1.72s
detect-lowSpeedBoat: succeeded in 0.44s
detect-highSpeedBoat: succeeded in 0.80s
detect-abnormalWandering: succeeded in 2.76s
detect-blackList: succeeded in 0.03s
detect-abnormalTransfer: succeeded in 0.16s
detect-illegalStaying: succeeded in 0.16s
detect-abnormalStaying: succeeded in 3.00s
detect-deviation: succeeded in 0.67s
detect-doubleDragging: succeeded in 1.70s
detect-collision: succeeded in 0.03s
detect-illegalBerthing: succeeded in 0.06s
detect-CrossingBoundary: succeeded in 0.22s
detect-illegalAnchored: succeeded in 0.27s
detect-lowSpeedBoat: succeeded in 0.53s
detect-abnormalWandering: succeeded in 3.05s
detect-highSpeedBoat: succeeded in 1.27s
detect-blackList: succeeded in 0.03s
detect-abnormalTransfer: succeeded in 0.14s
detect-illegalStaying: succeeded in 0.12s
detect-abnormalStaying: succeeded in 3.38s
detect-deviation: succeeded in 0.59s
detect-doubleDragging: succeeded in 1.39s
detect-illegalBerthing: succeeded in 0.05s
detect-collision: succeeded in 0.11s
detect-CrossingBoundary: succeeded in 0.14s
detect-illegalAnchored: succeeded in 0.20s
detect-lowSpeedBoat: succeeded in 0.48s
detect-highSpeedBoat: succeeded in 0.95s
detect-abnormalWandering: succeeded in 3.08s
detect-blackList: succeeded in 0.05s
detect-abnormalTransfer: succeeded in 0.19s
detect-illegalStaying: succeeded in 0.27s
detect-abnormalStaying: succeeded in 3.22s
detect-deviation: succeeded in 0.67s
detect-collision: succeeded in 0.09s
detect-illegalBerthing: succeeded in 0.09s
detect-CrossingBoundary: succeeded in 0.14s
detect-doubleDragging: succeeded in 1.75s
detect-illegalAnchored: succeeded in 0.28s
detect-lowSpeedBoat: succeeded in 0.42s
detect-highSpeedBoat: succeeded in 0.92s
detect-blackList: succeeded in 0.03s
detect-abnormalTransfer: succeeded in 0.11s
detect-illegalStaying: succeeded in 0.16s
detect-abnormalWandering: succeeded in 3.09s
detect-deviation: succeeded in 0.56s
detect-abnormalStaying: succeeded in 3.34s
detect-doubleDragging: succeeded in 1.17s
detect-collision: succeeded in 0.03s
detect-CrossingBoundary: succeeded in 0.11s
detect-illegalBerthing: succeeded in 0.16s
detect-illegalAnchored: succeeded in 0.41s
detect-lowSpeedBoat: succeeded in 0.67s
detect-abnormalWandering: succeeded in 2.88s
detect-highSpeedBoat: succeeded in 1.72s
detect-illegalStaying: succeeded in 0.23s
detect-abnormalTransfer: succeeded in 0.27s
detect-blackList: succeeded in 0.28s
detect-abnormalStaying: succeeded in 3.09s
detect-deviation: succeeded in 0.86s
detect-doubleDragging: succeeded in 1.34s
detect-collision: succeeded in 0.03s
detect-illegalBerthing: succeeded in 0.16s
detect-CrossingBoundary: succeeded in 0.17s
detect-illegalAnchored: succeeded in 0.36s
detect-lowSpeedBoat: succeeded in 0.45s
detect-highSpeedBoat: succeeded in 0.92s
detect-blackList: succeeded in 0.16s
detect-illegalStaying: succeeded in 0.19s
detect-abnormalWandering: succeeded in 3.14s
detect-abnormalTransfer: succeeded in 0.20s
detect-deviation: succeeded in 0.56s
detect-abnormalStaying: succeeded in 3.12s
detect-doubleDragging: succeeded in 1.39s
detect-collision: succeeded in 0.03s
detect-illegalBerthing: succeeded in 0.11s
detect-illegalAnchored: succeeded in 0.28s
detect-CrossingBoundary: succeeded in 0.33s
detect-lowSpeedBoat: succeeded in 0.62s
detect-highSpeedBoat: succeeded in 1.22s
detect-blackList: succeeded in 0.02s
detect-abnormalTransfer: succeeded in 0.12s
detect-abnormalWandering: succeeded in 3.28s
detect-illegalStaying: succeeded in 0.17s
detect-deviation: succeeded in 0.58s
detect-abnormalStaying: succeeded in 3.30s
detect-doubleDragging: succeeded in 1.03s
detect-collision: succeeded in 0.01s
detect-illegalBerthing: succeeded in 0.09s
detect-CrossingBoundary: succeeded in 0.17s
detect-illegalAnchored: succeeded in 0.23s
detect-lowSpeedBoat: succeeded in 0.36s
detect-highSpeedBoat: succeeded in 0.61s
detect-abnormalWandering: succeeded in 2.91s
detect-blackList: succeeded in 0.05s
detect-illegalStaying: succeeded in 0.09s
detect-abnormalTransfer: succeeded in 0.22s
detect-abnormalStaying: succeeded in 2.97s
detect-deviation: succeeded in 0.92s
detect-doubleDragging: succeeded in 1.23s
detect-CrossingBoundary: succeeded in 0.14s
detect-collision: succeeded in 0.17s
detect-illegalBerthing: succeeded in 0.23s
detect-illegalAnchored: succeeded in 0.30s
detect-lowSpeedBoat: succeeded in 0.45s
detect-highSpeedBoat: succeeded in 0.81s
detect-blackList: succeeded in 0.03s
detect-abnormalTransfer: succeeded in 0.09s
detect-illegalStaying: succeeded in 0.17s
detect-abnormalWandering: succeeded in 3.19s
detect-deviation: succeeded in 0.58s
detect-abnormalStaying: succeeded in 2.99s
detect-doubleDragging: succeeded in 1.47s
detect-collision: succeeded in 0.11s
detect-illegalBerthing: succeeded in 0.11s
detect-CrossingBoundary: succeeded in 0.12s
detect-illegalAnchored: succeeded in 0.24s
detect-lowSpeedBoat: succeeded in 0.47s
detect-highSpeedBoat: succeeded in 0.89s
detect-blackList: succeeded in 0.03s
detect-abnormalTransfer: succeeded in 0.06s
detect-abnormalWandering: succeeded in 3.20s
detect-illegalStaying: succeeded in 0.44s
detect-deviation: succeeded in 0.97s
detect-abnormalStaying: succeeded in 3.59s
detect-collision: succeeded in 0.03s
detect-CrossingBoundary: succeeded in 0.28s
detect-illegalBerthing: succeeded in 0.28s
detect-illegalAnchored: succeeded in 0.50s
detect-lowSpeedBoat: succeeded in 0.58s
detect-highSpeedBoat: succeeded in 0.94s
detect-doubleDragging: succeeded in 2.83s
detect-abnormalTransfer: succeeded in 0.20s
detect-blackList: succeeded in 0.24s
detect-illegalStaying: succeeded in 0.23s
detect-abnormalWandering: succeeded in 3.28s
detect-deviation: succeeded in 0.77s
detect-abnormalStaying: succeeded in 3.45s
detect-collision: succeeded in 0.03s
detect-CrossingBoundary: succeeded in 0.16s
detect-illegalBerthing: succeeded in 0.16s
detect-illegalAnchored: succeeded in 0.22s
detect-lowSpeedBoat: succeeded in 0.41s
detect-doubleDragging: succeeded in 2.03s
detect-highSpeedBoat: succeeded in 0.67s
detect-blackList: succeeded in 0.12s
detect-abnormalTransfer: succeeded in 0.19s
detect-illegalStaying: succeeded in 0.20s
detect-abnormalWandering: succeeded in 3.77s
detect-deviation: succeeded in 0.66s
detect-abnormalStaying: succeeded in 3.72s
detect-collision: succeeded in 0.03s
detect-illegalBerthing: succeeded in 0.06s
detect-doubleDragging: succeeded in 1.78s
detect-CrossingBoundary: succeeded in 0.16s
detect-illegalAnchored: succeeded in 0.25s
detect-lowSpeedBoat: succeeded in 0.42s
detect-highSpeedBoat: succeeded in 1.00s
detect-blackList: succeeded in 0.03s
detect-abnormalTransfer: succeeded in 0.19s
detect-illegalStaying: succeeded in 0.23s
detect-deviation: succeeded in 0.67s
detect-abnormalWandering: succeeded in 3.34s
detect-abnormalStaying: succeeded in 2.97s
detect-doubleDragging: succeeded in 1.38s
detect-collision: succeeded in 0.03s
detect-illegalBerthing: succeeded in 0.11s
detect-CrossingBoundary: succeeded in 0.23s
detect-illegalAnchored: succeeded in 0.26s
detect-lowSpeedBoat: succeeded in 0.50s
detect-highSpeedBoat: succeeded in 1.06s
detect-blackList: succeeded in 0.03s
detect-abnormalTransfer: succeeded in 0.14s
detect-illegalStaying: succeeded in 0.22s
detect-abnormalWandering: succeeded in 3.25s
detect-deviation: succeeded in 0.72s
detect-abnormalStaying: succeeded in 3.62s
detect-collision: succeeded in 0.09s
detect-illegalBerthing: succeeded in 0.09s
detect-CrossingBoundary: succeeded in 0.12s
detect-illegalAnchored: succeeded in 0.26s
detect-lowSpeedBoat: succeeded in 0.39s
detect-doubleDragging: succeeded in 2.11s
detect-highSpeedBoat: succeeded in 0.78s
detect-blackList: succeeded in 0.03s
detect-abnormalTransfer: succeeded in 0.08s
detect-illegalStaying: succeeded in 0.16s
detect-deviation: succeeded in 0.66s
detect-abnormalWandering: succeeded in 3.20s
detect-doubleDragging: succeeded in 1.41s
detect-abnormalStaying: succeeded in 3.12s
detect-collision: succeeded in 0.12s
detect-illegalBerthing: succeeded in 0.12s
detect-CrossingBoundary: succeeded in 0.19s
detect-illegalAnchored: succeeded in 0.28s
detect-lowSpeedBoat: succeeded in 0.75s
detect-highSpeedBoat: succeeded in 1.20s
detect-blackList: succeeded in 0.03s
detect-abnormalTransfer: succeeded in 0.11s
detect-illegalStaying: succeeded in 0.14s
detect-deviation: succeeded in 0.64s
detect-abnormalWandering: succeeded in 3.27s
detect-abnormalStaying: succeeded in 2.88s
detect-doubleDragging: succeeded in 1.33s
detect-collision: succeeded in 0.03s
detect-illegalBerthing: succeeded in 0.11s
detect-CrossingBoundary: succeeded in 0.16s
detect-illegalAnchored: succeeded in 0.23s
detect-lowSpeedBoat: succeeded in 0.39s
detect-highSpeedBoat: succeeded in 1.00s
detect-illegalStaying: succeeded in 0.09s
detect-blackList: succeeded in 0.12s
detect-abnormalTransfer: succeeded in 0.14s
detect-abnormalWandering: succeeded in 3.00s
detect-deviation: succeeded in 0.64s
detect-abnormalStaying: succeeded in 2.95s
detect-doubleDragging: succeeded in 1.26s
detect-collision: succeeded in 0.01s
detect-CrossingBoundary: succeeded in 0.14s
detect-illegalBerthing: succeeded in 0.16s
detect-illegalAnchored: succeeded in 0.25s
detect-lowSpeedBoat: succeeded in 0.44s
detect-highSpeedBoat: succeeded in 0.75s
detect-blackList: succeeded in 0.11s
detect-abnormalTransfer: succeeded in 0.20s
detect-illegalStaying: succeeded in 0.28s
detect-abnormalWandering: succeeded in 3.05s
detect-deviation: succeeded in 0.61s
detect-abnormalStaying: succeeded in 2.97s
detect-doubleDragging: succeeded in 1.42s
detect-collision: succeeded in 0.01s
detect-illegalBerthing: succeeded in 0.06s
detect-CrossingBoundary: succeeded in 0.16s
detect-illegalAnchored: succeeded in 0.23s
detect-lowSpeedBoat: succeeded in 0.38s
detect-highSpeedBoat: succeeded in 0.91s
detect-blackList: succeeded in 0.01s
detect-abnormalTransfer: succeeded in 0.09s
detect-illegalStaying: succeeded in 0.11s
detect-abnormalWandering: succeeded in 2.86s
detect-deviation: succeeded in 0.62s
detect-abnormalStaying: succeeded in 3.06s
detect-doubleDragging: succeeded in 1.16s
detect-collision: succeeded in 0.03s
detect-illegalBerthing: succeeded in 0.06s
detect-CrossingBoundary: succeeded in 0.23s
detect-illegalAnchored: succeeded in 0.28s
detect-lowSpeedBoat: succeeded in 0.47s
detect-highSpeedBoat: succeeded in 0.84s
detect-blackList: succeeded in 0.03s
detect-illegalStaying: succeeded in 0.11s
detect-abnormalTransfer: succeeded in 0.14s
detect-abnormalWandering: succeeded in 3.14s
detect-deviation: succeeded in 0.55s
detect-abnormalStaying: succeeded in 3.06s
detect-doubleDragging: succeeded in 1.19s
detect-collision: succeeded in 0.06s
detect-illegalBerthing: succeeded in 0.09s
detect-CrossingBoundary: succeeded in 0.17s
detect-illegalAnchored: succeeded in 0.34s
detect-lowSpeedBoat: succeeded in 0.52s
detect-highSpeedBoat: succeeded in 0.78s
detect-blackList: succeeded in 0.03s
detect-abnormalWandering: succeeded in 2.97s
detect-abnormalTransfer: succeeded in 0.19s
detect-illegalStaying: succeeded in 0.25s
detect-deviation: succeeded in 0.70s
detect-abnormalStaying: succeeded in 3.19s
detect-doubleDragging: succeeded in 1.59s
detect-illegalBerthing: succeeded in 0.08s
detect-CrossingBoundary: succeeded in 0.17s
detect-collision: succeeded in 0.20s
detect-illegalAnchored: succeeded in 0.39s
detect-lowSpeedBoat: succeeded in 0.56s
detect-highSpeedBoat: succeeded in 0.81s
detect-blackList: succeeded in 0.05s
detect-abnormalTransfer: succeeded in 0.12s
detect-abnormalWandering: succeeded in 3.39s
detect-illegalStaying: succeeded in 0.22s
detect-deviation: succeeded in 0.89s
detect-abnormalStaying: succeeded in 3.56s
detect-collision: succeeded in 0.09s
detect-illegalBerthing: succeeded in 0.14s
detect-CrossingBoundary: succeeded in 0.19s
detect-illegalAnchored: succeeded in 0.23s
detect-doubleDragging: succeeded in 1.81s
detect-lowSpeedBoat: succeeded in 0.50s
detect-highSpeedBoat: succeeded in 0.91s
detect-illegalStaying: succeeded in 0.11s
detect-abnormalTransfer: succeeded in 0.17s
detect-abnormalWandering: succeeded in 3.08s
detect-blackList: succeeded in 0.33s
detect-deviation: succeeded in 0.69s
detect-abnormalStaying: succeeded in 3.24s
detect-collision: succeeded in 0.03s
detect-illegalBerthing: succeeded in 0.22s
detect-CrossingBoundary: succeeded in 0.25s
detect-illegalAnchored: succeeded in 0.28s
detect-doubleDragging: succeeded in 2.11s
detect-lowSpeedBoat: succeeded in 0.49s
detect-highSpeedBoat: succeeded in 0.61s
detect-blackList: succeeded in 0.06s
detect-abnormalTransfer: succeeded in 0.11s
detect-illegalStaying: succeeded in 0.17s
detect-abnormalWandering: succeeded in 3.17s
detect-deviation: succeeded in 0.55s
detect-abnormalStaying: succeeded in 2.58s
detect-doubleDragging: succeeded in 1.30s
detect-collision: succeeded in 0.03s
detect-illegalBerthing: succeeded in 0.08s
detect-CrossingBoundary: succeeded in 0.27s
detect-illegalAnchored: succeeded in 0.28s
detect-lowSpeedBoat: succeeded in 0.91s
detect-highSpeedBoat: succeeded in 1.48s
detect-blackList: succeeded in 0.02s
detect-abnormalTransfer: succeeded in 0.22s
detect-illegalStaying: succeeded in 0.31s
detect-abnormalWandering: succeeded in 3.47s
detect-deviation: succeeded in 0.67s
detect-doubleDragging: succeeded in 1.17s
detect-abnormalStaying: succeeded in 3.30s
detect-collision: succeeded in 0.03s
detect-illegalBerthing: succeeded in 0.08s
detect-CrossingBoundary: succeeded in 0.19s
detect-illegalAnchored: succeeded in 0.24s
detect-lowSpeedBoat: succeeded in 0.34s
detect-highSpeedBoat: succeeded in 0.66s
detect-blackList: succeeded in 0.05s
detect-abnormalTransfer: succeeded in 0.14s
detect-illegalStaying: succeeded in 0.14s
detect-abnormalWandering: succeeded in 3.16s
detect-deviation: succeeded in 0.86s
detect-abnormalStaying: succeeded in 3.31s
detect-doubleDragging: succeeded in 1.45s
detect-illegalBerthing: succeeded in 0.08s
detect-collision: succeeded in 0.09s
detect-CrossingBoundary: succeeded in 0.16s
detect-illegalAnchored: succeeded in 0.24s
detect-lowSpeedBoat: succeeded in 0.41s
detect-highSpeedBoat: succeeded in 0.62s
detect-blackList: succeeded in 0.03s
detect-abnormalTransfer: succeeded in 0.12s
detect-illegalStaying: succeeded in 0.16s
detect-abnormalWandering: succeeded in 3.00s
detect-deviation: succeeded in 0.64s
detect-doubleDragging: succeeded in 1.48s
detect-abnormalStaying: succeeded in 3.14s
detect-collision: succeeded in 0.12s
detect-illegalBerthing: succeeded in 0.11s
detect-CrossingBoundary: succeeded in 0.27s
detect-illegalAnchored: succeeded in 0.44s
detect-lowSpeedBoat: succeeded in 0.58s
detect-highSpeedBoat: succeeded in 0.83s
detect-blackList: succeeded in 0.02s
detect-abnormalTransfer: succeeded in 0.09s
detect-illegalStaying: succeeded in 0.19s
detect-deviation: succeeded in 0.66s
detect-abnormalWandering: succeeded in 3.51s
detect-doubleDragging: succeeded in 1.14s
detect-abnormalStaying: succeeded in 2.99s
detect-collision: succeeded in 0.03s
detect-illegalBerthing: succeeded in 0.11s
detect-CrossingBoundary: succeeded in 0.17s
detect-illegalAnchored: succeeded in 0.25s
detect-lowSpeedBoat: succeeded in 0.41s
detect-highSpeedBoat: succeeded in 0.69s
detect-abnormalTransfer: succeeded in 0.08s
detect-blackList: succeeded in 0.11s
detect-illegalStaying: succeeded in 0.16s
detect-deviation: succeeded in 0.59s
detect-abnormalWandering: succeeded in 3.00s
detect-doubleDragging: succeeded in 1.34s
detect-abnormalStaying: succeeded in 3.12s
detect-collision: succeeded in 0.03s
detect-CrossingBoundary: succeeded in 0.16s
detect-illegalBerthing: succeeded in 0.16s
detect-illegalAnchored: succeeded in 0.25s
detect-lowSpeedBoat: succeeded in 0.42s
detect-highSpeedBoat: succeeded in 0.56s
detect-blackList: succeeded in 0.06s
detect-abnormalTransfer: succeeded in 0.16s
detect-illegalStaying: succeeded in 0.20s
detect-deviation: succeeded in 0.59s
detect-abnormalWandering: succeeded in 3.05s
detect-abnormalStaying: succeeded in 3.06s
detect-doubleDragging: succeeded in 1.53s
detect-collision: succeeded in 0.02s
detect-illegalBerthing: succeeded in 0.06s
detect-CrossingBoundary: succeeded in 0.12s
detect-illegalAnchored: succeeded in 0.30s
detect-lowSpeedBoat: succeeded in 0.38s
detect-highSpeedBoat: succeeded in 0.83s
detect-blackList: succeeded in 0.05s
detect-abnormalTransfer: succeeded in 0.12s
detect-illegalStaying: succeeded in 0.17s
detect-deviation: succeeded in 0.62s
detect-abnormalWandering: succeeded in 3.11s
detect-abnormalStaying: succeeded in 3.16s
detect-doubleDragging: succeeded in 1.55s
detect-collision: succeeded in 0.03s
detect-illegalBerthing: succeeded in 0.08s
detect-CrossingBoundary: succeeded in 0.36s
detect-illegalAnchored: succeeded in 0.39s
detect-lowSpeedBoat: succeeded in 0.55s
detect-highSpeedBoat: succeeded in 1.31s
detect-blackList: succeeded in 0.02s
detect-abnormalTransfer: succeeded in 0.25s
detect-illegalStaying: succeeded in 0.30s
detect-deviation: succeeded in 0.66s
detect-abnormalWandering: succeeded in 3.16s
detect-doubleDragging: succeeded in 1.30s
detect-illegalBerthing: succeeded in 0.09s
detect-abnormalStaying: succeeded in 3.42s
detect-collision: succeeded in 0.12s
detect-CrossingBoundary: succeeded in 0.20s
detect-illegalAnchored: succeeded in 0.33s
detect-lowSpeedBoat: succeeded in 0.50s
detect-highSpeedBoat: succeeded in 0.97s
detect-blackList: succeeded in 0.05s
detect-abnormalTransfer: succeeded in 0.16s
detect-illegalStaying: succeeded in 0.30s
detect-deviation: succeeded in 0.64s
detect-abnormalWandering: succeeded in 3.17s
detect-doubleDragging: succeeded in 1.41s
detect-abnormalStaying: succeeded in 3.03s
detect-collision: succeeded in 0.14s
detect-illegalBerthing: succeeded in 0.14s
detect-CrossingBoundary: succeeded in 0.19s
detect-illegalAnchored: succeeded in 0.25s
detect-lowSpeedBoat: succeeded in 0.34s
detect-highSpeedBoat: succeeded in 0.75s
detect-blackList: succeeded in 0.03s
detect-abnormalTransfer: succeeded in 0.12s
detect-illegalStaying: succeeded in 0.14s
detect-deviation: succeeded in 0.61s
detect-abnormalWandering: succeeded in 3.30s
detect-doubleDragging: succeeded in 1.19s
detect-abnormalStaying: succeeded in 2.88s
detect-collision: succeeded in 0.03s
detect-CrossingBoundary: succeeded in 0.16s
detect-illegalBerthing: succeeded in 0.17s
detect-illegalAnchored: succeeded in 0.27s
detect-lowSpeedBoat: succeeded in 0.38s
detect-highSpeedBoat: succeeded in 0.75s
detect-illegalStaying: succeeded in 0.11s
detect-blackList: succeeded in 0.12s
detect-abnormalTransfer: succeeded in 0.12s
detect-deviation: succeeded in 0.59s
detect-abnormalWandering: succeeded in 2.95s
detect-abnormalStaying: succeeded in 2.92s
detect-collision: succeeded in 0.03s
detect-CrossingBoundary: succeeded in 0.14s
detect-illegalBerthing: succeeded in 0.17s
detect-doubleDragging: succeeded in 2.08s
detect-lowSpeedBoat: succeeded in 0.52s
detect-illegalAnchored: succeeded in 0.53s
detect-highSpeedBoat: succeeded in 1.16s
detect-blackList: succeeded in 0.20s
detect-abnormalTransfer: succeeded in 0.22s
detect-illegalStaying: succeeded in 0.22s
detect-deviation: succeeded in 0.64s
detect-doubleDragging: succeeded in 1.31s
detect-abnormalWandering: succeeded in 3.55s
detect-collision: succeeded in 0.03s
detect-illegalBerthing: succeeded in 0.06s
detect-abnormalStaying: succeeded in 3.14s
detect-CrossingBoundary: succeeded in 0.14s
detect-illegalAnchored: succeeded in 0.22s
detect-lowSpeedBoat: succeeded in 0.53s
detect-highSpeedBoat: succeeded in 0.69s
detect-blackList: succeeded in 0.03s
detect-illegalStaying: succeeded in 0.19s
detect-abnormalTransfer: succeeded in 0.19s
detect-deviation: succeeded in 0.62s
detect-abnormalWandering: succeeded in 2.84s
detect-doubleDragging: succeeded in 1.38s
detect-collision: succeeded in 0.01s
detect-illegalBerthing: succeeded in 0.06s
detect-CrossingBoundary: succeeded in 0.12s
detect-abnormalStaying: succeeded in 3.03s
detect-illegalAnchored: succeeded in 0.20s
detect-lowSpeedBoat: succeeded in 0.47s
detect-highSpeedBoat: succeeded in 0.62s
detect-blackList: succeeded in 0.05s
detect-abnormalTransfer: succeeded in 0.14s
detect-illegalStaying: succeeded in 0.16s
detect-deviation: succeeded in 0.80s
detect-abnormalWandering: succeeded in 3.05s
detect-abnormalStaying: succeeded in 2.80s
detect-illegalBerthing: succeeded in 0.08s
detect-CrossingBoundary: succeeded in 0.20s
detect-collision: succeeded in 0.27s
detect-illegalAnchored: succeeded in 0.28s
detect-lowSpeedBoat: succeeded in 0.55s
detect-doubleDragging: succeeded in 2.38s
detect-highSpeedBoat: succeeded in 0.80s
detect-blackList: succeeded in 0.03s
detect-abnormalTransfer: succeeded in 0.08s
detect-illegalStaying: succeeded in 0.17s
detect-deviation: succeeded in 0.52s
detect-abnormalWandering: succeeded in 3.22s
detect-abnormalStaying: succeeded in 3.23s
detect-doubleDragging: succeeded in 1.41s
detect-illegalBerthing: succeeded in 0.06s
detect-collision: succeeded in 0.11s
detect-CrossingBoundary: succeeded in 0.16s
detect-illegalAnchored: succeeded in 0.25s
detect-lowSpeedBoat: succeeded in 0.39s
detect-highSpeedBoat: succeeded in 0.62s
detect-blackList: succeeded in 0.03s
detect-abnormalTransfer: succeeded in 0.09s
detect-illegalStaying: succeeded in 0.11s
detect-deviation: succeeded in 0.56s
detect-abnormalStaying: succeeded in 2.73s
detect-abnormalWandering: succeeded in 3.06s
detect-collision: succeeded in 0.01s
detect-illegalBerthing: succeeded in 0.22s
detect-CrossingBoundary: succeeded in 0.23s
detect-illegalAnchored: succeeded in 0.36s
detect-lowSpeedBoat: succeeded in 0.41s
detect-doubleDragging: succeeded in 2.28s
detect-highSpeedBoat: succeeded in 1.09s
detect-abnormalTransfer: succeeded in 0.14s
detect-blackList: succeeded in 0.14s
detect-illegalStaying: succeeded in 0.12s
detect-deviation: succeeded in 0.64s
detect-abnormalWandering: succeeded in 3.22s
detect-doubleDragging: succeeded in 1.44s
detect-collision: succeeded in 0.01s
detect-abnormalStaying: succeeded in 3.64s
detect-CrossingBoundary: succeeded in 0.14s
detect-illegalBerthing: succeeded in 0.12s
detect-illegalAnchored: succeeded in 0.28s
detect-lowSpeedBoat: succeeded in 0.39s
detect-highSpeedBoat: succeeded in 0.58s
detect-blackList: succeeded in 0.16s
detect-illegalStaying: succeeded in 0.20s
detect-abnormalTransfer: succeeded in 0.23s
detect-deviation: succeeded in 0.55s
detect-doubleDragging: succeeded in 1.25s
detect-abnormalWandering: succeeded in 3.08s
detect-abnormalStaying: succeeded in 2.81s
detect-collision: succeeded in 0.03s
detect-illegalBerthing: succeeded in 0.09s
detect-CrossingBoundary: succeeded in 0.12s
detect-illegalAnchored: succeeded in 0.22s
detect-lowSpeedBoat: succeeded in 0.38s
detect-highSpeedBoat: succeeded in 0.61s
detect-blackList: succeeded in 0.03s
detect-illegalStaying: succeeded in 0.12s
detect-abnormalTransfer: succeeded in 0.16s
detect-deviation: succeeded in 0.53s
detect-doubleDragging: succeeded in 1.31s
detect-abnormalStaying: succeeded in 2.89s
detect-collision: succeeded in 0.01s
detect-abnormalWandering: succeeded in 3.11s
detect-illegalBerthing: succeeded in 0.08s
detect-CrossingBoundary: succeeded in 0.17s
detect-illegalAnchored: succeeded in 0.22s
detect-lowSpeedBoat: succeeded in 0.47s
detect-highSpeedBoat: succeeded in 0.66s
detect-blackList: succeeded in 0.03s
detect-abnormalTransfer: succeeded in 0.20s
detect-illegalStaying: succeeded in 0.20s
detect-deviation: succeeded in 0.55s
detect-doubleDragging: succeeded in 1.33s
detect-abnormalStaying: succeeded in 2.81s
detect-abnormalWandering: succeeded in 2.80s
detect-illegalBerthing: succeeded in 0.06s
detect-collision: succeeded in 0.08s
detect-CrossingBoundary: succeeded in 0.12s
detect-illegalAnchored: succeeded in 0.20s
detect-lowSpeedBoat: succeeded in 0.36s
detect-highSpeedBoat: succeeded in 0.75s
detect-blackList: succeeded in 0.05s
detect-abnormalTransfer: succeeded in 0.11s
detect-illegalStaying: succeeded in 0.17s
detect-deviation: succeeded in 0.66s
detect-abnormalWandering: succeeded in 2.59s
detect-abnormalStaying: succeeded in 2.97s
detect-doubleDragging: succeeded in 1.48s
detect-CrossingBoundary: succeeded in 0.16s
detect-illegalBerthing: succeeded in 0.17s
detect-collision: succeeded in 0.23s
detect-illegalAnchored: succeeded in 0.25s
detect-lowSpeedBoat: succeeded in 0.70s
detect-highSpeedBoat: succeeded in 1.17s
detect-blackList: succeeded in 0.03s
detect-abnormalTransfer: succeeded in 0.09s
detect-illegalStaying: succeeded in 0.11s
detect-deviation: succeeded in 0.59s
detect-doubleDragging: succeeded in 1.05s
detect-abnormalWandering: succeeded in 2.62s
detect-abnormalStaying: succeeded in 2.72s
detect-collision: succeeded in 0.03s
detect-illegalBerthing: succeeded in 0.17s
detect-CrossingBoundary: succeeded in 0.22s
detect-illegalAnchored: succeeded in 0.25s
detect-lowSpeedBoat: succeeded in 0.45s
detect-highSpeedBoat: succeeded in 1.06s
detect-abnormalTransfer: succeeded in 0.17s
detect-illegalStaying: succeeded in 0.20s
detect-blackList: succeeded in 0.25s
detect-deviation: succeeded in 0.81s
detect-abnormalWandering: succeeded in 3.03s
detect-abnormalStaying: succeeded in 3.33s
detect-collision: succeeded in 0.03s
detect-illegalBerthing: succeeded in 0.14s
detect-CrossingBoundary: succeeded in 0.16s
detect-doubleDragging: succeeded in 1.84s
detect-illegalAnchored: succeeded in 0.25s
detect-lowSpeedBoat: succeeded in 0.41s
detect-highSpeedBoat: succeeded in 0.67s
detect-blackList: succeeded in 0.22s
detect-abnormalTransfer: succeeded in 0.25s
detect-illegalStaying: succeeded in 0.25s
detect-deviation: succeeded in 0.56s
detect-abnormalWandering: succeeded in 2.59s
detect-doubleDragging: succeeded in 1.22s
detect-abnormalStaying: succeeded in 2.89s
detect-collision: succeeded in 0.05s
detect-illegalBerthing: succeeded in 0.17s
detect-CrossingBoundary: succeeded in 0.20s
detect-illegalAnchored: succeeded in 0.28s
detect-lowSpeedBoat: succeeded in 0.38s
detect-highSpeedBoat: succeeded in 0.84s
detect-blackList: succeeded in 0.03s
detect-abnormalTransfer: succeeded in 0.12s
detect-illegalStaying: succeeded in 0.17s
detect-deviation: succeeded in 0.50s
detect-abnormalWandering: succeeded in 2.58s
detect-doubleDragging: succeeded in 1.19s
detect-abnormalStaying: succeeded in 2.77s
detect-collision: succeeded in 0.03s
detect-illegalBerthing: succeeded in 0.09s
detect-CrossingBoundary: succeeded in 0.12s
detect-illegalAnchored: succeeded in 0.22s
detect-lowSpeedBoat: succeeded in 0.47s
detect-highSpeedBoat: succeeded in 0.78s
detect-blackList: succeeded in 0.03s
detect-abnormalTransfer: succeeded in 0.14s
detect-illegalStaying: succeeded in 0.16s
detect-deviation: succeeded in 0.86s
detect-abnormalWandering: succeeded in 2.94s
detect-abnormalStaying: succeeded in 3.27s
detect-illegalBerthing: succeeded in 0.09s
detect-doubleDragging: succeeded in 1.69s
detect-collision: succeeded in 0.22s
detect-CrossingBoundary: succeeded in 0.22s
detect-illegalAnchored: succeeded in 0.25s
detect-lowSpeedBoat: succeeded in 0.45s
detect-highSpeedBoat: succeeded in 0.78s
detect-blackList: succeeded in 0.05s
detect-abnormalTransfer: succeeded in 0.11s
detect-illegalStaying: succeeded in 0.14s
detect-deviation: succeeded in 0.67s
detect-abnormalWandering: succeeded in 2.81s
detect-doubleDragging: succeeded in 1.51s
detect-collision: succeeded in 0.12s
detect-abnormalStaying: succeeded in 3.23s
detect-illegalBerthing: succeeded in 0.12s
detect-CrossingBoundary: succeeded in 0.16s
detect-illegalAnchored: succeeded in 0.22s
detect-lowSpeedBoat: succeeded in 0.75s
detect-blackList: succeeded in 0.03s
detect-abnormalTransfer: succeeded in 0.16s
detect-illegalStaying: succeeded in 0.16s
detect-deviation: succeeded in 0.75s
detect-highSpeedBoat: succeeded in 2.45s
detect-abnormalWandering: succeeded in 3.03s
detect-collision: succeeded in 0.03s
detect-illegalBerthing: succeeded in 0.12s
detect-CrossingBoundary: succeeded in 0.14s
detect-illegalAnchored: succeeded in 0.25s
detect-abnormalStaying: succeeded in 3.36s
detect-lowSpeedBoat: succeeded in 0.44s
detect-doubleDragging: succeeded in 2.16s
detect-blackList: succeeded in 0.08s
detect-abnormalTransfer: succeeded in 0.11s
detect-illegalStaying: succeeded in 0.19s
detect-abnormalWandering: succeeded in 2.50s
detect-collision: succeeded in 0.05s
detect-illegalBerthing: succeeded in 0.08s
detect-CrossingBoundary: succeeded in 0.25s
detect-illegalAnchored: succeeded in 0.30s
detect-blackList: succeeded in 0.03s
detect-abnormalTransfer: succeeded in 0.05s
detect-illegalStaying: succeeded in 0.64s
detect-deviation: succeeded in 4.58s
detect-highSpeedBoat: succeeded in 6.28s
detect-lowSpeedBoat: succeeded in 2.97s
detect-collision: succeeded in 0.02s
detect-illegalBerthing: succeeded in 0.09s
detect-CrossingBoundary: succeeded in 0.20s
detect-illegalAnchored: succeeded in 0.27s
detect-deviation: succeeded in 1.00s
detect-lowSpeedBoat: succeeded in 0.69s
detect-abnormalStaying: succeeded in 6.99s
detect-highSpeedBoat: succeeded in 1.42s
detect-abnormalWandering: succeeded in 4.55s
detect-blackList: succeeded in 0.03s
detect-abnormalTransfer: succeeded in 0.11s
detect-illegalStaying: succeeded in 0.17s
detect-doubleDragging: succeeded in 7.09s
detect-deviation: succeeded in 0.53s
detect-highSpeedBoat: succeeded in 1.14s
detect-collision: succeeded in 0.05s
detect-illegalBerthing: succeeded in 0.14s
detect-CrossingBoundary: succeeded in 0.22s
detect-illegalAnchored: succeeded in 0.30s
detect-lowSpeedBoat: succeeded in 0.36s
detect-abnormalStaying: succeeded in 3.20s
detect-doubleDragging: succeeded in 2.28s
detect-abnormalWandering: succeeded in 3.00s
detect-blackList: succeeded in 0.03s
detect-abnormalTransfer: succeeded in 0.11s
detect-illegalStaying: succeeded in 0.11s
detect-deviation: succeeded in 0.69s
detect-highSpeedBoat: succeeded in 1.00s
detect-illegalBerthing: succeeded in 0.09s
detect-collision: succeeded in 0.17s
detect-CrossingBoundary: succeeded in 0.14s
detect-doubleDragging: succeeded in 1.69s
detect-illegalAnchored: succeeded in 0.23s
detect-lowSpeedBoat: succeeded in 0.39s
detect-abnormalStaying: succeeded in 3.03s
detect-blackList: succeeded in 0.03s
detect-abnormalTransfer: succeeded in 0.11s
detect-illegalStaying: succeeded in 0.11s
detect-abnormalWandering: succeeded in 3.28s
detect-deviation: succeeded in 0.48s
detect-highSpeedBoat: succeeded in 0.92s
detect-doubleDragging: succeeded in 1.17s
detect-collision: succeeded in 0.06s
detect-illegalBerthing: succeeded in 0.06s
detect-CrossingBoundary: succeeded in 0.12s
detect-illegalAnchored: succeeded in 0.28s
detect-lowSpeedBoat: succeeded in 0.34s
detect-abnormalStaying: succeeded in 3.00s
detect-blackList: succeeded in 0.06s
detect-abnormalTransfer: succeeded in 0.24s
detect-illegalStaying: succeeded in 0.24s
detect-abnormalWandering: succeeded in 3.17s
detect-deviation: succeeded in 0.61s
detect-highSpeedBoat: succeeded in 0.80s
detect-doubleDragging: succeeded in 1.38s
detect-collision: succeeded in 0.03s
detect-illegalBerthing: succeeded in 0.08s
detect-CrossingBoundary: succeeded in 0.14s
detect-illegalAnchored: succeeded in 0.25s
detect-lowSpeedBoat: succeeded in 0.44s
detect-abnormalStaying: succeeded in 2.95s
detect-illegalStaying: succeeded in 0.09s
detect-abnormalTransfer: succeeded in 0.11s
detect-blackList: succeeded in 0.14s
detect-abnormalWandering: succeeded in 2.91s
detect-deviation: succeeded in 0.56s
detect-highSpeedBoat: succeeded in 0.88s
detect-doubleDragging: succeeded in 1.34s
detect-collision: succeeded in 0.03s
detect-illegalBerthing: succeeded in 0.06s
detect-CrossingBoundary: succeeded in 0.12s
detect-illegalAnchored: succeeded in 0.23s
detect-lowSpeedBoat: succeeded in 0.33s
detect-abnormalStaying: succeeded in 3.05s
detect-blackList: succeeded in 0.16s
detect-abnormalTransfer: succeeded in 0.17s
detect-illegalStaying: succeeded in 0.19s
detect-abnormalWandering: succeeded in 3.03s
detect-deviation: succeeded in 0.64s
detect-highSpeedBoat: succeeded in 1.00s
detect-doubleDragging: succeeded in 1.72s
detect-collision: succeeded in 0.03s
detect-illegalBerthing: succeeded in 0.14s
detect-CrossingBoundary: succeeded in 0.23s
detect-illegalAnchored: succeeded in 0.27s
detect-lowSpeedBoat: succeeded in 0.49s
detect-blackList: succeeded in 0.03s
detect-abnormalTransfer: succeeded in 0.12s
detect-abnormalWandering: succeeded in 3.34s
detect-collision: succeeded in 0.02s
detect-illegalBerthing: succeeded in 0.05s
detect-CrossingBoundary: succeeded in 0.06s
detect-illegalAnchored: succeeded in 0.11s
detect-abnormalStaying: succeeded in 6.69s
detect-illegalStaying: succeeded in 3.53s
detect-blackList: succeeded in 0.02s
detect-abnormalTransfer: succeeded in 0.08s
detect-deviation: succeeded in 4.11s
detect-lowSpeedBoat: succeeded in 3.08s
detect-highSpeedBoat: succeeded in 4.66s
detect-deviation: succeeded in 0.73s
detect-CrossingBoundary: succeeded in 0.12s
detect-collision: succeeded in 0.14s
detect-illegalBerthing: succeeded in 0.14s
detect-highSpeedBoat: succeeded in 0.78s
detect-illegalStaying: succeeded in 0.20s
detect-illegalAnchored: succeeded in 0.25s
detect-lowSpeedBoat: succeeded in 0.38s
detect-doubleDragging: succeeded in 6.16s
detect-abnormalWandering: succeeded in 4.31s
detect-blackList: succeeded in 0.01s
detect-abnormalTransfer: succeeded in 0.14s
detect-abnormalStaying: succeeded in 3.49s
detect-deviation: succeeded in 0.58s
detect-highSpeedBoat: succeeded in 1.03s
detect-doubleDragging: succeeded in 1.73s
detect-illegalBerthing: succeeded in 0.06s
detect-collision: succeeded in 0.09s
detect-CrossingBoundary: succeeded in 0.12s
detect-illegalStaying: succeeded in 0.16s
detect-illegalAnchored: succeeded in 0.17s
detect-lowSpeedBoat: succeeded in 0.33s
detect-doubleDragging: succeeded in 1.12s
detect-blackList: succeeded in 0.03s
detect-abnormalTransfer: succeeded in 0.09s
detect-abnormalWandering: succeeded in 3.33s
detect-deviation: succeeded in 0.55s
detect-highSpeedBoat: succeeded in 0.88s
detect-abnormalStaying: succeeded in 3.39s
detect-collision: succeeded in 0.03s
detect-illegalStaying: succeeded in 0.08s
detect-illegalBerthing: succeeded in 0.08s
detect-CrossingBoundary: succeeded in 0.11s
detect-illegalAnchored: succeeded in 0.19s
detect-lowSpeedBoat: succeeded in 0.36s
detect-doubleDragging: succeeded in 1.09s
detect-abnormalTransfer: succeeded in 0.25s
detect-blackList: succeeded in 0.25s
detect-deviation: succeeded in 0.53s
detect-abnormalWandering: succeeded in 2.91s
detect-highSpeedBoat: succeeded in 0.66s
detect-abnormalStaying: succeeded in 2.72s
detect-collision: succeeded in 0.03s
detect-illegalBerthing: succeeded in 0.11s
detect-illegalStaying: succeeded in 0.11s
detect-CrossingBoundary: succeeded in 0.12s
detect-illegalAnchored: succeeded in 0.20s
detect-lowSpeedBoat: succeeded in 0.36s
detect-doubleDragging: succeeded in 1.20s
detect-blackList: succeeded in 0.14s
detect-abnormalTransfer: succeeded in 0.16s
detect-abnormalWandering: succeeded in 2.99s
detect-abnormalStaying: succeeded in 2.98s
detect-deviation: succeeded in 0.89s
detect-highSpeedBoat: succeeded in 1.19s
detect-collision: succeeded in 0.05s
detect-illegalBerthing: succeeded in 0.16s
detect-CrossingBoundary: succeeded in 0.23s
detect-illegalStaying: succeeded in 0.25s
detect-illegalAnchored: succeeded in 0.27s
detect-lowSpeedBoat: succeeded in 0.36s
detect-doubleDragging: succeeded in 1.06s
detect-blackList: succeeded in 0.05s
detect-abnormalTransfer: succeeded in 0.11s
detect-abnormalWandering: succeeded in 2.86s
detect-deviation: succeeded in 0.52s
detect-highSpeedBoat: succeeded in 0.66s
detect-abnormalStaying: succeeded in 2.95s
detect-collision: succeeded in 0.09s
detect-illegalBerthing: succeeded in 0.11s
detect-illegalStaying: succeeded in 0.19s
detect-CrossingBoundary: succeeded in 0.30s
detect-illegalAnchored: succeeded in 0.28s
detect-lowSpeedBoat: succeeded in 0.41s
detect-doubleDragging: succeeded in 1.17s
detect-blackList: succeeded in 0.03s
detect-abnormalTransfer: succeeded in 0.09s
detect-abnormalWandering: succeeded in 3.02s
detect-deviation: succeeded in 0.53s
detect-highSpeedBoat: succeeded in 0.81s
detect-abnormalStaying: succeeded in 3.01s
detect-illegalBerthing: succeeded in 0.05s
detect-collision: succeeded in 0.08s
detect-CrossingBoundary: succeeded in 0.11s
detect-illegalStaying: succeeded in 0.12s
detect-illegalAnchored: succeeded in 0.20s
detect-lowSpeedBoat: succeeded in 0.33s
detect-doubleDragging: succeeded in 1.00s
detect-blackList: succeeded in 0.03s
detect-abnormalTransfer: succeeded in 0.09s
detect-abnormalWandering: succeeded in 2.98s
detect-deviation: succeeded in 0.56s
detect-highSpeedBoat: succeeded in 0.81s
detect-abnormalStaying: succeeded in 3.06s
detect-collision: succeeded in 0.06s
detect-illegalBerthing: succeeded in 0.05s
detect-CrossingBoundary: succeeded in 0.11s
detect-illegalStaying: succeeded in 0.11s
detect-illegalAnchored: succeeded in 0.19s
detect-lowSpeedBoat: succeeded in 0.31s
detect-doubleDragging: succeeded in 1.05s
detect-blackList: succeeded in 0.03s
detect-abnormalTransfer: succeeded in 0.06s
detect-deviation: succeeded in 0.44s
detect-abnormalWandering: succeeded in 2.98s
detect-highSpeedBoat: succeeded in 0.81s
detect-abnormalStaying: succeeded in 3.03s
detect-collision: succeeded in 0.03s
detect-illegalBerthing: succeeded in 0.11s
detect-illegalStaying: succeeded in 0.12s
detect-CrossingBoundary: succeeded in 0.16s
detect-illegalAnchored: succeeded in 0.22s
detect-lowSpeedBoat: succeeded in 0.36s
detect-doubleDragging: succeeded in 1.09s
detect-blackList: succeeded in 0.08s
detect-abnormalTransfer: succeeded in 0.16s
detect-deviation: succeeded in 0.59s
detect-abnormalWandering: succeeded in 2.86s
detect-highSpeedBoat: succeeded in 1.20s
detect-abnormalStaying: succeeded in 2.94s
detect-collision: succeeded in 0.05s
detect-CrossingBoundary: succeeded in 0.16s
detect-illegalStaying: succeeded in 0.19s
detect-illegalBerthing: succeeded in 0.17s
detect-illegalAnchored: succeeded in 0.39s
detect-lowSpeedBoat: succeeded in 0.41s
detect-doubleDragging: succeeded in 1.11s
detect-blackList: succeeded in 0.16s
detect-abnormalTransfer: succeeded in 0.20s
detect-deviation: succeeded in 0.52s
detect-highSpeedBoat: succeeded in 0.62s
detect-abnormalWandering: succeeded in 3.25s
detect-abnormalStaying: succeeded in 2.99s
detect-collision: succeeded in 0.03s
detect-illegalBerthing: succeeded in 0.06s
detect-CrossingBoundary: succeeded in 0.17s
detect-illegalAnchored: succeeded in 0.36s
detect-illegalStaying: succeeded in 0.50s
detect-lowSpeedBoat: succeeded in 0.53s
detect-blackList: succeeded in 0.03s
detect-abnormalTransfer: succeeded in 0.16s
detect-doubleDragging: succeeded in 2.08s
detect-deviation: succeeded in 0.59s
detect-abnormalWandering: succeeded in 3.12s
detect-highSpeedBoat: succeeded in 0.97s
detect-abnormalStaying: succeeded in 3.34s
detect-collision: succeeded in 0.03s
detect-illegalBerthing: succeeded in 0.08s
detect-illegalStaying: succeeded in 0.11s
detect-CrossingBoundary: succeeded in 0.16s
detect-illegalAnchored: succeeded in 0.20s
detect-lowSpeedBoat: succeeded in 0.47s
detect-blackList: succeeded in 0.05s
detect-abnormalTransfer: succeeded in 0.19s
detect-doubleDragging: succeeded in 1.91s
detect-deviation: succeeded in 0.59s
detect-abnormalWandering: succeeded in 3.19s
detect-highSpeedBoat: succeeded in 1.09s
detect-abnormalStaying: succeeded in 2.92s
detect-collision: succeeded in 0.19s
detect-illegalBerthing: succeeded in 0.20s
detect-CrossingBoundary: succeeded in 0.20s
detect-illegalStaying: succeeded in 0.23s
detect-illegalAnchored: succeeded in 0.30s
detect-lowSpeedBoat: succeeded in 0.41s
detect-doubleDragging: succeeded in 1.17s
detect-blackList: succeeded in 0.03s
detect-abnormalTransfer: succeeded in 0.08s
detect-deviation: succeeded in 0.55s
detect-abnormalWandering: succeeded in 2.75s
detect-highSpeedBoat: succeeded in 0.91s
detect-abnormalStaying: succeeded in 3.06s
detect-illegalBerthing: succeeded in 0.05s
detect-illegalStaying: succeeded in 0.14s
detect-CrossingBoundary: succeeded in 0.16s
detect-collision: succeeded in 0.20s
detect-illegalAnchored: succeeded in 0.30s
detect-lowSpeedBoat: succeeded in 0.51s
detect-blackList: succeeded in 0.03s
detect-doubleDragging: succeeded in 1.70s
detect-abnormalTransfer: succeeded in 0.25s
detect-deviation: succeeded in 0.59s
detect-highSpeedBoat: succeeded in 0.76s
detect-abnormalWandering: succeeded in 3.20s
detect-abnormalStaying: succeeded in 2.89s
detect-collision: succeeded in 0.03s
detect-illegalStaying: succeeded in 0.14s
detect-illegalBerthing: succeeded in 0.16s
detect-CrossingBoundary: succeeded in 0.17s
detect-illegalAnchored: succeeded in 0.23s
detect-lowSpeedBoat: succeeded in 0.34s
detect-doubleDragging: succeeded in 1.00s
detect-abnormalTransfer: succeeded in 0.11s
detect-blackList: succeeded in 0.38s
detect-deviation: succeeded in 0.74s
detect-highSpeedBoat: succeeded in 1.39s
detect-abnormalWandering: succeeded in 3.64s
detect-abnormalStaying: succeeded in 3.48s
detect-collision: succeeded in 0.03s
detect-illegalBerthing: succeeded in 0.09s
detect-CrossingBoundary: succeeded in 0.14s
detect-illegalStaying: succeeded in 0.16s
detect-illegalAnchored: succeeded in 0.23s
detect-lowSpeedBoat: succeeded in 0.45s
detect-blackList: succeeded in 0.08s
detect-abnormalTransfer: succeeded in 0.23s
detect-doubleDragging: succeeded in 2.09s
detect-deviation: succeeded in 0.53s
detect-highSpeedBoat: succeeded in 0.72s
detect-collision: succeeded in 0.03s
detect-illegalBerthing: succeeded in 0.05s
detect-illegalAnchored: succeeded in 0.31s
detect-CrossingBoundary: succeeded in 0.42s
detect-illegalStaying: succeeded in 0.56s
detect-lowSpeedBoat: succeeded in 1.20s
detect-abnormalWandering: succeeded in 5.74s
detect-blackList: succeeded in 0.41s
detect-abnormalTransfer: succeeded in 0.58s
detect-deviation: succeeded in 1.19s
detect-highSpeedBoat: succeeded in 2.22s
detect-collision: succeeded in 0.03s
detect-illegalBerthing: succeeded in 0.08s
detect-illegalStaying: succeeded in 0.11s
detect-CrossingBoundary: succeeded in 0.14s
detect-illegalAnchored: succeeded in 0.20s
detect-abnormalStaying: succeeded in 8.17s
detect-lowSpeedBoat: succeeded in 0.41s
detect-doubleDragging: succeeded in 6.34s
detect-blackList: succeeded in 0.05s
detect-abnormalTransfer: succeeded in 0.11s
detect-highSpeedBoat: succeeded in 0.72s
detect-deviation: succeeded in 1.08s
detect-illegalBerthing: succeeded in 0.22s
detect-abnormalWandering: succeeded in 6.80s
detect-illegalStaying: succeeded in 0.30s
detect-doubleDragging: succeeded in 2.22s
detect-collision: succeeded in 0.36s
detect-CrossingBoundary: succeeded in 0.42s
detect-illegalAnchored: succeeded in 0.44s
detect-lowSpeedBoat: succeeded in 0.94s
detect-abnormalStaying: succeeded in 4.66s
detect-blackList: succeeded in 0.09s
detect-abnormalTransfer: succeeded in 0.14s
detect-deviation: succeeded in 0.89s
detect-highSpeedBoat: succeeded in 1.17s
detect-illegalBerthing: succeeded in 0.12s
detect-CrossingBoundary: succeeded in 0.20s
detect-collision: succeeded in 0.22s
detect-illegalStaying: succeeded in 0.20s
detect-illegalAnchored: succeeded in 0.23s
detect-lowSpeedBoat: succeeded in 0.39s
detect-doubleDragging: succeeded in 2.30s
detect-abnormalWandering: succeeded in 4.25s
detect-blackList: succeeded in 0.03s
detect-abnormalTransfer: succeeded in 0.16s
detect-deviation: succeeded in 0.59s
detect-abnormalStaying: succeeded in 4.41s
detect-highSpeedBoat: succeeded in 1.27s
detect-collision: succeeded in 0.05s
detect-illegalStaying: succeeded in 0.22s
detect-illegalBerthing: succeeded in 0.30s
detect-CrossingBoundary: succeeded in 0.34s
detect-doubleDragging: succeeded in 2.08s
detect-illegalAnchored: succeeded in 0.47s
detect-lowSpeedBoat: succeeded in 0.58s
detect-abnormalTransfer: succeeded in 0.09s
detect-blackList: succeeded in 0.11s
detect-abnormalWandering: succeeded in 3.52s
detect-deviation: succeeded in 0.62s
detect-highSpeedBoat: succeeded in 1.20s
detect-collision: succeeded in 0.03s
detect-illegalBerthing: succeeded in 0.14s
detect-illegalStaying: succeeded in 0.17s
detect-CrossingBoundary: succeeded in 0.20s
detect-doubleDragging: succeeded in 1.73s
detect-abnormalStaying: succeeded in 3.67s
detect-illegalAnchored: succeeded in 0.26s
detect-lowSpeedBoat: succeeded in 0.39s
detect-blackList: succeeded in 0.16s
detect-abnormalTransfer: succeeded in 0.22s
detect-deviation: succeeded in 0.61s
detect-abnormalWandering: succeeded in 4.59s
detect-collision: succeeded in 0.03s
detect-highSpeedBoat: succeeded in 1.75s
detect-illegalBerthing: succeeded in 0.17s
detect-CrossingBoundary: succeeded in 0.36s
detect-illegalAnchored: succeeded in 0.39s
detect-illegalStaying: succeeded in 0.47s
detect-lowSpeedBoat: succeeded in 0.56s
detect-doubleDragging: succeeded in 2.53s
detect-abnormalStaying: succeeded in 4.59s
detect-blackList: succeeded in 0.05s
detect-abnormalTransfer: succeeded in 0.19s
detect-deviation: succeeded in 0.62s
detect-highSpeedBoat: succeeded in 0.74s
detect-doubleDragging: succeeded in 1.36s
detect-collision: succeeded in 0.03s
detect-illegalBerthing: succeeded in 0.08s
detect-CrossingBoundary: succeeded in 0.25s
detect-illegalStaying: succeeded in 0.38s
detect-abnormalWandering: succeeded in 3.76s
detect-illegalAnchored: succeeded in 0.48s
detect-lowSpeedBoat: succeeded in 0.52s
detect-abnormalStaying: succeeded in 3.17s
detect-blackList: succeeded in 0.03s
detect-abnormalTransfer: succeeded in 0.08s
detect-deviation: succeeded in 0.66s
detect-highSpeedBoat: succeeded in 0.78s
detect-doubleDragging: succeeded in 1.45s
detect-illegalBerthing: succeeded in 0.12s
detect-illegalStaying: succeeded in 0.17s
detect-collision: succeeded in 0.20s
detect-CrossingBoundary: succeeded in 0.20s
detect-illegalAnchored: succeeded in 0.22s
detect-lowSpeedBoat: succeeded in 0.42s
detect-abnormalWandering: succeeded in 3.22s
detect-abnormalStaying: succeeded in 3.25s
detect-blackList: succeeded in 0.03s
detect-abnormalTransfer: succeeded in 0.08s
detect-deviation: succeeded in 0.97s
detect-illegalBerthing: succeeded in 0.11s
detect-highSpeedBoat: succeeded in 1.66s
detect-doubleDragging: succeeded in 1.72s
detect-illegalAnchored: succeeded in 0.25s
detect-collision: succeeded in 0.25s
detect-illegalStaying: succeeded in 0.26s
detect-CrossingBoundary: succeeded in 0.30s
detect-lowSpeedBoat: succeeded in 0.34s
detect-abnormalWandering: succeeded in 3.56s
detect-blackList: succeeded in 0.03s
detect-abnormalTransfer: succeeded in 0.16s
detect-abnormalStaying: succeeded in 3.59s
detect-deviation: succeeded in 0.59s
detect-highSpeedBoat: succeeded in 1.08s
detect-collision: succeeded in 0.03s
detect-doubleDragging: succeeded in 1.58s
detect-illegalStaying: succeeded in 0.16s
detect-CrossingBoundary: succeeded in 0.19s
detect-illegalBerthing: succeeded in 0.20s
detect-illegalAnchored: succeeded in 0.51s
detect-lowSpeedBoat: succeeded in 0.98s
detect-abnormalWandering: succeeded in 3.50s
detect-abnormalTransfer: succeeded in 0.12s
detect-blackList: succeeded in 0.12s
detect-deviation: succeeded in 0.56s
detect-highSpeedBoat: succeeded in 1.30s
detect-abnormalStaying: succeeded in 3.86s
detect-collision: succeeded in 0.03s
detect-illegalStaying: succeeded in 0.12s
detect-illegalBerthing: succeeded in 0.20s
detect-CrossingBoundary: succeeded in 0.23s
detect-illegalAnchored: succeeded in 0.30s
detect-lowSpeedBoat: succeeded in 0.44s
detect-doubleDragging: succeeded in 2.01s
detect-abnormalWandering: succeeded in 2.95s
detect-blackList: succeeded in 0.17s
detect-abnormalTransfer: succeeded in 0.22s
detect-deviation: succeeded in 0.61s
detect-highSpeedBoat: succeeded in 0.91s
detect-collision: succeeded in 0.03s
detect-doubleDragging: succeeded in 1.61s
detect-illegalBerthing: succeeded in 0.11s
detect-CrossingBoundary: succeeded in 0.20s
detect-illegalStaying: succeeded in 0.25s
detect-illegalAnchored: succeeded in 0.31s
detect-lowSpeedBoat: succeeded in 0.41s
detect-abnormalStaying: succeeded in 3.59s
detect-blackList: succeeded in 0.05s
detect-abnormalTransfer: succeeded in 0.19s
detect-deviation: succeeded in 0.53s
detect-abnormalWandering: succeeded in 3.77s
detect-highSpeedBoat: succeeded in 0.92s
detect-doubleDragging: succeeded in 1.44s
detect-collision: succeeded in 0.03s
detect-illegalBerthing: succeeded in 0.16s
detect-illegalStaying: succeeded in 0.45s
detect-illegalAnchored: succeeded in 0.50s
detect-CrossingBoundary: succeeded in 0.53s
detect-lowSpeedBoat: succeeded in 0.47s
detect-abnormalStaying: succeeded in 3.38s
detect-blackList: succeeded in 0.05s
detect-abnormalTransfer: succeeded in 0.53s
detect-deviation: succeeded in 0.73s
detect-abnormalWandering: succeeded in 3.66s
detect-highSpeedBoat: succeeded in 1.11s
detect-doubleDragging: succeeded in 1.45s
detect-illegalBerthing: succeeded in 0.05s
detect-illegalStaying: succeeded in 0.22s
detect-CrossingBoundary: succeeded in 0.25s
detect-collision: succeeded in 0.27s
detect-illegalAnchored: succeeded in 0.25s
detect-lowSpeedBoat: succeeded in 0.38s
detect-abnormalStaying: succeeded in 3.25s
detect-blackList: succeeded in 0.03s
detect-abnormalTransfer: succeeded in 0.09s
detect-deviation: succeeded in 0.58s
detect-highSpeedBoat: succeeded in 0.88s
detect-doubleDragging: succeeded in 1.49s
detect-illegalBerthing: succeeded in 0.09s
detect-CrossingBoundary: succeeded in 0.20s
detect-illegalAnchored: succeeded in 0.27s
detect-collision: succeeded in 0.31s
detect-illegalStaying: succeeded in 0.30s
detect-abnormalWandering: succeeded in 3.89s
detect-lowSpeedBoat: succeeded in 0.52s
detect-abnormalStaying: succeeded in 3.58s
detect-blackList: succeeded in 0.03s
detect-abnormalTransfer: succeeded in 0.09s
detect-deviation: succeeded in 0.80s
detect-collision: succeeded in 0.08s
detect-highSpeedBoat: succeeded in 1.86s
detect-CrossingBoundary: succeeded in 0.25s
detect-illegalStaying: succeeded in 0.25s
detect-illegalBerthing: succeeded in 0.24s
detect-doubleDragging: succeeded in 2.16s
detect-illegalAnchored: succeeded in 0.34s
detect-lowSpeedBoat: succeeded in 0.50s
detect-abnormalWandering: succeeded in 4.03s
detect-abnormalTransfer: succeeded in 0.17s
detect-blackList: succeeded in 0.25s
detect-abnormalStaying: succeeded in 4.08s
detect-deviation: succeeded in 0.73s
detect-highSpeedBoat: succeeded in 0.97s
detect-collision: succeeded in 0.05s
detect-doubleDragging: succeeded in 1.69s
detect-illegalStaying: succeeded in 0.28s
detect-illegalBerthing: succeeded in 0.27s
detect-CrossingBoundary: succeeded in 0.30s
detect-illegalAnchored: succeeded in 0.33s
detect-lowSpeedBoat: succeeded in 0.84s
detect-abnormalWandering: succeeded in 4.05s
detect-blackList: succeeded in 0.19s
detect-abnormalTransfer: succeeded in 0.25s
detect-deviation: succeeded in 0.64s
detect-highSpeedBoat: succeeded in 0.67s
detect-abnormalStaying: succeeded in 3.81s
detect-doubleDragging: succeeded in 1.39s
detect-collision: succeeded in 0.05s
detect-illegalBerthing: succeeded in 0.05s
detect-CrossingBoundary: succeeded in 0.16s
detect-illegalStaying: succeeded in 0.16s
detect-illegalAnchored: succeeded in 0.20s
detect-lowSpeedBoat: succeeded in 0.56s
detect-blackList: succeeded in 0.08s
detect-abnormalTransfer: succeeded in 0.19s
detect-abnormalWandering: succeeded in 3.19s
detect-deviation: succeeded in 0.53s
detect-highSpeedBoat: succeeded in 0.67s
detect-doubleDragging: succeeded in 1.39s
detect-collision: succeeded in 0.05s
detect-illegalBerthing: succeeded in 0.08s
detect-abnormalStaying: succeeded in 3.22s
detect-CrossingBoundary: succeeded in 0.19s
detect-illegalStaying: succeeded in 0.19s
detect-illegalAnchored: succeeded in 0.28s
detect-lowSpeedBoat: succeeded in 0.47s
detect-blackList: succeeded in 0.03s
detect-abnormalTransfer: succeeded in 0.12s
detect-abnormalWandering: succeeded in 3.26s
detect-deviation: succeeded in 0.66s
detect-abnormalStaying: succeeded in 2.81s
detect-doubleDragging: succeeded in 1.55s
detect-illegalBerthing: succeeded in 0.17s
detect-illegalAnchored: succeeded in 0.22s
detect-collision: succeeded in 0.25s
detect-illegalStaying: succeeded in 0.23s
detect-highSpeedBoat: succeeded in 1.84s
detect-CrossingBoundary: succeeded in 0.26s
detect-lowSpeedBoat: succeeded in 0.56s
detect-blackList: succeeded in 0.03s
detect-abnormalTransfer: succeeded in 0.20s
detect-deviation: succeeded in 0.52s
detect-abnormalWandering: succeeded in 3.28s
detect-highSpeedBoat: succeeded in 1.20s
detect-doubleDragging: succeeded in 1.38s
detect-abnormalStaying: succeeded in 3.11s
detect-illegalBerthing: succeeded in 0.05s
detect-illegalStaying: succeeded in 0.14s
detect-collision: succeeded in 0.16s
detect-CrossingBoundary: succeeded in 0.17s
detect-illegalAnchored: succeeded in 0.22s
detect-lowSpeedBoat: succeeded in 0.42s
detect-blackList: succeeded in 0.03s
detect-abnormalTransfer: succeeded in 0.11s
detect-deviation: succeeded in 0.56s
detect-highSpeedBoat: succeeded in 0.75s
detect-abnormalWandering: succeeded in 2.97s
detect-doubleDragging: succeeded in 1.51s
detect-abnormalStaying: succeeded in 2.86s
detect-collision: succeeded in 0.03s
detect-illegalStaying: succeeded in 0.09s
detect-CrossingBoundary: succeeded in 0.20s
detect-illegalBerthing: succeeded in 0.25s
detect-illegalAnchored: succeeded in 0.31s
detect-lowSpeedBoat: succeeded in 0.72s
detect-abnormalTransfer: succeeded in 0.26s
detect-blackList: succeeded in 0.33s
detect-deviation: succeeded in 0.58s
detect-abnormalWandering: succeeded in 3.19s
detect-highSpeedBoat: succeeded in 0.80s
detect-abnormalStaying: succeeded in 3.08s
detect-collision: succeeded in 0.03s
detect-doubleDragging: succeeded in 1.51s
detect-CrossingBoundary: succeeded in 0.12s
detect-illegalBerthing: succeeded in 0.11s
detect-illegalStaying: succeeded in 0.14s
detect-illegalAnchored: succeeded in 0.22s
detect-lowSpeedBoat: succeeded in 0.39s
detect-blackList: succeeded in 0.17s
detect-abnormalTransfer: succeeded in 0.34s
detect-deviation: succeeded in 0.62s
detect-abnormalWandering: succeeded in 3.31s
detect-abnormalStaying: succeeded in 3.12s
detect-doubleDragging: succeeded in 1.45s
detect-collision: succeeded in 0.03s
detect-illegalBerthing: succeeded in 0.11s
detect-CrossingBoundary: succeeded in 0.16s
detect-illegalAnchored: succeeded in 0.20s
detect-illegalStaying: succeeded in 0.25s
detect-lowSpeedBoat: succeeded in 0.48s
detect-highSpeedBoat: succeeded in 2.44s
detect-blackList: succeeded in 0.03s
detect-abnormalTransfer: succeeded in 0.36s
detect-deviation: succeeded in 0.58s
detect-highSpeedBoat: succeeded in 0.70s
detect-abnormalWandering: succeeded in 3.31s
detect-abnormalStaying: succeeded in 2.72s
detect-doubleDragging: succeeded in 1.25s
detect-collision: succeeded in 0.02s
detect-illegalBerthing: succeeded in 0.06s
detect-illegalStaying: succeeded in 0.20s
detect-illegalAnchored: succeeded in 0.27s
detect-CrossingBoundary: succeeded in 0.28s
detect-lowSpeedBoat: succeeded in 0.44s
detect-blackList: succeeded in 0.03s
detect-abnormalTransfer: succeeded in 0.31s
detect-deviation: succeeded in 0.92s
detect-doubleDragging: succeeded in 1.51s
detect-abnormalWandering: succeeded in 3.48s
detect-illegalBerthing: succeeded in 0.14s
detect-CrossingBoundary: succeeded in 0.17s
detect-collision: succeeded in 0.20s
detect-illegalStaying: succeeded in 0.22s
detect-illegalAnchored: succeeded in 0.33s
detect-highSpeedBoat: succeeded in 2.20s
detect-lowSpeedBoat: succeeded in 0.50s
detect-abnormalStaying: succeeded in 4.17s
detect-blackList: succeeded in 0.03s
detect-abnormalTransfer: succeeded in 0.11s
detect-deviation: succeeded in 0.48s
detect-highSpeedBoat: succeeded in 0.73s
detect-abnormalWandering: succeeded in 2.69s
detect-doubleDragging: succeeded in 1.53s
detect-illegalBerthing: succeeded in 0.09s
detect-collision: succeeded in 0.17s
detect-CrossingBoundary: succeeded in 0.19s
detect-illegalStaying: succeeded in 0.22s
detect-illegalAnchored: succeeded in 0.27s
detect-lowSpeedBoat: succeeded in 0.84s
detect-blackList: succeeded in 0.05s
detect-abnormalTransfer: succeeded in 0.12s
detect-abnormalStaying: succeeded in 3.48s
detect-highSpeedBoat: succeeded in 0.67s
detect-deviation: succeeded in 0.78s
detect-abnormalWandering: succeeded in 3.39s
detect-doubleDragging: succeeded in 1.48s
detect-collision: succeeded in 0.02s
detect-CrossingBoundary: succeeded in 0.14s
detect-illegalBerthing: succeeded in 0.12s
detect-illegalStaying: succeeded in 0.16s
detect-illegalAnchored: succeeded in 0.31s
detect-lowSpeedBoat: succeeded in 0.45s
detect-abnormalTransfer: succeeded in 0.28s
detect-blackList: succeeded in 0.33s
detect-abnormalStaying: succeeded in 3.01s
detect-deviation: succeeded in 0.51s
detect-highSpeedBoat: succeeded in 0.72s
detect-abnormalWandering: succeeded in 2.78s
detect-doubleDragging: succeeded in 1.41s
detect-collision: succeeded in 0.03s
detect-CrossingBoundary: succeeded in 0.19s
detect-illegalBerthing: succeeded in 0.17s
detect-illegalStaying: succeeded in 0.22s
detect-illegalAnchored: succeeded in 0.20s
detect-lowSpeedBoat: succeeded in 0.42s
detect-abnormalTransfer: succeeded in 0.20s
detect-blackList: succeeded in 0.28s
detect-abnormalStaying: succeeded in 3.20s
detect-deviation: succeeded in 0.56s
detect-highSpeedBoat: succeeded in 0.66s
detect-doubleDragging: succeeded in 1.17s
detect-abnormalWandering: succeeded in 3.16s
detect-collision: succeeded in 0.05s
detect-illegalBerthing: succeeded in 0.05s
detect-illegalStaying: succeeded in 0.19s
detect-illegalAnchored: succeeded in 0.25s
detect-CrossingBoundary: succeeded in 0.26s
detect-lowSpeedBoat: succeeded in 1.03s
detect-blackList: succeeded in 0.03s
detect-abnormalTransfer: succeeded in 0.30s
detect-deviation: succeeded in 0.92s
detect-abnormalStaying: succeeded in 4.20s
detect-highSpeedBoat: succeeded in 1.53s
detect-collision: succeeded in 0.03s
detect-illegalBerthing: succeeded in 0.14s
detect-abnormalWandering: succeeded in 4.08s
detect-illegalAnchored: succeeded in 0.22s
detect-CrossingBoundary: succeeded in 0.26s
detect-illegalStaying: succeeded in 0.36s
detect-lowSpeedBoat: succeeded in 0.52s
detect-doubleDragging: succeeded in 2.50s
detect-blackList: succeeded in 0.03s
detect-abnormalTransfer: succeeded in 0.16s
detect-highSpeedBoat: succeeded in 0.88s
detect-deviation: succeeded in 0.89s
detect-doubleDragging: succeeded in 1.56s
detect-CrossingBoundary: succeeded in 0.16s
detect-collision: succeeded in 0.17s
detect-illegalBerthing: succeeded in 0.17s
detect-illegalStaying: succeeded in 0.17s
detect-illegalAnchored: succeeded in 0.23s
detect-abnormalStaying: succeeded in 4.30s
detect-abnormalWandering: succeeded in 3.74s
detect-lowSpeedBoat: succeeded in 0.41s
detect-blackList: succeeded in 0.03s
detect-abnormalTransfer: succeeded in 0.12s
detect-deviation: succeeded in 0.51s
detect-highSpeedBoat: succeeded in 1.01s
detect-doubleDragging: succeeded in 1.25s
detect-illegalBerthing: succeeded in 0.16s
detect-illegalStaying: succeeded in 0.16s
detect-abnormalStaying: succeeded in 3.22s
detect-CrossingBoundary: succeeded in 0.20s
detect-collision: succeeded in 0.22s
detect-illegalAnchored: succeeded in 0.23s
detect-abnormalWandering: succeeded in 3.27s
detect-lowSpeedBoat: succeeded in 0.41s
detect-blackList: succeeded in 0.03s
detect-abnormalTransfer: succeeded in 0.12s
detect-deviation: succeeded in 0.89s
detect-highSpeedBoat: succeeded in 1.80s
detect-collision: succeeded in 0.03s
detect-illegalStaying: succeeded in 0.11s
detect-CrossingBoundary: succeeded in 0.16s
detect-illegalBerthing: succeeded in 0.20s
detect-abnormalWandering: succeeded in 3.31s
detect-illegalAnchored: succeeded in 0.25s
detect-lowSpeedBoat: succeeded in 0.81s
detect-abnormalStaying: succeeded in 4.11s
detect-doubleDragging: succeeded in 3.00s
detect-abnormalTransfer: succeeded in 0.08s
detect-blackList: succeeded in 0.11s
detect-deviation: succeeded in 0.56s
detect-highSpeedBoat: succeeded in 0.91s
detect-doubleDragging: succeeded in 1.22s
detect-collision: succeeded in 0.03s
detect-illegalBerthing: succeeded in 0.08s
detect-CrossingBoundary: succeeded in 0.12s
detect-illegalStaying: succeeded in 0.16s
detect-abnormalWandering: succeeded in 3.42s
detect-illegalAnchored: succeeded in 0.24s
detect-lowSpeedBoat: succeeded in 0.33s
detect-abnormalStaying: succeeded in 3.36s
detect-blackList: succeeded in 0.25s
detect-abnormalTransfer: succeeded in 0.55s
detect-deviation: succeeded in 0.88s
detect-doubleDragging: succeeded in 1.52s
detect-highSpeedBoat: succeeded in 1.53s
detect-collision: succeeded in 0.03s
detect-illegalBerthing: succeeded in 0.11s
detect-illegalStaying: succeeded in 0.20s
detect-abnormalWandering: succeeded in 3.30s
detect-illegalAnchored: succeeded in 0.30s
detect-CrossingBoundary: succeeded in 0.30s
detect-lowSpeedBoat: succeeded in 0.44s
detect-abnormalStaying: succeeded in 3.44s
detect-blackList: succeeded in 0.03s
detect-abnormalTransfer: succeeded in 0.17s
detect-deviation: succeeded in 0.52s
detect-highSpeedBoat: succeeded in 0.70s
detect-doubleDragging: succeeded in 1.06s
detect-abnormalWandering: succeeded in 2.58s
detect-collision: succeeded in 0.03s
detect-illegalBerthing: succeeded in 0.11s
detect-illegalAnchored: succeeded in 0.28s
detect-CrossingBoundary: succeeded in 0.51s
detect-illegalStaying: succeeded in 0.52s
detect-abnormalStaying: succeeded in 2.67s
detect-lowSpeedBoat: succeeded in 0.61s
detect-blackList: succeeded in 0.03s
detect-abnormalTransfer: succeeded in 0.17s
detect-deviation: succeeded in 0.64s
detect-highSpeedBoat: succeeded in 0.95s
detect-abnormalWandering: succeeded in 2.75s
detect-doubleDragging: succeeded in 1.19s
detect-illegalBerthing: succeeded in 0.05s
detect-CrossingBoundary: succeeded in 0.12s
detect-collision: succeeded in 0.14s
detect-illegalStaying: succeeded in 0.16s
detect-illegalAnchored: succeeded in 0.22s
detect-lowSpeedBoat: succeeded in 0.31s
detect-abnormalStaying: succeeded in 2.78s
detect-blackList: succeeded in 0.03s
detect-abnormalTransfer: succeeded in 0.12s
detect-deviation: succeeded in 1.08s
detect-abnormalWandering: succeeded in 2.91s
detect-highSpeedBoat: succeeded in 1.31s
detect-illegalBerthing: succeeded in 0.08s
detect-CrossingBoundary: succeeded in 0.14s
detect-collision: succeeded in 0.17s
detect-illegalStaying: succeeded in 0.24s
detect-illegalAnchored: succeeded in 0.25s
detect-abnormalStaying: succeeded in 3.00s
detect-lowSpeedBoat: succeeded in 0.38s
detect-doubleDragging: succeeded in 2.11s
detect-blackList: succeeded in 0.03s
detect-abnormalTransfer: succeeded in 0.26s
detect-deviation: succeeded in 0.53s
detect-highSpeedBoat: succeeded in 0.67s
detect-doubleDragging: succeeded in 1.00s
detect-collision: succeeded in 0.03s
detect-abnormalWandering: succeeded in 3.30s
detect-CrossingBoundary: succeeded in 0.14s
detect-illegalStaying: succeeded in 0.14s
detect-abnormalStaying: succeeded in 2.99s
detect-illegalBerthing: succeeded in 0.39s
detect-illegalAnchored: succeeded in 0.45s
detect-lowSpeedBoat: succeeded in 1.14s
detect-abnormalTransfer: succeeded in 0.09s
detect-blackList: succeeded in 0.12s
detect-deviation: succeeded in 0.66s
detect-doubleDragging: succeeded in 1.39s
detect-highSpeedBoat: succeeded in 1.44s
detect-collision: succeeded in 0.02s
detect-illegalStaying: succeeded in 0.12s
detect-illegalBerthing: succeeded in 0.11s
detect-CrossingBoundary: succeeded in 0.14s
detect-illegalAnchored: succeeded in 0.24s
detect-abnormalWandering: succeeded in 3.16s
detect-abnormalStaying: succeeded in 2.95s
detect-lowSpeedBoat: succeeded in 0.34s
detect-blackList: succeeded in 0.12s
detect-abnormalTransfer: succeeded in 0.14s
detect-deviation: succeeded in 0.86s
detect-highSpeedBoat: succeeded in 1.12s
detect-collision: succeeded in 0.05s
detect-illegalBerthing: succeeded in 0.08s
detect-abnormalStaying: succeeded in 2.95s
detect-illegalAnchored: succeeded in 0.22s
detect-CrossingBoundary: succeeded in 0.27s
detect-illegalStaying: succeeded in 0.53s
detect-doubleDragging: succeeded in 2.28s
detect-lowSpeedBoat: succeeded in 0.72s
detect-abnormalWandering: succeeded in 3.20s
detect-blackList: succeeded in 0.03s
detect-abnormalTransfer: succeeded in 0.30s
detect-deviation: succeeded in 0.52s
detect-highSpeedBoat: succeeded in 0.75s
detect-doubleDragging: succeeded in 1.06s
detect-abnormalStaying: succeeded in 2.61s
detect-collision: succeeded in 0.03s
detect-illegalBerthing: succeeded in 0.11s
detect-illegalStaying: succeeded in 0.17s
detect-CrossingBoundary: succeeded in 0.20s
detect-illegalAnchored: succeeded in 0.25s
detect-lowSpeedBoat: succeeded in 0.41s
detect-abnormalWandering: succeeded in 2.74s
detect-blackList: succeeded in 0.03s
detect-abnormalTransfer: succeeded in 0.27s
detect-deviation: succeeded in 0.58s
detect-highSpeedBoat: succeeded in 0.78s
detect-abnormalStaying: succeeded in 2.72s
detect-doubleDragging: succeeded in 1.05s
detect-illegalBerthing: succeeded in 0.05s
detect-collision: succeeded in 0.09s
detect-CrossingBoundary: succeeded in 0.11s
detect-illegalStaying: succeeded in 0.16s
detect-illegalAnchored: succeeded in 0.19s
detect-lowSpeedBoat: succeeded in 0.42s
detect-abnormalWandering: succeeded in 2.67s
detect-blackList: succeeded in 0.03s
detect-abnormalTransfer: succeeded in 0.25s
detect-deviation: succeeded in 0.89s
detect-highSpeedBoat: succeeded in 0.97s
detect-abnormalStaying: succeeded in 2.97s
detect-illegalBerthing: succeeded in 0.08s
detect-collision: succeeded in 0.12s
detect-CrossingBoundary: succeeded in 0.16s
detect-illegalStaying: succeeded in 0.16s
detect-illegalAnchored: succeeded in 0.23s
detect-lowSpeedBoat: succeeded in 0.33s
detect-doubleDragging: succeeded in 2.06s
detect-blackList: succeeded in 0.05s
detect-abnormalTransfer: succeeded in 0.09s
detect-abnormalWandering: succeeded in 3.05s
detect-deviation: succeeded in 0.56s
detect-abnormalStaying: succeeded in 2.86s
detect-collision: succeeded in 0.03s
detect-illegalBerthing: succeeded in 0.12s
detect-illegalStaying: succeeded in 0.14s
detect-CrossingBoundary: succeeded in 0.14s
detect-illegalAnchored: succeeded in 0.25s
detect-lowSpeedBoat: succeeded in 0.66s
detect-highSpeedBoat: succeeded in 2.41s
detect-doubleDragging: succeeded in 2.83s
detect-abnormalTransfer: succeeded in 0.09s
detect-blackList: succeeded in 0.22s
detect-abnormalWandering: succeeded in 3.23s
detect-deviation: succeeded in 0.75s
detect-abnormalStaying: succeeded in 2.53s
detect-highSpeedBoat: succeeded in 1.09s
detect-collision: succeeded in 0.03s
detect-CrossingBoundary: succeeded in 0.12s
detect-doubleDragging: succeeded in 1.55s
detect-illegalBerthing: succeeded in 0.16s
detect-illegalStaying: succeeded in 0.17s
detect-illegalAnchored: succeeded in 0.22s
detect-lowSpeedBoat: succeeded in 0.44s
detect-blackList: succeeded in 0.14s
detect-abnormalTransfer: succeeded in 0.25s
detect-abnormalWandering: succeeded in 3.23s
detect-deviation: succeeded in 0.94s
detect-abnormalStaying: succeeded in 3.05s
detect-collision: succeeded in 0.03s
detect-illegalBerthing: succeeded in 0.05s
detect-highSpeedBoat: succeeded in 1.59s
detect-illegalAnchored: succeeded in 0.22s
detect-CrossingBoundary: succeeded in 0.28s
detect-illegalStaying: succeeded in 0.30s
detect-lowSpeedBoat: succeeded in 0.47s
detect-doubleDragging: succeeded in 2.24s
detect-abnormalWandering: succeeded in 2.80s
detect-blackList: succeeded in 0.05s
detect-abnormalTransfer: succeeded in 0.12s
detect-deviation: succeeded in 0.56s
detect-highSpeedBoat: succeeded in 0.58s
detect-abnormalStaying: succeeded in 2.72s
detect-doubleDragging: succeeded in 1.52s
detect-collision: succeeded in 0.05s
detect-illegalBerthing: succeeded in 0.09s
detect-illegalAnchored: succeeded in 0.25s
detect-illegalStaying: succeeded in 0.27s
detect-CrossingBoundary: succeeded in 0.42s
detect-lowSpeedBoat: succeeded in 0.61s
detect-blackList: succeeded in 0.03s
detect-abnormalWandering: succeeded in 3.22s
detect-abnormalTransfer: succeeded in 0.24s
detect-deviation: succeeded in 0.64s
detect-highSpeedBoat: succeeded in 0.97s
detect-doubleDragging: succeeded in 1.16s
detect-abnormalStaying: succeeded in 2.70s
detect-illegalBerthing: succeeded in 0.09s
detect-collision: succeeded in 0.14s
detect-illegalStaying: succeeded in 0.12s
detect-CrossingBoundary: succeeded in 0.14s
detect-illegalAnchored: succeeded in 0.19s
detect-lowSpeedBoat: succeeded in 0.41s
detect-blackList: succeeded in 0.03s
detect-abnormalTransfer: succeeded in 0.08s
detect-abnormalWandering: succeeded in 3.12s
detect-deviation: succeeded in 0.59s
detect-highSpeedBoat: succeeded in 1.14s
detect-abnormalStaying: succeeded in 2.86s
detect-illegalBerthing: succeeded in 0.05s
detect-CrossingBoundary: succeeded in 0.14s
detect-doubleDragging: succeeded in 1.55s
detect-illegalStaying: succeeded in 0.22s
detect-collision: succeeded in 0.26s
detect-illegalAnchored: succeeded in 0.31s
detect-lowSpeedBoat: succeeded in 0.44s
detect-blackList: succeeded in 0.03s
detect-abnormalTransfer: succeeded in 0.09s
detect-abnormalWandering: succeeded in 3.03s
detect-deviation: succeeded in 0.59s
detect-abnormalStaying: succeeded in 2.84s
detect-collision: succeeded in 0.03s
detect-CrossingBoundary: succeeded in 0.19s
detect-illegalStaying: succeeded in 0.22s
detect-illegalBerthing: succeeded in 0.31s
detect-highSpeedBoat: succeeded in 2.11s
detect-illegalAnchored: succeeded in 0.53s
detect-lowSpeedBoat: succeeded in 0.56s
detect-doubleDragging: succeeded in 2.50s
detect-abnormalTransfer: succeeded in 0.12s
detect-blackList: succeeded in 0.17s
detect-deviation: succeeded in 0.62s
detect-highSpeedBoat: succeeded in 0.75s
detect-abnormalWandering: succeeded in 3.75s
detect-doubleDragging: succeeded in 1.33s
detect-abnormalStaying: succeeded in 3.14s
detect-collision: succeeded in 0.03s
detect-CrossingBoundary: succeeded in 0.12s
detect-illegalStaying: succeeded in 0.12s
detect-illegalBerthing: succeeded in 0.14s
detect-illegalAnchored: succeeded in 0.25s
detect-lowSpeedBoat: succeeded in 0.39s
detect-blackList: succeeded in 0.30s
detect-abnormalTransfer: succeeded in 0.41s
detect-deviation: succeeded in 0.86s
detect-abnormalWandering: succeeded in 3.05s
detect-abnormalStaying: succeeded in 2.88s
detect-collision: succeeded in 0.03s
detect-highSpeedBoat: succeeded in 1.55s
detect-illegalBerthing: succeeded in 0.09s
detect-illegalAnchored: succeeded in 0.25s
detect-CrossingBoundary: succeeded in 0.36s
detect-illegalStaying: succeeded in 0.45s
detect-lowSpeedBoat: succeeded in 0.45s
detect-doubleDragging: succeeded in 2.03s
detect-blackList: succeeded in 0.03s
detect-abnormalTransfer: succeeded in 0.16s
detect-deviation: succeeded in 0.55s
detect-highSpeedBoat: succeeded in 0.89s
detect-doubleDragging: succeeded in 1.03s
detect-abnormalWandering: succeeded in 2.91s
detect-abnormalStaying: succeeded in 3.03s
detect-collision: succeeded in 0.03s
detect-illegalBerthing: succeeded in 0.09s
detect-CrossingBoundary: succeeded in 0.20s
detect-illegalAnchored: succeeded in 0.19s
detect-illegalStaying: succeeded in 0.41s
detect-lowSpeedBoat: succeeded in 0.55s
detect-blackList: succeeded in 0.03s
detect-abnormalTransfer: succeeded in 0.16s
detect-deviation: succeeded in 0.70s
detect-highSpeedBoat: succeeded in 1.11s
detect-doubleDragging: succeeded in 1.41s
detect-abnormalWandering: succeeded in 3.44s
detect-illegalBerthing: succeeded in 0.08s
detect-illegalStaying: succeeded in 0.19s
detect-collision: succeeded in 0.22s
detect-CrossingBoundary: succeeded in 0.30s
detect-illegalAnchored: succeeded in 0.31s
detect-abnormalStaying: succeeded in 3.70s
detect-lowSpeedBoat: succeeded in 0.45s
detect-blackList: succeeded in 0.05s
detect-abnormalTransfer: succeeded in 0.08s
detect-deviation: succeeded in 0.56s
detect-highSpeedBoat: succeeded in 0.83s
detect-doubleDragging: succeeded in 1.20s
detect-abnormalWandering: succeeded in 3.27s
detect-illegalBerthing: succeeded in 0.05s
detect-collision: succeeded in 0.12s
detect-CrossingBoundary: succeeded in 0.17s
detect-illegalAnchored: succeeded in 0.23s
detect-illegalStaying: succeeded in 0.27s
detect-lowSpeedBoat: succeeded in 0.83s
detect-blackList: succeeded in 0.03s
detect-abnormalTransfer: succeeded in 0.11s
detect-deviation: succeeded in 0.66s
detect-abnormalStaying: succeeded in 4.33s
detect-highSpeedBoat: succeeded in 0.92s
detect-doubleDragging: succeeded in 1.44s
detect-abnormalWandering: succeeded in 3.24s
detect-collision: succeeded in 0.03s
detect-illegalStaying: succeeded in 0.09s
detect-illegalBerthing: succeeded in 0.12s
detect-CrossingBoundary: succeeded in 0.12s
detect-illegalAnchored: succeeded in 0.20s
detect-lowSpeedBoat: succeeded in 0.45s
detect-abnormalTransfer: succeeded in 0.20s
detect-blackList: succeeded in 0.20s
detect-deviation: succeeded in 0.48s
detect-highSpeedBoat: succeeded in 0.74s
detect-abnormalStaying: succeeded in 2.99s
detect-abnormalWandering: succeeded in 2.52s
detect-doubleDragging: succeeded in 1.14s
detect-collision: succeeded in 0.03s
detect-CrossingBoundary: succeeded in 0.16s
detect-illegalBerthing: succeeded in 0.20s
detect-illegalStaying: succeeded in 0.23s
detect-illegalAnchored: succeeded in 0.25s
detect-lowSpeedBoat: succeeded in 0.89s
detect-blackList: succeeded in 0.27s
detect-abnormalTransfer: succeeded in 0.30s
detect-deviation: succeeded in 0.62s
detect-highSpeedBoat: succeeded in 1.14s
detect-doubleDragging: succeeded in 1.31s
detect-abnormalStaying: succeeded in 3.67s
detect-collision: succeeded in 0.03s
detect-illegalBerthing: succeeded in 0.11s
detect-abnormalWandering: succeeded in 3.70s
detect-CrossingBoundary: succeeded in 0.17s
detect-illegalStaying: succeeded in 0.20s
detect-illegalAnchored: succeeded in 0.25s
detect-lowSpeedBoat: succeeded in 0.47s
detect-blackList: succeeded in 0.03s
detect-abnormalTransfer: succeeded in 0.22s
detect-deviation: succeeded in 0.67s
detect-highSpeedBoat: succeeded in 1.39s
detect-abnormalWandering: succeeded in 2.84s
detect-collision: succeeded in 0.05s
detect-illegalStaying: succeeded in 0.17s
detect-illegalBerthing: succeeded in 0.19s
detect-CrossingBoundary: succeeded in 0.25s
detect-illegalAnchored: succeeded in 0.26s
detect-abnormalStaying: succeeded in 3.62s
detect-doubleDragging: succeeded in 2.09s
detect-lowSpeedBoat: succeeded in 0.53s
detect-blackList: succeeded in 0.06s
detect-abnormalTransfer: succeeded in 0.20s
detect-deviation: succeeded in 0.77s
detect-highSpeedBoat: succeeded in 0.91s
detect-abnormalWandering: succeeded in 3.19s
detect-illegalBerthing: succeeded in 0.08s
detect-illegalStaying: succeeded in 0.14s
detect-collision: succeeded in 0.16s
detect-CrossingBoundary: succeeded in 0.16s
detect-doubleDragging: succeeded in 1.74s
detect-abnormalStaying: succeeded in 3.06s
detect-illegalAnchored: succeeded in 0.25s
detect-lowSpeedBoat: succeeded in 0.36s
detect-blackList: succeeded in 0.03s
detect-abnormalTransfer: succeeded in 0.09s
detect-deviation: succeeded in 0.78s
detect-highSpeedBoat: succeeded in 1.05s
detect-illegalBerthing: succeeded in 0.09s
detect-collision: succeeded in 0.12s
detect-CrossingBoundary: succeeded in 0.28s
detect-abnormalWandering: succeeded in 3.38s
detect-illegalAnchored: succeeded in 0.34s
detect-illegalStaying: succeeded in 0.41s
detect-lowSpeedBoat: succeeded in 0.51s
detect-abnormalStaying: succeeded in 3.53s
detect-doubleDragging: succeeded in 2.34s
detect-blackList: succeeded in 0.05s
detect-abnormalTransfer: succeeded in 0.14s
detect-deviation: succeeded in 0.58s
detect-highSpeedBoat: succeeded in 0.72s
detect-doubleDragging: succeeded in 1.31s
detect-collision: succeeded in 0.01s
detect-CrossingBoundary: succeeded in 0.12s
detect-illegalStaying: succeeded in 0.17s
detect-illegalBerthing: succeeded in 0.22s
detect-illegalAnchored: succeeded in 0.34s
detect-abnormalWandering: succeeded in 3.28s
detect-lowSpeedBoat: succeeded in 0.42s
detect-abnormalStaying: succeeded in 3.36s
detect-abnormalTransfer: succeeded in 0.12s
detect-blackList: succeeded in 0.14s
detect-deviation: succeeded in 1.03s
detect-collision: succeeded in 0.19s
detect-CrossingBoundary: succeeded in 0.25s
detect-illegalStaying: succeeded in 0.28s
detect-illegalBerthing: succeeded in 0.23s
detect-illegalAnchored: succeeded in 0.23s
detect-lowSpeedBoat: succeeded in 0.44s
detect-abnormalWandering: succeeded in 3.56s
detect-abnormalStaying: succeeded in 3.44s
detect-highSpeedBoat: succeeded in 3.05s
detect-abnormalTransfer: succeeded in 0.22s
detect-blackList: succeeded in 0.22s
detect-deviation: succeeded in 0.80s
detect-doubleDragging: succeeded in 4.39s
detect-highSpeedBoat: succeeded in 1.12s
detect-collision: succeeded in 0.03s
detect-illegalBerthing: succeeded in 0.09s
detect-CrossingBoundary: succeeded in 0.17s
detect-illegalStaying: succeeded in 0.16s
detect-illegalAnchored: succeeded in 0.20s
detect-lowSpeedBoat: succeeded in 0.44s
detect-blackList: succeeded in 0.05s
detect-abnormalStaying: succeeded in 4.08s
detect-doubleDragging: succeeded in 1.98s
detect-abnormalWandering: succeeded in 3.67s
detect-abnormalTransfer: succeeded in 0.56s
detect-deviation: succeeded in 0.58s
detect-highSpeedBoat: succeeded in 1.64s
detect-collision: succeeded in 0.03s
detect-illegalBerthing: succeeded in 0.14s
detect-CrossingBoundary: succeeded in 0.22s
detect-illegalStaying: succeeded in 0.22s
detect-illegalAnchored: succeeded in 0.22s
detect-lowSpeedBoat: succeeded in 0.51s
detect-doubleDragging: succeeded in 1.25s
detect-blackList: succeeded in 0.05s
detect-abnormalTransfer: succeeded in 0.16s
detect-deviation: succeeded in 0.66s
detect-abnormalStaying: succeeded in 3.73s
detect-abnormalWandering: succeeded in 3.75s
detect-highSpeedBoat: succeeded in 1.03s
detect-illegalBerthing: succeeded in 0.11s
detect-CrossingBoundary: succeeded in 0.14s
detect-collision: succeeded in 0.19s
detect-illegalStaying: succeeded in 0.20s
detect-illegalAnchored: succeeded in 0.28s
detect-lowSpeedBoat: succeeded in 0.62s
detect-blackList: succeeded in 0.03s
detect-abnormalTransfer: succeeded in 0.08s
detect-deviation: succeeded in 0.53s
detect-highSpeedBoat: succeeded in 0.72s
detect-doubleDragging: succeeded in 2.67s
detect-abnormalStaying: succeeded in 4.12s
detect-illegalBerthing: succeeded in 0.06s
detect-collision: succeeded in 0.11s
detect-illegalStaying: succeeded in 0.17s
detect-CrossingBoundary: succeeded in 0.19s
detect-illegalAnchored: succeeded in 0.23s
detect-lowSpeedBoat: succeeded in 0.45s
detect-abnormalWandering: succeeded in 4.80s
detect-doubleDragging: succeeded in 1.30s
detect-blackList: succeeded in 0.01s
detect-abnormalTransfer: succeeded in 0.11s
detect-deviation: succeeded in 0.59s
detect-highSpeedBoat: succeeded in 0.75s
detect-collision: succeeded in 0.03s
detect-illegalStaying: succeeded in 0.16s
detect-CrossingBoundary: succeeded in 0.17s
detect-illegalBerthing: succeeded in 0.36s
detect-lowSpeedBoat: succeeded in 0.38s
detect-illegalAnchored: succeeded in 0.38s
detect-abnormalStaying: succeeded in 3.64s
detect-abnormalWandering: succeeded in 3.41s
detect-blackList: succeeded in 0.12s
detect-abnormalTransfer: succeeded in 0.17s
detect-doubleDragging: succeeded in 1.86s
detect-deviation: succeeded in 0.72s
detect-highSpeedBoat: succeeded in 1.12s
detect-collision: succeeded in 0.05s
detect-CrossingBoundary: succeeded in 0.14s
detect-illegalBerthing: succeeded in 0.20s
detect-illegalStaying: succeeded in 0.25s
detect-illegalAnchored: succeeded in 0.24s
detect-lowSpeedBoat: succeeded in 0.44s
detect-abnormalStaying: succeeded in 3.61s
detect-abnormalWandering: succeeded in 3.30s
detect-doubleDragging: succeeded in 1.76s
detect-blackList: succeeded in 0.17s
detect-abnormalTransfer: succeeded in 0.20s
detect-deviation: succeeded in 0.61s
detect-highSpeedBoat: succeeded in 0.72s
detect-collision: succeeded in 0.05s
detect-illegalBerthing: succeeded in 0.12s
detect-CrossingBoundary: succeeded in 0.22s
detect-illegalAnchored: succeeded in 0.31s
detect-lowSpeedBoat: succeeded in 0.47s
detect-illegalStaying: succeeded in 0.53s
detect-abnormalStaying: succeeded in 3.47s
detect-blackList: succeeded in 0.05s
detect-abnormalTransfer: succeeded in 0.23s
detect-doubleDragging: succeeded in 2.02s
detect-abnormalWandering: succeeded in 3.61s
detect-deviation: succeeded in 0.59s
detect-highSpeedBoat: succeeded in 1.00s
detect-collision: succeeded in 0.03s
detect-illegalBerthing: succeeded in 0.11s
detect-illegalStaying: succeeded in 0.19s
detect-CrossingBoundary: succeeded in 0.22s
detect-illegalAnchored: succeeded in 0.22s
detect-lowSpeedBoat: succeeded in 0.36s
detect-doubleDragging: succeeded in 1.09s
detect-blackList: succeeded in 0.03s
detect-abnormalTransfer: succeeded in 0.08s
detect-abnormalStaying: succeeded in 3.31s
detect-deviation: succeeded in 0.80s
detect-abnormalWandering: succeeded in 3.39s
detect-highSpeedBoat: succeeded in 1.58s
detect-illegalBerthing: succeeded in 0.06s
detect-CrossingBoundary: succeeded in 0.17s
detect-illegalStaying: succeeded in 0.25s
detect-collision: succeeded in 0.30s
detect-illegalAnchored: succeeded in 0.42s
detect-lowSpeedBoat: succeeded in 0.73s
detect-blackList: succeeded in 0.05s
detect-abnormalTransfer: succeeded in 0.12s
detect-doubleDragging: succeeded in 1.81s
detect-deviation: succeeded in 0.61s
detect-highSpeedBoat: succeeded in 0.69s
detect-abnormalWandering: succeeded in 3.94s
detect-abnormalStaying: succeeded in 4.53s
detect-illegalBerthing: succeeded in 0.11s
detect-CrossingBoundary: succeeded in 0.14s
detect-collision: succeeded in 0.16s
detect-illegalStaying: succeeded in 0.19s
detect-illegalAnchored: succeeded in 0.20s
detect-lowSpeedBoat: succeeded in 0.41s
detect-doubleDragging: succeeded in 1.27s
detect-blackList: succeeded in 0.03s
detect-abnormalTransfer: succeeded in 0.08s
detect-deviation: succeeded in 0.69s
detect-highSpeedBoat: succeeded in 0.83s
detect-collision: succeeded in 0.03s
detect-abnormalWandering: succeeded in 3.55s
detect-CrossingBoundary: succeeded in 0.12s
detect-illegalBerthing: succeeded in 0.24s
detect-illegalStaying: succeeded in 0.27s
detect-abnormalStaying: succeeded in 3.78s
detect-illegalAnchored: succeeded in 0.34s
detect-lowSpeedBoat: succeeded in 0.50s
detect-doubleDragging: succeeded in 1.75s
detect-abnormalTransfer: succeeded in 0.16s
detect-blackList: succeeded in 0.19s
detect-deviation: succeeded in 0.64s
detect-highSpeedBoat: succeeded in 0.81s
detect-collision: succeeded in 0.03s
detect-abnormalWandering: succeeded in 3.09s
detect-illegalStaying: succeeded in 0.16s
detect-illegalBerthing: succeeded in 0.16s
detect-CrossingBoundary: succeeded in 0.19s
detect-illegalAnchored: succeeded in 0.23s
detect-lowSpeedBoat: succeeded in 0.38s
detect-abnormalStaying: succeeded in 3.20s
detect-doubleDragging: succeeded in 1.27s
detect-blackList: succeeded in 0.09s
detect-abnormalTransfer: succeeded in 0.17s
detect-deviation: succeeded in 0.61s
detect-highSpeedBoat: succeeded in 1.05s
detect-abnormalWandering: succeeded in 2.97s
detect-collision: succeeded in 0.03s
detect-illegalBerthing: succeeded in 0.06s
detect-abnormalStaying: succeeded in 2.94s
detect-illegalAnchored: succeeded in 0.24s
detect-CrossingBoundary: succeeded in 0.25s
detect-illegalStaying: succeeded in 0.39s
detect-lowSpeedBoat: succeeded in 0.47s
detect-doubleDragging: succeeded in 1.31s
detect-blackList: succeeded in 0.03s
detect-abnormalTransfer: succeeded in 0.25s
detect-deviation: succeeded in 0.80s
detect-highSpeedBoat: succeeded in 1.05s
detect-collision: succeeded in 0.03s
detect-CrossingBoundary: succeeded in 0.11s
detect-illegalBerthing: succeeded in 0.11s
detect-illegalStaying: succeeded in 0.14s
detect-illegalAnchored: succeeded in 0.23s
detect-abnormalWandering: succeeded in 3.38s
detect-abnormalStaying: succeeded in 3.22s
detect-lowSpeedBoat: succeeded in 0.42s
detect-blackList: succeeded in 0.02s
detect-abnormalTransfer: succeeded in 0.08s
detect-doubleDragging: succeeded in 1.77s
detect-deviation: succeeded in 0.50s
detect-highSpeedBoat: succeeded in 0.74s
detect-abnormalWandering: succeeded in 2.53s
detect-illegalBerthing: succeeded in 0.05s
detect-CrossingBoundary: succeeded in 0.16s
detect-collision: succeeded in 0.16s
detect-abnormalStaying: succeeded in 2.66s
detect-illegalStaying: succeeded in 0.17s
detect-illegalAnchored: succeeded in 0.22s
detect-lowSpeedBoat: succeeded in 0.41s
detect-doubleDragging: succeeded in 1.30s
detect-blackList: succeeded in 0.11s
detect-abnormalTransfer: succeeded in 0.11s
detect-deviation: succeeded in 0.66s
detect-abnormalWandering: succeeded in 2.98s
detect-highSpeedBoat: succeeded in 1.31s
detect-abnormalStaying: succeeded in 2.95s
detect-collision: succeeded in 0.08s
detect-illegalBerthing: succeeded in 0.08s
detect-CrossingBoundary: succeeded in 0.16s
detect-illegalStaying: succeeded in 0.14s
detect-illegalAnchored: succeeded in 0.22s
detect-lowSpeedBoat: succeeded in 0.41s
detect-doubleDragging: succeeded in 1.08s
detect-blackList: succeeded in 0.02s
detect-abnormalTransfer: succeeded in 0.16s
detect-deviation: succeeded in 0.59s
detect-highSpeedBoat: succeeded in 0.77s
detect-abnormalWandering: succeeded in 2.70s
detect-abnormalStaying: succeeded in 2.92s
detect-collision: succeeded in 0.03s
detect-illegalStaying: succeeded in 0.11s
detect-CrossingBoundary: succeeded in 0.11s
detect-illegalBerthing: succeeded in 0.14s
detect-illegalAnchored: succeeded in 0.26s
detect-lowSpeedBoat: succeeded in 0.48s
detect-abnormalTransfer: succeeded in 0.19s
detect-doubleDragging: succeeded in 1.77s
detect-blackList: succeeded in 0.26s
detect-deviation: succeeded in 0.70s
detect-highSpeedBoat: succeeded in 0.83s
detect-abnormalStaying: succeeded in 2.97s
detect-abnormalWandering: succeeded in 3.28s
detect-collision: succeeded in 0.03s
detect-illegalStaying: succeeded in 0.16s
detect-illegalBerthing: succeeded in 0.16s
detect-CrossingBoundary: succeeded in 0.17s
detect-illegalAnchored: succeeded in 0.25s
detect-lowSpeedBoat: succeeded in 0.39s
detect-doubleDragging: succeeded in 1.00s
detect-abnormalTransfer: succeeded in 0.17s
detect-blackList: succeeded in 0.19s
detect-deviation: succeeded in 0.48s
detect-abnormalWandering: succeeded in 2.89s
detect-abnormalStaying: succeeded in 3.16s
detect-collision: succeeded in 0.03s
detect-illegalBerthing: succeeded in 0.05s
detect-illegalAnchored: succeeded in 0.22s
detect-CrossingBoundary: succeeded in 0.22s
detect-illegalStaying: succeeded in 0.26s
detect-highSpeedBoat: succeeded in 1.97s
detect-lowSpeedBoat: succeeded in 0.49s
detect-doubleDragging: succeeded in 1.49s
detect-blackList: succeeded in 0.03s
detect-abnormalTransfer: succeeded in 0.06s
detect-deviation: succeeded in 0.50s
detect-highSpeedBoat: succeeded in 0.91s
detect-abnormalStaying: succeeded in 2.92s
detect-abnormalWandering: succeeded in 3.09s
detect-collision: succeeded in 0.03s
detect-illegalBerthing: succeeded in 0.19s
detect-illegalAnchored: succeeded in 0.20s
detect-CrossingBoundary: succeeded in 0.28s
detect-illegalStaying: succeeded in 0.28s
detect-lowSpeedBoat: succeeded in 0.38s
detect-doubleDragging: succeeded in 0.88s
detect-blackList: succeeded in 0.05s
detect-abnormalTransfer: succeeded in 0.16s
detect-deviation: succeeded in 1.22s
detect-abnormalStaying: succeeded in 3.06s
detect-abnormalWandering: succeeded in 3.17s
detect-illegalBerthing: succeeded in 0.11s
detect-CrossingBoundary: succeeded in 0.17s
detect-collision: succeeded in 0.19s
detect-illegalStaying: succeeded in 0.19s
detect-highSpeedBoat: succeeded in 1.74s
detect-illegalAnchored: succeeded in 0.23s
detect-lowSpeedBoat: succeeded in 0.39s
detect-doubleDragging: succeeded in 0.97s
detect-blackList: succeeded in 0.03s
detect-abnormalTransfer: succeeded in 0.11s
detect-deviation: succeeded in 0.56s
detect-highSpeedBoat: succeeded in 0.83s
detect-abnormalStaying: succeeded in 2.47s
detect-abnormalWandering: succeeded in 2.52s
detect-illegalBerthing: succeeded in 0.03s
detect-illegalStaying: succeeded in 0.14s
detect-collision: succeeded in 0.20s
detect-CrossingBoundary: succeeded in 0.22s
detect-illegalAnchored: succeeded in 0.24s
detect-lowSpeedBoat: succeeded in 0.42s
detect-doubleDragging: succeeded in 1.26s
detect-blackList: succeeded in 0.05s
detect-abnormalTransfer: succeeded in 0.08s
detect-deviation: succeeded in 0.78s
detect-highSpeedBoat: succeeded in 1.39s
detect-collision: succeeded in 0.03s
detect-CrossingBoundary: succeeded in 0.11s
detect-illegalStaying: succeeded in 0.16s
detect-illegalBerthing: succeeded in 0.20s
detect-illegalAnchored: succeeded in 0.23s
detect-abnormalWandering: succeeded in 3.53s
detect-abnormalStaying: succeeded in 4.11s
detect-lowSpeedBoat: succeeded in 0.78s
detect-abnormalTransfer: succeeded in 0.09s
detect-blackList: succeeded in 0.11s
detect-doubleDragging: succeeded in 1.52s
detect-deviation: succeeded in 0.45s
detect-highSpeedBoat: succeeded in 0.81s
detect-abnormalWandering: succeeded in 2.69s
detect-collision: succeeded in 0.03s
detect-CrossingBoundary: succeeded in 0.11s
detect-illegalStaying: succeeded in 0.14s
detect-illegalBerthing: succeeded in 0.17s
detect-abnormalStaying: succeeded in 2.83s
detect-illegalAnchored: succeeded in 0.31s
detect-lowSpeedBoat: succeeded in 0.66s
detect-blackList: succeeded in 0.19s
detect-abnormalTransfer: succeeded in 0.24s
detect-doubleDragging: succeeded in 1.77s
detect-deviation: succeeded in 0.67s
detect-highSpeedBoat: succeeded in 0.89s
detect-abnormalWandering: succeeded in 2.86s
detect-collision: succeeded in 0.01s
detect-illegalBerthing: succeeded in 0.11s
detect-illegalStaying: succeeded in 0.14s
detect-CrossingBoundary: succeeded in 0.17s
detect-illegalAnchored: succeeded in 0.19s
detect-lowSpeedBoat: succeeded in 0.50s
detect-abnormalStaying: succeeded in 3.20s
detect-doubleDragging: succeeded in 0.95s
detect-blackList: succeeded in 0.05s
detect-abnormalTransfer: succeeded in 0.19s
detect-deviation: succeeded in 0.61s
detect-highSpeedBoat: succeeded in 0.76s
detect-collision: succeeded in 0.03s
detect-illegalBerthing: succeeded in 0.14s
detect-illegalStaying: succeeded in 0.20s
detect-CrossingBoundary: succeeded in 0.24s
detect-abnormalWandering: succeeded in 3.16s
detect-illegalAnchored: succeeded in 0.36s
detect-lowSpeedBoat: succeeded in 0.47s
detect-abnormalStaying: succeeded in 2.97s
detect-blackList: succeeded in 0.05s
detect-abnormalTransfer: succeeded in 0.25s
detect-doubleDragging: succeeded in 2.16s
detect-deviation: succeeded in 0.83s
detect-highSpeedBoat: succeeded in 1.34s
detect-illegalBerthing: succeeded in 0.08s
detect-collision: succeeded in 0.11s
detect-CrossingBoundary: succeeded in 0.16s
detect-illegalStaying: succeeded in 0.17s
detect-illegalAnchored: succeeded in 0.31s
detect-lowSpeedBoat: succeeded in 0.53s
detect-abnormalStaying: succeeded in 3.62s
detect-abnormalWandering: succeeded in 4.50s
detect-blackList: succeeded in 0.05s
detect-abnormalTransfer: succeeded in 0.33s
detect-doubleDragging: succeeded in 2.94s
detect-deviation: succeeded in 1.22s
detect-highSpeedBoat: succeeded in 1.17s
detect-illegalBerthing: succeeded in 0.06s
detect-collision: succeeded in 0.19s
detect-illegalStaying: succeeded in 0.22s
detect-CrossingBoundary: succeeded in 0.25s
detect-illegalAnchored: succeeded in 0.38s
detect-lowSpeedBoat: succeeded in 0.59s
detect-abnormalStaying: succeeded in 4.34s
detect-blackList: succeeded in 0.11s
detect-abnormalTransfer: succeeded in 0.41s
detect-deviation: succeeded in 1.41s
detect-doubleDragging: succeeded in 3.59s
detect-highSpeedBoat: succeeded in 1.69s
detect-abnormalWandering: succeeded in 5.61s
detect-collision: succeeded in 0.06s
detect-illegalStaying: succeeded in 0.16s
detect-CrossingBoundary: succeeded in 0.19s
detect-illegalBerthing: succeeded in 0.22s
detect-illegalAnchored: succeeded in 0.28s
detect-lowSpeedBoat: succeeded in 0.48s
detect-doubleDragging: succeeded in 1.80s
detect-blackList: succeeded in 0.12s
detect-abnormalTransfer: succeeded in 0.20s
detect-deviation: succeeded in 0.94s
detect-highSpeedBoat: succeeded in 1.66s
detect-abnormalStaying: succeeded in 5.72s
detect-collision: succeeded in 0.02s
detect-illegalStaying: succeeded in 0.16s
detect-CrossingBoundary: succeeded in 0.22s
detect-illegalBerthing: succeeded in 0.20s
detect-illegalAnchored: succeeded in 0.38s
detect-abnormalWandering: succeeded in 4.27s
detect-lowSpeedBoat: succeeded in 0.75s
detect-doubleDragging: succeeded in 1.64s
detect-blackList: succeeded in 0.12s
detect-abnormalTransfer: succeeded in 0.34s
detect-deviation: succeeded in 0.74s
detect-highSpeedBoat: succeeded in 0.88s
detect-collision: succeeded in 0.05s
detect-illegalBerthing: succeeded in 0.12s
detect-CrossingBoundary: succeeded in 0.25s
detect-illegalAnchored: succeeded in 0.26s
detect-illegalStaying: succeeded in 0.26s
detect-lowSpeedBoat: succeeded in 0.52s
detect-abnormalStaying: succeeded in 4.24s
detect-abnormalWandering: succeeded in 3.88s
detect-blackList: succeeded in 0.05s
detect-doubleDragging: succeeded in 2.06s
detect-abnormalTransfer: succeeded in 0.33s
detect-deviation: succeeded in 0.83s
detect-collision: succeeded in 0.02s
detect-highSpeedBoat: succeeded in 1.67s
detect-illegalBerthing: succeeded in 0.14s
detect-CrossingBoundary: succeeded in 0.17s
detect-illegalStaying: succeeded in 0.31s
detect-illegalAnchored: succeeded in 0.34s
detect-lowSpeedBoat: succeeded in 0.67s
detect-abnormalWandering: succeeded in 3.36s
detect-abnormalStaying: succeeded in 3.41s
detect-doubleDragging: succeeded in 1.55s
detect-blackList: succeeded in 0.05s
detect-abnormalTransfer: succeeded in 0.16s
detect-deviation: succeeded in 0.58s
detect-highSpeedBoat: succeeded in 1.06s
detect-illegalBerthing: succeeded in 0.11s
detect-collision: succeeded in 0.17s
detect-illegalStaying: succeeded in 0.19s
detect-CrossingBoundary: succeeded in 0.31s
detect-illegalAnchored: succeeded in 0.31s
detect-lowSpeedBoat: succeeded in 0.45s
detect-abnormalWandering: succeeded in 3.36s
detect-abnormalStaying: succeeded in 3.83s
detect-doubleDragging: succeeded in 1.39s
detect-blackList: succeeded in 0.03s
detect-abnormalTransfer: succeeded in 0.17s
detect-deviation: succeeded in 0.61s
detect-highSpeedBoat: succeeded in 0.69s
detect-illegalBerthing: succeeded in 0.17s
detect-illegalStaying: succeeded in 0.24s
detect-collision: succeeded in 0.28s
detect-CrossingBoundary: succeeded in 0.34s
detect-illegalAnchored: succeeded in 0.34s
detect-lowSpeedBoat: succeeded in 0.56s
detect-blackList: succeeded in 0.05s
detect-doubleDragging: succeeded in 1.76s
detect-abnormalTransfer: succeeded in 0.09s
detect-abnormalWandering: succeeded in 3.83s
detect-deviation: succeeded in 0.62s
detect-abnormalStaying: succeeded in 4.09s
detect-highSpeedBoat: succeeded in 1.16s
detect-collision: succeeded in 0.03s
detect-CrossingBoundary: succeeded in 0.14s
detect-illegalStaying: succeeded in 0.16s
detect-illegalBerthing: succeeded in 0.19s
detect-illegalAnchored: succeeded in 0.23s
detect-lowSpeedBoat: succeeded in 0.58s
detect-doubleDragging: succeeded in 0.98s
detect-abnormalTransfer: succeeded in 0.11s
detect-blackList: succeeded in 0.22s
detect-deviation: succeeded in 0.78s
detect-abnormalWandering: succeeded in 3.56s
detect-abnormalStaying: succeeded in 3.81s
detect-collision: succeeded in 0.03s
detect-CrossingBoundary: succeeded in 0.28s
detect-illegalStaying: succeeded in 0.34s
detect-illegalBerthing: succeeded in 0.41s
detect-illegalAnchored: succeeded in 0.47s
detect-highSpeedBoat: succeeded in 2.22s
detect-lowSpeedBoat: succeeded in 0.62s
detect-doubleDragging: succeeded in 1.67s
detect-blackList: succeeded in 0.14s
detect-abnormalTransfer: succeeded in 0.17s
detect-deviation: succeeded in 0.80s
detect-highSpeedBoat: succeeded in 1.14s
detect-collision: succeeded in 0.12s
detect-illegalBerthing: succeeded in 0.19s
detect-CrossingBoundary: succeeded in 0.31s
detect-abnormalWandering: succeeded in 3.70s
detect-illegalAnchored: succeeded in 0.44s
detect-illegalStaying: succeeded in 0.47s
detect-abnormalStaying: succeeded in 3.86s
detect-lowSpeedBoat: succeeded in 0.56s
detect-blackList: succeeded in 0.05s
detect-abnormalTransfer: succeeded in 0.50s
detect-doubleDragging: succeeded in 2.76s
detect-deviation: succeeded in 1.30s
detect-highSpeedBoat: succeeded in 1.64s
detect-collision: succeeded in 0.05s
detect-illegalBerthing: succeeded in 0.08s
detect-CrossingBoundary: succeeded in 0.19s
detect-illegalStaying: succeeded in 0.19s
detect-illegalAnchored: succeeded in 0.28s
detect-lowSpeedBoat: succeeded in 0.50s
detect-abnormalWandering: succeeded in 4.89s
detect-abnormalStaying: succeeded in 5.02s
detect-doubleDragging: succeeded in 1.78s
detect-blackList: succeeded in 0.05s
detect-abnormalTransfer: succeeded in 0.16s
detect-deviation: succeeded in 1.00s
detect-highSpeedBoat: succeeded in 1.11s
detect-illegalBerthing: succeeded in 0.05s
detect-collision: succeeded in 0.14s
detect-CrossingBoundary: succeeded in 0.19s
detect-illegalStaying: succeeded in 0.22s
detect-illegalAnchored: succeeded in 0.44s
detect-lowSpeedBoat: succeeded in 0.48s
detect-abnormalWandering: succeeded in 3.80s
detect-blackList: succeeded in 0.03s
detect-doubleDragging: succeeded in 1.97s
detect-abnormalStaying: succeeded in 4.09s
detect-abnormalTransfer: succeeded in 0.33s
detect-deviation: succeeded in 1.02s
detect-highSpeedBoat: succeeded in 1.72s
detect-illegalBerthing: succeeded in 0.12s
detect-illegalAnchored: succeeded in 0.23s
detect-illegalStaying: succeeded in 0.23s
detect-CrossingBoundary: succeeded in 0.33s
detect-collision: succeeded in 0.53s
detect-lowSpeedBoat: succeeded in 0.70s
detect-blackList: succeeded in 0.05s
detect-abnormalTransfer: succeeded in 0.17s
detect-doubleDragging: succeeded in 2.20s
detect-deviation: succeeded in 1.00s
detect-highSpeedBoat: succeeded in 1.31s
detect-abnormalStaying: succeeded in 5.02s
detect-collision: succeeded in 0.06s
detect-CrossingBoundary: succeeded in 0.20s
detect-illegalStaying: succeeded in 0.28s
detect-illegalBerthing: succeeded in 0.31s
detect-illegalAnchored: succeeded in 0.38s
detect-abnormalWandering: succeeded in 6.44s
detect-lowSpeedBoat: succeeded in 0.89s
detect-doubleDragging: succeeded in 1.44s
detect-blackList: succeeded in 0.26s
detect-abnormalTransfer: succeeded in 0.30s
detect-deviation: succeeded in 0.84s
detect-collision: succeeded in 0.03s
detect-CrossingBoundary: succeeded in 0.23s
detect-illegalStaying: succeeded in 0.24s
detect-illegalBerthing: succeeded in 0.36s
detect-highSpeedBoat: succeeded in 2.33s
detect-illegalAnchored: succeeded in 0.49s
detect-lowSpeedBoat: succeeded in 0.67s
detect-abnormalStaying: succeeded in 4.80s
detect-blackList: succeeded in 0.38s
detect-abnormalTransfer: succeeded in 0.42s
detect-abnormalWandering: succeeded in 5.20s
detect-deviation: succeeded in 1.28s
detect-doubleDragging: succeeded in 3.19s
detect-highSpeedBoat: succeeded in 1.50s
detect-collision: succeeded in 0.03s
detect-illegalBerthing: succeeded in 0.25s
detect-illegalStaying: succeeded in 0.39s
detect-illegalAnchored: succeeded in 0.39s
detect-CrossingBoundary: succeeded in 0.42s
detect-lowSpeedBoat: succeeded in 0.80s
detect-abnormalStaying: succeeded in 4.14s
detect-blackList: succeeded in 0.03s
detect-doubleDragging: succeeded in 2.09s
detect-abnormalTransfer: succeeded in 0.49s
detect-deviation: succeeded in 0.99s
detect-highSpeedBoat: succeeded in 1.47s
detect-collision: succeeded in 0.05s
detect-illegalBerthing: succeeded in 0.08s
detect-illegalAnchored: succeeded in 0.24s
detect-CrossingBoundary: succeeded in 0.34s
detect-lowSpeedBoat: succeeded in 0.47s
detect-illegalStaying: succeeded in 0.53s
detect-abnormalWandering: succeeded in 5.88s
detect-doubleDragging: succeeded in 1.50s
detect-blackList: succeeded in 0.08s
detect-abnormalTransfer: succeeded in 0.20s
detect-deviation: succeeded in 1.06s
detect-highSpeedBoat: succeeded in 1.33s
detect-abnormalStaying: succeeded in 5.25s
detect-illegalBerthing: succeeded in 0.06s
detect-illegalStaying: succeeded in 0.19s
detect-CrossingBoundary: succeeded in 0.39s
detect-illegalAnchored: succeeded in 0.39s
detect-collision: succeeded in 0.44s
detect-lowSpeedBoat: succeeded in 0.84s
detect-abnormalWandering: succeeded in 4.20s
detect-blackList: succeeded in 0.03s
detect-abnormalTransfer: succeeded in 0.11s
detect-deviation: succeeded in 0.89s
detect-highSpeedBoat: succeeded in 1.42s
detect-doubleDragging: succeeded in 3.67s
detect-illegalBerthing: succeeded in 0.06s
detect-collision: succeeded in 0.17s
detect-CrossingBoundary: succeeded in 0.19s
detect-illegalStaying: succeeded in 0.23s
detect-illegalAnchored: succeeded in 0.27s
detect-lowSpeedBoat: succeeded in 0.67s
detect-blackList: succeeded in 0.03s
detect-abnormalTransfer: succeeded in 0.08s
detect-abnormalStaying: succeeded in 6.45s
detect-abnormalWandering: succeeded in 4.67s
detect-doubleDragging: succeeded in 2.61s
detect-deviation: succeeded in 0.83s
detect-highSpeedBoat: succeeded in 1.62s
detect-collision: succeeded in 0.05s
detect-CrossingBoundary: succeeded in 0.23s
detect-illegalStaying: succeeded in 0.27s
detect-illegalAnchored: succeeded in 0.49s
detect-illegalBerthing: succeeded in 0.50s
detect-lowSpeedBoat: succeeded in 0.58s
detect-doubleDragging: succeeded in 1.23s
detect-abnormalTransfer: succeeded in 0.11s
detect-blackList: succeeded in 0.24s
detect-deviation: succeeded in 0.72s
detect-abnormalStaying: succeeded in 4.25s
detect-highSpeedBoat: succeeded in 2.11s
detect-abnormalWandering: succeeded in 4.78s
detect-collision: succeeded in 0.03s
detect-CrossingBoundary: succeeded in 0.23s
detect-illegalBerthing: succeeded in 0.22s
detect-illegalStaying: succeeded in 0.33s
detect-illegalAnchored: succeeded in 0.34s
detect-lowSpeedBoat: succeeded in 0.53s
detect-blackList: succeeded in 0.28s
detect-abnormalTransfer: succeeded in 0.33s
detect-highSpeedBoat: succeeded in 1.17s
detect-deviation: succeeded in 1.34s
detect-doubleDragging: succeeded in 3.14s
detect-collision: succeeded in 0.05s
detect-illegalBerthing: succeeded in 0.06s
detect-illegalStaying: succeeded in 0.24s
detect-illegalAnchored: succeeded in 0.27s
detect-CrossingBoundary: succeeded in 0.28s
detect-lowSpeedBoat: succeeded in 0.70s
detect-abnormalStaying: succeeded in 5.23s
detect-abnormalWandering: succeeded in 5.14s
detect-blackList: succeeded in 0.06s
detect-doubleDragging: succeeded in 1.59s
detect-abnormalTransfer: succeeded in 0.22s
detect-deviation: succeeded in 0.73s
detect-highSpeedBoat: succeeded in 0.95s
detect-collision: succeeded in 0.03s
detect-illegalBerthing: succeeded in 0.12s
detect-CrossingBoundary: succeeded in 0.22s
detect-illegalAnchored: succeeded in 0.22s
detect-illegalStaying: succeeded in 0.31s
detect-lowSpeedBoat: succeeded in 0.59s
detect-abnormalStaying: succeeded in 3.99s
detect-blackList: succeeded in 0.05s
detect-abnormalTransfer: succeeded in 0.16s
detect-deviation: succeeded in 0.78s
detect-abnormalWandering: succeeded in 4.22s
detect-highSpeedBoat: succeeded in 1.80s
detect-illegalBerthing: succeeded in 0.16s
detect-doubleDragging: succeeded in 3.94s
detect-CrossingBoundary: succeeded in 0.27s
detect-illegalStaying: succeeded in 0.30s
detect-collision: succeeded in 0.33s
detect-illegalAnchored: succeeded in 0.34s
detect-lowSpeedBoat: succeeded in 0.39s
detect-blackList: succeeded in 0.03s
detect-abnormalTransfer: succeeded in 0.22s
detect-deviation: succeeded in 0.61s
detect-abnormalStaying: succeeded in 4.27s
detect-highSpeedBoat: succeeded in 0.99s
detect-doubleDragging: succeeded in 2.50s
detect-illegalBerthing: succeeded in 0.06s
detect-CrossingBoundary: succeeded in 0.14s
detect-collision: succeeded in 0.17s
detect-illegalStaying: succeeded in 0.17s
detect-illegalAnchored: succeeded in 0.36s
detect-lowSpeedBoat: succeeded in 0.41s
detect-abnormalWandering: succeeded in 4.75s
detect-doubleDragging: succeeded in 1.56s
detect-blackList: succeeded in 0.05s
detect-abnormalTransfer: succeeded in 0.12s
detect-deviation: succeeded in 1.66s
detect-collision: succeeded in 0.08s
detect-illegalStaying: succeeded in 0.22s
detect-highSpeedBoat: succeeded in 2.05s
detect-CrossingBoundary: succeeded in 0.26s
detect-illegalBerthing: succeeded in 0.24s
detect-illegalAnchored: succeeded in 0.33s
detect-lowSpeedBoat: succeeded in 0.50s
detect-doubleDragging: succeeded in 1.22s
detect-abnormalWandering: succeeded in 4.03s
detect-abnormalStaying: succeeded in 5.70s
detect-abnormalTransfer: succeeded in 0.11s
detect-blackList: succeeded in 0.16s
detect-deviation: succeeded in 0.70s
detect-highSpeedBoat: succeeded in 1.22s
detect-collision: succeeded in 0.05s
detect-CrossingBoundary: succeeded in 0.19s
detect-illegalStaying: succeeded in 0.31s
detect-illegalAnchored: succeeded in 0.39s
detect-illegalBerthing: succeeded in 0.39s
detect-lowSpeedBoat: succeeded in 0.75s
detect-doubleDragging: succeeded in 1.62s
detect-blackList: succeeded in 0.24s
detect-abnormalTransfer: succeeded in 0.28s
detect-deviation: succeeded in 0.75s
detect-abnormalStaying: succeeded in 4.42s
detect-highSpeedBoat: succeeded in 1.03s
detect-abnormalWandering: succeeded in 4.52s
detect-collision: succeeded in 0.05s
detect-illegalBerthing: succeeded in 0.06s
detect-CrossingBoundary: succeeded in 0.22s
detect-illegalAnchored: succeeded in 0.27s
detect-illegalStaying: succeeded in 0.41s
detect-lowSpeedBoat: succeeded in 1.06s
detect-blackList: succeeded in 0.03s
detect-doubleDragging: succeeded in 2.12s
detect-abnormalTransfer: succeeded in 0.33s
detect-deviation: succeeded in 0.69s
detect-highSpeedBoat: succeeded in 0.72s
detect-collision: succeeded in 0.03s
detect-illegalBerthing: succeeded in 0.11s
detect-CrossingBoundary: succeeded in 0.22s
detect-illegalAnchored: succeeded in 0.23s
detect-illegalStaying: succeeded in 0.25s
detect-abnormalStaying: succeeded in 4.74s
detect-abnormalWandering: succeeded in 3.94s
detect-lowSpeedBoat: succeeded in 0.45s
detect-blackList: succeeded in 0.09s
detect-abnormalTransfer: succeeded in 0.27s
detect-doubleDragging: succeeded in 1.98s
detect-deviation: succeeded in 0.81s
detect-highSpeedBoat: succeeded in 0.84s
detect-illegalBerthing: succeeded in 0.06s
detect-illegalStaying: succeeded in 0.23s
detect-illegalAnchored: succeeded in 0.30s
detect-collision: succeeded in 0.31s
detect-CrossingBoundary: succeeded in 0.47s
detect-lowSpeedBoat: succeeded in 0.58s
detect-abnormalWandering: succeeded in 3.97s
detect-blackList: succeeded in 0.03s
detect-abnormalTransfer: succeeded in 0.19s
detect-abnormalStaying: succeeded in 4.88s
detect-doubleDragging: succeeded in 2.44s
detect-deviation: succeeded in 0.78s
detect-highSpeedBoat: succeeded in 1.36s
detect-collision: succeeded in 0.14s
detect-illegalStaying: succeeded in 0.20s
detect-CrossingBoundary: succeeded in 0.22s
detect-illegalAnchored: succeeded in 0.25s
detect-illegalBerthing: succeeded in 0.34s
detect-lowSpeedBoat: succeeded in 0.58s
detect-doubleDragging: succeeded in 1.22s
detect-blackList: succeeded in 0.05s
detect-abnormalTransfer: succeeded in 0.27s
detect-abnormalWandering: succeeded in 4.20s
detect-deviation: succeeded in 0.78s
detect-highSpeedBoat: succeeded in 1.19s
detect-collision: succeeded in 0.06s
detect-abnormalStaying: succeeded in 4.69s
detect-illegalStaying: succeeded in 0.24s
detect-CrossingBoundary: succeeded in 0.26s
detect-illegalBerthing: succeeded in 0.28s
detect-illegalAnchored: succeeded in 0.69s
detect-lowSpeedBoat: succeeded in 0.75s
detect-doubleDragging: succeeded in 1.55s
detect-abnormalTransfer: succeeded in 0.22s
detect-blackList: succeeded in 0.22s
detect-deviation: succeeded in 0.88s
detect-highSpeedBoat: succeeded in 1.51s
detect-abnormalWandering: succeeded in 4.50s
detect-collision: succeeded in 0.06s
detect-illegalStaying: succeeded in 0.36s
detect-illegalBerthing: succeeded in 0.41s
detect-illegalAnchored: succeeded in 0.56s
detect-CrossingBoundary: succeeded in 0.61s
detect-lowSpeedBoat: succeeded in 0.67s
detect-abnormalStaying: succeeded in 4.02s
detect-blackList: succeeded in 0.31s
detect-abnormalTransfer: succeeded in 0.41s
detect-doubleDragging: succeeded in 2.47s
detect-deviation: succeeded in 0.89s
detect-collision: succeeded in 0.05s
detect-highSpeedBoat: succeeded in 1.91s
detect-illegalBerthing: succeeded in 0.39s
detect-illegalAnchored: succeeded in 0.36s
detect-illegalStaying: succeeded in 0.52s
detect-CrossingBoundary: succeeded in 0.74s
detect-lowSpeedBoat: succeeded in 1.17s
detect-abnormalWandering: succeeded in 5.19s
detect-doubleDragging: succeeded in 1.84s
detect-blackList: succeeded in 0.12s
detect-abnormalTransfer: succeeded in 0.36s
detect-deviation: succeeded in 1.72s
detect-highSpeedBoat: succeeded in 1.99s
detect-collision: succeeded in 0.11s
detect-illegalBerthing: succeeded in 0.22s
detect-illegalStaying: succeeded in 0.67s
detect-illegalAnchored: succeeded in 0.67s
detect-CrossingBoundary: succeeded in 0.69s
detect-abnormalStaying: succeeded in 8.34s
detect-lowSpeedBoat: succeeded in 1.19s
detect-doubleDragging: succeeded in 1.92s
detect-blackList: succeeded in 0.08s
detect-abnormalTransfer: succeeded in 0.28s
detect-abnormalWandering: succeeded in 6.26s
detect-deviation: succeeded in 1.05s
detect-illegalBerthing: succeeded in 0.11s
detect-CrossingBoundary: succeeded in 0.19s
detect-collision: succeeded in 0.25s
detect-illegalAnchored: succeeded in 0.34s
detect-illegalStaying: succeeded in 0.36s
detect-highSpeedBoat: succeeded in 2.42s
detect-lowSpeedBoat: succeeded in 0.42s
detect-blackList: succeeded in 0.05s
detect-abnormalTransfer: succeeded in 0.14s
detect-abnormalStaying: succeeded in 5.31s
detect-doubleDragging: succeeded in 2.03s
detect-deviation: succeeded in 0.70s
detect-abnormalWandering: succeeded in 3.81s
detect-highSpeedBoat: succeeded in 1.41s
detect-illegalBerthing: succeeded in 0.06s
detect-collision: succeeded in 0.14s
detect-CrossingBoundary: succeeded in 0.14s
detect-illegalStaying: succeeded in 0.16s
detect-illegalAnchored: succeeded in 0.25s
detect-lowSpeedBoat: succeeded in 0.34s
detect-blackList: succeeded in 0.05s
detect-abnormalTransfer: succeeded in 0.09s
detect-doubleDragging: succeeded in 1.75s
detect-deviation: succeeded in 0.66s
detect-abnormalStaying: succeeded in 3.66s
detect-abnormalWandering: succeeded in 3.28s
detect-highSpeedBoat: succeeded in 1.22s
detect-collision: succeeded in 0.03s
detect-illegalStaying: succeeded in 0.09s
detect-CrossingBoundary: succeeded in 0.17s
detect-illegalBerthing: succeeded in 0.33s
detect-illegalAnchored: succeeded in 0.44s
detect-lowSpeedBoat: succeeded in 0.53s
detect-doubleDragging: succeeded in 1.58s
detect-abnormalTransfer: succeeded in 0.11s
detect-blackList: succeeded in 0.22s
detect-deviation: succeeded in 0.64s
detect-abnormalWandering: succeeded in 3.16s
detect-collision: succeeded in 0.03s
detect-illegalBerthing: succeeded in 0.17s
detect-CrossingBoundary: succeeded in 0.19s
detect-illegalStaying: succeeded in 0.20s
detect-highSpeedBoat: succeeded in 1.67s
detect-abnormalStaying: succeeded in 3.94s
detect-illegalAnchored: succeeded in 0.31s
detect-lowSpeedBoat: succeeded in 0.50s
detect-doubleDragging: succeeded in 1.06s
detect-blackList: succeeded in 0.25s
detect-abnormalTransfer: succeeded in 0.28s
detect-deviation: succeeded in 0.67s
detect-abnormalWandering: succeeded in 3.25s
detect-collision: succeeded in 0.03s
detect-illegalBerthing: succeeded in 0.25s
detect-abnormalStaying: succeeded in 3.06s
detect-highSpeedBoat: succeeded in 1.98s
detect-illegalAnchored: succeeded in 0.36s
detect-CrossingBoundary: succeeded in 0.47s
detect-illegalStaying: succeeded in 0.48s
detect-lowSpeedBoat: succeeded in 0.59s
detect-blackList: succeeded in 0.09s
detect-abnormalTransfer: succeeded in 0.22s
detect-doubleDragging: succeeded in 1.80s
detect-deviation: succeeded in 0.53s
detect-highSpeedBoat: succeeded in 0.86s
detect-abnormalWandering: succeeded in 2.83s
detect-collision: succeeded in 0.03s
detect-illegalBerthing: succeeded in 0.12s
detect-illegalStaying: succeeded in 0.14s
detect-abnormalStaying: succeeded in 2.76s
detect-CrossingBoundary: succeeded in 0.24s
detect-illegalAnchored: succeeded in 0.24s
detect-lowSpeedBoat: succeeded in 0.34s
detect-doubleDragging: succeeded in 1.17s
detect-blackList: succeeded in 0.03s
detect-abnormalTransfer: succeeded in 0.25s
detect-deviation: succeeded in 0.91s
detect-abnormalWandering: succeeded in 3.08s
detect-highSpeedBoat: succeeded in 1.61s
detect-illegalBerthing: succeeded in 0.05s
detect-collision: succeeded in 0.09s
detect-illegalStaying: succeeded in 0.12s
detect-CrossingBoundary: succeeded in 0.14s
detect-illegalAnchored: succeeded in 0.19s
detect-lowSpeedBoat: succeeded in 0.33s
detect-abnormalStaying: succeeded in 3.48s
detect-doubleDragging: succeeded in 1.14s
detect-blackList: succeeded in 0.03s
detect-abnormalTransfer: succeeded in 0.06s
detect-deviation: succeeded in 0.50s
detect-highSpeedBoat: succeeded in 0.75s
detect-abnormalWandering: succeeded in 2.52s
detect-illegalBerthing: succeeded in 0.09s
detect-CrossingBoundary: succeeded in 0.14s
detect-illegalAnchored: succeeded in 0.23s
detect-collision: succeeded in 0.27s
detect-illegalStaying: succeeded in 0.25s
detect-abnormalStaying: succeeded in 2.83s
detect-lowSpeedBoat: succeeded in 1.14s
detect-blackList: succeeded in 0.03s
detect-abnormalTransfer: succeeded in 0.11s
detect-doubleDragging: succeeded in 2.11s
detect-highSpeedBoat: succeeded in 0.70s
detect-deviation: succeeded in 0.83s
detect-abnormalWandering: succeeded in 3.58s
detect-collision: succeeded in 0.03s
detect-illegalStaying: succeeded in 0.11s
detect-illegalBerthing: succeeded in 0.14s
detect-CrossingBoundary: succeeded in 0.19s
detect-illegalAnchored: succeeded in 0.31s
detect-lowSpeedBoat: succeeded in 0.42s
detect-abnormalStaying: succeeded in 3.39s
detect-doubleDragging: succeeded in 1.30s
detect-abnormalTransfer: succeeded in 0.17s
detect-blackList: succeeded in 0.22s
detect-deviation: succeeded in 0.56s
detect-highSpeedBoat: succeeded in 0.97s
detect-abnormalWandering: succeeded in 2.89s
detect-collision: succeeded in 0.03s
detect-illegalStaying: succeeded in 0.24s
detect-illegalBerthing: succeeded in 0.22s
detect-CrossingBoundary: succeeded in 0.27s
detect-abnormalStaying: succeeded in 2.89s
detect-illegalAnchored: succeeded in 0.61s
detect-lowSpeedBoat: succeeded in 0.78s
detect-blackList: succeeded in 0.17s
detect-abnormalTransfer: succeeded in 0.19s
detect-deviation: succeeded in 0.77s
detect-doubleDragging: succeeded in 2.72s
detect-abnormalWandering: succeeded in 3.31s
detect-highSpeedBoat: succeeded in 1.19s
detect-collision: succeeded in 0.03s
detect-illegalBerthing: succeeded in 0.06s
detect-CrossingBoundary: succeeded in 0.17s
detect-illegalAnchored: succeeded in 0.20s
detect-illegalStaying: succeeded in 0.24s
detect-abnormalStaying: succeeded in 3.20s
detect-lowSpeedBoat: succeeded in 0.42s
detect-doubleDragging: succeeded in 1.20s
detect-blackList: succeeded in 0.05s
detect-abnormalTransfer: succeeded in 0.20s
detect-deviation: succeeded in 0.56s
detect-highSpeedBoat: succeeded in 0.66s
detect-collision: succeeded in 0.03s
detect-illegalBerthing: succeeded in 0.09s
detect-abnormalWandering: succeeded in 3.33s
detect-CrossingBoundary: succeeded in 0.22s
detect-illegalAnchored: succeeded in 0.25s
detect-illegalStaying: succeeded in 0.28s
detect-lowSpeedBoat: succeeded in 0.39s
detect-doubleDragging: succeeded in 1.39s
detect-blackList: succeeded in 0.03s
detect-abnormalStaying: succeeded in 3.00s
detect-abnormalTransfer: succeeded in 0.11s
detect-deviation: succeeded in 0.53s
detect-highSpeedBoat: succeeded in 0.66s
detect-abnormalWandering: succeeded in 2.59s
detect-illegalBerthing: succeeded in 0.08s
detect-collision: succeeded in 0.09s
detect-illegalStaying: succeeded in 0.17s
detect-CrossingBoundary: succeeded in 0.19s
detect-illegalAnchored: succeeded in 0.38s
detect-lowSpeedBoat: succeeded in 0.45s
detect-doubleDragging: succeeded in 1.30s
detect-abnormalStaying: succeeded in 2.72s
detect-blackList: succeeded in 0.03s
detect-abnormalTransfer: succeeded in 0.09s
detect-deviation: succeeded in 0.52s
detect-highSpeedBoat: succeeded in 0.73s
detect-abnormalWandering: succeeded in 2.59s
detect-CrossingBoundary: succeeded in 0.12s
detect-illegalBerthing: succeeded in 0.17s
detect-illegalStaying: succeeded in 0.26s
detect-illegalAnchored: succeeded in 0.25s
detect-collision: succeeded in 0.34s
detect-lowSpeedBoat: succeeded in 0.44s
detect-blackList: succeeded in 0.03s
detect-abnormalTransfer: succeeded in 0.11s
detect-abnormalStaying: succeeded in 3.24s
detect-doubleDragging: succeeded in 1.94s
detect-deviation: succeeded in 0.72s
detect-highSpeedBoat: succeeded in 1.34s
detect-collision: succeeded in 0.03s
detect-illegalStaying: succeeded in 0.11s
detect-abnormalWandering: succeeded in 3.11s
detect-CrossingBoundary: succeeded in 0.19s
detect-illegalBerthing: succeeded in 0.20s
detect-illegalAnchored: succeeded in 0.30s
detect-lowSpeedBoat: succeeded in 0.41s
detect-doubleDragging: succeeded in 0.95s
detect-blackList: succeeded in 0.14s
detect-abnormalTransfer: succeeded in 0.14s
detect-abnormalStaying: succeeded in 2.78s
detect-deviation: succeeded in 0.56s
detect-highSpeedBoat: succeeded in 0.73s
detect-abnormalWandering: succeeded in 2.45s
detect-collision: succeeded in 0.05s
detect-CrossingBoundary: succeeded in 0.11s
detect-illegalStaying: succeeded in 0.14s
detect-illegalBerthing: succeeded in 0.19s
detect-illegalAnchored: succeeded in 0.30s
detect-lowSpeedBoat: succeeded in 0.76s
detect-abnormalTransfer: succeeded in 0.19s
detect-blackList: succeeded in 0.25s
detect-abnormalStaying: succeeded in 3.33s
detect-doubleDragging: succeeded in 2.05s
detect-deviation: succeeded in 0.69s
detect-highSpeedBoat: succeeded in 0.95s
detect-abnormalWandering: succeeded in 2.73s
detect-collision: succeeded in 0.03s
detect-illegalBerthing: succeeded in 0.08s
detect-CrossingBoundary: succeeded in 0.16s
detect-illegalStaying: succeeded in 0.19s
detect-illegalAnchored: succeeded in 0.24s
detect-lowSpeedBoat: succeeded in 0.41s
detect-doubleDragging: succeeded in 1.24s
detect-blackList: succeeded in 0.03s
detect-abnormalTransfer: succeeded in 0.31s
detect-deviation: succeeded in 0.58s
detect-abnormalStaying: succeeded in 3.44s
detect-highSpeedBoat: succeeded in 1.42s
detect-abnormalWandering: succeeded in 3.00s
detect-collision: succeeded in 0.05s
detect-illegalBerthing: succeeded in 0.19s
detect-illegalAnchored: succeeded in 0.25s
detect-CrossingBoundary: succeeded in 0.28s
detect-illegalStaying: succeeded in 0.30s
detect-lowSpeedBoat: succeeded in 0.74s
detect-blackList: succeeded in 0.03s
detect-abnormalTransfer: succeeded in 0.16s
detect-doubleDragging: succeeded in 2.00s
detect-deviation: succeeded in 0.72s
detect-abnormalStaying: succeeded in 3.28s
detect-highSpeedBoat: succeeded in 1.33s
detect-abnormalWandering: succeeded in 2.95s
detect-illegalBerthing: succeeded in 0.11s
detect-CrossingBoundary: succeeded in 0.14s
detect-collision: succeeded in 0.17s
detect-illegalStaying: succeeded in 0.16s
detect-illegalAnchored: succeeded in 0.20s
detect-lowSpeedBoat: succeeded in 0.41s
detect-doubleDragging: succeeded in 1.52s
detect-blackList: succeeded in 0.06s
detect-abnormalTransfer: succeeded in 0.17s
detect-deviation: succeeded in 0.56s
detect-highSpeedBoat: succeeded in 0.81s
detect-abnormalStaying: succeeded in 3.33s
detect-collision: succeeded in 0.08s
detect-illegalBerthing: succeeded in 0.06s
detect-illegalStaying: succeeded in 0.12s
detect-abnormalWandering: succeeded in 3.22s
detect-CrossingBoundary: succeeded in 0.19s
detect-illegalAnchored: succeeded in 0.22s
detect-lowSpeedBoat: succeeded in 0.39s
detect-doubleDragging: succeeded in 1.20s
detect-blackList: succeeded in 0.03s
detect-abnormalTransfer: succeeded in 0.09s
detect-deviation: succeeded in 0.59s
detect-highSpeedBoat: succeeded in 0.80s
detect-abnormalStaying: succeeded in 3.30s
detect-abnormalWandering: succeeded in 2.84s
detect-collision: succeeded in 0.03s
detect-illegalStaying: succeeded in 0.09s
detect-CrossingBoundary: succeeded in 0.16s
detect-illegalBerthing: succeeded in 0.20s
detect-illegalAnchored: succeeded in 0.27s
detect-lowSpeedBoat: succeeded in 0.41s
detect-abnormalTransfer: succeeded in 0.12s
detect-blackList: succeeded in 0.19s
detect-doubleDragging: succeeded in 2.02s
detect-deviation: succeeded in 0.69s
detect-highSpeedBoat: succeeded in 1.02s
detect-abnormalWandering: succeeded in 2.86s
detect-collision: succeeded in 0.02s
detect-CrossingBoundary: succeeded in 0.11s
detect-abnormalStaying: succeeded in 3.22s
detect-illegalBerthing: succeeded in 0.14s
detect-illegalStaying: succeeded in 0.16s
detect-illegalAnchored: succeeded in 0.27s
detect-lowSpeedBoat: succeeded in 0.44s
detect-doubleDragging: succeeded in 1.09s
detect-blackList: succeeded in 0.09s
detect-abnormalTransfer: succeeded in 0.12s
detect-deviation: succeeded in 0.66s
detect-highSpeedBoat: succeeded in 0.72s
detect-abnormalWandering: succeeded in 2.67s
detect-abnormalStaying: succeeded in 2.83s
detect-collision: succeeded in 0.03s
detect-illegalBerthing: succeeded in 0.09s
detect-CrossingBoundary: succeeded in 0.20s
detect-illegalAnchored: succeeded in 0.20s
detect-illegalStaying: succeeded in 0.26s
detect-lowSpeedBoat: succeeded in 0.62s
detect-doubleDragging: succeeded in 1.01s
detect-blackList: succeeded in 0.01s
detect-abnormalTransfer: succeeded in 0.17s
detect-deviation: succeeded in 0.72s
detect-highSpeedBoat: succeeded in 0.92s
detect-abnormalWandering: succeeded in 3.17s
detect-collision: succeeded in 0.03s
detect-illegalBerthing: succeeded in 0.09s
detect-illegalAnchored: succeeded in 0.22s
detect-CrossingBoundary: succeeded in 0.23s
detect-abnormalStaying: succeeded in 3.34s
detect-illegalStaying: succeeded in 0.28s
detect-lowSpeedBoat: succeeded in 0.56s
detect-doubleDragging: succeeded in 1.34s
detect-blackList: succeeded in 0.03s
detect-abnormalTransfer: succeeded in 0.08s
detect-deviation: succeeded in 0.55s
detect-highSpeedBoat: succeeded in 0.84s
detect-abnormalWandering: succeeded in 3.33s
detect-abnormalStaying: succeeded in 2.95s
detect-illegalBerthing: succeeded in 0.05s
detect-CrossingBoundary: succeeded in 0.16s
detect-collision: succeeded in 0.17s
detect-illegalStaying: succeeded in 0.14s
detect-illegalAnchored: succeeded in 0.20s
detect-lowSpeedBoat: succeeded in 0.48s
detect-blackList: succeeded in 0.03s
detect-abnormalTransfer: succeeded in 0.16s
detect-doubleDragging: succeeded in 1.86s
detect-deviation: succeeded in 0.64s
detect-highSpeedBoat: succeeded in 1.19s
detect-abnormalWandering: succeeded in 3.19s
detect-illegalBerthing: succeeded in 0.08s
detect-collision: succeeded in 0.11s
detect-illegalStaying: succeeded in 0.12s
detect-CrossingBoundary: succeeded in 0.12s
detect-illegalAnchored: succeeded in 0.22s
detect-abnormalStaying: succeeded in 3.49s
detect-lowSpeedBoat: succeeded in 0.42s
detect-doubleDragging: succeeded in 1.02s
detect-blackList: succeeded in 0.03s
detect-abnormalTransfer: succeeded in 0.11s
detect-deviation: succeeded in 1.00s
detect-abnormalWandering: succeeded in 2.98s
detect-collision: succeeded in 0.02s
detect-illegalStaying: succeeded in 0.11s
detect-CrossingBoundary: succeeded in 0.19s
detect-illegalBerthing: succeeded in 0.25s
detect-illegalAnchored: succeeded in 0.28s
detect-lowSpeedBoat: succeeded in 0.34s
detect-highSpeedBoat: succeeded in 1.97s
detect-abnormalStaying: succeeded in 3.30s
detect-doubleDragging: succeeded in 1.16s
detect-abnormalTransfer: succeeded in 0.11s
detect-blackList: succeeded in 0.12s
detect-deviation: succeeded in 0.50s
detect-highSpeedBoat: succeeded in 0.78s
detect-abnormalWandering: succeeded in 2.69s
detect-collision: succeeded in 0.03s
detect-illegalBerthing: succeeded in 0.17s
detect-CrossingBoundary: succeeded in 0.20s
detect-illegalStaying: succeeded in 0.27s
detect-illegalAnchored: succeeded in 0.26s
detect-abnormalStaying: succeeded in 2.84s
detect-lowSpeedBoat: succeeded in 0.86s
detect-doubleDragging: succeeded in 1.62s
detect-blackList: succeeded in 0.23s
detect-abnormalTransfer: succeeded in 0.27s
detect-deviation: succeeded in 0.73s
detect-highSpeedBoat: succeeded in 0.91s
detect-collision: succeeded in 0.03s
detect-illegalBerthing: succeeded in 0.09s
detect-abnormalWandering: succeeded in 3.51s
detect-illegalStaying: succeeded in 0.19s
detect-CrossingBoundary: succeeded in 0.20s
detect-illegalAnchored: succeeded in 0.25s
detect-lowSpeedBoat: succeeded in 0.38s
detect-abnormalStaying: succeeded in 2.86s
detect-doubleDragging: succeeded in 1.03s
detect-blackList: succeeded in 0.06s
detect-abnormalTransfer: succeeded in 0.25s
detect-deviation: succeeded in 0.50s
detect-highSpeedBoat: succeeded in 0.58s
detect-collision: succeeded in 0.03s
detect-illegalBerthing: succeeded in 0.19s
detect-illegalAnchored: succeeded in 0.25s
detect-illegalStaying: succeeded in 0.31s
detect-CrossingBoundary: succeeded in 0.39s
detect-lowSpeedBoat: succeeded in 0.48s
detect-blackList: succeeded in 0.03s
detect-abnormalStaying: succeeded in 3.09s
detect-abnormalTransfer: succeeded in 0.08s
detect-abnormalWandering: succeeded in 3.17s
detect-doubleDragging: succeeded in 1.69s
detect-deviation: succeeded in 0.67s
detect-highSpeedBoat: succeeded in 0.72s
detect-illegalBerthing: succeeded in 0.03s
detect-CrossingBoundary: succeeded in 0.12s
detect-collision: succeeded in 0.16s
detect-illegalStaying: succeeded in 0.19s
detect-illegalAnchored: succeeded in 0.20s
detect-lowSpeedBoat: succeeded in 0.36s
detect-doubleDragging: succeeded in 0.97s
detect-abnormalWandering: succeeded in 3.12s
detect-blackList: succeeded in 0.03s
detect-abnormalStaying: succeeded in 3.27s
detect-abnormalTransfer: succeeded in 0.14s
detect-deviation: succeeded in 0.73s
detect-highSpeedBoat: succeeded in 1.59s
detect-illegalBerthing: succeeded in 0.11s
detect-CrossingBoundary: succeeded in 0.12s
detect-collision: succeeded in 0.17s
detect-illegalStaying: succeeded in 0.19s
detect-illegalAnchored: succeeded in 0.27s
detect-lowSpeedBoat: succeeded in 0.38s
detect-doubleDragging: succeeded in 1.09s
detect-blackList: succeeded in 0.03s
detect-abnormalTransfer: succeeded in 0.11s
detect-abnormalWandering: succeeded in 3.09s
detect-abnormalStaying: succeeded in 3.03s
detect-deviation: succeeded in 0.55s
detect-highSpeedBoat: succeeded in 0.73s
detect-collision: succeeded in 0.03s
detect-illegalStaying: succeeded in 0.12s
detect-illegalBerthing: succeeded in 0.17s
detect-CrossingBoundary: succeeded in 0.24s
detect-illegalAnchored: succeeded in 0.31s
detect-lowSpeedBoat: succeeded in 0.36s
detect-doubleDragging: succeeded in 1.14s
detect-abnormalWandering: succeeded in 2.55s
detect-blackList: succeeded in 0.14s
detect-abnormalTransfer: succeeded in 0.17s
detect-abnormalStaying: succeeded in 2.75s
detect-deviation: succeeded in 0.50s
detect-highSpeedBoat: succeeded in 0.92s
detect-collision: succeeded in 0.02s
detect-illegalStaying: succeeded in 0.11s
detect-illegalBerthing: succeeded in 0.14s
detect-CrossingBoundary: succeeded in 0.19s
detect-illegalAnchored: succeeded in 0.31s
detect-lowSpeedBoat: succeeded in 0.84s
detect-blackList: succeeded in 0.16s
detect-abnormalTransfer: succeeded in 0.17s
detect-abnormalStaying: succeeded in 2.91s
detect-doubleDragging: succeeded in 1.70s
detect-abnormalWandering: succeeded in 3.34s
detect-deviation: succeeded in 0.53s
detect-highSpeedBoat: succeeded in 1.28s
detect-collision: succeeded in 0.03s
detect-illegalBerthing: succeeded in 0.08s
detect-illegalAnchored: succeeded in 0.20s
detect-illegalStaying: succeeded in 0.20s
detect-CrossingBoundary: succeeded in 0.24s
detect-lowSpeedBoat: succeeded in 0.38s
detect-doubleDragging: succeeded in 1.09s
detect-blackList: succeeded in 0.03s
detect-abnormalTransfer: succeeded in 0.11s
detect-abnormalStaying: succeeded in 3.16s
detect-abnormalWandering: succeeded in 3.03s
detect-deviation: succeeded in 0.88s
detect-highSpeedBoat: succeeded in 1.59s
detect-collision: succeeded in 0.03s
detect-illegalBerthing: succeeded in 0.08s
detect-illegalStaying: succeeded in 0.12s
detect-illegalAnchored: succeeded in 0.28s
detect-CrossingBoundary: succeeded in 0.28s
detect-lowSpeedBoat: succeeded in 0.41s
detect-blackList: succeeded in 0.03s
detect-abnormalTransfer: succeeded in 0.19s
detect-abnormalWandering: succeeded in 3.19s
detect-doubleDragging: succeeded in 2.03s
detect-deviation: succeeded in 0.50s
detect-abnormalStaying: succeeded in 3.67s
detect-highSpeedBoat: succeeded in 0.94s
detect-illegalBerthing: succeeded in 0.06s
detect-collision: succeeded in 0.11s
detect-CrossingBoundary: succeeded in 0.12s
detect-illegalStaying: succeeded in 0.16s
detect-illegalAnchored: succeeded in 0.30s
detect-lowSpeedBoat: succeeded in 0.41s
detect-doubleDragging: succeeded in 1.12s
detect-blackList: succeeded in 0.02s
detect-abnormalTransfer: succeeded in 0.06s
detect-deviation: succeeded in 0.47s
detect-abnormalWandering: succeeded in 2.83s
detect-abnormalStaying: succeeded in 2.70s
detect-highSpeedBoat: succeeded in 1.12s
detect-illegalBerthing: succeeded in 0.11s
detect-CrossingBoundary: succeeded in 0.14s
detect-illegalStaying: succeeded in 0.16s
detect-collision: succeeded in 0.17s
detect-illegalAnchored: succeeded in 0.25s
detect-lowSpeedBoat: succeeded in 0.64s
detect-doubleDragging: succeeded in 1.25s
detect-blackList: succeeded in 0.05s
detect-abnormalTransfer: succeeded in 0.19s
detect-deviation: succeeded in 0.55s
detect-abnormalWandering: succeeded in 3.20s
detect-highSpeedBoat: succeeded in 0.73s
detect-abnormalStaying: succeeded in 3.25s
detect-collision: succeeded in 0.01s
detect-illegalBerthing: succeeded in 0.08s
detect-illegalStaying: succeeded in 0.08s
detect-CrossingBoundary: succeeded in 0.11s
detect-illegalAnchored: succeeded in 0.17s
detect-lowSpeedBoat: succeeded in 0.25s
detect-doubleDragging: succeeded in 1.26s
detect-abnormalTransfer: succeeded in 0.06s
detect-blackList: succeeded in 0.08s
detect-abnormalWandering: succeeded in 2.44s
detect-abnormalStaying: succeeded in 2.55s
detect-deviation: succeeded in 0.61s
detect-highSpeedBoat: succeeded in 1.09s
detect-collision: succeeded in 0.03s
detect-illegalStaying: succeeded in 0.14s
detect-illegalBerthing: succeeded in 0.19s
detect-CrossingBoundary: succeeded in 0.20s
detect-illegalAnchored: succeeded in 0.22s
detect-lowSpeedBoat: succeeded in 0.34s
detect-doubleDragging: succeeded in 0.94s
detect-blackList: succeeded in 0.17s
detect-abnormalTransfer: succeeded in 0.19s
detect-abnormalWandering: succeeded in 2.86s
detect-deviation: succeeded in 0.45s
detect-abnormalStaying: succeeded in 2.97s
detect-highSpeedBoat: succeeded in 0.81s
detect-collision: succeeded in 0.03s
detect-illegalBerthing: succeeded in 0.08s
detect-illegalAnchored: succeeded in 0.24s
detect-CrossingBoundary: succeeded in 0.25s
detect-illegalStaying: succeeded in 0.30s
detect-lowSpeedBoat: succeeded in 0.50s
detect-doubleDragging: succeeded in 1.11s
detect-blackList: succeeded in 0.03s
detect-abnormalTransfer: succeeded in 0.19s
detect-abnormalWandering: succeeded in 3.22s
detect-deviation: succeeded in 0.61s
detect-highSpeedBoat: succeeded in 1.05s
detect-abnormalStaying: succeeded in 3.36s
detect-collision: succeeded in 0.03s
detect-illegalBerthing: succeeded in 0.08s
detect-illegalStaying: succeeded in 0.12s
detect-CrossingBoundary: succeeded in 0.20s
detect-illegalAnchored: succeeded in 0.20s
detect-lowSpeedBoat: succeeded in 0.38s
detect-doubleDragging: succeeded in 1.17s
detect-blackList: succeeded in 0.03s
detect-abnormalTransfer: succeeded in 0.14s
detect-abnormalWandering: succeeded in 2.84s
detect-deviation: succeeded in 1.00s
detect-abnormalStaying: succeeded in 2.89s
detect-highSpeedBoat: succeeded in 1.17s
detect-illegalBerthing: succeeded in 0.05s
detect-collision: succeeded in 0.12s
detect-illegalStaying: succeeded in 0.14s
detect-CrossingBoundary: succeeded in 0.22s
detect-illegalAnchored: succeeded in 0.42s
detect-lowSpeedBoat: succeeded in 0.51s
detect-doubleDragging: succeeded in 1.01s
detect-blackList: succeeded in 0.03s
detect-abnormalTransfer: succeeded in 0.14s
detect-abnormalWandering: succeeded in 2.89s
detect-deviation: succeeded in 0.58s
detect-highSpeedBoat: succeeded in 0.73s
detect-abnormalStaying: succeeded in 2.83s
detect-CrossingBoundary: succeeded in 0.16s
detect-illegalBerthing: succeeded in 0.16s
detect-collision: succeeded in 0.19s
detect-illegalAnchored: succeeded in 0.23s
detect-illegalStaying: succeeded in 0.33s
detect-lowSpeedBoat: succeeded in 0.67s
detect-blackList: succeeded in 0.03s
detect-abnormalTransfer: succeeded in 0.17s
detect-doubleDragging: succeeded in 1.70s
detect-deviation: succeeded in 0.62s
detect-highSpeedBoat: succeeded in 0.70s
detect-abnormalWandering: succeeded in 3.23s
detect-abnormalStaying: succeeded in 3.19s
detect-collision: succeeded in 0.03s
detect-illegalStaying: succeeded in 0.08s
detect-CrossingBoundary: succeeded in 0.12s
detect-illegalBerthing: succeeded in 0.14s
detect-illegalAnchored: succeeded in 0.20s
detect-lowSpeedBoat: succeeded in 0.39s
detect-doubleDragging: succeeded in 0.94s
detect-abnormalTransfer: succeeded in 0.17s
detect-blackList: succeeded in 0.19s
detect-deviation: succeeded in 0.52s
detect-abnormalWandering: succeeded in 2.62s
detect-highSpeedBoat: succeeded in 0.69s
detect-abnormalStaying: succeeded in 2.55s
detect-collision: succeeded in 0.03s
detect-CrossingBoundary: succeeded in 0.12s
detect-illegalStaying: succeeded in 0.19s
detect-illegalBerthing: succeeded in 0.25s
detect-illegalAnchored: succeeded in 0.27s
detect-lowSpeedBoat: succeeded in 0.34s
detect-doubleDragging: succeeded in 1.28s
detect-blackList: succeeded in 0.08s
detect-abnormalTransfer: succeeded in 0.16s
detect-deviation: succeeded in 0.59s
detect-abnormalWandering: succeeded in 3.27s
detect-abnormalStaying: succeeded in 2.97s
detect-collision: succeeded in 0.06s
detect-illegalBerthing: succeeded in 0.11s
detect-CrossingBoundary: succeeded in 0.14s
detect-illegalStaying: succeeded in 0.17s
detect-illegalAnchored: succeeded in 0.22s
detect-lowSpeedBoat: succeeded in 0.53s
detect-highSpeedBoat: succeeded in 2.09s
detect-blackList: succeeded in 0.03s
detect-doubleDragging: succeeded in 1.61s
detect-abnormalTransfer: succeeded in 0.28s
detect-deviation: succeeded in 0.67s
detect-abnormalWandering: succeeded in 3.11s
detect-abnormalStaying: succeeded in 3.47s
detect-highSpeedBoat: succeeded in 1.59s
detect-collision: succeeded in 0.03s
detect-illegalBerthing: succeeded in 0.06s
detect-illegalStaying: succeeded in 0.20s
detect-CrossingBoundary: succeeded in 0.26s
detect-illegalAnchored: succeeded in 0.27s
detect-lowSpeedBoat: succeeded in 0.45s
detect-doubleDragging: succeeded in 0.97s
detect-blackList: succeeded in 0.03s
detect-abnormalTransfer: succeeded in 0.11s
detect-highSpeedBoat: succeeded in 0.56s
detect-deviation: succeeded in 0.64s
detect-abnormalWandering: succeeded in 3.05s
detect-abnormalStaying: succeeded in 3.08s
detect-illegalBerthing: succeeded in 0.03s
detect-CrossingBoundary: succeeded in 0.12s
detect-collision: succeeded in 0.17s
detect-illegalStaying: succeeded in 0.19s
detect-illegalAnchored: succeeded in 0.22s
detect-lowSpeedBoat: succeeded in 0.75s
detect-abnormalTransfer: succeeded in 0.12s
detect-blackList: succeeded in 0.12s
detect-deviation: succeeded in 0.58s
detect-abnormalWandering: succeeded in 3.03s
detect-doubleDragging: succeeded in 2.47s
detect-abnormalStaying: succeeded in 2.91s
detect-highSpeedBoat: succeeded in 1.30s
detect-illegalBerthing: succeeded in 0.05s
detect-collision: succeeded in 0.09s
detect-illegalStaying: succeeded in 0.09s
detect-CrossingBoundary: succeeded in 0.20s
detect-illegalAnchored: succeeded in 0.24s
detect-lowSpeedBoat: succeeded in 0.36s
detect-doubleDragging: succeeded in 1.14s
detect-blackList: succeeded in 0.05s
detect-abnormalTransfer: succeeded in 0.06s
detect-deviation: succeeded in 0.56s
detect-abnormalWandering: succeeded in 2.78s
detect-highSpeedBoat: succeeded in 0.61s
detect-abnormalStaying: succeeded in 3.14s
detect-collision: succeeded in 0.01s
detect-CrossingBoundary: succeeded in 0.11s
detect-illegalStaying: succeeded in 0.17s
detect-illegalBerthing: succeeded in 0.24s
detect-illegalAnchored: succeeded in 0.33s
detect-lowSpeedBoat: succeeded in 0.49s
detect-abnormalTransfer: succeeded in 0.16s
detect-blackList: succeeded in 0.17s
detect-doubleDragging: succeeded in 1.62s
detect-deviation: succeeded in 0.44s
detect-abnormalWandering: succeeded in 3.20s
detect-highSpeedBoat: succeeded in 0.78s
detect-abnormalStaying: succeeded in 2.62s
detect-collision: succeeded in 0.02s
detect-illegalBerthing: succeeded in 0.08s
detect-illegalStaying: succeeded in 0.09s
detect-CrossingBoundary: succeeded in 0.12s
detect-illegalAnchored: succeeded in 0.19s
detect-lowSpeedBoat: succeeded in 0.41s
detect-doubleDragging: succeeded in 1.08s
detect-blackList: succeeded in 0.19s
detect-abnormalTransfer: succeeded in 0.28s
detect-abnormalWandering: succeeded in 2.86s
detect-deviation: succeeded in 0.61s
detect-abnormalStaying: succeeded in 2.72s
detect-collision: succeeded in 0.03s
detect-highSpeedBoat: succeeded in 1.59s
detect-illegalBerthing: succeeded in 0.08s
detect-illegalAnchored: succeeded in 0.19s
detect-CrossingBoundary: succeeded in 0.20s
detect-illegalStaying: succeeded in 0.20s
detect-lowSpeedBoat: succeeded in 0.38s
detect-doubleDragging: succeeded in 1.02s
detect-blackList: succeeded in 0.02s
detect-abnormalWandering: succeeded in 2.59s
detect-abnormalTransfer: succeeded in 0.19s
detect-abnormalStaying: succeeded in 2.74s
detect-deviation: succeeded in 0.58s
detect-highSpeedBoat: succeeded in 0.75s
detect-collision: succeeded in 0.03s
detect-illegalBerthing: succeeded in 0.08s
detect-illegalAnchored: succeeded in 0.20s
detect-CrossingBoundary: succeeded in 0.22s
detect-illegalStaying: succeeded in 0.22s
detect-lowSpeedBoat: succeeded in 0.41s
detect-doubleDragging: succeeded in 1.11s
detect-abnormalWandering: succeeded in 2.80s
detect-blackList: succeeded in 0.05s
detect-abnormalTransfer: succeeded in 0.14s
detect-abnormalStaying: succeeded in 3.17s
detect-deviation: succeeded in 0.75s
detect-highSpeedBoat: succeeded in 1.02s
detect-illegalBerthing: succeeded in 0.05s
detect-illegalStaying: succeeded in 0.16s
detect-collision: succeeded in 0.19s
detect-CrossingBoundary: succeeded in 0.20s
detect-illegalAnchored: succeeded in 0.30s
detect-lowSpeedBoat: succeeded in 0.36s
detect-doubleDragging: succeeded in 1.01s
detect-abnormalWandering: succeeded in 2.92s
detect-blackList: succeeded in 0.03s
detect-abnormalTransfer: succeeded in 0.06s
detect-abnormalStaying: succeeded in 2.78s
detect-deviation: succeeded in 0.50s
detect-highSpeedBoat: succeeded in 1.03s
detect-illegalBerthing: succeeded in 0.08s
detect-illegalStaying: succeeded in 0.12s
detect-CrossingBoundary: succeeded in 0.19s
detect-collision: succeeded in 0.22s
detect-illegalAnchored: succeeded in 0.22s
detect-lowSpeedBoat: succeeded in 0.33s
detect-doubleDragging: succeeded in 0.95s
detect-abnormalWandering: succeeded in 2.59s
detect-blackList: succeeded in 0.03s
detect-abnormalTransfer: succeeded in 0.05s
detect-abnormalStaying: succeeded in 2.72s
detect-deviation: succeeded in 0.47s
detect-highSpeedBoat: succeeded in 1.26s
detect-collision: succeeded in 0.03s
detect-illegalStaying: succeeded in 0.08s
detect-CrossingBoundary: succeeded in 0.14s
detect-illegalBerthing: succeeded in 0.14s
detect-lowSpeedBoat: succeeded in 0.28s
detect-illegalAnchored: succeeded in 0.39s
detect-abnormalWandering: succeeded in 3.16s
detect-blackList: succeeded in 0.17s
detect-abnormalTransfer: succeeded in 0.25s
detect-abnormalStaying: succeeded in 3.44s
detect-deviation: succeeded in 0.83s
detect-doubleDragging: succeeded in 2.42s
detect-highSpeedBoat: succeeded in 1.44s
detect-collision: succeeded in 0.03s
detect-CrossingBoundary: succeeded in 0.14s
detect-illegalStaying: succeeded in 0.19s
detect-illegalBerthing: succeeded in 0.38s
detect-illegalAnchored: succeeded in 0.39s
detect-lowSpeedBoat: succeeded in 0.56s
detect-doubleDragging: succeeded in 1.02s
detect-abnormalWandering: succeeded in 3.16s
detect-abnormalTransfer: succeeded in 0.26s
detect-blackList: succeeded in 0.28s
detect-deviation: succeeded in 0.50s
detect-abnormalStaying: succeeded in 3.26s
detect-highSpeedBoat: succeeded in 1.17s
detect-collision: succeeded in 0.03s
detect-illegalBerthing: succeeded in 0.06s
detect-illegalAnchored: succeeded in 0.27s
detect-CrossingBoundary: succeeded in 0.31s
detect-illegalStaying: succeeded in 0.31s
detect-lowSpeedBoat: succeeded in 0.55s
detect-blackList: succeeded in 0.05s
detect-doubleDragging: succeeded in 1.69s
detect-abnormalTransfer: succeeded in 0.19s
detect-abnormalWandering: succeeded in 3.19s
detect-abnormalStaying: succeeded in 3.00s
detect-highSpeedBoat: succeeded in 0.52s
detect-deviation: succeeded in 0.53s
detect-collision: succeeded in 0.03s
detect-illegalBerthing: succeeded in 0.08s
detect-CrossingBoundary: succeeded in 0.20s
detect-illegalStaying: succeeded in 0.22s
detect-illegalAnchored: succeeded in 0.25s
detect-lowSpeedBoat: succeeded in 0.39s
detect-abnormalWandering: succeeded in 3.00s
detect-abnormalStaying: succeeded in 2.89s
detect-blackList: succeeded in 0.02s
detect-abnormalTransfer: succeeded in 0.14s
detect-deviation: succeeded in 0.72s
detect-highSpeedBoat: succeeded in 1.00s
detect-doubleDragging: succeeded in 3.23s
detect-illegalBerthing: succeeded in 0.05s
detect-collision: succeeded in 0.14s
detect-CrossingBoundary: succeeded in 0.16s
detect-illegalStaying: succeeded in 0.19s
detect-illegalAnchored: succeeded in 0.19s
detect-lowSpeedBoat: succeeded in 0.33s
detect-blackList: succeeded in 0.03s
detect-abnormalTransfer: succeeded in 0.11s
detect-abnormalWandering: succeeded in 3.06s
detect-doubleDragging: succeeded in 1.64s
detect-abnormalStaying: succeeded in 3.16s
detect-deviation: succeeded in 0.50s
detect-highSpeedBoat: succeeded in 0.56s
detect-illegalBerthing: succeeded in 0.05s
detect-collision: succeeded in 0.16s
detect-CrossingBoundary: succeeded in 0.23s
detect-illegalStaying: succeeded in 0.30s
detect-illegalAnchored: succeeded in 0.31s
detect-lowSpeedBoat: succeeded in 0.44s
detect-blackList: succeeded in 0.03s
detect-abnormalTransfer: succeeded in 0.09s
detect-abnormalWandering: succeeded in 3.17s
detect-abnormalStaying: succeeded in 3.27s
detect-deviation: succeeded in 0.53s
detect-highSpeedBoat: succeeded in 0.58s
detect-doubleDragging: succeeded in 2.70s
detect-collision: succeeded in 0.03s
detect-illegalStaying: succeeded in 0.11s
detect-CrossingBoundary: succeeded in 0.25s
detect-illegalBerthing: succeeded in 0.26s
detect-illegalAnchored: succeeded in 0.30s
detect-lowSpeedBoat: succeeded in 0.36s
detect-doubleDragging: succeeded in 1.22s
detect-abnormalTransfer: succeeded in 0.06s
detect-blackList: succeeded in 0.19s
detect-abnormalWandering: succeeded in 3.19s
detect-deviation: succeeded in 0.69s
detect-highSpeedBoat: succeeded in 0.89s
detect-abnormalStaying: succeeded in 3.72s
detect-collision: succeeded in 0.03s
detect-CrossingBoundary: succeeded in 0.11s
detect-illegalBerthing: succeeded in 0.12s
detect-illegalStaying: succeeded in 0.17s
detect-illegalAnchored: succeeded in 0.25s
detect-lowSpeedBoat: succeeded in 0.34s
detect-doubleDragging: succeeded in 1.19s
detect-blackList: succeeded in 0.25s
detect-abnormalTransfer: succeeded in 0.28s
detect-abnormalWandering: succeeded in 3.11s
detect-highSpeedBoat: succeeded in 0.66s
detect-deviation: succeeded in 0.70s
detect-abnormalStaying: succeeded in 3.09s
detect-collision: succeeded in 0.03s
detect-illegalBerthing: succeeded in 0.05s
detect-illegalStaying: succeeded in 0.16s
detect-CrossingBoundary: succeeded in 0.16s
detect-illegalAnchored: succeeded in 0.17s
detect-lowSpeedBoat: succeeded in 0.33s
detect-doubleDragging: succeeded in 1.22s
detect-blackList: succeeded in 0.03s
detect-abnormalTransfer: succeeded in 0.16s
detect-abnormalWandering: succeeded in 3.39s
detect-deviation: succeeded in 1.17s
detect-abnormalStaying: succeeded in 3.30s
detect-highSpeedBoat: succeeded in 1.28s
detect-collision: succeeded in 0.01s
detect-illegalBerthing: succeeded in 0.05s
detect-CrossingBoundary: succeeded in 0.16s
detect-illegalStaying: succeeded in 0.19s
detect-illegalAnchored: succeeded in 0.20s
detect-lowSpeedBoat: succeeded in 0.34s
detect-doubleDragging: succeeded in 1.33s
detect-blackList: succeeded in 0.03s
detect-abnormalTransfer: succeeded in 0.09s
detect-abnormalWandering: succeeded in 2.95s
detect-highSpeedBoat: succeeded in 0.69s
detect-deviation: succeeded in 0.70s
detect-abnormalStaying: succeeded in 2.98s
detect-illegalBerthing: succeeded in 0.05s
detect-CrossingBoundary: succeeded in 0.14s
detect-collision: succeeded in 0.19s
detect-illegalStaying: succeeded in 0.19s
detect-illegalAnchored: succeeded in 0.25s
detect-lowSpeedBoat: succeeded in 0.39s
detect-blackList: succeeded in 0.03s
detect-abnormalTransfer: succeeded in 0.09s
detect-abnormalWandering: succeeded in 3.19s
detect-deviation: succeeded in 0.78s
detect-abnormalStaying: succeeded in 3.08s
detect-doubleDragging: succeeded in 2.98s
detect-highSpeedBoat: succeeded in 1.58s
detect-illegalBerthing: succeeded in 0.06s
detect-CrossingBoundary: succeeded in 0.14s
detect-illegalStaying: succeeded in 0.16s
detect-collision: succeeded in 0.19s
detect-illegalAnchored: succeeded in 0.22s
detect-lowSpeedBoat: succeeded in 0.30s
detect-doubleDragging: succeeded in 1.30s
detect-blackList: succeeded in 0.03s
detect-abnormalTransfer: succeeded in 0.23s
detect-abnormalWandering: succeeded in 3.12s
detect-deviation: succeeded in 0.69s
detect-highSpeedBoat: succeeded in 0.91s
detect-abnormalStaying: succeeded in 3.47s
detect-collision: succeeded in 0.03s
detect-illegalBerthing: succeeded in 0.19s
detect-illegalStaying: succeeded in 0.19s
detect-CrossingBoundary: succeeded in 0.25s
detect-illegalAnchored: succeeded in 0.25s
detect-lowSpeedBoat: succeeded in 0.34s
detect-doubleDragging: succeeded in 1.28s
detect-abnormalWandering: succeeded in 2.83s
detect-abnormalTransfer: succeeded in 0.12s
detect-blackList: succeeded in 0.20s
detect-deviation: succeeded in 0.76s
detect-highSpeedBoat: succeeded in 1.00s
detect-abnormalStaying: succeeded in 3.27s
detect-collision: succeeded in 0.02s
detect-illegalStaying: succeeded in 0.09s
detect-illegalBerthing: succeeded in 0.12s
detect-CrossingBoundary: succeeded in 0.23s
detect-illegalAnchored: succeeded in 0.26s
detect-lowSpeedBoat: succeeded in 0.62s
detect-doubleDragging: succeeded in 1.61s
detect-blackList: succeeded in 0.19s
detect-abnormalTransfer: succeeded in 0.25s
detect-abnormalWandering: succeeded in 3.22s
detect-deviation: succeeded in 0.61s
detect-highSpeedBoat: succeeded in 1.38s
detect-abnormalStaying: succeeded in 3.08s
detect-collision: succeeded in 0.01s
detect-illegalBerthing: succeeded in 0.05s
detect-illegalAnchored: succeeded in 0.17s
detect-illegalStaying: succeeded in 0.20s
detect-CrossingBoundary: succeeded in 0.27s
detect-lowSpeedBoat: succeeded in 0.36s
detect-doubleDragging: succeeded in 1.09s
detect-blackList: succeeded in 0.03s
detect-abnormalTransfer: succeeded in 0.23s
detect-abnormalWandering: succeeded in 3.28s
detect-deviation: succeeded in 0.75s
detect-abnormalStaying: succeeded in 3.05s
detect-collision: succeeded in 0.03s
detect-highSpeedBoat: succeeded in 1.66s
detect-illegalBerthing: succeeded in 0.06s
detect-CrossingBoundary: succeeded in 0.20s
detect-illegalAnchored: succeeded in 0.23s
detect-illegalStaying: succeeded in 0.24s
detect-lowSpeedBoat: succeeded in 0.44s
detect-doubleDragging: succeeded in 1.91s
detect-blackList: succeeded in 0.03s
detect-abnormalTransfer: succeeded in 0.12s
detect-highSpeedBoat: succeeded in 1.11s
detect-deviation: succeeded in 1.12s
detect-illegalBerthing: succeeded in 0.05s
detect-abnormalWandering: succeeded in 5.11s
detect-illegalAnchored: succeeded in 0.23s
detect-collision: succeeded in 0.30s
detect-CrossingBoundary: succeeded in 0.33s
detect-lowSpeedBoat: succeeded in 0.41s
detect-abnormalStaying: succeeded in 4.30s
detect-illegalStaying: succeeded in 0.51s
detect-blackList: succeeded in 0.03s
detect-abnormalTransfer: succeeded in 0.11s
detect-deviation: succeeded in 0.73s
detect-doubleDragging: succeeded in 2.75s
detect-illegalBerthing: succeeded in 0.14s
detect-collision: succeeded in 0.17s
detect-CrossingBoundary: succeeded in 0.16s
detect-illegalStaying: succeeded in 0.20s
detect-illegalAnchored: succeeded in 0.41s
detect-lowSpeedBoat: succeeded in 0.39s
detect-highSpeedBoat: succeeded in 2.36s
detect-abnormalWandering: succeeded in 4.47s
detect-doubleDragging: succeeded in 1.36s
detect-blackList: succeeded in 0.06s
detect-abnormalTransfer: succeeded in 0.42s
detect-deviation: succeeded in 0.92s
detect-highSpeedBoat: succeeded in 1.01s
detect-collision: succeeded in 0.03s
detect-CrossingBoundary: succeeded in 0.17s
detect-illegalBerthing: succeeded in 0.19s
detect-illegalStaying: succeeded in 0.23s
detect-illegalAnchored: succeeded in 0.36s
detect-lowSpeedBoat: succeeded in 0.44s
detect-abnormalStaying: succeeded in 5.55s
detect-doubleDragging: succeeded in 1.48s
detect-blackList: succeeded in 0.09s
detect-abnormalTransfer: succeeded in 0.19s
detect-abnormalWandering: succeeded in 4.42s
detect-deviation: succeeded in 0.74s
detect-highSpeedBoat: succeeded in 1.28s
detect-collision: succeeded in 0.03s
detect-illegalBerthing: succeeded in 0.22s
detect-illegalStaying: succeeded in 0.31s
detect-illegalAnchored: succeeded in 0.31s
detect-CrossingBoundary: succeeded in 0.39s
detect-lowSpeedBoat: succeeded in 0.58s
detect-abnormalStaying: succeeded in 3.89s
detect-doubleDragging: succeeded in 1.95s
detect-abnormalTransfer: succeeded in 0.20s
detect-blackList: succeeded in 0.25s
detect-deviation: succeeded in 0.83s
detect-abnormalWandering: succeeded in 4.23s
detect-highSpeedBoat: succeeded in 1.84s
detect-collision: succeeded in 0.05s
detect-illegalBerthing: succeeded in 0.31s
detect-illegalStaying: succeeded in 0.58s
detect-CrossingBoundary: succeeded in 0.66s
detect-illegalAnchored: succeeded in 0.62s
detect-lowSpeedBoat: succeeded in 0.61s
detect-abnormalStaying: succeeded in 4.25s
detect-doubleDragging: succeeded in 1.86s
detect-blackList: succeeded in 0.05s
detect-abnormalTransfer: succeeded in 0.20s
detect-deviation: succeeded in 0.52s
detect-highSpeedBoat: succeeded in 1.12s
detect-abnormalWandering: succeeded in 4.00s
detect-collision: succeeded in 0.03s
detect-illegalBerthing: succeeded in 0.17s
detect-illegalAnchored: succeeded in 0.23s
detect-CrossingBoundary: succeeded in 0.33s
detect-illegalStaying: succeeded in 0.36s
detect-lowSpeedBoat: succeeded in 0.38s
detect-abnormalStaying: succeeded in 3.66s
detect-blackList: succeeded in 0.03s
detect-abnormalTransfer: succeeded in 0.11s
detect-deviation: succeeded in 0.75s
detect-doubleDragging: succeeded in 2.59s
detect-highSpeedBoat: succeeded in 0.94s
detect-illegalBerthing: succeeded in 0.08s
detect-collision: succeeded in 0.22s
detect-CrossingBoundary: succeeded in 0.22s
detect-illegalAnchored: succeeded in 0.23s
detect-illegalStaying: succeeded in 0.23s
detect-lowSpeedBoat: succeeded in 0.36s
detect-abnormalWandering: succeeded in 4.19s
detect-blackList: succeeded in 0.05s
detect-abnormalTransfer: succeeded in 0.09s
detect-doubleDragging: succeeded in 1.69s
detect-abnormalStaying: succeeded in 3.66s
detect-deviation: succeeded in 0.66s
detect-highSpeedBoat: succeeded in 0.78s
detect-illegalBerthing: succeeded in 0.14s
detect-collision: succeeded in 0.24s
detect-CrossingBoundary: succeeded in 0.27s
detect-illegalStaying: succeeded in 0.28s
detect-illegalAnchored: succeeded in 0.30s
detect-lowSpeedBoat: succeeded in 0.38s
detect-abnormalWandering: succeeded in 3.73s
detect-abnormalTransfer: succeeded in 0.09s
detect-blackList: succeeded in 0.11s
detect-doubleDragging: succeeded in 2.45s
detect-deviation: succeeded in 0.97s
detect-highSpeedBoat: succeeded in 1.03s
detect-collision: succeeded in 0.03s
detect-CrossingBoundary: succeeded in 0.14s
detect-abnormalStaying: succeeded in 3.50s
detect-illegalStaying: succeeded in 0.16s
detect-illegalBerthing: succeeded in 0.16s
detect-illegalAnchored: succeeded in 0.19s
detect-lowSpeedBoat: succeeded in 0.39s
detect-doubleDragging: succeeded in 1.26s
detect-abnormalTransfer: succeeded in 0.11s
detect-blackList: succeeded in 0.16s
detect-abnormalWandering: succeeded in 4.22s
detect-deviation: succeeded in 0.69s
detect-highSpeedBoat: succeeded in 0.69s
detect-collision: succeeded in 0.03s
detect-illegalBerthing: succeeded in 0.12s
detect-CrossingBoundary: succeeded in 0.16s
detect-illegalStaying: succeeded in 0.16s
detect-illegalAnchored: succeeded in 0.28s
detect-lowSpeedBoat: succeeded in 0.47s
detect-abnormalStaying: succeeded in 3.97s
detect-doubleDragging: succeeded in 1.48s
detect-blackList: succeeded in 0.36s
detect-abnormalTransfer: succeeded in 0.42s
detect-abnormalWandering: succeeded in 4.25s
detect-deviation: succeeded in 1.06s
detect-collision: succeeded in 0.03s
detect-illegalAnchored: succeeded in 0.17s
detect-illegalBerthing: succeeded in 0.20s
detect-illegalStaying: succeeded in 0.47s
detect-highSpeedBoat: succeeded in 2.36s
detect-CrossingBoundary: succeeded in 0.62s
detect-lowSpeedBoat: succeeded in 0.67s
detect-abnormalStaying: succeeded in 4.20s
detect-doubleDragging: succeeded in 1.91s
detect-blackList: succeeded in 0.06s
detect-abnormalTransfer: succeeded in 0.51s
detect-deviation: succeeded in 0.74s
detect-highSpeedBoat: succeeded in 0.77s
detect-abnormalWandering: succeeded in 3.80s
detect-doubleDragging: succeeded in 1.52s
detect-collision: succeeded in 0.03s
detect-illegalBerthing: succeeded in 0.09s
detect-illegalStaying: succeeded in 0.27s
detect-CrossingBoundary: succeeded in 0.34s
detect-lowSpeedBoat: succeeded in 0.34s
detect-illegalAnchored: succeeded in 0.38s
detect-blackList: succeeded in 0.08s
detect-abnormalTransfer: succeeded in 0.14s
detect-abnormalStaying: succeeded in 3.92s
detect-deviation: succeeded in 0.98s
detect-highSpeedBoat: succeeded in 1.56s
detect-illegalBerthing: succeeded in 0.11s
detect-CrossingBoundary: succeeded in 0.16s
detect-abnormalWandering: succeeded in 4.11s
detect-illegalAnchored: succeeded in 0.20s
detect-illegalStaying: succeeded in 0.19s
detect-collision: succeeded in 0.26s
detect-lowSpeedBoat: succeeded in 0.41s
detect-doubleDragging: succeeded in 2.09s
detect-blackList: succeeded in 0.05s
detect-abnormalTransfer: succeeded in 0.12s
detect-deviation: succeeded in 0.75s
detect-highSpeedBoat: succeeded in 1.24s
detect-doubleDragging: succeeded in 1.64s
detect-abnormalStaying: succeeded in 4.70s
detect-CrossingBoundary: succeeded in 0.17s
detect-illegalBerthing: succeeded in 0.20s
detect-collision: succeeded in 0.28s
detect-illegalAnchored: succeeded in 0.24s
detect-illegalStaying: succeeded in 0.30s
detect-lowSpeedBoat: succeeded in 0.41s
detect-abnormalWandering: succeeded in 4.30s
detect-blackList: succeeded in 0.05s
detect-abnormalTransfer: succeeded in 0.14s
detect-deviation: succeeded in 1.02s
detect-abnormalStaying: succeeded in 3.64s
detect-highSpeedBoat: succeeded in 1.59s
detect-collision: succeeded in 0.05s
detect-illegalStaying: succeeded in 0.14s
detect-CrossingBoundary: succeeded in 0.26s
detect-illegalBerthing: succeeded in 0.23s
detect-illegalAnchored: succeeded in 0.25s
detect-lowSpeedBoat: succeeded in 0.38s
detect-abnormalWandering: succeeded in 3.53s
detect-doubleDragging: succeeded in 2.33s
detect-blackList: succeeded in 0.39s
detect-highSpeedBoat: succeeded in 0.61s
detect-abnormalTransfer: succeeded in 0.64s
detect-deviation: succeeded in 0.83s
detect-doubleDragging: succeeded in 1.49s
detect-abnormalStaying: succeeded in 3.16s
detect-collision: succeeded in 0.03s
detect-illegalBerthing: succeeded in 0.05s
detect-CrossingBoundary: succeeded in 0.19s
detect-illegalAnchored: succeeded in 0.19s
detect-illegalStaying: succeeded in 0.22s
detect-lowSpeedBoat: succeeded in 0.45s
detect-blackList: succeeded in 0.03s
detect-abnormalWandering: succeeded in 3.39s
detect-abnormalTransfer: succeeded in 0.33s
detect-highSpeedBoat: succeeded in 0.69s
detect-deviation: succeeded in 0.91s
detect-doubleDragging: succeeded in 1.31s
detect-collision: succeeded in 0.03s
detect-illegalBerthing: succeeded in 0.05s
detect-abnormalStaying: succeeded in 3.42s
detect-illegalAnchored: succeeded in 0.34s
detect-illegalStaying: succeeded in 0.45s
detect-CrossingBoundary: succeeded in 0.48s
detect-lowSpeedBoat: succeeded in 0.61s
detect-blackList: succeeded in 0.03s
detect-abnormalTransfer: succeeded in 0.06s
detect-abnormalWandering: succeeded in 3.66s
detect-deviation: succeeded in 0.98s
detect-doubleDragging: succeeded in 1.44s
detect-illegalBerthing: succeeded in 0.05s
detect-illegalStaying: succeeded in 0.09s
detect-collision: succeeded in 0.12s
detect-CrossingBoundary: succeeded in 0.20s
detect-illegalAnchored: succeeded in 0.25s
detect-lowSpeedBoat: succeeded in 0.33s
detect-abnormalStaying: succeeded in 3.47s
detect-highSpeedBoat: succeeded in 2.06s
detect-blackList: succeeded in 0.03s
detect-abnormalTransfer: succeeded in 0.14s
detect-deviation: succeeded in 0.67s
detect-highSpeedBoat: succeeded in 0.91s
detect-abnormalWandering: succeeded in 2.92s
detect-doubleDragging: succeeded in 1.33s
detect-illegalBerthing: succeeded in 0.09s
detect-illegalStaying: succeeded in 0.12s
detect-collision: succeeded in 0.19s
detect-CrossingBoundary: succeeded in 0.19s
detect-illegalAnchored: succeeded in 0.20s
detect-abnormalStaying: succeeded in 2.97s
detect-lowSpeedBoat: succeeded in 0.38s
detect-blackList: succeeded in 0.05s
detect-abnormalTransfer: succeeded in 0.12s
detect-deviation: succeeded in 0.58s
detect-highSpeedBoat: succeeded in 0.66s
detect-doubleDragging: succeeded in 1.31s
detect-collision: succeeded in 0.03s
detect-abnormalWandering: succeeded in 3.23s
detect-CrossingBoundary: succeeded in 0.19s
detect-illegalStaying: succeeded in 0.19s
detect-illegalBerthing: succeeded in 0.19s
detect-illegalAnchored: succeeded in 0.34s
detect-lowSpeedBoat: succeeded in 0.36s
detect-abnormalTransfer: succeeded in 0.12s
detect-blackList: succeeded in 0.16s
detect-deviation: succeeded in 0.61s
detect-abnormalStaying: succeeded in 3.95s
detect-highSpeedBoat: succeeded in 0.80s
detect-abnormalWandering: succeeded in 2.92s
detect-collision: succeeded in 0.03s
detect-doubleDragging: succeeded in 1.61s
detect-illegalStaying: succeeded in 0.14s
detect-illegalBerthing: succeeded in 0.14s
detect-CrossingBoundary: succeeded in 0.17s
detect-illegalAnchored: succeeded in 0.19s
detect-lowSpeedBoat: succeeded in 0.36s
detect-blackList: succeeded in 0.28s
detect-abnormalTransfer: succeeded in 0.31s
detect-deviation: succeeded in 0.62s
detect-highSpeedBoat: succeeded in 0.73s
detect-abnormalStaying: succeeded in 3.39s
detect-doubleDragging: succeeded in 1.09s
detect-abnormalWandering: succeeded in 3.09s
detect-collision: succeeded in 0.03s
detect-illegalBerthing: succeeded in 0.08s
detect-illegalAnchored: succeeded in 0.48s
detect-illegalStaying: succeeded in 0.62s
detect-CrossingBoundary: succeeded in 0.73s
detect-lowSpeedBoat: succeeded in 0.74s
detect-blackList: succeeded in 0.05s
detect-abnormalTransfer: succeeded in 0.19s
detect-highSpeedBoat: succeeded in 0.53s
detect-deviation: succeeded in 0.70s
detect-doubleDragging: succeeded in 1.26s
detect-abnormalWandering: succeeded in 3.12s
detect-collision: succeeded in 0.03s
detect-abnormalStaying: succeeded in 4.20s
detect-illegalBerthing: succeeded in 0.06s
detect-CrossingBoundary: succeeded in 0.14s
detect-illegalStaying: succeeded in 0.14s
detect-illegalAnchored: succeeded in 0.16s
detect-lowSpeedBoat: succeeded in 0.27s
detect-blackList: succeeded in 0.03s
detect-abnormalTransfer: succeeded in 0.11s
detect-deviation: succeeded in 0.80s
detect-abnormalWandering: succeeded in 3.33s
detect-illegalStaying: succeeded in 0.11s
detect-doubleDragging: succeeded in 1.89s
detect-CrossingBoundary: succeeded in 0.12s
detect-illegalBerthing: succeeded in 0.12s
detect-highSpeedBoat: succeeded in 1.92s
detect-collision: succeeded in 0.19s
detect-illegalAnchored: succeeded in 0.17s
detect-abnormalStaying: succeeded in 3.47s
detect-lowSpeedBoat: succeeded in 0.42s
detect-blackList: succeeded in 0.03s
detect-abnormalTransfer: succeeded in 0.12s
detect-deviation: succeeded in 0.53s
detect-abnormalWandering: succeeded in 2.16s
detect-highSpeedBoat: succeeded in 0.99s
detect-abnormalStaying: succeeded in 2.25s
detect-doubleDragging: succeeded in 1.30s
detect-illegalBerthing: succeeded in 0.03s
detect-collision: succeeded in 0.09s
detect-illegalStaying: succeeded in 0.08s
detect-CrossingBoundary: succeeded in 0.14s
detect-illegalAnchored: succeeded in 0.17s
detect-lowSpeedBoat: succeeded in 0.26s
detect-blackList: succeeded in 0.03s
detect-abnormalTransfer: succeeded in 0.14s
detect-deviation: succeeded in 0.64s
detect-abnormalWandering: succeeded in 2.19s
detect-highSpeedBoat: succeeded in 0.86s
detect-abnormalStaying: succeeded in 2.62s
detect-collision: succeeded in 0.03s
detect-illegalStaying: succeeded in 0.08s
detect-illegalBerthing: succeeded in 0.11s
detect-CrossingBoundary: succeeded in 0.14s
detect-illegalAnchored: succeeded in 0.25s
detect-lowSpeedBoat: succeeded in 0.31s
detect-doubleDragging: succeeded in 2.05s
detect-abnormalTransfer: succeeded in 0.06s
detect-blackList: succeeded in 0.08s
detect-deviation: succeeded in 0.45s
detect-highSpeedBoat: succeeded in 0.50s
detect-doubleDragging: succeeded in 0.76s
detect-abnormalWandering: succeeded in 2.17s
detect-abnormalStaying: succeeded in 2.23s
detect-collision: succeeded in 0.03s
detect-illegalStaying: succeeded in 0.16s
detect-CrossingBoundary: succeeded in 0.30s
detect-illegalBerthing: succeeded in 0.34s
detect-illegalAnchored: succeeded in 0.39s
detect-lowSpeedBoat: succeeded in 0.75s
detect-abnormalTransfer: succeeded in 0.22s
detect-blackList: succeeded in 0.23s
detect-deviation: succeeded in 0.51s
detect-highSpeedBoat: succeeded in 0.61s
detect-abnormalWandering: succeeded in 2.50s
detect-abnormalStaying: succeeded in 2.62s
detect-doubleDragging: succeeded in 1.06s
detect-collision: succeeded in 0.03s
detect-illegalBerthing: succeeded in 0.03s
detect-CrossingBoundary: succeeded in 0.12s
detect-illegalStaying: succeeded in 0.14s
detect-illegalAnchored: succeeded in 0.16s
detect-lowSpeedBoat: succeeded in 0.25s
detect-blackList: succeeded in 0.03s
detect-abnormalTransfer: succeeded in 0.12s
detect-deviation: succeeded in 0.58s
detect-highSpeedBoat: succeeded in 1.05s
detect-abnormalStaying: succeeded in 2.66s
detect-abnormalWandering: succeeded in 2.67s
detect-doubleDragging: succeeded in 1.19s
detect-collision: succeeded in 0.03s
detect-illegalBerthing: succeeded in 0.06s
detect-illegalStaying: succeeded in 0.17s
detect-CrossingBoundary: succeeded in 0.20s
detect-illegalAnchored: succeeded in 0.20s
detect-lowSpeedBoat: succeeded in 0.30s
detect-blackList: succeeded in 0.03s
detect-abnormalTransfer: succeeded in 0.19s
detect-deviation: succeeded in 0.64s
detect-highSpeedBoat: succeeded in 1.36s
detect-abnormalWandering: succeeded in 3.17s
detect-collision: succeeded in 0.24s
detect-illegalBerthing: succeeded in 0.22s
detect-abnormalStaying: succeeded in 3.58s
detect-illegalAnchored: succeeded in 0.31s
detect-CrossingBoundary: succeeded in 0.33s
detect-illegalStaying: succeeded in 0.31s
detect-lowSpeedBoat: succeeded in 0.39s
detect-doubleDragging: succeeded in 2.28s
detect-blackList: succeeded in 0.14s
detect-abnormalTransfer: succeeded in 0.34s
detect-deviation: succeeded in 1.52s
detect-highSpeedBoat: succeeded in 2.06s
detect-illegalBerthing: succeeded in 0.20s
detect-illegalAnchored: succeeded in 0.25s
detect-CrossingBoundary: succeeded in 0.28s
detect-collision: succeeded in 0.30s
detect-illegalStaying: succeeded in 0.34s
detect-lowSpeedBoat: succeeded in 0.53s
detect-doubleDragging: succeeded in 3.28s
detect-blackList: succeeded in 0.05s
detect-abnormalTransfer: succeeded in 0.20s
detect-abnormalWandering: succeeded in 5.78s
detect-abnormalStaying: succeeded in 5.64s
detect-deviation: succeeded in 0.66s
detect-highSpeedBoat: succeeded in 0.70s
detect-doubleDragging: succeeded in 1.31s
detect-collision: succeeded in 0.03s
detect-CrossingBoundary: succeeded in 0.22s
detect-illegalBerthing: succeeded in 0.20s
detect-illegalStaying: succeeded in 0.28s
detect-illegalAnchored: succeeded in 0.34s
detect-lowSpeedBoat: succeeded in 0.49s
detect-abnormalTransfer: succeeded in 0.06s
detect-blackList: succeeded in 0.17s
detect-deviation: succeeded in 0.86s
detect-highSpeedBoat: succeeded in 1.08s
detect-collision: succeeded in 0.03s
detect-doubleDragging: succeeded in 1.64s
detect-CrossingBoundary: succeeded in 0.19s
detect-abnormalStaying: succeeded in 5.34s
detect-illegalStaying: succeeded in 0.27s
detect-illegalAnchored: succeeded in 0.28s
detect-illegalBerthing: succeeded in 0.34s
detect-lowSpeedBoat: succeeded in 0.70s
detect-abnormalWandering: succeeded in 4.99s
detect-blackList: succeeded in 0.34s
detect-abnormalTransfer: succeeded in 0.62s
detect-deviation: succeeded in 0.94s
detect-highSpeedBoat: succeeded in 1.08s
detect-collision: succeeded in 0.03s
detect-illegalBerthing: succeeded in 0.06s
detect-abnormalStaying: succeeded in 3.22s
detect-CrossingBoundary: succeeded in 0.19s
detect-illegalStaying: succeeded in 0.23s
detect-illegalAnchored: succeeded in 0.27s
detect-lowSpeedBoat: succeeded in 0.42s
detect-doubleDragging: succeeded in 2.41s
detect-abnormalWandering: succeeded in 3.05s
detect-blackList: succeeded in 0.09s
detect-abnormalTransfer: succeeded in 0.38s
detect-highSpeedBoat: succeeded in 0.76s
detect-deviation: succeeded in 0.86s
detect-collision: succeeded in 0.03s
detect-illegalBerthing: succeeded in 0.05s
detect-abnormalStaying: succeeded in 3.34s
detect-illegalAnchored: succeeded in 0.25s
detect-CrossingBoundary: succeeded in 0.28s
detect-illegalStaying: succeeded in 0.39s
detect-lowSpeedBoat: succeeded in 0.51s
detect-doubleDragging: succeeded in 2.30s
detect-blackList: succeeded in 0.05s
detect-abnormalTransfer: succeeded in 0.12s
detect-abnormalWandering: succeeded in 4.01s
detect-deviation: succeeded in 0.84s
detect-highSpeedBoat: succeeded in 1.62s
detect-illegalStaying: succeeded in 0.09s
detect-illegalBerthing: succeeded in 0.09s
detect-collision: succeeded in 0.14s
detect-CrossingBoundary: succeeded in 0.27s
detect-illegalAnchored: succeeded in 0.25s
detect-lowSpeedBoat: succeeded in 0.42s
detect-abnormalStaying: succeeded in 3.50s
detect-doubleDragging: succeeded in 2.33s
detect-blackList: succeeded in 0.03s
detect-abnormalTransfer: succeeded in 0.22s
detect-abnormalWandering: succeeded in 3.50s
detect-deviation: succeeded in 0.83s
detect-highSpeedBoat: succeeded in 0.95s
detect-doubleDragging: succeeded in 1.55s
detect-illegalBerthing: succeeded in 0.05s
detect-collision: succeeded in 0.12s
detect-CrossingBoundary: succeeded in 0.16s
detect-illegalStaying: succeeded in 0.14s
detect-illegalAnchored: succeeded in 0.19s
detect-lowSpeedBoat: succeeded in 0.31s
detect-abnormalStaying: succeeded in 3.38s
detect-blackList: succeeded in 0.03s
detect-abnormalTransfer: succeeded in 0.31s
detect-deviation: succeeded in 0.92s
detect-abnormalWandering: succeeded in 2.91s
detect-collision: succeeded in 0.03s
detect-illegalStaying: succeeded in 0.12s
detect-illegalBerthing: succeeded in 0.23s
detect-illegalAnchored: succeeded in 0.25s
detect-CrossingBoundary: succeeded in 0.30s
detect-highSpeedBoat: succeeded in 1.97s
detect-lowSpeedBoat: succeeded in 0.49s
detect-doubleDragging: succeeded in 2.39s
detect-abnormalStaying: succeeded in 3.86s
detect-abnormalTransfer: succeeded in 0.11s
detect-blackList: succeeded in 0.16s
detect-deviation: succeeded in 0.73s
detect-collision: succeeded in 0.05s
detect-illegalStaying: succeeded in 0.12s
detect-CrossingBoundary: succeeded in 0.16s
detect-illegalBerthing: succeeded in 0.22s
detect-illegalAnchored: succeeded in 0.36s
detect-lowSpeedBoat: succeeded in 0.38s
detect-abnormalWandering: succeeded in 4.33s
detect-doubleDragging: succeeded in 2.83s
detect-highSpeedBoat: succeeded in 2.89s
detect-blackList: succeeded in 0.17s
detect-abnormalTransfer: succeeded in 0.34s
detect-deviation: succeeded in 0.58s
detect-abnormalStaying: succeeded in 4.38s
detect-highSpeedBoat: succeeded in 1.66s
detect-collision: succeeded in 0.06s
detect-illegalBerthing: succeeded in 0.06s
detect-illegalAnchored: succeeded in 0.41s
detect-illegalStaying: succeeded in 0.47s
detect-CrossingBoundary: succeeded in 0.64s
detect-lowSpeedBoat: succeeded in 0.70s
detect-doubleDragging: succeeded in 2.86s
detect-blackList: succeeded in 0.06s
detect-abnormalTransfer: succeeded in 0.31s
detect-abnormalWandering: succeeded in 5.14s
detect-deviation: succeeded in 0.81s
detect-abnormalStaying: succeeded in 4.20s
detect-collision: succeeded in 0.05s
detect-illegalBerthing: succeeded in 0.11s
detect-highSpeedBoat: succeeded in 1.95s
detect-CrossingBoundary: succeeded in 0.30s
detect-illegalStaying: succeeded in 0.31s
detect-illegalAnchored: succeeded in 0.39s
detect-lowSpeedBoat: succeeded in 0.50s
detect-doubleDragging: succeeded in 3.12s
detect-blackList: succeeded in 0.03s
detect-abnormalTransfer: succeeded in 0.17s
detect-deviation: succeeded in 1.51s
detect-highSpeedBoat: succeeded in 1.59s
detect-abnormalWandering: succeeded in 4.61s
detect-CrossingBoundary: succeeded in 0.17s
detect-illegalStaying: succeeded in 0.28s
detect-illegalAnchored: succeeded in 0.30s
detect-illegalBerthing: succeeded in 0.17s
detect-lowSpeedBoat: succeeded in 0.33s
detect-abnormalStaying: succeeded in 4.28s
detect-collision: succeeded in 0.44s
detect-doubleDragging: succeeded in 3.05s
detect-blackList: succeeded in 0.03s
detect-abnormalTransfer: succeeded in 0.14s
detect-deviation: succeeded in 0.62s
detect-highSpeedBoat: succeeded in 0.70s
detect-illegalBerthing: succeeded in 0.06s
detect-CrossingBoundary: succeeded in 0.25s
detect-illegalAnchored: succeeded in 0.28s
detect-doubleDragging: succeeded in 1.88s
detect-illegalStaying: succeeded in 0.31s
detect-abnormalWandering: succeeded in 3.88s
detect-collision: succeeded in 0.39s
detect-lowSpeedBoat: succeeded in 0.45s
detect-blackList: succeeded in 0.05s
detect-abnormalTransfer: succeeded in 0.06s
detect-abnormalStaying: succeeded in 4.92s
detect-deviation: succeeded in 1.30s
detect-doubleDragging: succeeded in 1.42s
detect-collision: succeeded in 0.03s
detect-CrossingBoundary: succeeded in 0.17s
detect-illegalStaying: succeeded in 0.22s
detect-illegalAnchored: succeeded in 0.26s
detect-illegalBerthing: succeeded in 0.25s
detect-lowSpeedBoat: succeeded in 0.47s
detect-highSpeedBoat: succeeded in 2.58s
detect-abnormalTransfer: succeeded in 0.08s
detect-blackList: succeeded in 0.25s
detect-abnormalWandering: succeeded in 5.03s
detect-deviation: succeeded in 0.76s
detect-highSpeedBoat: succeeded in 0.88s
detect-doubleDragging: succeeded in 1.42s
detect-collision: succeeded in 0.03s
detect-illegalStaying: succeeded in 0.11s
detect-CrossingBoundary: succeeded in 0.12s
detect-illegalBerthing: succeeded in 0.14s
detect-illegalAnchored: succeeded in 0.31s
detect-lowSpeedBoat: succeeded in 0.44s
detect-abnormalStaying: succeeded in 4.22s
detect-blackList: succeeded in 0.20s
detect-abnormalTransfer: succeeded in 0.33s
detect-deviation: succeeded in 0.55s
detect-abnormalWandering: succeeded in 3.23s
detect-doubleDragging: succeeded in 1.42s
detect-collision: succeeded in 0.03s
detect-illegalBerthing: succeeded in 0.05s
detect-illegalAnchored: succeeded in 0.31s
detect-illegalStaying: succeeded in 0.36s
detect-CrossingBoundary: succeeded in 0.38s
detect-highSpeedBoat: succeeded in 2.31s
detect-lowSpeedBoat: succeeded in 0.73s
detect-blackList: succeeded in 0.05s
detect-abnormalTransfer: succeeded in 0.12s
detect-abnormalStaying: succeeded in 3.98s
detect-abnormalWandering: succeeded in 3.33s
detect-deviation: succeeded in 1.03s
detect-highSpeedBoat: succeeded in 1.06s
detect-collision: succeeded in 0.03s
detect-illegalBerthing: succeeded in 0.08s
detect-illegalStaying: succeeded in 0.42s
detect-illegalAnchored: succeeded in 0.44s
detect-CrossingBoundary: succeeded in 0.47s
detect-lowSpeedBoat: succeeded in 0.47s
detect-doubleDragging: succeeded in 1.91s
detect-blackList: succeeded in 0.03s
detect-abnormalTransfer: succeeded in 0.11s
detect-highSpeedBoat: succeeded in 0.98s
detect-deviation: succeeded in 1.03s
detect-doubleDragging: succeeded in 1.59s
detect-illegalBerthing: succeeded in 0.06s
detect-collision: succeeded in 0.12s
detect-illegalStaying: succeeded in 0.12s
detect-CrossingBoundary: succeeded in 0.16s
detect-illegalAnchored: succeeded in 0.27s
detect-lowSpeedBoat: succeeded in 0.61s
detect-abnormalStaying: succeeded in 4.95s
detect-abnormalWandering: succeeded in 4.89s
detect-blackList: succeeded in 0.05s
detect-abnormalTransfer: succeeded in 0.16s
detect-deviation: succeeded in 0.56s
detect-highSpeedBoat: succeeded in 1.62s
detect-illegalBerthing: succeeded in 0.05s
detect-CrossingBoundary: succeeded in 0.12s
detect-abnormalWandering: succeeded in 2.58s
detect-collision: succeeded in 0.19s
detect-illegalAnchored: succeeded in 0.17s
detect-illegalStaying: succeeded in 0.20s
detect-lowSpeedBoat: succeeded in 0.34s
detect-abnormalStaying: succeeded in 3.03s
detect-doubleDragging: succeeded in 2.39s
detect-blackList: succeeded in 0.05s
detect-abnormalTransfer: succeeded in 0.11s
detect-deviation: succeeded in 0.77s
detect-collision: succeeded in 0.03s
detect-illegalStaying: succeeded in 0.09s
detect-illegalBerthing: succeeded in 0.09s
detect-CrossingBoundary: succeeded in 0.17s
detect-illegalAnchored: succeeded in 0.19s
detect-lowSpeedBoat: succeeded in 0.28s
detect-abnormalWandering: succeeded in 3.53s
detect-highSpeedBoat: succeeded in 2.20s
detect-doubleDragging: succeeded in 2.36s
detect-abnormalStaying: succeeded in 3.69s
detect-abnormalTransfer: succeeded in 0.06s
detect-blackList: succeeded in 0.20s
detect-deviation: succeeded in 0.49s
detect-highSpeedBoat: succeeded in 0.76s
detect-doubleDragging: succeeded in 0.97s
detect-collision: succeeded in 0.03s
detect-illegalStaying: succeeded in 0.08s
detect-CrossingBoundary: succeeded in 0.11s
detect-illegalBerthing: succeeded in 0.20s
detect-abnormalWandering: succeeded in 2.66s
detect-illegalAnchored: succeeded in 0.31s
detect-lowSpeedBoat: succeeded in 0.45s
detect-abnormalStaying: succeeded in 2.39s
detect-blackList: succeeded in 0.22s
detect-abnormalTransfer: succeeded in 0.36s
detect-deviation: succeeded in 0.48s
detect-doubleDragging: succeeded in 1.05s
detect-abnormalWandering: succeeded in 2.52s
detect-abnormalStaying: succeeded in 2.44s
detect-highSpeedBoat: succeeded in 1.30s
detect-collision: succeeded in 0.05s
detect-illegalAnchored: succeeded in 0.22s
detect-illegalBerthing: succeeded in 0.20s
detect-illegalStaying: succeeded in 0.25s
detect-CrossingBoundary: succeeded in 0.31s
detect-lowSpeedBoat: succeeded in 0.42s
detect-blackList: succeeded in 0.05s
detect-abnormalTransfer: succeeded in 0.27s
detect-deviation: succeeded in 0.41s
detect-abnormalWandering: succeeded in 2.30s
detect-abnormalStaying: succeeded in 2.31s
detect-highSpeedBoat: succeeded in 0.86s
detect-doubleDragging: succeeded in 0.97s
detect-collision: succeeded in 0.01s
detect-illegalBerthing: succeeded in 0.05s
detect-CrossingBoundary: succeeded in 0.14s
detect-illegalStaying: succeeded in 0.20s
detect-illegalAnchored: succeeded in 0.20s
detect-lowSpeedBoat: succeeded in 0.28s
detect-blackList: succeeded in 0.03s
detect-abnormalTransfer: succeeded in 0.06s
detect-deviation: succeeded in 0.78s
detect-highSpeedBoat: succeeded in 0.83s
detect-abnormalStaying: succeeded in 2.52s
detect-abnormalWandering: succeeded in 2.84s
detect-illegalBerthing: succeeded in 0.11s
detect-illegalStaying: succeeded in 0.11s
detect-illegalAnchored: succeeded in 0.22s
detect-collision: succeeded in 0.28s
detect-doubleDragging: succeeded in 1.81s
detect-CrossingBoundary: succeeded in 0.39s
detect-lowSpeedBoat: succeeded in 0.39s
detect-blackList: succeeded in 0.03s
detect-abnormalTransfer: succeeded in 0.08s
detect-deviation: succeeded in 0.53s
detect-highSpeedBoat: succeeded in 1.16s
detect-abnormalStaying: succeeded in 3.38s
detect-abnormalWandering: succeeded in 3.39s
detect-illegalBerthing: succeeded in 0.05s
detect-illegalStaying: succeeded in 0.12s
detect-doubleDragging: succeeded in 1.64s
detect-illegalAnchored: succeeded in 0.20s
detect-collision: succeeded in 0.34s
detect-lowSpeedBoat: succeeded in 0.31s
detect-CrossingBoundary: succeeded in 0.34s
detect-blackList: succeeded in 0.03s
detect-abnormalTransfer: succeeded in 0.05s
detect-deviation: succeeded in 0.61s
detect-abnormalWandering: succeeded in 2.73s
detect-collision: succeeded in 0.03s
detect-doubleDragging: succeeded in 1.48s
detect-illegalBerthing: succeeded in 0.19s
detect-CrossingBoundary: succeeded in 0.30s
detect-illegalStaying: succeeded in 0.28s
detect-illegalAnchored: succeeded in 0.22s
detect-highSpeedBoat: succeeded in 1.70s
detect-abnormalStaying: succeeded in 3.51s
detect-lowSpeedBoat: succeeded in 1.11s
detect-abnormalTransfer: succeeded in 0.08s
detect-blackList: succeeded in 0.24s
detect-deviation: succeeded in 1.03s
detect-abnormalWandering: succeeded in 3.02s
detect-collision: succeeded in 0.05s
detect-CrossingBoundary: succeeded in 0.27s
detect-illegalStaying: succeeded in 0.22s
detect-abnormalStaying: succeeded in 3.11s
detect-highSpeedBoat: succeeded in 1.91s
detect-illegalBerthing: succeeded in 0.36s
detect-illegalAnchored: succeeded in 0.44s
detect-lowSpeedBoat: succeeded in 0.41s
detect-doubleDragging: succeeded in 2.08s
detect-blackList: succeeded in 0.12s
detect-abnormalTransfer: succeeded in 0.12s
detect-deviation: succeeded in 0.89s
detect-abnormalWandering: succeeded in 2.58s
detect-highSpeedBoat: succeeded in 0.95s
detect-collision: succeeded in 0.03s
detect-illegalBerthing: succeeded in 0.03s
detect-doubleDragging: succeeded in 1.70s
detect-CrossingBoundary: succeeded in 0.17s
detect-illegalAnchored: succeeded in 0.19s
detect-illegalStaying: succeeded in 0.53s
detect-abnormalStaying: succeeded in 3.34s
detect-lowSpeedBoat: succeeded in 0.59s
detect-blackList: succeeded in 0.05s
detect-abnormalTransfer: succeeded in 0.20s
detect-deviation: succeeded in 0.73s
detect-highSpeedBoat: succeeded in 0.80s
detect-doubleDragging: succeeded in 0.89s
detect-collision: succeeded in 0.05s
detect-illegalBerthing: succeeded in 0.05s
detect-illegalAnchored: succeeded in 0.17s
detect-illegalStaying: succeeded in 0.20s
detect-CrossingBoundary: succeeded in 0.24s
detect-lowSpeedBoat: succeeded in 0.30s
detect-abnormalWandering: succeeded in 3.72s
detect-abnormalStaying: succeeded in 3.33s
detect-blackList: succeeded in 0.03s
detect-abnormalTransfer: succeeded in 0.05s
detect-highSpeedBoat: succeeded in 0.59s
detect-deviation: succeeded in 0.81s
detect-illegalBerthing: succeeded in 0.05s
detect-doubleDragging: succeeded in 1.69s
detect-CrossingBoundary: succeeded in 0.14s
detect-illegalStaying: succeeded in 0.14s
detect-illegalAnchored: succeeded in 0.20s
detect-lowSpeedBoat: succeeded in 0.36s
detect-collision: succeeded in 0.38s
detect-abnormalWandering: succeeded in 3.03s
detect-abnormalStaying: succeeded in 3.59s
detect-blackList: succeeded in 0.05s
detect-abnormalTransfer: succeeded in 0.09s
detect-deviation: succeeded in 0.38s
detect-highSpeedBoat: succeeded in 0.83s
detect-doubleDragging: succeeded in 1.19s
detect-illegalBerthing: succeeded in 0.03s
detect-illegalAnchored: succeeded in 0.12s
detect-collision: succeeded in 0.17s
detect-illegalStaying: succeeded in 0.17s
detect-CrossingBoundary: succeeded in 0.17s
detect-lowSpeedBoat: succeeded in 0.33s
detect-abnormalWandering: succeeded in 2.22s
detect-abnormalStaying: succeeded in 2.33s
detect-blackList: succeeded in 0.03s
detect-abnormalTransfer: succeeded in 0.05s
detect-deviation: succeeded in 0.41s
detect-highSpeedBoat: succeeded in 0.45s
detect-doubleDragging: succeeded in 0.53s
detect-collision: succeeded in 0.05s
detect-illegalStaying: succeeded in 0.09s
detect-CrossingBoundary: succeeded in 0.17s
detect-illegalBerthing: succeeded in 0.17s
detect-illegalAnchored: succeeded in 0.19s
detect-lowSpeedBoat: succeeded in 0.27s
detect-abnormalWandering: succeeded in 2.09s
detect-abnormalStaying: succeeded in 2.17s
detect-abnormalTransfer: succeeded in 0.03s
detect-blackList: succeeded in 0.17s
detect-deviation: succeeded in 0.62s
detect-highSpeedBoat: succeeded in 1.08s
detect-doubleDragging: succeeded in 1.28s
detect-collision: succeeded in 0.03s
detect-illegalStaying: succeeded in 0.16s
detect-CrossingBoundary: succeeded in 0.20s
detect-illegalBerthing: succeeded in 0.20s
detect-illegalAnchored: succeeded in 0.26s
detect-lowSpeedBoat: succeeded in 0.39s
detect-abnormalWandering: succeeded in 2.80s
detect-abnormalStaying: succeeded in 2.94s
detect-abnormalTransfer: succeeded in 0.19s
detect-blackList: succeeded in 0.28s
detect-deviation: succeeded in 0.47s
detect-highSpeedBoat: succeeded in 1.67s
detect-collision: succeeded in 0.09s
detect-doubleDragging: succeeded in 1.83s
detect-illegalBerthing: succeeded in 0.05s
detect-illegalAnchored: succeeded in 0.25s
detect-illegalStaying: succeeded in 0.27s
detect-CrossingBoundary: succeeded in 0.36s
detect-lowSpeedBoat: succeeded in 0.38s
detect-abnormalWandering: succeeded in 2.78s
detect-abnormalStaying: succeeded in 2.98s
detect-blackList: succeeded in 0.03s
detect-abnormalTransfer: succeeded in 0.17s
detect-deviation: succeeded in 0.50s
detect-doubleDragging: succeeded in 0.66s
detect-highSpeedBoat: succeeded in 0.72s
detect-collision: succeeded in 0.03s
detect-illegalBerthing: succeeded in 0.05s
detect-illegalAnchored: succeeded in 0.16s
detect-CrossingBoundary: succeeded in 0.42s
detect-illegalStaying: succeeded in 0.41s
detect-lowSpeedBoat: succeeded in 0.56s
detect-abnormalWandering: succeeded in 2.39s
detect-abnormalStaying: succeeded in 2.42s
detect-blackList: succeeded in 0.03s
detect-abnormalTransfer: succeeded in 0.03s
detect-deviation: succeeded in 0.36s
detect-highSpeedBoat: succeeded in 0.52s
detect-doubleDragging: succeeded in 0.56s
detect-illegalBerthing: succeeded in 0.03s
detect-illegalStaying: succeeded in 0.06s
detect-illegalAnchored: succeeded in 0.12s
detect-CrossingBoundary: succeeded in 0.14s
detect-collision: succeeded in 0.16s
detect-lowSpeedBoat: succeeded in 0.27s
detect-abnormalStaying: succeeded in 1.78s
detect-abnormalWandering: succeeded in 1.91s
detect-blackList: succeeded in 0.03s
detect-abnormalTransfer: succeeded in 0.05s
detect-deviation: succeeded in 0.30s
detect-doubleDragging: succeeded in 0.34s
detect-highSpeedBoat: succeeded in 0.34s
detect-illegalBerthing: succeeded in 0.03s
detect-abnormalWandering: succeeded in 1.50s
detect-CrossingBoundary: succeeded in 0.14s
detect-illegalAnchored: succeeded in 0.12s
detect-collision: succeeded in 0.16s
detect-illegalStaying: succeeded in 0.19s
detect-lowSpeedBoat: succeeded in 0.23s
detect-abnormalStaying: succeeded in 1.64s
detect-blackList: succeeded in 0.05s
detect-abnormalTransfer: succeeded in 0.09s
detect-deviation: succeeded in 0.33s
detect-highSpeedBoat: succeeded in 0.41s
detect-doubleDragging: succeeded in 0.58s
detect-abnormalWandering: succeeded in 1.03s
detect-abnormalStaying: succeeded in 1.08s
detect-collision: succeeded in 0.01s
detect-illegalStaying: succeeded in 0.09s
detect-illegalBerthing: succeeded in 0.09s
detect-CrossingBoundary: succeeded in 0.11s
detect-illegalAnchored: succeeded in 0.19s
detect-lowSpeedBoat: succeeded in 0.24s
detect-abnormalTransfer: succeeded in 0.03s
detect-blackList: succeeded in 0.08s
detect-deviation: succeeded in 0.19s
detect-highSpeedBoat: succeeded in 0.36s
detect-doubleDragging: succeeded in 0.38s
detect-abnormalWandering: succeeded in 0.88s
detect-abnormalStaying: succeeded in 0.97s
detect-collision: succeeded in 0.01s
detect-illegalStaying: succeeded in 0.08s
detect-illegalBerthing: succeeded in 0.09s
detect-CrossingBoundary: succeeded in 0.11s
detect-illegalAnchored: succeeded in 0.12s
detect-lowSpeedBoat: succeeded in 0.16s
detect-blackList: succeeded in 0.11s
detect-abnormalTransfer: succeeded in 0.14s
detect-deviation: succeeded in 0.14s
detect-highSpeedBoat: succeeded in 0.22s
detect-doubleDragging: succeeded in 0.22s
detect-abnormalWandering: succeeded in 0.39s
detect-abnormalStaying: succeeded in 0.41s
detect-collision: succeeded in 0.02s
detect-illegalBerthing: succeeded in 0.03s
detect-illegalAnchored: succeeded in 0.05s
detect-CrossingBoundary: succeeded in 0.14s
detect-illegalStaying: succeeded in 0.17s
detect-lowSpeedBoat: succeeded in 0.17s
detect-blackList: succeeded in 0.03s
detect-abnormalTransfer: succeeded in 0.11s
detect-deviation: succeeded in 0.11s
detect-abnormalWandering: succeeded in 0.27s
detect-abnormalStaying: succeeded in 0.36s
detect-highSpeedBoat: succeeded in 0.47s
detect-doubleDragging: succeeded in 0.50s
detect-collision: succeeded in 0.02s
detect-illegalBerthing: succeeded in 0.01s
detect-illegalAnchored: succeeded in 0.01s
detect-lowSpeedBoat: succeeded in 0.08s
detect-illegalStaying: succeeded in 0.11s
detect-CrossingBoundary: succeeded in 0.14s
detect-abnormalTransfer: succeeded in 0.03s
detect-blackList: succeeded in 0.05s
detect-abnormalWandering: succeeded in 0.25s
detect-deviation: succeeded in 0.24s
detect-abnormalStaying: succeeded in 0.26s
detect-doubleDragging: succeeded in 0.33s
detect-highSpeedBoat: succeeded in 0.39s
detect-illegalBerthing: succeeded in 0.03s
detect-illegalAnchored: succeeded in 0.06s
detect-illegalStaying: succeeded in 0.06s
detect-collision: succeeded in 0.20s
detect-lowSpeedBoat: succeeded in 0.17s
detect-CrossingBoundary: succeeded in 0.30s
detect-abnormalTransfer: succeeded in 0.17s
detect-blackList: succeeded in 0.19s
detect-abnormalWandering: succeeded in 0.23s
detect-abnormalStaying: succeeded in 0.34s
detect-deviation: succeeded in 0.39s
detect-highSpeedBoat: succeeded in 0.26s
detect-doubleDragging: succeeded in 0.41s
detect-illegalBerthing: succeeded in 0.02s
detect-illegalAnchored: succeeded in 0.02s
detect-lowSpeedBoat: succeeded in 0.06s
detect-illegalStaying: succeeded in 0.06s
detect-collision: succeeded in 0.12s
detect-CrossingBoundary: succeeded in 0.17s
detect-blackList: succeeded in 0.02s
detect-abnormalTransfer: succeeded in 0.06s
detect-deviation: succeeded in 0.27s
detect-highSpeedBoat: succeeded in 0.80s
detect-doubleDragging: succeeded in 1.30s
detect-collision: succeeded in 0.03s
detect-illegalBerthing: succeeded in 0.16s
detect-CrossingBoundary: succeeded in 0.20s
detect-illegalAnchored: succeeded in 0.28s
detect-illegalStaying: succeeded in 0.45s
detect-lowSpeedBoat: succeeded in 0.52s
detect-abnormalWandering: succeeded in 2.25s
detect-abnormalTransfer: succeeded in 0.05s
detect-abnormalStaying: succeeded in 3.00s
detect-blackList: succeeded in 0.14s
detect-deviation: succeeded in 0.27s
detect-highSpeedBoat: succeeded in 0.39s
detect-doubleDragging: succeeded in 0.48s
detect-collision: succeeded in 0.02s
detect-illegalStaying: succeeded in 0.05s
detect-CrossingBoundary: succeeded in 0.08s
detect-illegalBerthing: succeeded in 0.16s
detect-abnormalWandering: succeeded in 1.48s
detect-abnormalStaying: succeeded in 1.44s
detect-illegalAnchored: succeeded in 0.23s
detect-lowSpeedBoat: succeeded in 0.25s
detect-blackList: succeeded in 0.23s
detect-abnormalTransfer: succeeded in 0.28s
detect-deviation: succeeded in 0.34s
detect-highSpeedBoat: succeeded in 0.47s
detect-doubleDragging: succeeded in 0.56s
detect-collision: succeeded in 0.03s
detect-illegalBerthing: succeeded in 0.01s
detect-illegalAnchored: succeeded in 0.09s
detect-illegalStaying: succeeded in 0.19s
detect-abnormalWandering: succeeded in 1.53s
detect-CrossingBoundary: succeeded in 0.20s
detect-abnormalStaying: succeeded in 1.88s
detect-lowSpeedBoat: succeeded in 1.08s
detect-blackList: succeeded in 0.03s
detect-abnormalTransfer: succeeded in 0.20s
detect-deviation: succeeded in 0.41s
detect-highSpeedBoat: succeeded in 0.88s
detect-doubleDragging: succeeded in 0.95s
detect-collision: succeeded in 0.05s
detect-illegalBerthing: succeeded in 0.05s
detect-illegalStaying: succeeded in 0.25s
detect-illegalAnchored: succeeded in 0.22s
detect-lowSpeedBoat: succeeded in 0.31s
detect-CrossingBoundary: succeeded in 0.38s
detect-abnormalWandering: succeeded in 2.50s
detect-abnormalStaying: succeeded in 2.53s
detect-blackList: succeeded in 0.08s
detect-abnormalTransfer: succeeded in 0.12s
detect-deviation: succeeded in 0.42s
detect-highSpeedBoat: succeeded in 1.00s
detect-illegalBerthing: succeeded in 0.03s
detect-illegalAnchored: succeeded in 0.09s
detect-illegalStaying: succeeded in 0.11s
detect-CrossingBoundary: succeeded in 0.12s
detect-collision: succeeded in 0.20s
detect-doubleDragging: succeeded in 1.61s
detect-lowSpeedBoat: succeeded in 0.30s
detect-abnormalWandering: succeeded in 1.92s
detect-abnormalStaying: succeeded in 2.02s
detect-blackList: succeeded in 0.05s
detect-abnormalTransfer: succeeded in 0.05s
detect-deviation: succeeded in 0.41s
detect-highSpeedBoat: succeeded in 1.50s
detect-doubleDragging: succeeded in 1.58s
detect-illegalBerthing: succeeded in 0.06s
detect-illegalAnchored: succeeded in 0.19s
detect-CrossingBoundary: succeeded in 0.28s
detect-collision: succeeded in 0.30s
detect-illegalStaying: succeeded in 0.28s
detect-lowSpeedBoat: succeeded in 0.36s
detect-abnormalStaying: succeeded in 2.44s
detect-abnormalWandering: succeeded in 2.49s
detect-blackList: succeeded in 0.03s
detect-abnormalTransfer: succeeded in 0.09s
detect-deviation: succeeded in 0.47s
detect-highSpeedBoat: succeeded in 0.94s
detect-doubleDragging: succeeded in 1.41s
detect-collision: succeeded in 0.02s
detect-illegalStaying: succeeded in 0.12s
detect-CrossingBoundary: succeeded in 0.14s
detect-illegalBerthing: succeeded in 0.20s
detect-lowSpeedBoat: succeeded in 0.26s
detect-illegalAnchored: succeeded in 0.31s
detect-abnormalWandering: succeeded in 2.97s
detect-abnormalStaying: succeeded in 3.08s
detect-abnormalTransfer: succeeded in 0.06s
detect-blackList: succeeded in 0.17s
detect-deviation: succeeded in 0.39s
detect-doubleDragging: succeeded in 1.03s
detect-highSpeedBoat: succeeded in 1.09s
detect-collision: succeeded in 0.02s
detect-illegalStaying: succeeded in 0.14s
detect-illegalBerthing: succeeded in 0.19s
detect-illegalAnchored: succeeded in 0.20s
detect-CrossingBoundary: succeeded in 0.27s
detect-lowSpeedBoat: succeeded in 0.47s
detect-abnormalStaying: succeeded in 2.56s
detect-abnormalWandering: succeeded in 2.58s
detect-abnormalTransfer: succeeded in 0.48s
detect-deviation: succeeded in 0.53s
detect-blackList: succeeded in 0.62s
detect-highSpeedBoat: succeeded in 1.20s
detect-doubleDragging: succeeded in 1.66s
detect-collision: succeeded in 0.01s
detect-illegalBerthing: succeeded in 0.06s
detect-illegalStaying: succeeded in 0.16s
detect-illegalAnchored: succeeded in 0.20s
detect-lowSpeedBoat: succeeded in 0.23s
detect-CrossingBoundary: succeeded in 0.42s
detect-abnormalWandering: succeeded in 2.88s
detect-abnormalStaying: succeeded in 3.31s
detect-blackList: succeeded in 0.05s
detect-abnormalTransfer: succeeded in 0.31s
detect-highSpeedBoat: succeeded in 0.70s
detect-deviation: succeeded in 0.72s
detect-doubleDragging: succeeded in 1.41s
detect-collision: succeeded in 0.03s
detect-illegalBerthing: succeeded in 0.06s
detect-illegalAnchored: succeeded in 0.19s
detect-illegalStaying: succeeded in 0.26s
detect-lowSpeedBoat: succeeded in 0.27s
detect-CrossingBoundary: succeeded in 0.31s
detect-abnormalWandering: succeeded in 2.95s
detect-abnormalStaying: succeeded in 3.11s
detect-blackList: succeeded in 0.03s
detect-abnormalTransfer: succeeded in 0.11s
detect-highSpeedBoat: succeeded in 0.56s
detect-deviation: succeeded in 0.61s
detect-doubleDragging: succeeded in 1.50s
detect-illegalBerthing: succeeded in 0.05s
detect-illegalStaying: succeeded in 0.08s
detect-CrossingBoundary: succeeded in 0.16s
detect-illegalAnchored: succeeded in 0.20s
detect-collision: succeeded in 0.23s
detect-lowSpeedBoat: succeeded in 0.30s
detect-abnormalStaying: succeeded in 2.58s
detect-abnormalWandering: succeeded in 2.89s
detect-blackList: succeeded in 0.14s
detect-abnormalTransfer: succeeded in 0.14s
detect-deviation: succeeded in 0.45s
detect-highSpeedBoat: succeeded in 0.51s
detect-doubleDragging: succeeded in 1.25s
detect-illegalBerthing: succeeded in 0.06s
detect-collision: succeeded in 0.17s
detect-illegalStaying: succeeded in 0.22s
detect-CrossingBoundary: succeeded in 0.25s
detect-lowSpeedBoat: succeeded in 0.25s
detect-illegalAnchored: succeeded in 0.27s
detect-abnormalWandering: succeeded in 2.55s
detect-abnormalStaying: succeeded in 2.69s
detect-blackList: succeeded in 0.05s
detect-abnormalTransfer: succeeded in 0.23s
detect-deviation: succeeded in 0.72s
detect-doubleDragging: succeeded in 1.12s
detect-highSpeedBoat: succeeded in 1.42s
detect-collision: succeeded in 0.03s
detect-illegalStaying: succeeded in 0.17s
detect-CrossingBoundary: succeeded in 0.19s
detect-illegalAnchored: succeeded in 0.22s
detect-illegalBerthing: succeeded in 0.22s
detect-lowSpeedBoat: succeeded in 0.25s
detect-abnormalWandering: succeeded in 2.76s
detect-abnormalTransfer: succeeded in 0.08s
detect-blackList: succeeded in 0.16s
detect-deviation: succeeded in 0.36s
detect-abnormalStaying: succeeded in 3.73s
detect-collision: succeeded in 0.03s
detect-CrossingBoundary: succeeded in 0.11s
detect-illegalStaying: succeeded in 0.11s
detect-illegalBerthing: succeeded in 0.19s
detect-illegalAnchored: succeeded in 0.42s
detect-highSpeedBoat: succeeded in 2.00s
detect-lowSpeedBoat: succeeded in 0.61s
detect-doubleDragging: succeeded in 2.16s
detect-abnormalWandering: succeeded in 2.50s
detect-blackList: succeeded in 0.19s
detect-abnormalTransfer: succeeded in 0.25s
detect-deviation: succeeded in 0.53s
detect-abnormalStaying: succeeded in 2.72s
detect-highSpeedBoat: succeeded in 0.58s
detect-collision: succeeded in 0.05s
detect-illegalBerthing: succeeded in 0.06s
detect-illegalAnchored: succeeded in 0.20s
detect-CrossingBoundary: succeeded in 0.27s
detect-illegalStaying: succeeded in 0.25s
detect-lowSpeedBoat: succeeded in 0.58s
detect-doubleDragging: succeeded in 2.77s
detect-abnormalWandering: succeeded in 3.06s
detect-blackList: succeeded in 0.03s
detect-abnormalTransfer: succeeded in 0.33s
detect-deviation: succeeded in 0.53s
detect-abnormalStaying: succeeded in 3.24s
detect-highSpeedBoat: succeeded in 0.91s
detect-doubleDragging: succeeded in 0.95s
detect-collision: succeeded in 0.03s
detect-illegalBerthing: succeeded in 0.09s
detect-illegalAnchored: succeeded in 0.20s
detect-illegalStaying: succeeded in 0.25s
detect-CrossingBoundary: succeeded in 0.44s
detect-lowSpeedBoat: succeeded in 0.42s
detect-blackList: succeeded in 0.03s
detect-abnormalTransfer: succeeded in 0.11s
detect-deviation: succeeded in 0.42s
detect-abnormalWandering: succeeded in 3.61s
detect-highSpeedBoat: succeeded in 0.67s
detect-doubleDragging: succeeded in 0.94s
detect-illegalBerthing: succeeded in 0.05s
detect-collision: succeeded in 0.11s
detect-illegalStaying: succeeded in 0.12s
detect-CrossingBoundary: succeeded in 0.16s
detect-illegalAnchored: succeeded in 0.14s
detect-lowSpeedBoat: succeeded in 0.27s
detect-abnormalStaying: succeeded in 4.31s
detect-blackList: succeeded in 0.05s
detect-abnormalWandering: succeeded in 2.86s
detect-abnormalTransfer: succeeded in 0.19s
detect-deviation: succeeded in 0.72s
detect-doubleDragging: succeeded in 1.17s
detect-highSpeedBoat: succeeded in 1.19s
detect-illegalBerthing: succeeded in 0.06s
detect-CrossingBoundary: succeeded in 0.12s
detect-illegalAnchored: succeeded in 0.16s
detect-collision: succeeded in 0.19s
detect-illegalStaying: succeeded in 0.22s
detect-lowSpeedBoat: succeeded in 0.38s
detect-abnormalStaying: succeeded in 3.06s
detect-blackList: succeeded in 0.06s
detect-abnormalWandering: succeeded in 3.28s
detect-abnormalTransfer: succeeded in 0.22s
detect-deviation: succeeded in 0.45s
detect-highSpeedBoat: succeeded in 0.98s
detect-doubleDragging: succeeded in 1.45s
detect-collision: succeeded in 0.03s
detect-illegalStaying: succeeded in 0.12s
detect-CrossingBoundary: succeeded in 0.19s
detect-illegalBerthing: succeeded in 0.17s
detect-illegalAnchored: succeeded in 0.22s
detect-lowSpeedBoat: succeeded in 0.30s
detect-abnormalWandering: succeeded in 3.08s
detect-abnormalStaying: succeeded in 3.39s
detect-abnormalTransfer: succeeded in 0.16s
detect-blackList: succeeded in 0.26s
detect-deviation: succeeded in 0.61s
detect-doubleDragging: succeeded in 1.36s
detect-highSpeedBoat: succeeded in 1.49s
detect-collision: succeeded in 0.03s
detect-illegalStaying: succeeded in 0.08s
detect-CrossingBoundary: succeeded in 0.11s
detect-illegalBerthing: succeeded in 0.11s
detect-illegalAnchored: succeeded in 0.17s
detect-lowSpeedBoat: succeeded in 0.27s
detect-abnormalWandering: succeeded in 2.72s
detect-abnormalStaying: succeeded in 2.89s
detect-blackList: succeeded in 0.19s
detect-abnormalTransfer: succeeded in 0.19s
detect-deviation: succeeded in 0.47s
detect-highSpeedBoat: succeeded in 0.52s
detect-doubleDragging: succeeded in 0.88s
detect-collision: succeeded in 0.03s
detect-illegalBerthing: succeeded in 0.06s
detect-illegalAnchored: succeeded in 0.23s
detect-CrossingBoundary: succeeded in 0.27s
detect-lowSpeedBoat: succeeded in 0.38s
detect-illegalStaying: succeeded in 0.50s
detect-abnormalStaying: succeeded in 2.86s
detect-abnormalWandering: succeeded in 2.91s
detect-blackList: succeeded in 0.06s
detect-abnormalTransfer: succeeded in 0.34s
detect-deviation: succeeded in 0.69s
detect-doubleDragging: succeeded in 1.33s
detect-collision: succeeded in 0.03s
detect-illegalBerthing: succeeded in 0.11s
detect-CrossingBoundary: succeeded in 0.17s
detect-illegalStaying: succeeded in 0.17s
detect-illegalAnchored: succeeded in 0.22s
detect-lowSpeedBoat: succeeded in 0.33s
detect-highSpeedBoat: succeeded in 1.92s
detect-blackList: succeeded in 0.05s
detect-abnormalWandering: succeeded in 3.50s
detect-abnormalTransfer: succeeded in 0.14s
detect-deviation: succeeded in 0.50s
detect-highSpeedBoat: succeeded in 1.03s
detect-abnormalStaying: succeeded in 4.67s
detect-illegalBerthing: succeeded in 0.06s
detect-collision: succeeded in 0.19s
detect-illegalAnchored: succeeded in 0.22s
detect-doubleDragging: succeeded in 2.16s
detect-illegalStaying: succeeded in 0.33s
detect-CrossingBoundary: succeeded in 0.42s
detect-lowSpeedBoat: succeeded in 0.45s
detect-abnormalWandering: succeeded in 3.36s
detect-blackList: succeeded in 0.05s
detect-abnormalTransfer: succeeded in 0.33s
detect-highSpeedBoat: succeeded in 0.67s
detect-deviation: succeeded in 0.69s
detect-abnormalStaying: succeeded in 3.48s
detect-doubleDragging: succeeded in 1.48s
detect-illegalBerthing: succeeded in 0.05s
detect-CrossingBoundary: succeeded in 0.12s
detect-illegalStaying: succeeded in 0.20s
detect-illegalAnchored: succeeded in 0.20s
detect-collision: succeeded in 0.26s
detect-lowSpeedBoat: succeeded in 0.34s
detect-blackList: succeeded in 0.03s
detect-abnormalTransfer: succeeded in 0.26s
detect-abnormalWandering: succeeded in 3.75s
detect-deviation: succeeded in 0.61s
detect-highSpeedBoat: succeeded in 0.95s
detect-abnormalStaying: succeeded in 3.39s
detect-collision: succeeded in 0.11s
detect-doubleDragging: succeeded in 1.81s
detect-illegalAnchored: succeeded in 0.27s
detect-CrossingBoundary: succeeded in 0.28s
detect-illegalBerthing: succeeded in 0.22s
detect-illegalStaying: succeeded in 0.30s
detect-lowSpeedBoat: succeeded in 0.50s
detect-abnormalTransfer: succeeded in 0.16s
detect-blackList: succeeded in 0.17s
detect-abnormalWandering: succeeded in 3.74s
detect-deviation: succeeded in 0.61s
detect-highSpeedBoat: succeeded in 1.12s
detect-doubleDragging: succeeded in 1.19s
detect-collision: succeeded in 0.05s
detect-abnormalStaying: succeeded in 4.05s
detect-CrossingBoundary: succeeded in 0.16s
detect-illegalStaying: succeeded in 0.20s
detect-illegalBerthing: succeeded in 0.20s
detect-illegalAnchored: succeeded in 0.28s
detect-lowSpeedBoat: succeeded in 0.39s
detect-blackList: succeeded in 0.09s
detect-abnormalTransfer: succeeded in 0.11s
detect-abnormalWandering: succeeded in 3.38s
detect-highSpeedBoat: succeeded in 0.95s
detect-deviation: succeeded in 1.02s
detect-doubleDragging: succeeded in 1.36s
detect-abnormalStaying: succeeded in 2.99s
detect-collision: succeeded in 0.03s
detect-illegalBerthing: succeeded in 0.06s
detect-illegalStaying: succeeded in 0.38s
detect-illegalAnchored: succeeded in 0.31s
detect-CrossingBoundary: succeeded in 0.47s
detect-lowSpeedBoat: succeeded in 0.81s
detect-blackList: succeeded in 0.05s
detect-abnormalTransfer: succeeded in 0.41s
detect-abnormalWandering: succeeded in 3.47s
detect-deviation: succeeded in 0.84s
detect-highSpeedBoat: succeeded in 1.05s
detect-collision: succeeded in 0.05s
detect-doubleDragging: succeeded in 1.81s
detect-illegalBerthing: succeeded in 0.09s
detect-CrossingBoundary: succeeded in 0.28s
detect-illegalAnchored: succeeded in 0.30s
detect-lowSpeedBoat: succeeded in 0.30s
detect-illegalStaying: succeeded in 0.33s
detect-abnormalStaying: succeeded in 3.89s
detect-blackList: succeeded in 0.05s
detect-abnormalTransfer: succeeded in 0.09s
detect-highSpeedBoat: succeeded in 0.53s
detect-deviation: succeeded in 0.66s
detect-abnormalWandering: succeeded in 3.64s
detect-doubleDragging: succeeded in 1.33s
detect-illegalBerthing: succeeded in 0.05s
detect-illegalStaying: succeeded in 0.16s
detect-collision: succeeded in 0.31s
detect-CrossingBoundary: succeeded in 0.31s
detect-illegalAnchored: succeeded in 0.33s
detect-abnormalStaying: succeeded in 3.38s
detect-lowSpeedBoat: succeeded in 0.41s
detect-blackList: succeeded in 0.05s
detect-abnormalTransfer: succeeded in 0.19s
detect-abnormalWandering: succeeded in 3.34s
detect-deviation: succeeded in 0.72s
detect-highSpeedBoat: succeeded in 1.33s
detect-doubleDragging: succeeded in 1.72s
detect-illegalBerthing: succeeded in 0.05s
detect-illegalStaying: succeeded in 0.12s
detect-collision: succeeded in 0.14s
detect-CrossingBoundary: succeeded in 0.22s
detect-illegalAnchored: succeeded in 0.30s
detect-abnormalStaying: succeeded in 3.66s
detect-lowSpeedBoat: succeeded in 0.42s
detect-blackList: succeeded in 0.06s
detect-abnormalTransfer: succeeded in 0.19s
detect-abnormalWandering: succeeded in 3.33s
detect-highSpeedBoat: succeeded in 0.80s
detect-deviation: succeeded in 0.83s
detect-doubleDragging: succeeded in 1.48s
detect-collision: succeeded in 0.06s
detect-illegalBerthing: succeeded in 0.14s
detect-CrossingBoundary: succeeded in 0.19s
detect-illegalStaying: succeeded in 0.16s
detect-illegalAnchored: succeeded in 0.23s
detect-lowSpeedBoat: succeeded in 0.34s
detect-abnormalStaying: succeeded in 4.08s
detect-abnormalTransfer: succeeded in 0.09s
detect-blackList: succeeded in 0.19s
detect-abnormalWandering: succeeded in 3.56s
detect-deviation: succeeded in 0.58s
detect-highSpeedBoat: succeeded in 0.62s
detect-doubleDragging: succeeded in 0.97s
detect-collision: succeeded in 0.03s
detect-illegalStaying: succeeded in 0.14s
detect-illegalBerthing: succeeded in 0.16s
detect-CrossingBoundary: succeeded in 0.19s
detect-illegalAnchored: succeeded in 0.31s
detect-lowSpeedBoat: succeeded in 0.42s
detect-abnormalStaying: succeeded in 3.12s
detect-blackList: succeeded in 0.16s
detect-abnormalTransfer: succeeded in 0.24s
detect-abnormalWandering: succeeded in 3.02s
detect-deviation: succeeded in 0.52s
detect-highSpeedBoat: succeeded in 0.64s
detect-doubleDragging: succeeded in 1.12s
detect-collision: succeeded in 0.03s
detect-illegalBerthing: succeeded in 0.06s
detect-illegalStaying: succeeded in 0.16s
detect-illegalAnchored: succeeded in 0.16s
detect-CrossingBoundary: succeeded in 0.17s
detect-lowSpeedBoat: succeeded in 0.24s
detect-abnormalStaying: succeeded in 2.83s
detect-blackList: succeeded in 0.06s
detect-abnormalWandering: succeeded in 3.22s
detect-abnormalTransfer: succeeded in 0.28s
detect-highSpeedBoat: succeeded in 0.80s
detect-deviation: succeeded in 0.83s
detect-doubleDragging: succeeded in 1.67s
detect-collision: succeeded in 0.03s
detect-illegalBerthing: succeeded in 0.05s
detect-CrossingBoundary: succeeded in 0.12s
detect-abnormalStaying: succeeded in 3.09s
detect-illegalStaying: succeeded in 0.16s
detect-illegalAnchored: succeeded in 0.19s
detect-lowSpeedBoat: succeeded in 0.30s
detect-blackList: succeeded in 0.03s
detect-abnormalTransfer: succeeded in 0.14s
detect-deviation: succeeded in 0.49s
detect-highSpeedBoat: succeeded in 0.62s
detect-abnormalWandering: succeeded in 3.94s
detect-doubleDragging: succeeded in 1.12s
detect-illegalBerthing: succeeded in 0.06s
detect-illegalStaying: succeeded in 0.11s
detect-collision: succeeded in 0.17s
detect-illegalAnchored: succeeded in 0.17s
detect-CrossingBoundary: succeeded in 0.17s
detect-lowSpeedBoat: succeeded in 0.28s
detect-blackList: succeeded in 0.05s
detect-abnormalTransfer: succeeded in 0.12s
detect-abnormalStaying: succeeded in 3.78s
detect-deviation: succeeded in 0.80s
detect-abnormalWandering: succeeded in 3.06s
detect-highSpeedBoat: succeeded in 1.84s
detect-illegalStaying: succeeded in 0.16s
detect-CrossingBoundary: succeeded in 0.19s
detect-illegalBerthing: succeeded in 0.20s
detect-collision: succeeded in 0.25s
detect-illegalAnchored: succeeded in 0.25s
detect-lowSpeedBoat: succeeded in 0.41s
detect-doubleDragging: succeeded in 2.28s
detect-blackList: succeeded in 0.03s
detect-abnormalTransfer: succeeded in 0.17s
detect-deviation: succeeded in 0.58s
detect-abnormalStaying: succeeded in 3.25s
detect-highSpeedBoat: succeeded in 0.81s
detect-abnormalWandering: succeeded in 3.45s
detect-doubleDragging: succeeded in 1.26s
detect-collision: succeeded in 0.03s
detect-illegalBerthing: succeeded in 0.12s
detect-illegalStaying: succeeded in 0.14s
detect-CrossingBoundary: succeeded in 0.20s
detect-illegalAnchored: succeeded in 0.19s
detect-lowSpeedBoat: succeeded in 0.31s
detect-abnormalTransfer: succeeded in 0.12s
detect-blackList: succeeded in 0.22s
detect-deviation: succeeded in 0.62s
detect-highSpeedBoat: succeeded in 1.05s
detect-abnormalStaying: succeeded in 4.02s
detect-collision: succeeded in 0.03s
detect-abnormalWandering: succeeded in 3.70s
detect-illegalStaying: succeeded in 0.11s
detect-illegalBerthing: succeeded in 0.14s
detect-CrossingBoundary: succeeded in 0.17s
detect-illegalAnchored: succeeded in 0.20s
detect-lowSpeedBoat: succeeded in 0.56s
detect-doubleDragging: succeeded in 2.59s
detect-blackList: succeeded in 0.30s
detect-abnormalTransfer: succeeded in 0.34s
detect-highSpeedBoat: succeeded in 0.51s
detect-deviation: succeeded in 0.66s
detect-doubleDragging: succeeded in 1.38s
detect-abnormalStaying: succeeded in 3.30s
detect-collision: succeeded in 0.02s
detect-illegalBerthing: succeeded in 0.08s
detect-illegalAnchored: succeeded in 0.19s
detect-illegalStaying: succeeded in 0.20s
detect-abnormalWandering: succeeded in 3.30s
detect-CrossingBoundary: succeeded in 0.34s
detect-lowSpeedBoat: succeeded in 0.52s
detect-blackList: succeeded in 0.06s
detect-abnormalTransfer: succeeded in 0.45s
detect-deviation: succeeded in 0.62s
detect-highSpeedBoat: succeeded in 1.00s
detect-abnormalWandering: succeeded in 3.06s
detect-doubleDragging: succeeded in 1.70s
detect-collision: succeeded in 0.02s
detect-illegalBerthing: succeeded in 0.05s
detect-abnormalStaying: succeeded in 3.69s
detect-illegalStaying: succeeded in 0.19s
detect-illegalAnchored: succeeded in 0.20s
detect-CrossingBoundary: succeeded in 0.22s
detect-lowSpeedBoat: succeeded in 0.53s
detect-blackList: succeeded in 0.05s
detect-abnormalTransfer: succeeded in 0.33s
detect-highSpeedBoat: succeeded in 0.67s
detect-deviation: succeeded in 0.91s
detect-doubleDragging: succeeded in 1.22s
detect-abnormalWandering: succeeded in 3.52s
detect-illegalBerthing: succeeded in 0.09s
detect-collision: succeeded in 0.19s
detect-illegalStaying: succeeded in 0.20s
detect-CrossingBoundary: succeeded in 0.22s
detect-illegalAnchored: succeeded in 0.27s
detect-lowSpeedBoat: succeeded in 0.44s
detect-abnormalStaying: succeeded in 4.70s
detect-blackList: succeeded in 0.05s
detect-abnormalTransfer: succeeded in 0.20s
detect-deviation: succeeded in 0.72s
detect-highSpeedBoat: succeeded in 0.91s
detect-doubleDragging: succeeded in 1.31s
detect-illegalBerthing: succeeded in 0.05s
detect-illegalStaying: succeeded in 0.14s
detect-CrossingBoundary: succeeded in 0.17s
detect-illegalAnchored: succeeded in 0.19s
detect-collision: succeeded in 0.28s
detect-lowSpeedBoat: succeeded in 0.31s
detect-abnormalWandering: succeeded in 4.31s
detect-abnormalStaying: succeeded in 3.36s
detect-blackList: succeeded in 0.05s
detect-abnormalTransfer: succeeded in 0.19s
detect-deviation: succeeded in 0.77s
detect-highSpeedBoat: succeeded in 0.75s
detect-doubleDragging: succeeded in 1.76s
detect-collision: succeeded in 0.03s
detect-CrossingBoundary: succeeded in 0.14s
detect-illegalStaying: succeeded in 0.26s
detect-illegalBerthing: succeeded in 0.31s
detect-illegalAnchored: succeeded in 0.34s
detect-lowSpeedBoat: succeeded in 0.64s
detect-abnormalWandering: succeeded in 3.66s
detect-abnormalTransfer: succeeded in 0.25s
detect-blackList: succeeded in 0.30s
detect-deviation: succeeded in 0.72s
detect-highSpeedBoat: succeeded in 0.91s
detect-abnormalStaying: succeeded in 4.67s
detect-collision: succeeded in 0.03s
detect-illegalStaying: succeeded in 0.19s
detect-CrossingBoundary: succeeded in 0.24s
detect-illegalBerthing: succeeded in 0.25s
detect-illegalAnchored: succeeded in 0.38s
detect-lowSpeedBoat: succeeded in 0.61s
detect-doubleDragging: succeeded in 2.92s
detect-blackList: succeeded in 0.11s
detect-abnormalTransfer: succeeded in 0.22s
detect-abnormalWandering: succeeded in 3.62s
detect-deviation: succeeded in 0.75s
detect-highSpeedBoat: succeeded in 1.36s
detect-collision: succeeded in 0.03s
detect-illegalBerthing: succeeded in 0.14s
detect-abnormalStaying: succeeded in 4.30s
detect-CrossingBoundary: succeeded in 0.31s
detect-illegalAnchored: succeeded in 0.31s
detect-illegalStaying: succeeded in 0.42s
detect-lowSpeedBoat: succeeded in 0.59s
detect-doubleDragging: succeeded in 3.00s
detect-blackList: succeeded in 0.03s
detect-abnormalTransfer: succeeded in 0.33s
detect-abnormalWandering: succeeded in 3.83s
detect-deviation: succeeded in 0.72s
detect-highSpeedBoat: succeeded in 0.91s
detect-doubleDragging: succeeded in 1.20s
detect-collision: succeeded in 0.03s
detect-illegalBerthing: succeeded in 0.09s
detect-illegalAnchored: succeeded in 0.28s
detect-CrossingBoundary: succeeded in 0.38s
detect-lowSpeedBoat: succeeded in 0.42s
detect-illegalStaying: succeeded in 0.44s
detect-abnormalStaying: succeeded in 3.42s
detect-blackList: succeeded in 0.05s
detect-abnormalTransfer: succeeded in 0.09s
detect-deviation: succeeded in 0.67s
detect-highSpeedBoat: succeeded in 1.08s
detect-abnormalWandering: succeeded in 3.72s
detect-doubleDragging: succeeded in 1.61s
detect-illegalBerthing: succeeded in 0.06s
detect-illegalStaying: succeeded in 0.19s
detect-collision: succeeded in 0.20s
detect-CrossingBoundary: succeeded in 0.19s
detect-illegalAnchored: succeeded in 0.19s
detect-lowSpeedBoat: succeeded in 0.33s
detect-abnormalStaying: succeeded in 3.47s
detect-blackList: succeeded in 0.03s
detect-abnormalTransfer: succeeded in 0.08s
detect-highSpeedBoat: succeeded in 0.48s
detect-deviation: succeeded in 0.51s
detect-doubleDragging: succeeded in 1.08s
detect-abnormalWandering: succeeded in 3.17s
detect-illegalBerthing: succeeded in 0.11s
detect-illegalStaying: succeeded in 0.11s
detect-CrossingBoundary: succeeded in 0.19s
detect-illegalAnchored: succeeded in 0.22s
detect-collision: succeeded in 0.25s
detect-lowSpeedBoat: succeeded in 0.42s
detect-abnormalStaying: succeeded in 3.42s
detect-blackList: succeeded in 0.03s
detect-abnormalTransfer: succeeded in 0.16s
detect-deviation: succeeded in 0.78s
detect-highSpeedBoat: succeeded in 0.81s
detect-doubleDragging: succeeded in 1.34s
detect-collision: succeeded in 0.05s
detect-illegalBerthing: succeeded in 0.12s
detect-CrossingBoundary: succeeded in 0.16s
detect-illegalStaying: succeeded in 0.16s
detect-illegalAnchored: succeeded in 0.28s
detect-abnormalWandering: succeeded in 4.11s
detect-lowSpeedBoat: succeeded in 0.33s
detect-abnormalStaying: succeeded in 3.58s
detect-abnormalTransfer: succeeded in 0.09s
detect-blackList: succeeded in 0.12s
detect-deviation: succeeded in 0.56s
detect-highSpeedBoat: succeeded in 0.64s
detect-doubleDragging: succeeded in 1.08s
detect-collision: succeeded in 0.03s
detect-illegalBerthing: succeeded in 0.14s
detect-CrossingBoundary: succeeded in 0.16s
detect-illegalStaying: succeeded in 0.20s
detect-illegalAnchored: succeeded in 0.28s
detect-lowSpeedBoat: succeeded in 0.31s
detect-abnormalWandering: succeeded in 3.03s
detect-abnormalStaying: succeeded in 2.75s
detect-blackList: succeeded in 0.12s
detect-abnormalTransfer: succeeded in 0.14s
detect-deviation: succeeded in 0.47s
detect-highSpeedBoat: succeeded in 0.64s
detect-doubleDragging: succeeded in 0.97s
detect-abnormalWandering: succeeded in 2.25s
detect-collision: succeeded in 0.05s
detect-illegalBerthing: succeeded in 0.19s
detect-illegalStaying: succeeded in 0.38s
detect-CrossingBoundary: succeeded in 0.47s
detect-illegalAnchored: succeeded in 0.55s
detect-lowSpeedBoat: succeeded in 0.55s
detect-blackList: succeeded in 0.03s
detect-abnormalTransfer: succeeded in 0.27s
detect-abnormalStaying: succeeded in 4.56s
detect-deviation: succeeded in 0.84s
detect-highSpeedBoat: succeeded in 1.11s
detect-collision: succeeded in 0.03s
detect-illegalBerthing: succeeded in 0.11s
detect-doubleDragging: succeeded in 2.03s
detect-illegalAnchored: succeeded in 0.28s
detect-CrossingBoundary: succeeded in 0.30s
detect-illegalStaying: succeeded in 0.39s
detect-lowSpeedBoat: succeeded in 0.94s
detect-blackList: succeeded in 0.05s
detect-abnormalTransfer: succeeded in 0.14s
detect-abnormalWandering: succeeded in 6.19s
detect-deviation: succeeded in 0.80s
detect-highSpeedBoat: succeeded in 1.72s
detect-illegalAnchored: succeeded in 0.19s
detect-CrossingBoundary: succeeded in 0.25s
detect-illegalBerthing: succeeded in 0.20s
detect-collision: succeeded in 0.28s
detect-doubleDragging: succeeded in 2.42s
detect-illegalStaying: succeeded in 0.34s
detect-lowSpeedBoat: succeeded in 0.38s
detect-blackList: succeeded in 0.03s
detect-abnormalTransfer: succeeded in 0.25s
detect-deviation: succeeded in 0.62s
detect-abnormalStaying: succeeded in 7.89s
detect-highSpeedBoat: succeeded in 1.52s
detect-abnormalWandering: succeeded in 4.92s
detect-doubleDragging: succeeded in 1.77s
detect-illegalBerthing: succeeded in 0.05s
detect-illegalStaying: succeeded in 0.20s
detect-CrossingBoundary: succeeded in 0.25s
detect-illegalAnchored: succeeded in 0.28s
detect-collision: succeeded in 0.36s
detect-lowSpeedBoat: succeeded in 0.99s
detect-blackList: succeeded in 0.03s
detect-abnormalTransfer: succeeded in 0.27s
detect-deviation: succeeded in 0.80s
detect-abnormalWandering: succeeded in 3.89s
detect-collision: succeeded in 0.05s
detect-abnormalStaying: succeeded in 4.06s
detect-illegalStaying: succeeded in 0.23s
detect-CrossingBoundary: succeeded in 0.27s
detect-illegalBerthing: succeeded in 0.28s
detect-illegalAnchored: succeeded in 0.41s
detect-lowSpeedBoat: succeeded in 0.64s
detect-highSpeedBoat: succeeded in 2.70s
detect-doubleDragging: succeeded in 3.27s
detect-abnormalTransfer: succeeded in 0.14s
detect-blackList: succeeded in 0.24s
detect-deviation: succeeded in 0.72s
detect-highSpeedBoat: succeeded in 1.59s
detect-collision: succeeded in 0.03s
detect-CrossingBoundary: succeeded in 0.19s
detect-illegalStaying: succeeded in 0.22s
detect-illegalBerthing: succeeded in 0.36s
detect-abnormalWandering: succeeded in 4.28s
detect-illegalAnchored: succeeded in 0.41s
detect-doubleDragging: succeeded in 2.50s
detect-lowSpeedBoat: succeeded in 0.72s
detect-blackList: succeeded in 0.22s
detect-abnormalTransfer: succeeded in 0.25s
detect-abnormalStaying: succeeded in 5.97s
detect-deviation: succeeded in 0.81s
detect-collision: succeeded in 0.03s
detect-illegalBerthing: succeeded in 0.11s
detect-illegalAnchored: succeeded in 0.20s
detect-CrossingBoundary: succeeded in 0.31s
detect-illegalStaying: succeeded in 0.41s
detect-doubleDragging: succeeded in 2.74s
detect-highSpeedBoat: succeeded in 2.88s
detect-abnormalWandering: succeeded in 4.44s
detect-lowSpeedBoat: succeeded in 1.08s
detect-blackList: succeeded in 0.06s
detect-abnormalTransfer: succeeded in 0.33s
detect-deviation: succeeded in 0.67s
detect-highSpeedBoat: succeeded in 0.89s
detect-abnormalStaying: succeeded in 4.69s
detect-collision: succeeded in 0.03s
detect-illegalBerthing: succeeded in 0.05s
detect-doubleDragging: succeeded in 1.92s
detect-illegalAnchored: succeeded in 0.22s
detect-CrossingBoundary: succeeded in 0.23s
detect-illegalStaying: succeeded in 0.38s
detect-lowSpeedBoat: succeeded in 0.47s
detect-blackList: succeeded in 0.03s
detect-abnormalTransfer: succeeded in 0.31s
detect-deviation: succeeded in 0.56s
detect-abnormalWandering: succeeded in 5.12s
detect-highSpeedBoat: succeeded in 0.80s
detect-illegalBerthing: succeeded in 0.06s
detect-collision: succeeded in 0.19s
detect-doubleDragging: succeeded in 1.94s
detect-illegalStaying: succeeded in 0.26s
detect-CrossingBoundary: succeeded in 0.33s
detect-lowSpeedBoat: succeeded in 0.42s
detect-illegalAnchored: succeeded in 0.44s
detect-abnormalStaying: succeeded in 4.69s
detect-blackList: succeeded in 0.02s
detect-abnormalTransfer: succeeded in 0.11s
detect-deviation: succeeded in 0.59s
detect-abnormalWandering: succeeded in 4.20s
detect-highSpeedBoat: succeeded in 1.27s
detect-illegalBerthing: succeeded in 0.06s
detect-collision: succeeded in 0.16s
detect-illegalStaying: succeeded in 0.22s
detect-CrossingBoundary: succeeded in 0.30s
detect-illegalAnchored: succeeded in 0.33s
detect-lowSpeedBoat: succeeded in 0.36s
detect-doubleDragging: succeeded in 2.19s
detect-abnormalStaying: succeeded in 5.22s
detect-blackList: succeeded in 0.03s
detect-abnormalTransfer: succeeded in 0.14s
detect-highSpeedBoat: succeeded in 0.59s
detect-deviation: succeeded in 0.62s
detect-abnormalWandering: succeeded in 3.56s
detect-doubleDragging: succeeded in 1.19s
detect-collision: succeeded in 0.03s
detect-CrossingBoundary: succeeded in 0.11s
detect-illegalStaying: succeeded in 0.14s
detect-illegalBerthing: succeeded in 0.14s
detect-illegalAnchored: succeeded in 0.30s
detect-lowSpeedBoat: succeeded in 0.36s
detect-blackList: succeeded in 0.09s
detect-abnormalTransfer: succeeded in 0.16s
detect-abnormalStaying: succeeded in 3.56s
detect-deviation: succeeded in 0.66s
detect-abnormalWandering: succeeded in 3.00s
detect-collision: succeeded in 0.03s
detect-illegalStaying: succeeded in 0.20s
detect-illegalBerthing: succeeded in 0.17s
detect-CrossingBoundary: succeeded in 0.38s
detect-illegalAnchored: succeeded in 0.42s
detect-highSpeedBoat: succeeded in 2.17s
detect-lowSpeedBoat: succeeded in 0.56s
detect-doubleDragging: succeeded in 2.56s
detect-abnormalTransfer: succeeded in 0.25s
detect-blackList: succeeded in 0.25s
detect-deviation: succeeded in 0.56s
detect-abnormalStaying: succeeded in 3.67s
detect-highSpeedBoat: succeeded in 0.69s
detect-abnormalWandering: succeeded in 3.27s
detect-collision: succeeded in 0.03s
detect-illegalBerthing: succeeded in 0.06s
detect-CrossingBoundary: succeeded in 0.19s
detect-illegalStaying: succeeded in 0.19s
detect-doubleDragging: succeeded in 1.84s
detect-illegalAnchored: succeeded in 0.24s
detect-lowSpeedBoat: succeeded in 0.31s
detect-blackList: succeeded in 0.03s
detect-abnormalTransfer: succeeded in 0.30s
detect-deviation: succeeded in 0.50s
detect-abnormalStaying: succeeded in 3.03s
detect-highSpeedBoat: succeeded in 0.62s
detect-abnormalWandering: succeeded in 2.61s
detect-doubleDragging: succeeded in 1.26s
detect-collision: succeeded in 0.03s
detect-illegalBerthing: succeeded in 0.14s
detect-illegalAnchored: succeeded in 0.24s
detect-illegalStaying: succeeded in 0.30s
detect-CrossingBoundary: succeeded in 0.38s
detect-lowSpeedBoat: succeeded in 0.49s
detect-blackList: succeeded in 0.03s
detect-abnormalTransfer: succeeded in 0.20s
detect-deviation: succeeded in 0.45s
detect-highSpeedBoat: succeeded in 0.51s
detect-abnormalStaying: succeeded in 3.75s
detect-doubleDragging: succeeded in 1.17s
detect-abnormalWandering: succeeded in 3.12s
detect-illegalBerthing: succeeded in 0.14s
detect-CrossingBoundary: succeeded in 0.12s
detect-illegalStaying: succeeded in 0.22s
detect-illegalAnchored: succeeded in 0.20s
detect-collision: succeeded in 0.25s
detect-lowSpeedBoat: succeeded in 0.39s
detect-blackList: succeeded in 0.03s
detect-abnormalTransfer: succeeded in 0.17s
detect-deviation: succeeded in 0.66s
detect-abnormalStaying: succeeded in 3.05s
detect-abnormalWandering: succeeded in 2.62s
detect-highSpeedBoat: succeeded in 1.47s
detect-illegalBerthing: succeeded in 0.12s
detect-CrossingBoundary: succeeded in 0.14s
detect-illegalStaying: succeeded in 0.17s
detect-collision: succeeded in 0.20s
detect-illegalAnchored: succeeded in 0.22s
detect-lowSpeedBoat: succeeded in 0.30s
detect-doubleDragging: succeeded in 2.39s
detect-blackList: succeeded in 0.06s
detect-abnormalStaying: succeeded in 3.33s
detect-abnormalTransfer: succeeded in 0.23s
detect-deviation: succeeded in 1.05s
detect-highSpeedBoat: succeeded in 1.05s
detect-abnormalWandering: succeeded in 3.41s
detect-collision: succeeded in 0.05s
detect-CrossingBoundary: succeeded in 0.22s
detect-illegalBerthing: succeeded in 0.24s
detect-illegalAnchored: succeeded in 0.26s
detect-doubleDragging: succeeded in 1.81s
detect-illegalStaying: succeeded in 0.38s
detect-lowSpeedBoat: succeeded in 0.50s
detect-abnormalTransfer: succeeded in 0.19s
detect-blackList: succeeded in 0.17s
detect-deviation: succeeded in 1.00s
detect-highSpeedBoat: succeeded in 1.48s
detect-collision: succeeded in 0.05s
detect-doubleDragging: succeeded in 1.70s
detect-abnormalStaying: succeeded in 4.64s
detect-CrossingBoundary: succeeded in 0.14s
detect-illegalStaying: succeeded in 0.14s
detect-illegalBerthing: succeeded in 0.22s
detect-illegalAnchored: succeeded in 0.28s
detect-lowSpeedBoat: succeeded in 0.36s
detect-abnormalWandering: succeeded in 3.92s
detect-abnormalTransfer: succeeded in 0.24s
detect-blackList: succeeded in 0.30s
detect-deviation: succeeded in 0.52s
detect-highSpeedBoat: succeeded in 0.75s
detect-doubleDragging: succeeded in 1.53s
detect-collision: succeeded in 0.03s
detect-illegalBerthing: succeeded in 0.05s
detect-abnormalStaying: succeeded in 3.58s
detect-illegalAnchored: succeeded in 0.20s
detect-illegalStaying: succeeded in 0.31s
detect-CrossingBoundary: succeeded in 0.42s
detect-abnormalWandering: succeeded in 3.45s
detect-lowSpeedBoat: succeeded in 0.72s
detect-blackList: succeeded in 0.03s
detect-abnormalTransfer: succeeded in 0.23s
detect-deviation: succeeded in 0.55s
detect-highSpeedBoat: succeeded in 0.73s
detect-doubleDragging: succeeded in 1.38s
detect-collision: succeeded in 0.05s
detect-illegalBerthing: succeeded in 0.06s
detect-illegalStaying: succeeded in 0.19s
detect-CrossingBoundary: succeeded in 0.20s
detect-illegalAnchored: succeeded in 0.25s
detect-lowSpeedBoat: succeeded in 0.39s
detect-abnormalStaying: succeeded in 3.73s
detect-abnormalWandering: succeeded in 4.14s
detect-blackList: succeeded in 0.08s
detect-abnormalTransfer: succeeded in 0.20s
detect-deviation: succeeded in 0.72s
detect-illegalBerthing: succeeded in 0.05s
detect-illegalAnchored: succeeded in 0.19s
detect-collision: succeeded in 0.23s
detect-CrossingBoundary: succeeded in 0.28s
detect-illegalStaying: succeeded in 0.28s
detect-highSpeedBoat: succeeded in 2.06s
detect-doubleDragging: succeeded in 2.08s
detect-lowSpeedBoat: succeeded in 0.48s
detect-abnormalStaying: succeeded in 3.88s
detect-blackList: succeeded in 0.03s
detect-abnormalTransfer: succeeded in 0.11s
detect-abnormalWandering: succeeded in 3.89s
detect-deviation: succeeded in 0.73s
detect-highSpeedBoat: succeeded in 1.39s
detect-illegalBerthing: succeeded in 0.05s
detect-illegalStaying: succeeded in 0.16s
detect-collision: succeeded in 0.26s
detect-CrossingBoundary: succeeded in 0.28s
detect-illegalAnchored: succeeded in 0.31s
detect-lowSpeedBoat: succeeded in 0.58s
detect-doubleDragging: succeeded in 2.50s
detect-blackList: succeeded in 0.05s
detect-abnormalTransfer: succeeded in 0.08s
detect-abnormalWandering: succeeded in 3.94s
detect-deviation: succeeded in 0.53s
detect-highSpeedBoat: succeeded in 0.64s
detect-abnormalStaying: succeeded in 4.50s
detect-doubleDragging: succeeded in 1.70s
detect-collision: succeeded in 0.02s
detect-CrossingBoundary: succeeded in 0.27s
detect-illegalStaying: succeeded in 0.34s
detect-illegalBerthing: succeeded in 0.34s
detect-illegalAnchored: succeeded in 0.48s
detect-lowSpeedBoat: succeeded in 0.81s
detect-abnormalTransfer: succeeded in 0.06s
detect-blackList: succeeded in 0.11s
detect-deviation: succeeded in 0.81s
detect-abnormalWandering: succeeded in 4.23s
detect-abnormalStaying: succeeded in 4.41s
detect-collision: succeeded in 0.03s
detect-CrossingBoundary: succeeded in 0.19s
detect-illegalStaying: succeeded in 0.25s
detect-highSpeedBoat: succeeded in 2.08s
detect-illegalBerthing: succeeded in 0.20s
detect-illegalAnchored: succeeded in 0.36s
detect-doubleDragging: succeeded in 2.56s
detect-lowSpeedBoat: succeeded in 0.67s
detect-blackList: succeeded in 0.12s
detect-abnormalTransfer: succeeded in 0.59s
detect-deviation: succeeded in 0.66s
detect-highSpeedBoat: succeeded in 0.95s
detect-doubleDragging: succeeded in 2.12s
detect-blackList: succeeded in 0.27s
detect-illegalBerthing: succeeded in 0.31s
detect-CrossingBoundary: succeeded in 0.50s
detect-illegalStaying: succeeded in 0.51s
detect-lowSpeedBoat: succeeded in 0.56s
detect-collision: succeeded in 0.03s
detect-abnormalTransfer: succeeded in 0.12s
detect-illegalAnchored: succeeded in 0.42s
detect-abnormalWandering: succeeded in 8.74s
detect-deviation: succeeded in 1.16s
detect-blackList: succeeded in 0.03s
detect-illegalBerthing: succeeded in 0.19s
detect-illegalStaying: succeeded in 0.56s
detect-CrossingBoundary: succeeded in 0.56s
detect-lowSpeedBoat: succeeded in 0.70s
detect-abnormalStaying: succeeded in 9.81s
detect-highSpeedBoat: succeeded in 2.47s
detect-doubleDragging: succeeded in 3.38s
detect-collision: succeeded in 0.03s
detect-abnormalTransfer: succeeded in 0.14s
detect-illegalAnchored: succeeded in 0.28s
detect-deviation: succeeded in 0.84s
detect-highSpeedBoat: succeeded in 1.23s
detect-blackList: succeeded in 0.03s
detect-illegalBerthing: succeeded in 0.05s
detect-illegalStaying: succeeded in 0.16s
detect-CrossingBoundary: succeeded in 0.20s
detect-lowSpeedBoat: succeeded in 0.72s
detect-doubleDragging: succeeded in 2.91s
detect-abnormalTransfer: succeeded in 0.20s
detect-collision: succeeded in 0.22s
detect-abnormalWandering: succeeded in 7.39s
detect-illegalAnchored: succeeded in 0.23s
detect-abnormalStaying: succeeded in 6.08s
detect-deviation: succeeded in 0.77s
detect-doubleDragging: succeeded in 1.47s
detect-highSpeedBoat: succeeded in 1.55s
detect-blackList: succeeded in 0.05s
detect-illegalBerthing: succeeded in 0.06s
detect-CrossingBoundary: succeeded in 0.27s
detect-illegalStaying: succeeded in 0.30s
detect-lowSpeedBoat: succeeded in 0.39s
detect-abnormalWandering: succeeded in 3.42s
detect-abnormalTransfer: succeeded in 0.19s
detect-illegalAnchored: succeeded in 0.27s
detect-collision: succeeded in 0.31s
detect-abnormalStaying: succeeded in 3.49s
detect-deviation: succeeded in 1.27s
detect-highSpeedBoat: succeeded in 1.64s
detect-blackList: succeeded in 0.17s
detect-illegalStaying: succeeded in 0.17s
detect-CrossingBoundary: succeeded in 0.19s
detect-illegalBerthing: succeeded in 0.20s
detect-lowSpeedBoat: succeeded in 0.64s
detect-doubleDragging: succeeded in 2.41s
detect-collision: succeeded in 0.05s
detect-abnormalTransfer: succeeded in 0.12s
detect-illegalAnchored: succeeded in 0.30s
detect-abnormalWandering: succeeded in 3.33s
detect-deviation: succeeded in 0.58s
detect-abnormalStaying: succeeded in 3.39s
detect-highSpeedBoat: succeeded in 1.20s
detect-CrossingBoundary: succeeded in 0.12s
detect-illegalStaying: succeeded in 0.17s
detect-doubleDragging: succeeded in 1.62s
detect-blackList: succeeded in 0.22s
detect-illegalBerthing: succeeded in 0.25s
detect-lowSpeedBoat: succeeded in 0.33s
detect-abnormalWandering: succeeded in 2.95s
detect-collision: succeeded in 0.03s
detect-abnormalTransfer: succeeded in 0.41s
detect-illegalAnchored: succeeded in 0.55s
detect-deviation: succeeded in 0.61s
detect-abnormalStaying: succeeded in 3.33s
detect-highSpeedBoat: succeeded in 0.84s
detect-doubleDragging: succeeded in 1.20s
detect-blackList: succeeded in 0.03s
detect-illegalBerthing: succeeded in 0.11s
detect-illegalStaying: succeeded in 0.28s
detect-CrossingBoundary: succeeded in 0.34s
detect-lowSpeedBoat: succeeded in 0.45s
detect-abnormalWandering: succeeded in 2.89s
detect-collision: succeeded in 0.03s
detect-abnormalTransfer: succeeded in 0.22s
detect-illegalAnchored: succeeded in 0.24s
detect-abnormalStaying: succeeded in 3.06s
detect-deviation: succeeded in 0.59s
detect-highSpeedBoat: succeeded in 0.97s
detect-blackList: succeeded in 0.05s
detect-illegalBerthing: succeeded in 0.05s
detect-doubleDragging: succeeded in 1.67s
detect-CrossingBoundary: succeeded in 0.19s
detect-illegalStaying: succeeded in 0.34s
detect-lowSpeedBoat: succeeded in 0.62s
detect-collision: succeeded in 0.01s
detect-abnormalTransfer: succeeded in 0.23s
detect-illegalAnchored: succeeded in 0.30s
detect-abnormalWandering: succeeded in 3.75s
detect-abnormalStaying: succeeded in 3.84s
detect-deviation: succeeded in 1.51s
detect-blackList: succeeded in 0.06s
detect-illegalBerthing: succeeded in 0.11s
detect-illegalStaying: succeeded in 0.16s
detect-lowSpeedBoat: succeeded in 0.33s
detect-CrossingBoundary: succeeded in 0.36s
detect-highSpeedBoat: succeeded in 3.17s
detect-doubleDragging: succeeded in 3.34s
detect-abnormalTransfer: succeeded in 0.45s
detect-collision: succeeded in 0.50s
detect-illegalAnchored: succeeded in 0.53s
detect-deviation: succeeded in 0.83s
detect-abnormalWandering: succeeded in 4.58s
detect-highSpeedBoat: succeeded in 1.53s
detect-abnormalStaying: succeeded in 4.72s
detect-blackList: succeeded in 0.09s
detect-illegalBerthing: succeeded in 0.11s
detect-illegalStaying: succeeded in 0.14s
detect-CrossingBoundary: succeeded in 0.26s
detect-lowSpeedBoat: succeeded in 0.44s
detect-doubleDragging: succeeded in 2.91s
detect-abnormalTransfer: succeeded in 0.16s
detect-collision: succeeded in 0.20s
detect-illegalAnchored: succeeded in 0.23s
detect-deviation: succeeded in 0.75s
detect-highSpeedBoat: succeeded in 1.00s
detect-illegalBerthing: succeeded in 0.12s
detect-blackList: succeeded in 0.16s
detect-abnormalWandering: succeeded in 4.09s
detect-CrossingBoundary: succeeded in 0.20s
detect-abnormalStaying: succeeded in 3.33s
detect-doubleDragging: succeeded in 1.83s
detect-lowSpeedBoat: succeeded in 0.51s
detect-illegalStaying: succeeded in 0.61s
detect-collision: succeeded in 0.01s
detect-abnormalTransfer: succeeded in 0.11s
detect-illegalAnchored: succeeded in 0.38s
detect-deviation: succeeded in 0.53s
detect-highSpeedBoat: succeeded in 1.05s
detect-doubleDragging: succeeded in 1.44s
detect-blackList: succeeded in 0.14s
detect-CrossingBoundary: succeeded in 0.14s
detect-illegalBerthing: succeeded in 0.16s
detect-illegalStaying: succeeded in 0.17s
detect-lowSpeedBoat: succeeded in 0.48s
detect-abnormalWandering: succeeded in 3.42s
detect-abnormalStaying: succeeded in 3.47s
detect-collision: succeeded in 0.03s
detect-illegalAnchored: succeeded in 0.44s
detect-abnormalTransfer: succeeded in 0.58s
detect-deviation: succeeded in 0.66s
detect-highSpeedBoat: succeeded in 0.98s
detect-blackList: succeeded in 0.03s
detect-illegalBerthing: succeeded in 0.12s
detect-CrossingBoundary: succeeded in 0.14s
detect-illegalStaying: succeeded in 0.23s
detect-doubleDragging: succeeded in 1.84s
detect-lowSpeedBoat: succeeded in 0.50s
detect-abnormalWandering: succeeded in 3.17s
detect-abnormalStaying: succeeded in 3.34s
detect-collision: succeeded in 0.03s
detect-abnormalTransfer: succeeded in 0.14s
detect-illegalAnchored: succeeded in 0.22s
detect-deviation: succeeded in 0.72s
detect-highSpeedBoat: succeeded in 1.27s
detect-blackList: succeeded in 0.03s
detect-illegalBerthing: succeeded in 0.06s
detect-illegalStaying: succeeded in 0.26s
detect-CrossingBoundary: succeeded in 0.33s
detect-doubleDragging: succeeded in 1.92s
detect-lowSpeedBoat: succeeded in 0.33s
detect-abnormalWandering: succeeded in 3.16s
detect-collision: succeeded in 0.06s
detect-abnormalTransfer: succeeded in 0.25s
detect-illegalAnchored: succeeded in 0.49s
detect-deviation: succeeded in 0.95s
detect-abnormalStaying: succeeded in 4.59s
detect-blackList: succeeded in 0.05s
detect-illegalBerthing: succeeded in 0.14s
detect-illegalStaying: succeeded in 0.25s
detect-doubleDragging: succeeded in 2.12s
detect-CrossingBoundary: succeeded in 0.38s
detect-lowSpeedBoat: succeeded in 0.77s
detect-highSpeedBoat: succeeded in 2.74s
detect-abnormalTransfer: succeeded in 0.28s
detect-collision: succeeded in 0.41s
detect-illegalAnchored: succeeded in 0.45s
detect-deviation: succeeded in 0.76s
detect-abnormalWandering: succeeded in 6.81s
detect-highSpeedBoat: succeeded in 1.86s
detect-blackList: succeeded in 0.03s
detect-illegalBerthing: succeeded in 0.16s
detect-CrossingBoundary: succeeded in 0.23s
detect-doubleDragging: succeeded in 2.17s
detect-illegalStaying: succeeded in 0.30s
detect-lowSpeedBoat: succeeded in 0.44s
detect-collision: succeeded in 0.22s
detect-abnormalTransfer: succeeded in 0.25s
detect-illegalAnchored: succeeded in 0.31s
detect-abnormalStaying: succeeded in 6.72s
detect-deviation: succeeded in 0.89s
detect-CrossingBoundary: succeeded in 0.22s
detect-highSpeedBoat: succeeded in 2.03s
detect-illegalStaying: succeeded in 0.25s
detect-lowSpeedBoat: succeeded in 0.34s
detect-blackList: succeeded in 0.41s
detect-illegalBerthing: succeeded in 0.39s
detect-doubleDragging: succeeded in 2.24s
detect-abnormalWandering: succeeded in 4.70s
detect-collision: succeeded in 0.03s
detect-abnormalTransfer: succeeded in 0.08s
detect-illegalAnchored: succeeded in 0.31s
detect-deviation: succeeded in 0.47s
detect-abnormalStaying: succeeded in 3.66s
detect-highSpeedBoat: succeeded in 0.84s
detect-doubleDragging: succeeded in 1.50s
detect-blackList: succeeded in 0.17s
detect-illegalStaying: succeeded in 0.17s
detect-CrossingBoundary: succeeded in 0.17s
detect-illegalBerthing: succeeded in 0.19s
detect-lowSpeedBoat: succeeded in 0.42s
detect-abnormalWandering: succeeded in 3.09s
detect-collision: succeeded in 0.05s
detect-abnormalTransfer: succeeded in 0.17s
detect-illegalAnchored: succeeded in 0.27s
detect-deviation: succeeded in 0.78s
detect-abnormalStaying: succeeded in 3.70s
detect-highSpeedBoat: succeeded in 1.17s
detect-doubleDragging: succeeded in 1.62s
detect-blackList: succeeded in 0.11s
detect-illegalBerthing: succeeded in 0.12s
detect-illegalStaying: succeeded in 0.26s
detect-CrossingBoundary: succeeded in 0.30s
detect-lowSpeedBoat: succeeded in 0.42s
detect-abnormalWandering: succeeded in 3.22s
detect-collision: succeeded in 0.03s
detect-illegalAnchored: succeeded in 0.36s
detect-abnormalTransfer: succeeded in 0.45s
detect-deviation: succeeded in 0.75s
detect-abnormalStaying: succeeded in 3.52s
detect-highSpeedBoat: succeeded in 1.27s
detect-blackList: succeeded in 0.03s
detect-illegalBerthing: succeeded in 0.11s
detect-CrossingBoundary: succeeded in 0.22s
detect-illegalStaying: succeeded in 0.31s
detect-lowSpeedBoat: succeeded in 0.34s
detect-doubleDragging: succeeded in 2.41s
detect-abnormalWandering: succeeded in 3.83s
detect-collision: succeeded in 0.01s
detect-abnormalTransfer: succeeded in 0.12s
detect-illegalAnchored: succeeded in 0.24s
detect-deviation: succeeded in 0.51s
detect-highSpeedBoat: succeeded in 0.80s
detect-abnormalStaying: succeeded in 3.61s
detect-blackList: succeeded in 0.03s
detect-illegalBerthing: succeeded in 0.12s
detect-illegalStaying: succeeded in 0.24s
detect-CrossingBoundary: succeeded in 0.33s
detect-doubleDragging: succeeded in 1.98s
detect-lowSpeedBoat: succeeded in 0.48s
detect-abnormalWandering: succeeded in 3.20s
detect-abnormalTransfer: succeeded in 0.22s
detect-collision: succeeded in 0.23s
detect-illegalAnchored: succeeded in 0.28s
detect-deviation: succeeded in 0.83s
detect-abnormalStaying: succeeded in 3.30s
detect-blackList: succeeded in 0.03s
detect-CrossingBoundary: succeeded in 0.20s
detect-illegalBerthing: succeeded in 0.23s
detect-illegalStaying: succeeded in 0.44s
detect-highSpeedBoat: succeeded in 2.76s
detect-doubleDragging: succeeded in 2.94s
detect-lowSpeedBoat: succeeded in 0.86s
detect-abnormalTransfer: succeeded in 0.12s
detect-collision: succeeded in 0.14s
detect-illegalAnchored: succeeded in 0.31s
detect-deviation: succeeded in 0.69s
detect-highSpeedBoat: succeeded in 0.88s
detect-abnormalWandering: succeeded in 5.28s
detect-abnormalStaying: succeeded in 4.20s
detect-blackList: succeeded in 0.11s
detect-illegalStaying: succeeded in 0.12s
detect-doubleDragging: succeeded in 1.86s
detect-illegalBerthing: succeeded in 0.16s
detect-CrossingBoundary: succeeded in 0.19s
detect-lowSpeedBoat: succeeded in 0.39s
detect-collision: succeeded in 0.03s
detect-abnormalTransfer: succeeded in 0.16s
detect-illegalAnchored: succeeded in 0.38s
detect-deviation: succeeded in 0.59s
detect-highSpeedBoat: succeeded in 0.98s
detect-abnormalWandering: succeeded in 3.36s
detect-abnormalStaying: succeeded in 3.12s
detect-doubleDragging: succeeded in 1.72s
detect-illegalStaying: succeeded in 0.16s
detect-illegalBerthing: succeeded in 0.25s
detect-CrossingBoundary: succeeded in 0.33s
detect-blackList: succeeded in 0.33s
detect-lowSpeedBoat: succeeded in 0.41s
detect-collision: succeeded in 0.03s
detect-abnormalTransfer: succeeded in 0.16s
detect-illegalAnchored: succeeded in 0.45s
detect-highSpeedBoat: succeeded in 0.62s
detect-deviation: succeeded in 0.77s
detect-abnormalWandering: succeeded in 3.12s
detect-blackList: succeeded in 0.03s
detect-doubleDragging: succeeded in 1.66s
detect-abnormalStaying: succeeded in 3.22s
detect-illegalBerthing: succeeded in 0.23s
detect-illegalStaying: succeeded in 0.25s
detect-CrossingBoundary: succeeded in 0.25s
detect-lowSpeedBoat: succeeded in 0.30s
detect-collision: succeeded in 0.03s
detect-abnormalTransfer: succeeded in 0.38s
detect-illegalAnchored: succeeded in 0.39s
detect-deviation: succeeded in 1.02s
detect-abnormalWandering: succeeded in 3.67s
detect-abnormalStaying: succeeded in 3.23s
detect-blackList: succeeded in 0.03s
detect-illegalBerthing: succeeded in 0.06s
detect-CrossingBoundary: succeeded in 0.17s
detect-illegalStaying: succeeded in 0.23s
detect-doubleDragging: succeeded in 1.80s
detect-lowSpeedBoat: succeeded in 0.36s
detect-highSpeedBoat: succeeded in 1.95s
detect-collision: succeeded in 0.05s
detect-abnormalTransfer: succeeded in 0.14s
detect-illegalAnchored: succeeded in 0.23s
detect-deviation: succeeded in 0.70s
detect-blackList: succeeded in 0.08s
detect-highSpeedBoat: succeeded in 1.73s
detect-illegalBerthing: succeeded in 0.11s
detect-illegalStaying: succeeded in 0.31s
detect-CrossingBoundary: succeeded in 0.31s
detect-lowSpeedBoat: succeeded in 0.61s
detect-doubleDragging: succeeded in 2.55s
detect-abnormalWandering: succeeded in 4.80s
detect-collision: succeeded in 0.16s
detect-abnormalTransfer: succeeded in 0.14s
detect-abnormalStaying: succeeded in 5.51s
detect-illegalAnchored: succeeded in 0.28s
detect-deviation: succeeded in 0.86s
detect-highSpeedBoat: succeeded in 1.88s
detect-blackList: succeeded in 0.03s
detect-illegalBerthing: succeeded in 0.14s
detect-illegalStaying: succeeded in 0.17s
detect-CrossingBoundary: succeeded in 0.26s
detect-lowSpeedBoat: succeeded in 0.49s
detect-abnormalWandering: succeeded in 4.34s
detect-doubleDragging: succeeded in 4.05s
detect-abnormalTransfer: succeeded in 0.31s
detect-collision: succeeded in 0.42s
detect-illegalAnchored: succeeded in 0.73s
detect-deviation: succeeded in 0.91s
detect-abnormalStaying: succeeded in 5.50s
detect-blackList: succeeded in 0.33s
detect-lowSpeedBoat: succeeded in 0.47s
detect-illegalBerthing: succeeded in 0.47s
detect-CrossingBoundary: succeeded in 0.52s
detect-illegalStaying: succeeded in 0.50s
detect-highSpeedBoat: succeeded in 3.44s
detect-collision: succeeded in 0.06s
detect-abnormalTransfer: succeeded in 0.26s
detect-doubleDragging: succeeded in 4.44s
detect-illegalAnchored: succeeded in 0.41s
detect-deviation: succeeded in 0.77s
detect-blackList: succeeded in 0.33s
detect-CrossingBoundary: succeeded in 0.33s
detect-illegalBerthing: succeeded in 0.34s
detect-illegalStaying: succeeded in 0.39s
detect-doubleDragging: succeeded in 1.78s
detect-abnormalWandering: succeeded in 6.89s
detect-lowSpeedBoat: succeeded in 0.64s
detect-highSpeedBoat: succeeded in 0.72s
detect-collision: succeeded in 0.06s
detect-abnormalTransfer: succeeded in 0.39s
detect-illegalAnchored: succeeded in 0.61s
detect-deviation: succeeded in 0.78s
detect-abnormalStaying: succeeded in 6.83s
detect-blackList: succeeded in 0.17s
detect-illegalBerthing: succeeded in 0.22s
detect-illegalStaying: succeeded in 0.36s
detect-lowSpeedBoat: succeeded in 0.41s
detect-CrossingBoundary: succeeded in 0.44s
detect-abnormalWandering: succeeded in 3.55s
detect-highSpeedBoat: succeeded in 0.84s
detect-doubleDragging: succeeded in 3.05s
detect-collision: succeeded in 0.11s
detect-abnormalTransfer: succeeded in 0.34s
detect-illegalAnchored: succeeded in 0.33s
detect-deviation: succeeded in 0.70s
detect-doubleDragging: succeeded in 1.55s
detect-blackList: succeeded in 0.03s
detect-illegalBerthing: succeeded in 0.08s
detect-illegalStaying: succeeded in 0.19s
detect-CrossingBoundary: succeeded in 0.23s
detect-lowSpeedBoat: succeeded in 0.38s
detect-abnormalStaying: succeeded in 4.50s
detect-highSpeedBoat: succeeded in 0.76s
detect-abnormalWandering: succeeded in 3.64s
detect-collision: succeeded in 0.05s
detect-abnormalTransfer: succeeded in 0.19s
detect-illegalAnchored: succeeded in 0.30s
detect-deviation: succeeded in 0.98s
detect-blackList: succeeded in 0.05s
detect-illegalBerthing: succeeded in 0.06s
detect-CrossingBoundary: succeeded in 0.12s
detect-illegalStaying: succeeded in 0.31s
detect-lowSpeedBoat: succeeded in 0.47s
detect-highSpeedBoat: succeeded in 0.73s
detect-doubleDragging: succeeded in 2.92s
detect-collision: succeeded in 0.19s
detect-abnormalTransfer: succeeded in 0.19s
detect-illegalAnchored: succeeded in 0.39s
detect-deviation: succeeded in 0.81s
detect-abnormalWandering: succeeded in 5.55s
detect-abnormalStaying: succeeded in 5.55s
detect-blackList: succeeded in 0.06s
detect-illegalBerthing: succeeded in 0.06s
detect-illegalStaying: succeeded in 0.12s
detect-CrossingBoundary: succeeded in 0.24s
detect-lowSpeedBoat: succeeded in 0.34s
detect-highSpeedBoat: succeeded in 0.69s
detect-doubleDragging: succeeded in 2.61s
detect-abnormalTransfer: succeeded in 0.20s
detect-collision: succeeded in 0.20s
detect-illegalAnchored: succeeded in 0.28s
detect-deviation: succeeded in 0.50s
detect-abnormalWandering: succeeded in 3.69s
detect-abnormalStaying: succeeded in 3.55s
detect-illegalStaying: succeeded in 0.19s
detect-illegalBerthing: succeeded in 0.20s
detect-blackList: succeeded in 0.22s
detect-CrossingBoundary: succeeded in 0.23s
detect-lowSpeedBoat: succeeded in 0.50s
detect-doubleDragging: succeeded in 2.19s
detect-highSpeedBoat: succeeded in 1.22s
detect-collision: succeeded in 0.03s
detect-abnormalTransfer: succeeded in 0.17s
detect-illegalAnchored: succeeded in 0.41s
detect-deviation: succeeded in 0.62s
detect-doubleDragging: succeeded in 1.61s
detect-blackList: succeeded in 0.23s
detect-illegalBerthing: succeeded in 0.22s
detect-illegalStaying: succeeded in 0.30s
detect-CrossingBoundary: succeeded in 0.33s
detect-lowSpeedBoat: succeeded in 0.62s
detect-highSpeedBoat: succeeded in 0.83s
detect-collision: succeeded in 0.03s
detect-abnormalWandering: succeeded in 5.33s
detect-abnormalTransfer: succeeded in 0.16s
detect-illegalAnchored: succeeded in 0.24s
detect-deviation: succeeded in 0.45s
detect-abnormalStaying: succeeded in 5.44s
detect-doubleDragging: succeeded in 1.31s
detect-blackList: succeeded in 0.06s
detect-illegalBerthing: succeeded in 0.17s
detect-CrossingBoundary: succeeded in 0.23s
detect-illegalStaying: succeeded in 0.27s
detect-lowSpeedBoat: succeeded in 0.72s
detect-collision: succeeded in 0.16s
detect-highSpeedBoat: succeeded in 1.66s
detect-abnormalTransfer: succeeded in 0.52s
detect-illegalAnchored: succeeded in 0.51s
detect-deviation: succeeded in 0.94s
detect-blackList: succeeded in 0.05s
detect-abnormalWandering: succeeded in 4.47s
detect-illegalBerthing: succeeded in 0.23s
detect-CrossingBoundary: succeeded in 0.28s
detect-illegalStaying: succeeded in 0.33s
detect-lowSpeedBoat: succeeded in 0.47s
detect-doubleDragging: succeeded in 2.14s
detect-abnormalStaying: succeeded in 4.64s
detect-highSpeedBoat: succeeded in 0.97s
detect-collision: succeeded in 0.05s
detect-abnormalTransfer: succeeded in 0.14s
detect-illegalAnchored: succeeded in 0.26s
detect-deviation: succeeded in 0.51s
detect-blackList: succeeded in 0.06s
detect-illegalStaying: succeeded in 0.19s
detect-CrossingBoundary: succeeded in 0.20s
detect-illegalBerthing: succeeded in 0.19s
detect-doubleDragging: succeeded in 1.80s
detect-abnormalWandering: succeeded in 3.95s
detect-lowSpeedBoat: succeeded in 1.36s
detect-abnormalTransfer: succeeded in 0.17s
detect-collision: succeeded in 0.27s
detect-illegalAnchored: succeeded in 0.30s
detect-deviation: succeeded in 0.72s
detect-highSpeedBoat: succeeded in 3.16s
detect-abnormalStaying: succeeded in 4.80s
detect-blackList: succeeded in 0.05s
detect-illegalBerthing: succeeded in 0.08s
detect-CrossingBoundary: succeeded in 0.16s
detect-illegalStaying: succeeded in 0.22s
detect-doubleDragging: succeeded in 2.14s
detect-lowSpeedBoat: succeeded in 0.61s
detect-abnormalTransfer: succeeded in 0.11s
detect-collision: succeeded in 0.14s
detect-illegalAnchored: succeeded in 0.22s
detect-deviation: succeeded in 0.51s
detect-abnormalWandering: succeeded in 4.33s
detect-highSpeedBoat: succeeded in 1.05s
detect-blackList: succeeded in 0.11s
detect-illegalBerthing: succeeded in 0.12s
detect-illegalStaying: succeeded in 0.14s
detect-CrossingBoundary: succeeded in 0.16s
detect-abnormalStaying: succeeded in 3.11s
detect-doubleDragging: succeeded in 1.76s
detect-lowSpeedBoat: succeeded in 0.38s
detect-collision: succeeded in 0.05s
detect-abnormalTransfer: succeeded in 0.19s
detect-illegalAnchored: succeeded in 0.34s
detect-deviation: succeeded in 0.88s
detect-abnormalWandering: succeeded in 3.53s
detect-illegalStaying: succeeded in 0.20s
detect-blackList: succeeded in 0.22s
detect-illegalBerthing: succeeded in 0.26s
detect-CrossingBoundary: succeeded in 0.23s
detect-highSpeedBoat: succeeded in 1.77s
detect-lowSpeedBoat: succeeded in 0.34s
detect-abnormalStaying: succeeded in 3.55s
detect-doubleDragging: succeeded in 2.12s
detect-collision: succeeded in 0.05s
detect-abnormalTransfer: succeeded in 0.14s
detect-illegalAnchored: succeeded in 0.25s
detect-deviation: succeeded in 0.51s
detect-highSpeedBoat: succeeded in 0.89s
detect-abnormalWandering: succeeded in 2.89s
detect-doubleDragging: succeeded in 1.56s
detect-blackList: succeeded in 0.08s
detect-illegalBerthing: succeeded in 0.06s
detect-illegalStaying: succeeded in 0.23s
detect-CrossingBoundary: succeeded in 0.28s
detect-abnormalStaying: succeeded in 3.44s
detect-lowSpeedBoat: succeeded in 0.95s
detect-collision: succeeded in 0.03s
detect-abnormalTransfer: succeeded in 0.36s
detect-illegalAnchored: succeeded in 0.36s
detect-deviation: succeeded in 0.55s
detect-highSpeedBoat: succeeded in 1.16s
detect-abnormalWandering: succeeded in 2.97s
detect-blackList: succeeded in 0.06s
detect-illegalBerthing: succeeded in 0.12s
detect-CrossingBoundary: succeeded in 0.16s
detect-illegalStaying: succeeded in 0.23s
detect-doubleDragging: succeeded in 1.78s
detect-lowSpeedBoat: succeeded in 0.34s
detect-abnormalStaying: succeeded in 3.16s
detect-collision: succeeded in 0.05s
detect-abnormalTransfer: succeeded in 0.16s
detect-illegalAnchored: succeeded in 0.33s
detect-deviation: succeeded in 0.66s
detect-highSpeedBoat: succeeded in 0.84s
detect-blackList: succeeded in 0.05s
detect-illegalBerthing: succeeded in 0.14s
detect-doubleDragging: succeeded in 1.64s
detect-CrossingBoundary: succeeded in 0.20s
detect-abnormalWandering: succeeded in 3.14s
detect-illegalStaying: succeeded in 0.20s
detect-lowSpeedBoat: succeeded in 0.61s
detect-abnormalStaying: succeeded in 3.27s
detect-abnormalTransfer: succeeded in 0.09s
detect-collision: succeeded in 0.14s
detect-illegalAnchored: succeeded in 0.31s
detect-deviation: succeeded in 0.52s
detect-highSpeedBoat: succeeded in 1.20s
detect-blackList: succeeded in 0.03s
detect-abnormalWandering: succeeded in 2.91s
detect-CrossingBoundary: succeeded in 0.14s
detect-illegalBerthing: succeeded in 0.12s
detect-illegalStaying: succeeded in 0.22s
detect-doubleDragging: succeeded in 1.89s
detect-lowSpeedBoat: succeeded in 0.39s
detect-abnormalTransfer: succeeded in 0.14s
detect-collision: succeeded in 0.17s
detect-illegalAnchored: succeeded in 0.24s
detect-deviation: succeeded in 0.56s
detect-abnormalStaying: succeeded in 3.75s
detect-highSpeedBoat: succeeded in 0.70s
detect-doubleDragging: succeeded in 1.28s
detect-blackList: succeeded in 0.20s
detect-illegalBerthing: succeeded in 0.20s
detect-illegalStaying: succeeded in 0.22s
detect-CrossingBoundary: succeeded in 0.28s
detect-abnormalWandering: succeeded in 3.25s
detect-lowSpeedBoat: succeeded in 0.48s
detect-collision: succeeded in 0.03s
detect-abnormalTransfer: succeeded in 0.08s
detect-illegalAnchored: succeeded in 0.23s
detect-deviation: succeeded in 0.72s
detect-highSpeedBoat: succeeded in 1.33s
detect-illegalStaying: succeeded in 0.12s
detect-CrossingBoundary: succeeded in 0.17s
detect-abnormalStaying: succeeded in 3.20s
detect-blackList: succeeded in 0.19s
detect-illegalBerthing: succeeded in 0.17s
detect-lowSpeedBoat: succeeded in 0.36s
detect-doubleDragging: succeeded in 2.00s
detect-abnormalWandering: succeeded in 3.27s
detect-collision: succeeded in 0.03s
detect-abnormalTransfer: succeeded in 0.12s
detect-illegalAnchored: succeeded in 0.20s
detect-deviation: succeeded in 0.55s
detect-highSpeedBoat: succeeded in 0.81s
detect-blackList: succeeded in 0.09s
detect-illegalBerthing: succeeded in 0.09s
detect-doubleDragging: succeeded in 1.80s
detect-illegalStaying: succeeded in 0.33s
detect-abnormalStaying: succeeded in 3.20s
detect-CrossingBoundary: succeeded in 0.53s
detect-lowSpeedBoat: succeeded in 0.49s
detect-abnormalWandering: succeeded in 3.39s
detect-collision: succeeded in 0.03s
detect-abnormalTransfer: succeeded in 0.22s
detect-illegalAnchored: succeeded in 0.30s
detect-deviation: succeeded in 0.56s
detect-highSpeedBoat: succeeded in 1.16s
detect-blackList: succeeded in 0.05s
detect-illegalBerthing: succeeded in 0.12s
detect-CrossingBoundary: succeeded in 0.20s
detect-illegalStaying: succeeded in 0.22s
detect-lowSpeedBoat: succeeded in 0.38s
detect-doubleDragging: succeeded in 1.92s
detect-abnormalStaying: succeeded in 3.36s
detect-abnormalWandering: succeeded in 3.24s
detect-collision: succeeded in 0.03s
detect-abnormalTransfer: succeeded in 0.22s
detect-illegalAnchored: succeeded in 0.31s
detect-deviation: succeeded in 0.72s
detect-highSpeedBoat: succeeded in 1.33s
detect-blackList: succeeded in 0.03s
detect-illegalStaying: succeeded in 0.17s
detect-CrossingBoundary: succeeded in 0.30s
detect-illegalBerthing: succeeded in 0.28s
detect-lowSpeedBoat: succeeded in 0.44s
detect-doubleDragging: succeeded in 2.45s
detect-abnormalStaying: succeeded in 3.89s
detect-abnormalWandering: succeeded in 3.61s
detect-abnormalTransfer: succeeded in 0.20s
detect-collision: succeeded in 0.22s
detect-illegalAnchored: succeeded in 0.33s
detect-deviation: succeeded in 0.77s
detect-blackList: succeeded in 0.03s
detect-illegalBerthing: succeeded in 0.19s
detect-CrossingBoundary: succeeded in 0.25s
detect-illegalStaying: succeeded in 0.30s
detect-lowSpeedBoat: succeeded in 0.44s
detect-doubleDragging: succeeded in 2.44s
detect-highSpeedBoat: succeeded in 2.50s
detect-abnormalTransfer: succeeded in 0.11s
detect-collision: succeeded in 0.14s
detect-illegalAnchored: succeeded in 0.31s
detect-deviation: succeeded in 0.83s
detect-abnormalStaying: succeeded in 4.97s
detect-blackList: succeeded in 0.16s
detect-highSpeedBoat: succeeded in 1.89s
detect-CrossingBoundary: succeeded in 0.16s
detect-illegalBerthing: succeeded in 0.17s
detect-abnormalWandering: succeeded in 5.80s
detect-illegalStaying: succeeded in 0.25s
detect-lowSpeedBoat: succeeded in 0.34s
detect-doubleDragging: succeeded in 2.95s
detect-collision: succeeded in 0.06s
detect-abnormalTransfer: succeeded in 0.12s
detect-illegalAnchored: succeeded in 0.42s
detect-deviation: succeeded in 1.50s
detect-CrossingBoundary: succeeded in 0.17s
detect-illegalStaying: succeeded in 0.19s
detect-blackList: succeeded in 0.25s
detect-illegalBerthing: succeeded in 0.25s
detect-lowSpeedBoat: succeeded in 0.69s
detect-abnormalStaying: succeeded in 5.33s
detect-highSpeedBoat: succeeded in 2.74s
detect-collision: succeeded in 0.03s
detect-abnormalTransfer: succeeded in 0.50s
detect-illegalAnchored: succeeded in 0.56s
detect-deviation: succeeded in 0.70s
detect-highSpeedBoat: succeeded in 0.78s
detect-doubleDragging: succeeded in 4.83s
detect-abnormalWandering: succeeded in 5.02s
detect-blackList: succeeded in 0.03s
detect-illegalBerthing: succeeded in 0.05s
detect-illegalStaying: succeeded in 0.22s
detect-CrossingBoundary: succeeded in 0.28s
detect-lowSpeedBoat: succeeded in 0.58s
detect-collision: succeeded in 0.03s
detect-abnormalTransfer: succeeded in 0.25s
detect-illegalAnchored: succeeded in 0.30s
detect-abnormalStaying: succeeded in 4.06s
detect-deviation: succeeded in 1.11s
detect-abnormalWandering: succeeded in 3.62s
detect-blackList: succeeded in 0.05s
detect-illegalBerthing: succeeded in 0.08s
detect-highSpeedBoat: succeeded in 1.94s
detect-CrossingBoundary: succeeded in 0.20s
detect-illegalStaying: succeeded in 0.26s
detect-doubleDragging: succeeded in 3.95s
detect-lowSpeedBoat: succeeded in 0.58s
detect-collision: succeeded in 0.03s
detect-abnormalTransfer: succeeded in 0.19s
detect-illegalAnchored: succeeded in 0.31s
detect-doubleDragging: succeeded in 1.86s
detect-deviation: succeeded in 0.84s
detect-highSpeedBoat: succeeded in 1.30s
detect-abnormalStaying: succeeded in 4.41s
detect-blackList: succeeded in 0.08s
detect-illegalBerthing: succeeded in 0.20s
detect-CrossingBoundary: succeeded in 0.28s
detect-illegalStaying: succeeded in 0.22s
detect-lowSpeedBoat: succeeded in 0.41s
detect-abnormalWandering: succeeded in 5.12s
detect-abnormalTransfer: succeeded in 0.19s
detect-collision: succeeded in 0.20s
detect-illegalAnchored: succeeded in 0.39s
detect-doubleDragging: succeeded in 2.41s
detect-deviation: succeeded in 0.78s
detect-highSpeedBoat: succeeded in 1.67s
detect-blackList: succeeded in 0.06s
detect-illegalBerthing: succeeded in 0.19s
detect-CrossingBoundary: succeeded in 0.30s
detect-illegalStaying: succeeded in 0.33s
detect-abnormalStaying: succeeded in 4.64s
detect-lowSpeedBoat: succeeded in 0.55s
detect-abnormalTransfer: succeeded in 0.08s
detect-collision: succeeded in 0.16s
detect-illegalAnchored: succeeded in 0.36s
detect-deviation: succeeded in 0.67s
detect-doubleDragging: succeeded in 2.66s
detect-abnormalWandering: succeeded in 4.88s
detect-highSpeedBoat: succeeded in 0.99s
detect-CrossingBoundary: succeeded in 0.17s
detect-illegalBerthing: succeeded in 0.17s
detect-illegalStaying: succeeded in 0.25s
detect-blackList: succeeded in 0.28s
detect-lowSpeedBoat: succeeded in 0.33s
detect-abnormalStaying: succeeded in 3.64s
detect-collision: succeeded in 0.03s
detect-abnormalTransfer: succeeded in 0.12s
detect-illegalAnchored: succeeded in 0.36s
detect-doubleDragging: succeeded in 2.33s
detect-deviation: succeeded in 0.66s
detect-abnormalWandering: succeeded in 3.25s
detect-highSpeedBoat: succeeded in 1.42s
detect-illegalBerthing: succeeded in 0.14s
detect-illegalStaying: succeeded in 0.16s
detect-CrossingBoundary: succeeded in 0.20s
detect-blackList: succeeded in 0.23s
detect-lowSpeedBoat: succeeded in 0.42s
detect-abnormalStaying: succeeded in 3.41s
detect-collision: succeeded in 0.03s
detect-doubleDragging: succeeded in 1.66s
detect-abnormalTransfer: succeeded in 0.28s
detect-illegalAnchored: succeeded in 0.28s
detect-deviation: succeeded in 0.55s
detect-highSpeedBoat: succeeded in 0.73s
detect-abnormalWandering: succeeded in 2.95s
detect-blackList: succeeded in 0.03s
detect-illegalBerthing: succeeded in 0.12s
detect-CrossingBoundary: succeeded in 0.22s
detect-illegalStaying: succeeded in 0.25s
detect-lowSpeedBoat: succeeded in 0.69s
detect-abnormalStaying: succeeded in 3.33s
detect-collision: succeeded in 0.03s
detect-abnormalTransfer: succeeded in 0.36s
detect-illegalAnchored: succeeded in 0.42s
detect-deviation: succeeded in 0.64s
detect-doubleDragging: succeeded in 2.56s
detect-highSpeedBoat: succeeded in 1.12s
detect-abnormalWandering: succeeded in 3.19s
detect-blackList: succeeded in 0.03s
detect-illegalBerthing: succeeded in 0.08s
detect-illegalStaying: succeeded in 0.12s
detect-lowSpeedBoat: succeeded in 0.28s
detect-CrossingBoundary: succeeded in 0.36s
detect-abnormalStaying: succeeded in 3.39s
detect-collision: succeeded in 0.03s
detect-abnormalTransfer: succeeded in 0.19s
detect-doubleDragging: succeeded in 1.97s
detect-illegalAnchored: succeeded in 0.39s
detect-deviation: succeeded in 0.67s
detect-abnormalWandering: succeeded in 2.86s
detect-highSpeedBoat: succeeded in 1.55s
detect-blackList: succeeded in 0.03s
detect-CrossingBoundary: succeeded in 0.12s
detect-illegalBerthing: succeeded in 0.06s
detect-illegalStaying: succeeded in 0.14s
detect-lowSpeedBoat: succeeded in 0.34s
detect-abnormalStaying: succeeded in 3.27s
detect-abnormalTransfer: succeeded in 0.12s
detect-collision: succeeded in 0.28s
detect-illegalAnchored: succeeded in 0.30s
detect-doubleDragging: succeeded in 2.16s
detect-deviation: succeeded in 0.67s
detect-highSpeedBoat: succeeded in 0.83s
detect-abnormalWandering: succeeded in 2.92s
detect-blackList: succeeded in 0.03s
detect-illegalBerthing: succeeded in 0.12s
detect-CrossingBoundary: succeeded in 0.14s
detect-illegalStaying: succeeded in 0.14s
detect-lowSpeedBoat: succeeded in 0.47s
detect-abnormalTransfer: succeeded in 0.22s
detect-illegalAnchored: succeeded in 0.30s
detect-collision: succeeded in 0.34s
detect-abnormalStaying: succeeded in 3.73s
detect-doubleDragging: succeeded in 2.12s
detect-deviation: succeeded in 0.55s
detect-highSpeedBoat: succeeded in 1.33s
detect-CrossingBoundary: succeeded in 0.16s
detect-blackList: succeeded in 0.23s
detect-illegalBerthing: succeeded in 0.23s
detect-illegalStaying: succeeded in 0.27s
detect-abnormalWandering: succeeded in 4.45s
detect-lowSpeedBoat: succeeded in 0.56s
detect-collision: succeeded in 0.01s
detect-abnormalTransfer: succeeded in 0.20s
detect-doubleDragging: succeeded in 2.16s
detect-illegalAnchored: succeeded in 0.52s
detect-deviation: succeeded in 0.69s
detect-abnormalStaying: succeeded in 4.19s
detect-highSpeedBoat: succeeded in 1.05s
detect-CrossingBoundary: succeeded in 0.12s
detect-illegalStaying: succeeded in 0.17s
detect-blackList: succeeded in 0.25s
detect-illegalBerthing: succeeded in 0.34s
detect-lowSpeedBoat: succeeded in 0.59s
detect-collision: succeeded in 0.09s
detect-abnormalTransfer: succeeded in 0.41s
detect-abnormalWandering: succeeded in 4.02s
detect-illegalAnchored: succeeded in 0.47s
detect-doubleDragging: succeeded in 2.52s
detect-deviation: succeeded in 0.72s
detect-highSpeedBoat: succeeded in 0.77s
detect-blackList: succeeded in 0.05s
detect-abnormalStaying: succeeded in 4.67s
detect-illegalBerthing: succeeded in 0.19s
detect-illegalStaying: succeeded in 0.23s
detect-CrossingBoundary: succeeded in 0.28s
detect-lowSpeedBoat: succeeded in 0.41s
detect-doubleDragging: succeeded in 1.36s
detect-collision: succeeded in 0.03s
detect-abnormalTransfer: succeeded in 0.16s
detect-illegalAnchored: succeeded in 0.24s
detect-abnormalWandering: succeeded in 3.38s
detect-deviation: succeeded in 0.70s
detect-highSpeedBoat: succeeded in 1.95s
detect-blackList: succeeded in 0.08s
detect-illegalBerthing: succeeded in 0.16s
detect-CrossingBoundary: succeeded in 0.34s
detect-abnormalStaying: succeeded in 3.67s
detect-illegalStaying: succeeded in 0.38s
detect-lowSpeedBoat: succeeded in 0.58s
detect-collision: succeeded in 0.03s
detect-abnormalTransfer: succeeded in 0.11s
detect-doubleDragging: succeeded in 1.92s
detect-illegalAnchored: succeeded in 0.31s
detect-deviation: succeeded in 0.62s
detect-abnormalWandering: succeeded in 3.83s
detect-highSpeedBoat: succeeded in 1.17s
detect-blackList: succeeded in 0.05s
detect-illegalBerthing: succeeded in 0.08s
detect-illegalStaying: succeeded in 0.14s
detect-CrossingBoundary: succeeded in 0.20s
detect-lowSpeedBoat: succeeded in 0.38s
detect-abnormalStaying: succeeded in 3.47s
detect-abnormalTransfer: succeeded in 0.20s
detect-collision: succeeded in 0.38s
detect-illegalAnchored: succeeded in 0.34s
detect-doubleDragging: succeeded in 1.95s
detect-deviation: succeeded in 0.58s
detect-highSpeedBoat: succeeded in 0.91s
detect-abnormalWandering: succeeded in 3.62s
detect-blackList: succeeded in 0.03s
detect-illegalStaying: succeeded in 0.12s
detect-abnormalStaying: succeeded in 2.86s
detect-illegalBerthing: succeeded in 0.19s
detect-CrossingBoundary: succeeded in 0.28s
detect-lowSpeedBoat: succeeded in 0.67s
detect-abnormalTransfer: succeeded in 0.22s
detect-collision: succeeded in 0.25s
detect-illegalAnchored: succeeded in 0.39s
detect-doubleDragging: succeeded in 2.56s
detect-deviation: succeeded in 1.02s
detect-highSpeedBoat: succeeded in 1.11s
detect-abnormalWandering: succeeded in 4.09s
detect-blackList: succeeded in 0.19s
detect-CrossingBoundary: succeeded in 0.22s
detect-illegalStaying: succeeded in 0.27s
detect-illegalBerthing: succeeded in 0.28s
detect-lowSpeedBoat: succeeded in 0.47s
detect-abnormalStaying: succeeded in 4.20s
detect-highSpeedBoat: succeeded in 0.98s
detect-doubleDragging: succeeded in 1.38s
detect-collision: succeeded in 0.01s
detect-abnormalTransfer: succeeded in 0.08s
detect-illegalAnchored: succeeded in 0.28s
detect-deviation: succeeded in 0.84s
detect-abnormalWandering: succeeded in 3.00s
detect-illegalStaying: succeeded in 0.08s
detect-illegalBerthing: succeeded in 0.14s
detect-CrossingBoundary: succeeded in 0.19s
detect-blackList: succeeded in 0.19s
detect-abnormalStaying: succeeded in 3.53s
detect-lowSpeedBoat: succeeded in 0.88s
detect-highSpeedBoat: succeeded in 1.47s
detect-collision: succeeded in 0.03s
detect-abnormalTransfer: succeeded in 0.23s
detect-illegalAnchored: succeeded in 0.33s
detect-deviation: succeeded in 0.70s
detect-doubleDragging: succeeded in 3.08s
detect-abnormalWandering: succeeded in 3.80s
detect-blackList: succeeded in 0.05s
detect-illegalBerthing: succeeded in 0.05s
detect-illegalStaying: succeeded in 0.12s
detect-CrossingBoundary: succeeded in 0.16s
detect-lowSpeedBoat: succeeded in 0.36s
detect-abnormalStaying: succeeded in 3.38s
detect-highSpeedBoat: succeeded in 0.84s
detect-doubleDragging: succeeded in 1.67s
detect-collision: succeeded in 0.02s
detect-abnormalTransfer: succeeded in 0.20s
detect-illegalAnchored: succeeded in 0.22s
detect-deviation: succeeded in 0.75s
detect-abnormalWandering: succeeded in 3.12s
detect-blackList: succeeded in 0.02s
detect-illegalBerthing: succeeded in 0.06s
detect-illegalStaying: succeeded in 0.24s
detect-CrossingBoundary: succeeded in 0.28s
detect-lowSpeedBoat: succeeded in 0.45s
detect-abnormalStaying: succeeded in 3.55s
detect-collision: succeeded in 0.03s
detect-abnormalTransfer: succeeded in 0.39s
detect-illegalAnchored: succeeded in 0.44s
detect-highSpeedBoat: succeeded in 2.41s
detect-deviation: succeeded in 0.84s
detect-doubleDragging: succeeded in 3.30s
detect-blackList: succeeded in 0.05s
detect-illegalBerthing: succeeded in 0.06s
detect-CrossingBoundary: succeeded in 0.12s
detect-illegalStaying: succeeded in 0.17s
detect-lowSpeedBoat: succeeded in 0.44s
detect-abnormalWandering: succeeded in 4.55s
detect-highSpeedBoat: succeeded in 1.00s
detect-abnormalStaying: succeeded in 3.88s
detect-collision: succeeded in 0.19s
detect-abnormalTransfer: succeeded in 0.20s
detect-illegalAnchored: succeeded in 0.23s
detect-doubleDragging: succeeded in 2.12s
detect-deviation: succeeded in 0.69s
detect-blackList: succeeded in 0.05s
detect-illegalStaying: succeeded in 0.14s
detect-illegalBerthing: succeeded in 0.17s
detect-CrossingBoundary: succeeded in 0.30s
detect-lowSpeedBoat: succeeded in 0.38s
detect-highSpeedBoat: succeeded in 1.00s
detect-abnormalWandering: succeeded in 4.00s
detect-abnormalTransfer: succeeded in 0.31s
detect-illegalAnchored: succeeded in 0.38s
detect-collision: succeeded in 0.62s
detect-abnormalStaying: succeeded in 5.05s
detect-deviation: succeeded in 0.95s
detect-CrossingBoundary: succeeded in 0.23s
detect-doubleDragging: succeeded in 4.66s
detect-illegalBerthing: succeeded in 0.28s
detect-blackList: succeeded in 0.31s
detect-illegalStaying: succeeded in 0.31s
detect-lowSpeedBoat: succeeded in 0.51s
detect-highSpeedBoat: succeeded in 1.61s
detect-abnormalWandering: succeeded in 5.20s
detect-collision: succeeded in 0.03s
detect-abnormalTransfer: succeeded in 0.28s
detect-illegalAnchored: succeeded in 0.83s
detect-deviation: succeeded in 1.03s
detect-abnormalStaying: succeeded in 5.66s
detect-illegalStaying: succeeded in 0.25s
detect-blackList: succeeded in 0.26s
detect-CrossingBoundary: succeeded in 0.28s
detect-illegalBerthing: succeeded in 0.38s
detect-doubleDragging: succeeded in 4.70s
detect-lowSpeedBoat: succeeded in 1.02s
detect-abnormalWandering: succeeded in 3.88s
detect-highSpeedBoat: succeeded in 2.01s
detect-collision: succeeded in 0.11s
detect-abnormalTransfer: succeeded in 1.30s
detect-doubleDragging: succeeded in 3.81s
detect-illegalAnchored: succeeded in 1.97s
detect-deviation: succeeded in 2.44s
detect-collision: succeeded in 0.27s
detect-abnormalTransfer: succeeded in 1.03s
detect-illegalAnchored: succeeded in 1.25s
detect-CrossingBoundary: succeeded in 1.84s
detect-illegalStaying: succeeded in 1.75s
detect-lowSpeedBoat: succeeded in 2.02s
detect-highSpeedBoat: succeeded in 2.36s
detect-doubleDragging: succeeded in 4.19s
detect-blackList: succeeded in 0.14s
detect-illegalBerthing: succeeded in 0.19s
detect-deviation: succeeded in 0.92s
detect-abnormalStaying: succeeded in 10.20s
detect-collision: succeeded in 0.03s
detect-abnormalTransfer: succeeded in 0.24s
detect-CrossingBoundary: succeeded in 0.30s
detect-illegalStaying: succeeded in 0.33s
detect-illegalAnchored: succeeded in 0.38s
detect-doubleDragging: succeeded in 2.78s
detect-lowSpeedBoat: succeeded in 0.72s
detect-abnormalWandering: succeeded in 9.16s
detect-blackList: succeeded in 0.08s
detect-highSpeedBoat: succeeded in 2.19s
detect-illegalBerthing: succeeded in 0.34s
detect-deviation: succeeded in 1.20s
detect-illegalAnchored: succeeded in 0.31s
detect-illegalStaying: succeeded in 0.38s
detect-CrossingBoundary: succeeded in 0.39s
detect-collision: succeeded in 0.42s
detect-abnormalTransfer: succeeded in 0.49s
detect-doubleDragging: succeeded in 2.88s
detect-lowSpeedBoat: succeeded in 1.03s
detect-abnormalStaying: succeeded in 5.99s
detect-abnormalWandering: succeeded in 4.84s
detect-highSpeedBoat: succeeded in 2.12s
detect-blackList: succeeded in 0.05s
detect-illegalBerthing: succeeded in 0.09s
detect-deviation: succeeded in 1.14s
detect-abnormalTransfer: succeeded in 0.24s
detect-collision: succeeded in 0.28s
detect-doubleDragging: succeeded in 4.20s
detect-illegalAnchored: succeeded in 0.34s
detect-illegalStaying: succeeded in 0.41s
detect-CrossingBoundary: succeeded in 0.69s
detect-highSpeedBoat: succeeded in 0.92s
detect-lowSpeedBoat: succeeded in 1.20s
detect-blackList: succeeded in 0.14s
detect-doubleDragging: succeeded in 2.01s
detect-illegalBerthing: succeeded in 0.14s
detect-deviation: succeeded in 1.34s
detect-abnormalWandering: succeeded in 6.78s
detect-collision: succeeded in 0.05s
detect-abnormalTransfer: succeeded in 0.16s
detect-illegalStaying: succeeded in 0.25s
detect-CrossingBoundary: succeeded in 0.38s
detect-illegalAnchored: succeeded in 0.44s
detect-abnormalStaying: succeeded in 8.47s
detect-lowSpeedBoat: succeeded in 0.80s
detect-blackList: succeeded in 0.19s
detect-highSpeedBoat: succeeded in 2.49s
detect-illegalBerthing: succeeded in 0.59s
detect-doubleDragging: succeeded in 3.00s
detect-deviation: succeeded in 1.36s
detect-collision: succeeded in 0.03s
detect-abnormalTransfer: succeeded in 0.23s
detect-illegalStaying: succeeded in 0.20s
detect-CrossingBoundary: succeeded in 0.28s
detect-abnormalWandering: succeeded in 5.16s
detect-illegalAnchored: succeeded in 0.45s
detect-lowSpeedBoat: succeeded in 0.56s
detect-abnormalStaying: succeeded in 5.50s
detect-blackList: succeeded in 0.22s
detect-illegalBerthing: succeeded in 0.28s
detect-highSpeedBoat: succeeded in 2.44s
detect-deviation: succeeded in 1.30s
detect-doubleDragging: succeeded in 4.31s
detect-collision: succeeded in 0.05s
detect-illegalAnchored: succeeded in 0.28s
detect-CrossingBoundary: succeeded in 0.44s
detect-abnormalTransfer: succeeded in 0.56s
detect-illegalStaying: succeeded in 0.64s
detect-lowSpeedBoat: succeeded in 0.72s
detect-abnormalWandering: succeeded in 5.95s
detect-abnormalStaying: succeeded in 5.14s
detect-doubleDragging: succeeded in 2.11s
detect-blackList: succeeded in 0.11s
detect-illegalBerthing: succeeded in 0.25s
detect-highSpeedBoat: succeeded in 3.28s
detect-deviation: succeeded in 1.69s
detect-collision: succeeded in 0.03s
detect-abnormalTransfer: succeeded in 0.17s
detect-CrossingBoundary: succeeded in 0.33s
detect-illegalStaying: succeeded in 0.31s
detect-illegalAnchored: succeeded in 0.38s
detect-lowSpeedBoat: succeeded in 0.62s
detect-highSpeedBoat: succeeded in 1.33s
detect-blackList: succeeded in 0.03s
detect-illegalBerthing: succeeded in 0.19s
detect-doubleDragging: succeeded in 2.69s
detect-deviation: succeeded in 1.03s
detect-abnormalWandering: succeeded in 6.09s
detect-abnormalStaying: succeeded in 5.78s
detect-abnormalTransfer: succeeded in 0.16s
detect-collision: succeeded in 0.24s
detect-CrossingBoundary: succeeded in 0.24s
detect-illegalStaying: succeeded in 0.25s
detect-illegalAnchored: succeeded in 0.27s
detect-lowSpeedBoat: succeeded in 0.48s
detect-highSpeedBoat: succeeded in 1.17s
detect-blackList: succeeded in 0.05s
detect-illegalBerthing: succeeded in 0.31s
detect-deviation: succeeded in 1.08s
detect-doubleDragging: succeeded in 3.06s
detect-abnormalTransfer: succeeded in 0.11s
detect-illegalStaying: succeeded in 0.12s
detect-collision: succeeded in 0.19s
detect-CrossingBoundary: succeeded in 0.23s
detect-abnormalStaying: succeeded in 4.20s
detect-illegalAnchored: succeeded in 0.70s
detect-lowSpeedBoat: succeeded in 0.75s
detect-abnormalWandering: succeeded in 5.23s
detect-highSpeedBoat: succeeded in 1.91s
detect-blackList: succeeded in 0.03s
detect-illegalBerthing: succeeded in 0.11s
detect-doubleDragging: succeeded in 2.53s
detect-deviation: succeeded in 0.94s
detect-collision: succeeded in 0.05s
detect-abnormalTransfer: succeeded in 0.22s
detect-CrossingBoundary: succeeded in 0.22s
detect-illegalAnchored: succeeded in 0.25s
detect-illegalStaying: succeeded in 0.36s
detect-lowSpeedBoat: succeeded in 0.69s
detect-abnormalStaying: succeeded in 4.58s
detect-highSpeedBoat: succeeded in 1.81s
detect-blackList: succeeded in 0.27s
detect-illegalBerthing: succeeded in 0.33s
detect-doubleDragging: succeeded in 2.17s
detect-abnormalWandering: succeeded in 5.36s
detect-deviation: succeeded in 0.84s
detect-collision: succeeded in 0.05s
detect-CrossingBoundary: succeeded in 0.28s
detect-illegalStaying: succeeded in 0.33s
detect-abnormalTransfer: succeeded in 0.41s
detect-illegalAnchored: succeeded in 0.39s
detect-lowSpeedBoat: succeeded in 0.70s
detect-highSpeedBoat: succeeded in 1.16s
detect-abnormalStaying: succeeded in 4.38s
detect-doubleDragging: succeeded in 1.84s
detect-illegalBerthing: succeeded in 0.17s
detect-blackList: succeeded in 0.25s
detect-deviation: succeeded in 0.78s
detect-abnormalWandering: succeeded in 4.42s
detect-collision: succeeded in 0.05s
detect-abnormalTransfer: succeeded in 0.25s
detect-illegalStaying: succeeded in 0.22s
detect-illegalAnchored: succeeded in 0.25s
detect-CrossingBoundary: succeeded in 0.27s
detect-lowSpeedBoat: succeeded in 0.41s
detect-highSpeedBoat: succeeded in 1.55s
detect-doubleDragging: succeeded in 1.88s
detect-blackList: succeeded in 0.03s
detect-illegalBerthing: succeeded in 0.09s
detect-deviation: succeeded in 0.75s
detect-abnormalStaying: succeeded in 4.78s
detect-abnormalWandering: succeeded in 4.19s
detect-collision: succeeded in 0.03s
detect-abnormalTransfer: succeeded in 0.12s
detect-illegalStaying: succeeded in 0.19s
detect-CrossingBoundary: succeeded in 0.23s
detect-illegalAnchored: succeeded in 0.26s
detect-lowSpeedBoat: succeeded in 0.41s
detect-highSpeedBoat: succeeded in 0.83s
detect-blackList: succeeded in 0.03s
detect-illegalBerthing: succeeded in 0.14s
detect-doubleDragging: succeeded in 2.44s
detect-deviation: succeeded in 0.81s
detect-abnormalTransfer: succeeded in 0.20s
detect-CrossingBoundary: succeeded in 0.25s
detect-illegalAnchored: succeeded in 0.26s
detect-collision: succeeded in 0.26s
detect-illegalStaying: succeeded in 0.26s
detect-lowSpeedBoat: succeeded in 0.44s
detect-abnormalWandering: succeeded in 3.94s
detect-highSpeedBoat: succeeded in 1.23s
detect-abnormalStaying: succeeded in 4.97s
detect-doubleDragging: succeeded in 1.64s
detect-blackList: succeeded in 0.02s
detect-illegalBerthing: succeeded in 0.19s
detect-deviation: succeeded in 0.72s
detect-CrossingBoundary: succeeded in 0.28s
detect-illegalStaying: succeeded in 0.39s
detect-collision: succeeded in 0.41s
detect-abnormalTransfer: succeeded in 0.44s
detect-illegalAnchored: succeeded in 0.53s
detect-lowSpeedBoat: succeeded in 0.75s
detect-abnormalWandering: succeeded in 4.08s
detect-highSpeedBoat: succeeded in 1.20s
detect-doubleDragging: succeeded in 1.55s
detect-blackList: succeeded in 0.11s
detect-illegalBerthing: succeeded in 0.08s
detect-deviation: succeeded in 0.95s
detect-collision: succeeded in 0.06s
detect-abnormalStaying: succeeded in 6.12s
detect-abnormalTransfer: succeeded in 0.23s
detect-CrossingBoundary: succeeded in 0.31s
detect-illegalStaying: succeeded in 0.39s
detect-illegalAnchored: succeeded in 0.55s
detect-lowSpeedBoat: succeeded in 0.72s
detect-highSpeedBoat: succeeded in 1.47s
detect-doubleDragging: succeeded in 1.88s
detect-blackList: succeeded in 0.27s
detect-illegalBerthing: succeeded in 0.26s
detect-deviation: succeeded in 0.97s
detect-abnormalWandering: succeeded in 6.69s
detect-collision: succeeded in 0.09s
detect-CrossingBoundary: succeeded in 0.22s
detect-illegalAnchored: succeeded in 0.28s
detect-illegalStaying: succeeded in 0.33s
detect-abnormalTransfer: succeeded in 0.39s
detect-lowSpeedBoat: succeeded in 0.56s
detect-highSpeedBoat: succeeded in 1.84s
detect-abnormalStaying: succeeded in 6.08s
detect-doubleDragging: succeeded in 2.28s
detect-blackList: succeeded in 0.25s
detect-illegalBerthing: succeeded in 0.26s
detect-deviation: succeeded in 0.94s
detect-collision: succeeded in 0.05s
detect-abnormalWandering: succeeded in 4.95s
detect-abnormalTransfer: succeeded in 0.38s
detect-illegalStaying: succeeded in 0.66s
detect-illegalAnchored: succeeded in 0.72s
detect-CrossingBoundary: succeeded in 0.89s
detect-lowSpeedBoat: succeeded in 1.06s
detect-highSpeedBoat: succeeded in 1.23s
detect-blackList: succeeded in 0.05s
detect-doubleDragging: succeeded in 2.62s
detect-illegalBerthing: succeeded in 0.34s
detect-deviation: succeeded in 1.62s
detect-abnormalStaying: succeeded in 6.17s
detect-collision: succeeded in 0.06s
detect-abnormalTransfer: succeeded in 0.19s
detect-illegalAnchored: succeeded in 0.48s
detect-illegalStaying: succeeded in 0.58s
detect-CrossingBoundary: succeeded in 0.66s
detect-lowSpeedBoat: succeeded in 0.77s
detect-highSpeedBoat: succeeded in 1.28s
detect-blackList: succeeded in 0.03s
detect-illegalBerthing: succeeded in 0.12s
detect-doubleDragging: succeeded in 2.80s
detect-deviation: succeeded in 0.98s
detect-abnormalWandering: succeeded in 7.14s
detect-abnormalTransfer: succeeded in 0.11s
detect-illegalStaying: succeeded in 0.14s
detect-CrossingBoundary: succeeded in 0.19s
detect-collision: succeeded in 0.22s
detect-illegalAnchored: succeeded in 0.36s
detect-lowSpeedBoat: succeeded in 0.44s
detect-highSpeedBoat: succeeded in 1.16s
detect-blackList: succeeded in 0.03s
detect-illegalBerthing: succeeded in 0.14s
detect-abnormalStaying: succeeded in 5.89s
detect-doubleDragging: succeeded in 2.41s
detect-deviation: succeeded in 1.74s
detect-abnormalTransfer: succeeded in 0.16s
detect-CrossingBoundary: succeeded in 0.20s
detect-collision: succeeded in 0.34s
detect-illegalStaying: succeeded in 0.31s
detect-abnormalWandering: succeeded in 5.19s
detect-illegalAnchored: succeeded in 0.48s
detect-lowSpeedBoat: succeeded in 0.59s
detect-highSpeedBoat: succeeded in 1.48s
detect-blackList: succeeded in 0.06s
detect-illegalBerthing: succeeded in 0.06s
detect-deviation: succeeded in 1.34s
detect-collision: succeeded in 0.05s
detect-abnormalTransfer: succeeded in 0.12s
detect-CrossingBoundary: succeeded in 0.16s
detect-illegalStaying: succeeded in 0.20s
detect-doubleDragging: succeeded in 4.41s
detect-illegalAnchored: succeeded in 0.44s
detect-lowSpeedBoat: succeeded in 0.45s
detect-abnormalStaying: succeeded in 7.06s
detect-abnormalWandering: succeeded in 4.78s
detect-highSpeedBoat: succeeded in 1.39s
detect-blackList: succeeded in 0.34s
detect-illegalBerthing: succeeded in 0.33s
detect-deviation: succeeded in 0.91s
detect-doubleDragging: succeeded in 2.39s
detect-collision: succeeded in 0.05s
detect-CrossingBoundary: succeeded in 0.17s
detect-abnormalTransfer: succeeded in 0.25s
detect-illegalStaying: succeeded in 0.24s
detect-illegalAnchored: succeeded in 0.33s
detect-lowSpeedBoat: succeeded in 0.61s
detect-highSpeedBoat: succeeded in 1.30s
detect-abnormalStaying: succeeded in 4.58s
detect-illegalBerthing: succeeded in 0.30s
detect-blackList: succeeded in 0.41s
detect-abnormalWandering: succeeded in 5.17s
detect-doubleDragging: succeeded in 2.66s
detect-deviation: succeeded in 1.11s
detect-collision: succeeded in 0.05s
detect-CrossingBoundary: succeeded in 0.47s
detect-illegalStaying: succeeded in 0.48s
detect-illegalAnchored: succeeded in 0.47s
detect-abnormalTransfer: succeeded in 0.53s
detect-lowSpeedBoat: succeeded in 1.02s
detect-highSpeedBoat: succeeded in 1.51s
detect-blackList: succeeded in 0.05s
detect-illegalBerthing: succeeded in 0.16s
detect-abnormalStaying: succeeded in 5.31s
detect-doubleDragging: succeeded in 3.69s
detect-deviation: succeeded in 1.72s
detect-collision: succeeded in 0.03s
detect-abnormalTransfer: succeeded in 0.12s
detect-CrossingBoundary: succeeded in 0.25s
detect-illegalStaying: succeeded in 0.30s
detect-illegalAnchored: succeeded in 0.36s
detect-lowSpeedBoat: succeeded in 0.67s
detect-highSpeedBoat: succeeded in 1.19s
detect-abnormalWandering: succeeded in 7.76s
detect-blackList: succeeded in 0.06s
detect-illegalBerthing: succeeded in 0.12s
detect-doubleDragging: succeeded in 3.00s
detect-deviation: succeeded in 1.11s
detect-abnormalTransfer: succeeded in 0.08s
detect-illegalStaying: succeeded in 0.09s
detect-CrossingBoundary: succeeded in 0.14s
detect-collision: succeeded in 0.33s
detect-illegalAnchored: succeeded in 0.31s
detect-lowSpeedBoat: succeeded in 0.67s
detect-highSpeedBoat: succeeded in 1.38s
detect-abnormalStaying: succeeded in 6.73s
detect-blackList: succeeded in 0.05s
detect-illegalBerthing: succeeded in 0.17s
detect-deviation: succeeded in 1.06s
detect-doubleDragging: succeeded in 3.17s
detect-abnormalWandering: succeeded in 6.08s
detect-abnormalTransfer: succeeded in 0.20s
detect-collision: succeeded in 0.24s
detect-illegalStaying: succeeded in 0.36s
detect-CrossingBoundary: succeeded in 0.39s
detect-illegalAnchored: succeeded in 0.51s
detect-lowSpeedBoat: succeeded in 0.53s
detect-highSpeedBoat: succeeded in 1.42s
detect-doubleDragging: succeeded in 1.75s
detect-blackList: succeeded in 0.03s
detect-illegalBerthing: succeeded in 0.16s
detect-abnormalStaying: succeeded in 4.58s
detect-deviation: succeeded in 0.66s
detect-collision: succeeded in 0.05s
detect-illegalStaying: succeeded in 0.24s
detect-CrossingBoundary: succeeded in 0.25s
detect-abnormalTransfer: succeeded in 0.31s
detect-illegalAnchored: succeeded in 0.56s
detect-lowSpeedBoat: succeeded in 0.73s
detect-abnormalWandering: succeeded in 4.67s
detect-illegalBerthing: succeeded in 0.45s
detect-highSpeedBoat: succeeded in 2.44s
detect-blackList: succeeded in 0.53s
detect-deviation: succeeded in 0.86s
detect-doubleDragging: succeeded in 2.84s
detect-collision: succeeded in 0.19s
detect-CrossingBoundary: succeeded in 0.24s
detect-abnormalTransfer: succeeded in 0.44s
detect-illegalStaying: succeeded in 0.33s
detect-illegalAnchored: succeeded in 0.61s
detect-lowSpeedBoat: succeeded in 0.81s
detect-abnormalStaying: succeeded in 6.49s
detect-highSpeedBoat: succeeded in 1.67s
detect-blackList: succeeded in 0.24s
detect-doubleDragging: succeeded in 2.34s
detect-illegalBerthing: succeeded in 0.23s
detect-deviation: succeeded in 0.78s
detect-abnormalWandering: succeeded in 6.31s
detect-collision: succeeded in 0.05s
detect-abnormalTransfer: succeeded in 0.19s
detect-CrossingBoundary: succeeded in 0.34s
detect-illegalStaying: succeeded in 0.36s
detect-illegalAnchored: succeeded in 0.39s
detect-lowSpeedBoat: succeeded in 0.67s
detect-highSpeedBoat: succeeded in 1.45s
detect-blackList: succeeded in 0.05s
detect-illegalBerthing: succeeded in 0.12s
detect-doubleDragging: succeeded in 2.88s
detect-deviation: succeeded in 1.17s
detect-abnormalStaying: succeeded in 5.56s
detect-collision: succeeded in 0.06s
detect-abnormalTransfer: succeeded in 0.17s
detect-illegalAnchored: succeeded in 0.33s
detect-illegalStaying: succeeded in 0.44s
detect-CrossingBoundary: succeeded in 0.62s
detect-lowSpeedBoat: succeeded in 0.56s
detect-blackList: succeeded in 0.03s
detect-illegalBerthing: succeeded in 0.12s
detect-doubleDragging: succeeded in 2.36s
detect-abnormalWandering: succeeded in 6.52s
detect-highSpeedBoat: succeeded in 2.83s
detect-deviation: succeeded in 1.25s
detect-abnormalTransfer: succeeded in 0.17s
detect-CrossingBoundary: succeeded in 0.23s
detect-collision: succeeded in 0.27s
detect-illegalStaying: succeeded in 0.28s
detect-illegalAnchored: succeeded in 0.31s
detect-lowSpeedBoat: succeeded in 0.53s
detect-abnormalStaying: succeeded in 6.11s
detect-blackList: succeeded in 0.06s
detect-illegalBerthing: succeeded in 0.23s
detect-highSpeedBoat: succeeded in 2.08s
detect-deviation: succeeded in 0.88s
detect-doubleDragging: succeeded in 2.67s
detect-abnormalWandering: succeeded in 5.55s
detect-abnormalTransfer: succeeded in 0.12s
detect-illegalStaying: succeeded in 0.12s
detect-CrossingBoundary: succeeded in 0.19s
detect-illegalAnchored: succeeded in 0.24s
detect-collision: succeeded in 0.25s
detect-lowSpeedBoat: succeeded in 0.53s
detect-blackList: succeeded in 0.05s
detect-illegalBerthing: succeeded in 0.31s
detect-abnormalStaying: succeeded in 5.22s
detect-highSpeedBoat: succeeded in 2.42s
detect-doubleDragging: succeeded in 3.02s
detect-deviation: succeeded in 1.36s
detect-collision: succeeded in 0.06s
detect-CrossingBoundary: succeeded in 0.26s
detect-abnormalTransfer: succeeded in 0.36s
detect-illegalStaying: succeeded in 0.34s
detect-illegalAnchored: succeeded in 0.52s
detect-lowSpeedBoat: succeeded in 0.64s
detect-abnormalWandering: succeeded in 4.91s
detect-highSpeedBoat: succeeded in 1.42s
detect-doubleDragging: succeeded in 2.05s
detect-blackList: succeeded in 0.39s
detect-illegalBerthing: succeeded in 0.47s
detect-deviation: succeeded in 1.14s
detect-collision: succeeded in 0.05s
detect-CrossingBoundary: succeeded in 0.16s
detect-abnormalTransfer: succeeded in 0.25s
detect-illegalStaying: succeeded in 0.36s
detect-illegalAnchored: succeeded in 0.39s
detect-lowSpeedBoat: succeeded in 0.58s
detect-highSpeedBoat: succeeded in 1.03s
detect-doubleDragging: succeeded in 2.45s
detect-blackList: succeeded in 0.31s
detect-illegalBerthing: succeeded in 0.50s
detect-abnormalStaying: succeeded in 6.84s
detect-abnormalWandering: succeeded in 6.45s
detect-deviation: succeeded in 1.06s
detect-collision: succeeded in 0.08s
detect-illegalAnchored: succeeded in 0.30s
detect-CrossingBoundary: succeeded in 0.33s
detect-illegalStaying: succeeded in 0.38s
detect-lowSpeedBoat: succeeded in 0.48s
detect-abnormalTransfer: succeeded in 0.22s
detect-blackList: succeeded in 0.08s
detect-highSpeedBoat: succeeded in 2.38s
detect-illegalBerthing: succeeded in 0.36s
detect-doubleDragging: succeeded in 3.19s
detect-deviation: succeeded in 1.55s
detect-abnormalStaying: succeeded in 5.67s
detect-collision: succeeded in 0.05s
detect-abnormalTransfer: succeeded in 0.27s
detect-illegalAnchored: succeeded in 0.36s
detect-CrossingBoundary: succeeded in 0.41s
detect-lowSpeedBoat: succeeded in 0.48s
detect-illegalStaying: succeeded in 0.50s
detect-abnormalWandering: succeeded in 5.84s
detect-highSpeedBoat: succeeded in 1.16s
detect-blackList: succeeded in 0.05s
detect-illegalBerthing: succeeded in 0.22s
detect-doubleDragging: succeeded in 3.69s
detect-deviation: succeeded in 2.34s
detect-collision: succeeded in 0.19s
detect-CrossingBoundary: succeeded in 0.17s
detect-abnormalTransfer: succeeded in 0.38s
detect-illegalAnchored: succeeded in 0.47s
detect-illegalStaying: succeeded in 0.30s
detect-lowSpeedBoat: succeeded in 0.77s
detect-abnormalStaying: succeeded in 5.88s
detect-highSpeedBoat: succeeded in 1.81s
detect-abnormalWandering: succeeded in 6.06s
detect-blackList: succeeded in 0.11s
detect-illegalBerthing: succeeded in 0.11s
detect-deviation: succeeded in 1.30s
detect-CrossingBoundary: succeeded in 0.16s
detect-illegalAnchored: succeeded in 0.25s
detect-abnormalTransfer: succeeded in 0.28s
detect-illegalStaying: succeeded in 0.30s
detect-collision: succeeded in 0.38s
detect-doubleDragging: succeeded in 5.23s
detect-lowSpeedBoat: succeeded in 0.49s
detect-abnormalStaying: succeeded in 5.83s
detect-blackList: succeeded in 0.03s
detect-illegalBerthing: succeeded in 0.22s
detect-highSpeedBoat: succeeded in 2.77s
detect-deviation: succeeded in 1.42s
detect-collision: succeeded in 0.05s
detect-abnormalTransfer: succeeded in 0.24s
detect-CrossingBoundary: succeeded in 0.24s
detect-abnormalWandering: succeeded in 7.44s
detect-illegalStaying: succeeded in 0.30s
detect-illegalAnchored: succeeded in 0.59s
detect-lowSpeedBoat: succeeded in 0.69s
detect-blackList: succeeded in 0.16s
detect-illegalBerthing: succeeded in 0.28s
detect-highSpeedBoat: succeeded in 2.73s
detect-deviation: succeeded in 1.25s
detect-abnormalStaying: succeeded in 5.56s
detect-doubleDragging: succeeded in 7.84s
detect-collision: succeeded in 0.03s
detect-illegalStaying: succeeded in 0.27s
detect-CrossingBoundary: succeeded in 0.33s
detect-abnormalTransfer: succeeded in 0.44s
detect-illegalAnchored: succeeded in 0.56s
detect-lowSpeedBoat: succeeded in 0.61s
detect-highSpeedBoat: succeeded in 1.00s
detect-blackList: succeeded in 0.22s
detect-abnormalWandering: succeeded in 6.39s
detect-illegalBerthing: succeeded in 0.34s
detect-deviation: succeeded in 0.92s
detect-doubleDragging: succeeded in 3.92s
detect-collision: succeeded in 0.03s
detect-illegalAnchored: succeeded in 0.38s
detect-abnormalStaying: succeeded in 5.06s
detect-abnormalTransfer: succeeded in 0.45s
detect-illegalStaying: succeeded in 0.44s
detect-CrossingBoundary: succeeded in 0.62s
detect-highSpeedBoat: succeeded in 0.89s
detect-lowSpeedBoat: succeeded in 0.98s
detect-blackList: succeeded in 0.05s
detect-illegalBerthing: succeeded in 0.27s
detect-deviation: succeeded in 1.05s
detect-doubleDragging: succeeded in 3.69s
detect-abnormalWandering: succeeded in 5.20s
detect-collision: succeeded in 0.05s
detect-abnormalTransfer: succeeded in 0.26s
detect-CrossingBoundary: succeeded in 0.38s
detect-illegalAnchored: succeeded in 0.41s
detect-illegalStaying: succeeded in 0.44s
detect-blackList: succeeded in 0.05s
detect-illegalBerthing: succeeded in 0.17s
detect-highSpeedBoat: succeeded in 4.12s
detect-lowSpeedBoat: succeeded in 4.25s
detect-abnormalTransfer: succeeded in 0.09s
detect-collision: succeeded in 0.16s
detect-CrossingBoundary: succeeded in 0.19s
detect-illegalStaying: succeeded in 0.28s
detect-illegalAnchored: succeeded in 0.31s
detect-deviation: succeeded in 2.89s
detect-lowSpeedBoat: succeeded in 0.42s
detect-doubleDragging: succeeded in 5.56s
detect-abnormalStaying: succeeded in 9.75s
detect-blackList: succeeded in 0.05s
detect-illegalBerthing: succeeded in 0.06s
detect-highSpeedBoat: succeeded in 2.52s
detect-deviation: succeeded in 1.14s
detect-CrossingBoundary: succeeded in 0.11s
detect-illegalStaying: succeeded in 0.14s
detect-doubleDragging: succeeded in 3.42s
detect-abnormalTransfer: succeeded in 0.20s
detect-collision: succeeded in 0.19s
detect-illegalAnchored: succeeded in 0.23s
detect-lowSpeedBoat: succeeded in 0.47s
detect-abnormalWandering: succeeded in 9.02s
detect-highSpeedBoat: succeeded in 1.27s
detect-blackList: succeeded in 0.03s
detect-illegalBerthing: succeeded in 0.14s
detect-doubleDragging: succeeded in 2.14s
detect-deviation: succeeded in 0.78s
detect-abnormalStaying: succeeded in 4.76s
detect-collision: succeeded in 0.03s
detect-abnormalTransfer: succeeded in 0.14s
detect-CrossingBoundary: succeeded in 0.19s
detect-illegalStaying: succeeded in 0.22s
detect-illegalAnchored: succeeded in 0.36s
detect-lowSpeedBoat: succeeded in 0.53s
detect-abnormalWandering: succeeded in 4.09s
detect-highSpeedBoat: succeeded in 1.17s
detect-blackList: succeeded in 0.14s
detect-illegalBerthing: succeeded in 0.20s
detect-deviation: succeeded in 0.97s
detect-doubleDragging: succeeded in 2.77s
detect-collision: succeeded in 0.05s
detect-CrossingBoundary: succeeded in 0.12s
detect-illegalStaying: succeeded in 0.12s
detect-abnormalTransfer: succeeded in 0.17s
detect-illegalAnchored: succeeded in 0.30s
detect-lowSpeedBoat: succeeded in 0.52s
detect-abnormalStaying: succeeded in 5.14s
detect-highSpeedBoat: succeeded in 1.89s
detect-blackList: succeeded in 0.16s
detect-illegalBerthing: succeeded in 0.27s
detect-abnormalWandering: succeeded in 4.97s
detect-deviation: succeeded in 0.77s
detect-doubleDragging: succeeded in 2.92s
detect-collision: succeeded in 0.03s
detect-abnormalTransfer: succeeded in 0.25s
detect-illegalStaying: succeeded in 0.27s
detect-CrossingBoundary: succeeded in 0.33s
detect-illegalAnchored: succeeded in 0.38s
detect-lowSpeedBoat: succeeded in 0.59s
detect-abnormalStaying: succeeded in 4.00s
detect-blackList: succeeded in 0.03s
detect-illegalBerthing: succeeded in 0.14s
detect-highSpeedBoat: succeeded in 2.41s
detect-doubleDragging: succeeded in 2.55s
detect-deviation: succeeded in 0.95s
detect-collision: succeeded in 0.03s
detect-abnormalTransfer: succeeded in 0.16s
detect-CrossingBoundary: succeeded in 0.38s
detect-illegalAnchored: succeeded in 0.33s
detect-illegalStaying: succeeded in 0.56s
detect-lowSpeedBoat: succeeded in 0.75s
detect-abnormalWandering: succeeded in 6.44s
detect-blackList: succeeded in 0.06s
detect-illegalBerthing: succeeded in 0.16s
detect-highSpeedBoat: succeeded in 2.14s
detect-abnormalStaying: succeeded in 5.33s
detect-doubleDragging: succeeded in 2.52s
detect-deviation: succeeded in 0.98s
detect-abnormalTransfer: succeeded in 0.12s
detect-CrossingBoundary: succeeded in 0.16s
detect-illegalStaying: succeeded in 0.20s
detect-collision: succeeded in 0.25s
detect-illegalAnchored: succeeded in 0.28s
detect-lowSpeedBoat: succeeded in 0.53s
detect-highSpeedBoat: succeeded in 1.14s
detect-blackList: succeeded in 0.03s
detect-illegalBerthing: succeeded in 0.06s
detect-abnormalWandering: succeeded in 4.78s
detect-doubleDragging: succeeded in 3.38s
detect-deviation: succeeded in 1.20s
detect-abnormalStaying: succeeded in 5.19s
detect-collision: succeeded in 0.19s
detect-CrossingBoundary: succeeded in 0.17s
detect-abnormalTransfer: succeeded in 0.17s
detect-illegalStaying: succeeded in 0.23s
detect-illegalAnchored: succeeded in 0.34s
detect-lowSpeedBoat: succeeded in 0.42s
detect-highSpeedBoat: succeeded in 1.42s
detect-blackList: succeeded in 0.05s
detect-doubleDragging: succeeded in 2.08s
detect-illegalBerthing: succeeded in 0.19s
detect-deviation: succeeded in 0.83s
detect-abnormalWandering: succeeded in 4.92s
detect-collision: succeeded in 0.05s
detect-abnormalTransfer: succeeded in 0.12s
detect-CrossingBoundary: succeeded in 0.20s
detect-illegalStaying: succeeded in 0.19s
detect-illegalAnchored: succeeded in 0.38s
detect-lowSpeedBoat: succeeded in 0.47s
detect-highSpeedBoat: succeeded in 1.61s
detect-abnormalStaying: succeeded in 5.42s
detect-doubleDragging: succeeded in 2.00s
detect-blackList: succeeded in 0.36s
detect-illegalBerthing: succeeded in 0.34s
detect-deviation: succeeded in 1.08s
detect-collision: succeeded in 0.03s
detect-abnormalWandering: succeeded in 4.81s
detect-CrossingBoundary: succeeded in 0.17s
detect-abnormalTransfer: succeeded in 0.22s
detect-illegalStaying: succeeded in 0.20s
detect-illegalAnchored: succeeded in 0.41s
detect-lowSpeedBoat: succeeded in 0.72s
detect-highSpeedBoat: succeeded in 2.00s
detect-illegalBerthing: succeeded in 0.17s
detect-blackList: succeeded in 0.28s
detect-deviation: succeeded in 0.88s
detect-abnormalStaying: succeeded in 4.83s
detect-doubleDragging: succeeded in 3.92s
detect-collision: succeeded in 0.19s
detect-abnormalWandering: succeeded in 3.97s
detect-CrossingBoundary: succeeded in 0.36s
detect-abnormalTransfer: succeeded in 0.36s
detect-illegalStaying: succeeded in 0.42s
detect-illegalAnchored: succeeded in 0.47s
detect-lowSpeedBoat: succeeded in 0.48s
detect-blackList: succeeded in 0.05s
detect-illegalBerthing: succeeded in 0.25s
detect-highSpeedBoat: succeeded in 3.05s
detect-deviation: succeeded in 1.22s
detect-collision: succeeded in 0.03s
detect-abnormalTransfer: succeeded in 0.17s
detect-CrossingBoundary: succeeded in 0.28s
detect-illegalAnchored: succeeded in 0.33s
detect-illegalStaying: succeeded in 0.33s
detect-abnormalWandering: succeeded in 4.38s
detect-lowSpeedBoat: succeeded in 0.56s
detect-doubleDragging: succeeded in 4.77s
detect-abnormalStaying: succeeded in 6.00s
detect-blackList: succeeded in 0.05s
detect-illegalBerthing: succeeded in 0.22s
detect-highSpeedBoat: succeeded in 3.49s
detect-deviation: succeeded in 1.39s
detect-abnormalTransfer: succeeded in 0.09s
detect-CrossingBoundary: succeeded in 0.24s
detect-illegalStaying: succeeded in 0.33s
detect-illegalAnchored: succeeded in 0.33s
detect-collision: succeeded in 0.58s
detect-lowSpeedBoat: succeeded in 0.72s
detect-abnormalWandering: succeeded in 4.41s
detect-doubleDragging: succeeded in 4.14s
detect-abnormalStaying: succeeded in 4.47s
detect-highSpeedBoat: succeeded in 1.47s
detect-blackList: succeeded in 0.03s
detect-illegalBerthing: succeeded in 0.06s
detect-deviation: succeeded in 1.75s
detect-abnormalTransfer: succeeded in 0.08s
detect-CrossingBoundary: succeeded in 0.20s
detect-collision: succeeded in 0.25s
detect-illegalStaying: succeeded in 0.25s
detect-doubleDragging: succeeded in 3.41s
detect-illegalAnchored: succeeded in 0.33s
detect-lowSpeedBoat: succeeded in 0.45s
detect-abnormalWandering: succeeded in 4.00s
detect-highSpeedBoat: succeeded in 1.62s
detect-blackList: succeeded in 0.03s
detect-illegalBerthing: succeeded in 0.14s
detect-abnormalStaying: succeeded in 4.77s
detect-deviation: succeeded in 0.94s
detect-doubleDragging: succeeded in 2.50s
detect-collision: succeeded in 0.03s
detect-CrossingBoundary: succeeded in 0.12s
detect-illegalStaying: succeeded in 0.17s
detect-abnormalTransfer: succeeded in 0.27s
detect-illegalAnchored: succeeded in 0.30s
detect-lowSpeedBoat: succeeded in 0.34s
detect-blackList: succeeded in 0.17s
detect-illegalBerthing: succeeded in 0.20s
detect-deviation: succeeded in 0.72s
detect-highSpeedBoat: succeeded in 2.83s
detect-doubleDragging: succeeded in 3.56s
detect-collision: succeeded in 0.03s
detect-CrossingBoundary: succeeded in 0.19s
detect-illegalStaying: succeeded in 0.39s
detect-abnormalWandering: succeeded in 5.97s
detect-abnormalTransfer: succeeded in 0.49s
detect-illegalAnchored: succeeded in 0.48s
detect-lowSpeedBoat: succeeded in 1.08s
detect-abnormalStaying: succeeded in 6.31s
detect-highSpeedBoat: succeeded in 2.11s
detect-illegalBerthing: succeeded in 0.31s
detect-blackList: succeeded in 0.34s
detect-deviation: succeeded in 0.81s
detect-doubleDragging: succeeded in 3.38s
detect-collision: succeeded in 0.03s
detect-CrossingBoundary: succeeded in 0.20s
detect-abnormalTransfer: succeeded in 0.25s
detect-illegalStaying: succeeded in 0.24s
detect-illegalAnchored: succeeded in 0.28s
detect-lowSpeedBoat: succeeded in 0.53s
detect-highSpeedBoat: succeeded in 1.05s
detect-abnormalWandering: succeeded in 4.39s
detect-blackList: succeeded in 0.09s
detect-illegalBerthing: succeeded in 0.12s
detect-doubleDragging: succeeded in 2.27s
detect-abnormalStaying: succeeded in 4.51s
detect-deviation: succeeded in 0.95s
detect-collision: succeeded in 0.05s
detect-CrossingBoundary: succeeded in 0.38s
detect-abnormalTransfer: succeeded in 0.39s
detect-illegalAnchored: succeeded in 0.38s
detect-illegalStaying: succeeded in 0.45s
detect-lowSpeedBoat: succeeded in 0.58s
detect-abnormalWandering: succeeded in 4.12s
detect-highSpeedBoat: succeeded in 1.97s
detect-blackList: succeeded in 0.03s
detect-illegalBerthing: succeeded in 0.14s
detect-doubleDragging: succeeded in 2.49s
detect-deviation: succeeded in 1.17s
detect-abnormalStaying: succeeded in 4.97s
detect-abnormalTransfer: succeeded in 0.22s
detect-collision: succeeded in 0.25s
detect-illegalStaying: succeeded in 0.25s
detect-illegalAnchored: succeeded in 0.33s
detect-CrossingBoundary: succeeded in 0.34s
detect-lowSpeedBoat: succeeded in 0.44s
detect-abnormalWandering: succeeded in 4.39s
detect-highSpeedBoat: succeeded in 2.20s
detect-blackList: succeeded in 0.05s
detect-illegalBerthing: succeeded in 0.11s
detect-doubleDragging: succeeded in 2.59s
detect-deviation: succeeded in 1.16s
detect-abnormalStaying: succeeded in 4.52s
detect-abnormalTransfer: succeeded in 0.08s
detect-collision: succeeded in 0.22s
detect-CrossingBoundary: succeeded in 0.20s
detect-illegalStaying: succeeded in 0.30s
detect-illegalAnchored: succeeded in 0.34s
detect-lowSpeedBoat: succeeded in 0.50s
detect-highSpeedBoat: succeeded in 1.06s
detect-blackList: succeeded in 0.05s
detect-illegalBerthing: succeeded in 0.08s
detect-abnormalWandering: succeeded in 4.58s
detect-deviation: succeeded in 0.84s
detect-doubleDragging: succeeded in 2.99s
detect-collision: succeeded in 0.12s
detect-abnormalTransfer: succeeded in 0.30s
detect-CrossingBoundary: succeeded in 0.34s
detect-illegalStaying: succeeded in 0.42s
detect-illegalAnchored: succeeded in 0.42s
detect-abnormalStaying: succeeded in 4.81s
detect-lowSpeedBoat: succeeded in 0.75s
detect-highSpeedBoat: succeeded in 1.33s
detect-blackList: succeeded in 0.12s
detect-illegalBerthing: succeeded in 0.17s
detect-doubleDragging: succeeded in 2.25s
detect-deviation: succeeded in 0.78s
detect-abnormalWandering: succeeded in 4.67s
detect-collision: succeeded in 0.08s
detect-CrossingBoundary: succeeded in 0.12s
detect-illegalStaying: succeeded in 0.31s
detect-illegalAnchored: succeeded in 0.31s
detect-abnormalTransfer: succeeded in 0.39s
detect-lowSpeedBoat: succeeded in 0.58s
detect-highSpeedBoat: succeeded in 1.49s
detect-abnormalStaying: succeeded in 5.25s
detect-blackList: succeeded in 0.28s
detect-illegalBerthing: succeeded in 0.28s
detect-doubleDragging: succeeded in 2.81s
detect-deviation: succeeded in 1.19s
detect-abnormalWandering: succeeded in 4.61s
detect-collision: succeeded in 0.05s
detect-illegalStaying: succeeded in 0.24s
detect-abnormalTransfer: succeeded in 0.33s
detect-CrossingBoundary: succeeded in 0.34s
detect-illegalAnchored: succeeded in 0.30s
detect-lowSpeedBoat: succeeded in 0.47s
detect-highSpeedBoat: succeeded in 1.16s
detect-blackList: succeeded in 0.05s
detect-illegalBerthing: succeeded in 0.44s
detect-abnormalStaying: succeeded in 4.72s
detect-doubleDragging: succeeded in 2.76s
detect-deviation: succeeded in 1.16s
detect-collision: succeeded in 0.20s
detect-abnormalTransfer: succeeded in 0.22s
detect-illegalAnchored: succeeded in 0.34s
detect-CrossingBoundary: succeeded in 0.53s
detect-illegalStaying: succeeded in 0.44s
detect-lowSpeedBoat: succeeded in 0.69s
detect-abnormalWandering: succeeded in 5.12s
detect-highSpeedBoat: succeeded in 1.89s
detect-blackList: succeeded in 0.08s
detect-illegalBerthing: succeeded in 0.31s
detect-doubleDragging: succeeded in 3.42s
detect-deviation: succeeded in 1.61s
detect-abnormalTransfer: succeeded in 0.09s
detect-illegalStaying: succeeded in 0.12s
detect-illegalAnchored: succeeded in 0.22s
detect-CrossingBoundary: succeeded in 0.25s
detect-collision: succeeded in 0.27s
detect-abnormalStaying: succeeded in 6.56s
detect-lowSpeedBoat: succeeded in 0.55s
detect-highSpeedBoat: succeeded in 1.20s
detect-abnormalWandering: succeeded in 5.01s
detect-blackList: succeeded in 0.03s
detect-illegalBerthing: succeeded in 0.11s
detect-doubleDragging: succeeded in 2.30s
detect-deviation: succeeded in 0.91s
detect-abnormalTransfer: succeeded in 0.27s
detect-CrossingBoundary: succeeded in 0.30s
detect-illegalAnchored: succeeded in 0.38s
detect-collision: succeeded in 0.42s
detect-illegalStaying: succeeded in 0.41s
detect-lowSpeedBoat: succeeded in 0.55s
detect-highSpeedBoat: succeeded in 1.80s
detect-doubleDragging: succeeded in 2.09s
detect-blackList: succeeded in 0.03s
detect-illegalBerthing: succeeded in 0.20s
detect-deviation: succeeded in 1.61s
detect-abnormalStaying: succeeded in 7.16s
detect-abnormalWandering: succeeded in 6.11s
detect-collision: succeeded in 0.22s
detect-abnormalTransfer: succeeded in 0.23s
detect-CrossingBoundary: succeeded in 0.22s
detect-illegalStaying: succeeded in 0.39s
detect-illegalAnchored: succeeded in 0.44s
detect-lowSpeedBoat: succeeded in 0.42s
detect-blackList: succeeded in 0.19s
detect-illegalBerthing: succeeded in 0.44s
detect-deviation: succeeded in 1.14s
detect-highSpeedBoat: succeeded in 3.69s
detect-collision: succeeded in 0.06s
detect-abnormalTransfer: succeeded in 0.34s
detect-illegalStaying: succeeded in 0.30s
detect-illegalAnchored: succeeded in 0.52s
detect-CrossingBoundary: succeeded in 0.53s
detect-abnormalWandering: succeeded in 5.53s
detect-lowSpeedBoat: succeeded in 0.83s
detect-abnormalStaying: succeeded in 5.91s
detect-doubleDragging: succeeded in 5.74s
detect-highSpeedBoat: succeeded in 1.59s
detect-illegalBerthing: succeeded in 0.41s
detect-blackList: succeeded in 0.86s
detect-deviation: succeeded in 1.05s
detect-collision: succeeded in 0.08s
detect-doubleDragging: succeeded in 3.02s
detect-abnormalTransfer: succeeded in 0.30s
detect-CrossingBoundary: succeeded in 0.38s
detect-illegalStaying: succeeded in 0.39s
detect-illegalAnchored: succeeded in 0.62s
detect-lowSpeedBoat: succeeded in 0.88s
detect-abnormalWandering: succeeded in 5.36s
detect-abnormalStaying: succeeded in 5.12s
detect-blackList: succeeded in 0.05s
detect-illegalBerthing: succeeded in 0.09s
detect-highSpeedBoat: succeeded in 2.36s
detect-deviation: succeeded in 1.31s
detect-collision: succeeded in 0.05s
detect-abnormalTransfer: succeeded in 0.14s
detect-illegalAnchored: succeeded in 0.25s
detect-CrossingBoundary: succeeded in 0.30s
detect-illegalStaying: succeeded in 0.31s
detect-lowSpeedBoat: succeeded in 0.69s
detect-doubleDragging: succeeded in 4.70s
detect-highSpeedBoat: succeeded in 1.86s
detect-blackList: succeeded in 0.05s
detect-illegalBerthing: succeeded in 0.11s
detect-abnormalWandering: succeeded in 4.92s
detect-abnormalStaying: succeeded in 5.30s
detect-deviation: succeeded in 1.22s
detect-doubleDragging: succeeded in 2.39s
detect-abnormalTransfer: succeeded in 0.08s
detect-CrossingBoundary: succeeded in 0.20s
detect-collision: succeeded in 0.26s
detect-illegalStaying: succeeded in 0.25s
detect-illegalAnchored: succeeded in 0.34s
detect-lowSpeedBoat: succeeded in 0.69s
detect-highSpeedBoat: succeeded in 0.78s
detect-blackList: succeeded in 0.03s
detect-illegalBerthing: succeeded in 0.14s
detect-doubleDragging: succeeded in 2.53s
detect-deviation: succeeded in 0.70s
detect-abnormalStaying: succeeded in 4.12s
detect-collision: succeeded in 0.22s
detect-CrossingBoundary: succeeded in 0.28s
detect-illegalStaying: succeeded in 0.41s
detect-abnormalTransfer: succeeded in 0.44s
detect-abnormalWandering: succeeded in 5.41s
detect-illegalAnchored: succeeded in 0.58s
detect-lowSpeedBoat: succeeded in 0.76s
detect-highSpeedBoat: succeeded in 1.56s
detect-blackList: succeeded in 0.05s
detect-illegalBerthing: succeeded in 0.11s
detect-doubleDragging: succeeded in 2.05s
detect-deviation: succeeded in 0.89s
detect-collision: succeeded in 0.05s
detect-abnormalTransfer: succeeded in 0.16s
detect-CrossingBoundary: succeeded in 0.20s
detect-illegalStaying: succeeded in 0.22s
detect-illegalAnchored: succeeded in 0.36s
detect-abnormalStaying: succeeded in 4.16s
detect-lowSpeedBoat: succeeded in 0.42s
detect-highSpeedBoat: succeeded in 0.88s
detect-abnormalWandering: succeeded in 5.16s
detect-blackList: succeeded in 0.33s
detect-illegalBerthing: succeeded in 0.36s
detect-doubleDragging: succeeded in 2.50s
detect-deviation: succeeded in 1.31s
detect-collision: succeeded in 0.09s
detect-CrossingBoundary: succeeded in 0.22s
detect-illegalStaying: succeeded in 0.20s
detect-abnormalTransfer: succeeded in 0.23s
detect-illegalAnchored: succeeded in 0.33s
detect-lowSpeedBoat: succeeded in 0.36s
detect-highSpeedBoat: succeeded in 0.84s
detect-abnormalStaying: succeeded in 4.27s
detect-doubleDragging: succeeded in 1.95s
detect-blackList: succeeded in 0.33s
detect-illegalBerthing: succeeded in 0.31s
detect-deviation: succeeded in 0.72s
detect-abnormalWandering: succeeded in 4.95s
detect-collision: succeeded in 0.03s
detect-abnormalTransfer: succeeded in 0.16s
detect-CrossingBoundary: succeeded in 0.16s
detect-illegalStaying: succeeded in 0.19s
detect-illegalAnchored: succeeded in 0.23s
detect-lowSpeedBoat: succeeded in 0.55s
detect-highSpeedBoat: succeeded in 1.22s
detect-blackList: succeeded in 0.06s
detect-illegalBerthing: succeeded in 0.25s
detect-doubleDragging: succeeded in 2.59s
detect-abnormalStaying: succeeded in 4.48s
detect-deviation: succeeded in 1.00s
detect-abnormalWandering: succeeded in 4.20s
detect-collision: succeeded in 0.03s
detect-illegalStaying: succeeded in 0.26s
detect-abnormalTransfer: succeeded in 0.31s
detect-illegalAnchored: succeeded in 0.28s
detect-CrossingBoundary: succeeded in 0.27s
detect-lowSpeedBoat: succeeded in 0.50s
detect-highSpeedBoat: succeeded in 1.23s
detect-blackList: succeeded in 0.05s
detect-illegalBerthing: succeeded in 0.14s
detect-doubleDragging: succeeded in 2.36s
detect-deviation: succeeded in 0.89s
detect-abnormalStaying: succeeded in 4.55s
detect-collision: succeeded in 0.11s
detect-abnormalTransfer: succeeded in 0.16s
detect-CrossingBoundary: succeeded in 0.19s
detect-illegalStaying: succeeded in 0.17s
detect-illegalAnchored: succeeded in 0.30s
detect-lowSpeedBoat: succeeded in 0.47s
detect-abnormalWandering: succeeded in 4.55s
detect-highSpeedBoat: succeeded in 1.20s
detect-blackList: succeeded in 0.12s
detect-illegalBerthing: succeeded in 0.12s
detect-doubleDragging: succeeded in 3.03s
detect-deviation: succeeded in 0.95s
detect-abnormalStaying: succeeded in 3.92s
detect-abnormalTransfer: succeeded in 0.09s
detect-CrossingBoundary: succeeded in 0.16s
detect-illegalStaying: succeeded in 0.22s
detect-collision: succeeded in 0.30s
detect-illegalAnchored: succeeded in 0.31s
detect-lowSpeedBoat: succeeded in 0.41s
detect-highSpeedBoat: succeeded in 0.95s
detect-blackList: succeeded in 0.06s
detect-doubleDragging: succeeded in 2.22s
detect-illegalBerthing: succeeded in 0.24s
detect-abnormalWandering: succeeded in 4.92s
detect-deviation: succeeded in 1.16s
detect-collision: succeeded in 0.06s
detect-CrossingBoundary: succeeded in 0.16s
detect-abnormalTransfer: succeeded in 0.23s
detect-illegalStaying: succeeded in 0.33s
detect-illegalAnchored: succeeded in 0.49s
detect-lowSpeedBoat: succeeded in 0.58s
detect-abnormalStaying: succeeded in 5.02s
detect-highSpeedBoat: succeeded in 1.00s
detect-doubleDragging: succeeded in 2.19s
detect-blackList: succeeded in 0.17s
detect-illegalBerthing: succeeded in 0.31s
detect-deviation: succeeded in 0.94s
detect-collision: succeeded in 0.05s
detect-CrossingBoundary: succeeded in 0.17s
detect-illegalStaying: succeeded in 0.16s
detect-abnormalWandering: succeeded in 5.91s
detect-abnormalTransfer: succeeded in 0.36s
detect-illegalAnchored: succeeded in 0.49s
detect-lowSpeedBoat: succeeded in 0.50s
detect-highSpeedBoat: succeeded in 0.69s
detect-doubleDragging: succeeded in 1.83s
detect-abnormalStaying: succeeded in 5.45s
detect-blackList: succeeded in 0.25s
detect-illegalBerthing: succeeded in 0.45s
detect-deviation: succeeded in 0.91s
detect-collision: succeeded in 0.06s
detect-illegalStaying: succeeded in 0.49s
detect-abnormalTransfer: succeeded in 0.53s
detect-CrossingBoundary: succeeded in 0.51s
detect-illegalAnchored: succeeded in 0.62s
detect-lowSpeedBoat: succeeded in 0.92s
detect-highSpeedBoat: succeeded in 1.41s
detect-blackList: succeeded in 0.03s
detect-illegalBerthing: succeeded in 0.11s
detect-abnormalWandering: succeeded in 6.77s
detect-doubleDragging: succeeded in 2.22s
detect-deviation: succeeded in 1.16s
detect-collision: succeeded in 0.09s
detect-abnormalTransfer: succeeded in 0.12s
detect-illegalAnchored: succeeded in 0.34s
detect-abnormalStaying: succeeded in 7.88s
detect-CrossingBoundary: succeeded in 0.47s
detect-illegalStaying: succeeded in 0.45s
detect-lowSpeedBoat: succeeded in 0.75s
detect-highSpeedBoat: succeeded in 1.45s
detect-blackList: succeeded in 0.05s
detect-illegalBerthing: succeeded in 0.16s
detect-deviation: succeeded in 0.84s
detect-doubleDragging: succeeded in 3.09s
detect-abnormalWandering: succeeded in 5.45s
detect-CrossingBoundary: succeeded in 0.20s
detect-collision: succeeded in 0.23s
detect-illegalAnchored: succeeded in 0.25s
detect-illegalStaying: succeeded in 0.28s
detect-abnormalTransfer: succeeded in 0.33s
detect-lowSpeedBoat: succeeded in 0.45s
detect-highSpeedBoat: succeeded in 1.80s
detect-blackList: succeeded in 0.05s
detect-illegalBerthing: succeeded in 0.11s
detect-abnormalStaying: succeeded in 5.67s
detect-deviation: succeeded in 1.11s
detect-doubleDragging: succeeded in 3.53s
detect-abnormalTransfer: succeeded in 0.20s
detect-collision: succeeded in 0.23s
detect-CrossingBoundary: succeeded in 0.25s
detect-abnormalWandering: succeeded in 4.72s
detect-illegalStaying: succeeded in 0.30s
detect-illegalAnchored: succeeded in 0.39s
detect-lowSpeedBoat: succeeded in 0.53s
detect-highSpeedBoat: succeeded in 1.25s
detect-doubleDragging: succeeded in 1.88s
detect-blackList: succeeded in 0.06s
detect-illegalBerthing: succeeded in 0.14s
detect-abnormalStaying: succeeded in 4.83s
detect-deviation: succeeded in 1.39s
detect-collision: succeeded in 0.19s
detect-CrossingBoundary: succeeded in 0.20s
detect-illegalStaying: succeeded in 0.19s
detect-abnormalTransfer: succeeded in 0.25s
detect-illegalAnchored: succeeded in 0.50s
detect-lowSpeedBoat: succeeded in 0.59s
detect-abnormalWandering: succeeded in 4.84s
detect-highSpeedBoat: succeeded in 2.69s
detect-blackList: succeeded in 0.20s
detect-illegalBerthing: succeeded in 0.19s
detect-doubleDragging: succeeded in 3.02s
detect-deviation: succeeded in 1.22s
detect-collision: succeeded in 0.17s
detect-illegalStaying: succeeded in 0.16s
detect-CrossingBoundary: succeeded in 0.19s
detect-abnormalTransfer: succeeded in 0.34s
detect-illegalAnchored: succeeded in 0.39s
detect-lowSpeedBoat: succeeded in 0.67s
detect-abnormalStaying: succeeded in 7.23s
detect-abnormalWandering: succeeded in 5.55s
detect-highSpeedBoat: succeeded in 1.98s
detect-doubleDragging: succeeded in 2.06s
detect-blackList: succeeded in 0.14s
detect-illegalBerthing: succeeded in 0.23s
detect-deviation: succeeded in 0.91s
detect-collision: succeeded in 0.06s
detect-abnormalTransfer: succeeded in 0.20s
detect-CrossingBoundary: succeeded in 0.22s
detect-illegalStaying: succeeded in 0.24s
detect-illegalAnchored: succeeded in 0.39s
detect-lowSpeedBoat: succeeded in 0.62s
detect-highSpeedBoat: succeeded in 1.45s
detect-blackList: succeeded in 0.08s
detect-illegalBerthing: succeeded in 0.06s
detect-abnormalStaying: succeeded in 5.38s
detect-doubleDragging: succeeded in 2.76s
detect-abnormalWandering: succeeded in 5.05s
detect-deviation: succeeded in 1.34s
detect-collision: succeeded in 0.06s
detect-abnormalTransfer: succeeded in 0.09s
detect-illegalAnchored: succeeded in 0.38s
detect-illegalStaying: succeeded in 0.45s
detect-CrossingBoundary: succeeded in 0.47s
detect-lowSpeedBoat: succeeded in 0.55s
detect-highSpeedBoat: succeeded in 1.44s
detect-blackList: succeeded in 0.06s
detect-illegalBerthing: succeeded in 0.14s
detect-deviation: succeeded in 0.98s
detect-abnormalStaying: succeeded in 5.03s
detect-abnormalWandering: succeeded in 5.00s
detect-abnormalTransfer: succeeded in 0.08s
detect-doubleDragging: succeeded in 4.12s
detect-CrossingBoundary: succeeded in 0.22s
detect-illegalStaying: succeeded in 0.26s
detect-illegalAnchored: succeeded in 0.30s
detect-collision: succeeded in 0.33s
detect-lowSpeedBoat: succeeded in 0.38s
detect-highSpeedBoat: succeeded in 0.72s
